CMD: /home/amax/sxq/bin/python /data/sxq/code/ultralytics-main-new/train_citrus_seg.py --model 0_orange_yaml/1_far_small/F42_yolo11-seg-shallowheavy.yaml --pretrained yolo11n-seg.pt --name F42_yolo11-seg-shallowheavy_3ep --epochs 3 --batch 4 --device 0
================================================================
WARNING ⚠️ no model scale passed. Assuming scale='n'.

[KDownloading https://github.com/ultralytics/assets/releases/download/v8.4.0/yolo11n-seg.pt to 'yolo11n-seg.pt': 2% ──────────── 96.0KB/5.9MB 215.4KB/s 0.1s<27.6s
[KDownloading https://github.com/ultralytics/assets/releases/download/v8.4.0/yolo11n-seg.pt to 'yolo11n-seg.pt': 8% ╸─────────── 464.0KB/5.9MB 3.6MB/s 0.2s<1.5s
[KDownloading https://github.com/ultralytics/assets/releases/download/v8.4.0/yolo11n-seg.pt to 'yolo11n-seg.pt': 17% ━━────────── 1.0/5.9MB 3.9MB/s 0.4s<1.3s
[KDownloading https://github.com/ultralytics/assets/releases/download/v8.4.0/yolo11n-seg.pt to 'yolo11n-seg.pt': 30% ━━━╸──────── 1.8/5.9MB 5.8MB/s 0.5s<0.7s
[KDownloading https://github.com/ultralytics/assets/releases/download/v8.4.0/yolo11n-seg.pt to 'yolo11n-seg.pt': 65% ━━━━━━━╸──── 3.8/5.9MB 19.8MB/s 0.6s<0.1s
[KDownloading https://github.com/ultralytics/assets/releases/download/v8.4.0/yolo11n-seg.pt to 'yolo11n-seg.pt': 78% ━━━━━━━━━─── 4.6/5.9MB 8.0MB/s 0.7s<0.2s
[KDownloading https://github.com/ultralytics/assets/releases/download/v8.4.0/yolo11n-seg.pt to 'yolo11n-seg.pt': 92% ━━━━━━━━━━━─ 5.5/5.9MB 8.2MB/s 0.8s<0.1s
[KDownloading https://github.com/ultralytics/assets/releases/download/v8.4.0/yolo11n-seg.pt to 'yolo11n-seg.pt': 100% ━━━━━━━━━━━━ 5.9MB 6.8MB/s 0.9s
Transferred 410/585 items from pretrained weights
New https://pypi.org/project/ultralytics/8.4.120 available 😃 Update with 'pip install -U ultralytics'
Ultralytics 8.4.60 🚀 Python-3.8.10 torch-1.13.1+cu117 CUDA:0 (NVIDIA GeForce RTX 3090, 24260MiB)
WARNING ⚠️ Upgrade to torch>=2.0.0 for deterministic training.
[34m[1mengine/trainer: [0magnostic_nms=False, amp=0, angle=1.0, augment=False, auto_augment=randaugment, batch=4, bgr=0.0, box=7.5, cache=False, cfg=None, classes=None, close_mosaic=10, cls=0.5, cls_pw=0.0, compile=False, conf=None, copy_paste=0.0, copy_paste_mode=flip, cos_lr=False, cutmix=0.0, data=/data/sxq/datasets/orange_yolo/data.yaml, degrees=0.0, deterministic=True, device=0, dfl=1.5, dnn=False, dropout=0.1, dynamic=False, embed=None, end2end=None, epochs=3, erasing=0.4, exist_ok=False, fliplr=0.5, flipud=0.0, format=torchscript, fraction=1.0, freeze=None, freq_loss=0.0, half=False, hsv_h=0.015, hsv_s=0.7, hsv_v=0.4, imgsz=640, inner_ratio=1.0, int8=False, iou=0.7, iou_type=CIoU, keras=False, kobj=1.0, line_width=None, lr0=0.01, lrf=0.01, mask_ratio=4, max_det=300, mixup=0.0, mode=train, model=0_orange_yaml/1_far_small/F42_yolo11-seg-shallowheavy.yaml, momentum=0.937, mosaic=1.0, multi_scale=0.0, name=F42_yolo11-seg-shallowheavy_3ep, nbs=64, nms=False, nwd_ratio=0.0, opset=None, optimize=False, optimizer=AdamW, overlap_mask=True, patience=100, perspective=0.0, plots=True, pose=12.0, pretrained=yolo11n-seg.pt, profile=False, project=/data/sxq/results/000_anyothers, rect=False, resume=False, retina_masks=False, rle=1.0, save=True, save_conf=False, save_crop=False, save_dir=/data/sxq/results/000_anyothers/F42_yolo11-seg-shallowheavy_3ep, save_frames=False, save_json=False, save_period=-1, save_txt=False, scale=0.5, seed=42, shear=0.0, show=False, show_boxes=True, show_conf=True, show_labels=True, simplify=True, single_cls=False, smc_beta1_low=0.88, smc_escape_cooldown=100, smc_escape_max_duration=20, smc_lr_boost=1.05, smc_noise_decay=0.9, smc_noise_max_steps=10, smc_noise_scale=0.001, smc_surface_patience=100, smc_surface_threshold=0.05, smcao_a0=5.0, smcao_a_neg=1.0, smcao_alpha_frac=0.5, smcao_c_beta=1.0, smcao_c_eps=0.01, smcao_dither_alpha=1.5, smcao_dither_decay=0.9, smcao_dither_max_steps=12, smcao_dither_scale=0.002, smcao_gamma_damping=2.0, smcao_grad_threshold=0.01, smcao_kappa_mem=0.1, smcao_memory_window=20, source=None, split=val, stream_buffer=False, tal_metric=CIoU, tal_min_pos=False, task=segment, time=None, tracker=botsort.yaml, translate=0.1, use_slide=False, val=True, verbose=True, vid_stride=1, visualize=False, warmup_bias_lr=0.1, warmup_epochs=3.0, warmup_momentum=0.8, weight_decay=0.0005, workers=4, workspace=None
Overriding model.yaml nc=80 with nc=1
WARNING ⚠️ no model scale passed. Assuming scale='n'.

                   from  n    params  module                                       arguments                     
  0                  -1  1       464  ultralytics.nn.modules.conv.Conv             [3, 16, 3, 2]                 
  1                  -1  1      4672  ultralytics.nn.modules.conv.Conv             [16, 32, 3, 2]                
  2                  -1  2     10016  ultralytics.nn.modules.block.C3k2            [32, 64, 2, False, 0.25]      
  3                  -1  1     36992  ultralytics.nn.modules.conv.Conv             [64, 64, 3, 2]                
  4                  -1  2     39488  ultralytics.nn.modules.block.C3k2            [64, 128, 2, False, 0.25]     
  5                  -1  1    147712  ultralytics.nn.modules.conv.Conv             [128, 128, 3, 2]              
  6                  -1  1     87040  ultralytics.nn.modules.block.C3k2            [128, 128, 1, True]           
  7                  -1  1    221568  ultralytics.nn.modules.conv.Conv             [128, 192, 3, 2]              
  8                  -1  1    195072  ultralytics.nn.modules.block.C3k2            [192, 192, 1, True]           
  9                  -1  1     92736  ultralytics.nn.modules.block.SPPF            [192, 192, 5]                 
 10                  -1  1    141216  ultralytics.nn.modules.block.C2PSA           [192, 192, 1]                 
 11                  -1  1         0  torch.nn.modules.upsampling.Upsample         [None, 2, 'nearest']          
 12             [-1, 6]  1         0  ultralytics.nn.modules.conv.Concat           [1]                           
 13                  -1  1    103104  ultralytics.nn.modules.block.C3k2            [320, 128, 1, False]          
 14                  -1  1         0  torch.nn.modules.upsampling.Upsample         [None, 2, 'nearest']          
 15             [-1, 4]  1         0  ultralytics.nn.modules.conv.Concat           [1]                           
 16                  -1  1     32096  ultralytics.nn.modules.block.C3k2            [256, 64, 1, False]           
 17                  -1  1     36992  ultralytics.nn.modules.conv.Conv             [64, 64, 3, 2]                
 18            [-1, 13]  1         0  ultralytics.nn.modules.conv.Concat           [1]                           
 19                  -1  1     86720  ultralytics.nn.modules.block.C3k2            [192, 128, 1, False]          
 20                  -1  1    147712  ultralytics.nn.modules.conv.Conv             [128, 128, 3, 2]              
 21            [-1, 10]  1         0  ultralytics.nn.modules.conv.Concat           [1]                           
 22                  -1  1    219648  ultralytics.nn.modules.block.C3k2            [320, 192, 1, True]           
 23        [16, 19, 22]  1    623539  ultralytics.nn.modules.head.Segment          [1, 32, 64, 16, None, [64, 128, 192]]
F42_YOLO11-seg-shallowheavy summary: 212 layers, 2,226,787 parameters, 2,226,771 gradients, 9.5 GFLOPs

Transferred 534/585 items from pretrained weights
Freezing layer 'model.23.dfl.conv.weight'
[34m[1mtrain: [0mFast image access ✅ (ping: 0.1±0.0 ms, read: 80.5±11.0 MB/s, size: 2758.5 KB)

[K[34m[1mtrain: [0mScanning /data/sxq/datasets/orange_yolo/train/labels.cache... 676 images, 1 backgrounds, 0 corrupt: 100% ━━━━━━━━━━━━ 676/676 118.1Mit/s 0.0s
[34m[1mtrain: [0m/data/sxq/datasets/orange_yolo/train/images/IMG_0063.jpg: corrupt JPEG restored and saved
[34m[1mtrain: [0m/data/sxq/datasets/orange_yolo/train/images/IMG_0065.jpg: corrupt JPEG restored and saved
[34m[1mtrain: [0m/data/sxq/datasets/orange_yolo/train/images/IMG_0066.jpg: corrupt JPEG restored and saved
[34m[1mtrain: [0m/data/sxq/datasets/orange_yolo/train/images/IMG_0068.jpg: corrupt JPEG restored and saved
[34m[1mtrain: [0m/data/sxq/datasets/orange_yolo/train/images/IMG_0069.jpg: corrupt JPEG restored and saved
[34m[1mtrain: [0m/data/sxq/datasets/orange_yolo/train/images/IMG_0070.jpg: corrupt JPEG restored and saved
[34m[1mtrain: [0m/data/sxq/datasets/orange_yolo/train/images/IMG_0071.jpg: corrupt JPEG restored and saved
[34m[1mtrain: [0m/data/sxq/datasets/orange_yolo/train/images/IMG_0072.jpg: corrupt JPEG restored and saved
[34m[1mtrain: [0m/data/sxq/datasets/orange_yolo/train/images/IMG_0073.jpg: corrupt JPEG restored and saved
[34m[1mtrain: [0m/data/sxq/datasets/orange_yolo/train/images/IMG_0074.jpg: corrupt JPEG restored and saved
[34m[1mtrain: [0m/data/sxq/datasets/orange_yolo/train/images/IMG_0076.jpg: corrupt JPEG restored and saved
[34m[1mtrain: [0m/data/sxq/datasets/orange_yolo/train/images/IMG_0077.jpg: corrupt JPEG restored and saved
[34m[1mtrain: [0m/data/sxq/datasets/orange_yolo/train/images/IMG_0080.jpg: corrupt JPEG restored and saved
[34m[1mtrain: [0m/data/sxq/datasets/orange_yolo/train/images/IMG_0083.jpg: corrupt JPEG restored and saved
[34m[1mtrain: [0m/data/sxq/datasets/orange_yolo/train/images/IMG_0084.jpg: corrupt JPEG restored and saved
[34m[1mtrain: [0m/data/sxq/datasets/orange_yolo/train/images/IMG_0085.jpg: corrupt JPEG restored and saved
[34m[1mtrain: [0m/data/sxq/datasets/orange_yolo/train/images/IMG_0086.jpg: corrupt JPEG restored and saved
[34m[1mtrain: [0m/data/sxq/datasets/orange_yolo/train/images/IMG_0087.jpg: corrupt JPEG restored and saved
[34m[1mtrain: [0m/data/sxq/datasets/orange_yolo/train/images/IMG_0088.jpg: corrupt JPEG restored and saved
[34m[1mtrain: [0m/data/sxq/datasets/orange_yolo/train/images/IMG_0089.jpg: corrupt JPEG restored and saved
[34m[1mtrain: [0m/data/sxq/datasets/orange_yolo/train/images/IMG_0090.jpg: corrupt JPEG restored and saved
[34m[1mtrain: [0m/data/sxq/datasets/orange_yolo/train/images/IMG_0091.jpg: corrupt JPEG restored and saved
[34m[1mtrain: [0m/data/sxq/datasets/orange_yolo/train/images/IMG_0092.jpg: corrupt JPEG restored and saved
[34m[1mtrain: [0m/data/sxq/datasets/orange_yolo/train/images/IMG_0095.jpg: corrupt JPEG restored and saved
[34m[1mtrain: [0m/data/sxq/datasets/orange_yolo/train/images/IMG_0098.jpg: corrupt JPEG restored and saved
[34m[1mtrain: [0m/data/sxq/datasets/orange_yolo/train/images/IMG_0099.jpg: corrupt JPEG restored and saved
[34m[1mtrain: [0m/data/sxq/datasets/orange_yolo/train/images/IMG_0101.jpg: corrupt JPEG restored and saved
[34m[1mtrain: [0m/data/sxq/datasets/orange_yolo/train/images/IMG_0103.jpg: corrupt JPEG restored and saved
[34m[1mtrain: [0m/data/sxq/datasets/orange_yolo/train/images/IMG_0104.jpg: corrupt JPEG restored and saved
[34m[1mtrain: [0m/data/sxq/datasets/orange_yolo/train/images/IMG_0105.jpg: corrupt JPEG restored and saved
[34m[1mtrain: [0m/data/sxq/datasets/orange_yolo/train/images/IMG_0106.jpg: corrupt JPEG restored and saved
[34m[1mtrain: [0m/data/sxq/datasets/orange_yolo/train/images/IMG_0107.jpg: corrupt JPEG restored and saved
[34m[1mtrain: [0m/data/sxq/datasets/orange_yolo/train/images/IMG_0109.jpg: corrupt JPEG restored and saved
[34m[1mtrain: [0m/data/sxq/datasets/orange_yolo/train/images/IMG_0111.jpg: corrupt JPEG restored and saved
[34m[1mtrain: [0m/data/sxq/datasets/orange_yolo/train/images/IMG_0112.jpg: corrupt JPEG restored and saved
[34m[1mtrain: [0m/data/sxq/datasets/orange_yolo/train/images/IMG_0113.jpg: corrupt JPEG restored and saved
[34m[1mtrain: [0m/data/sxq/datasets/orange_yolo/train/images/IMG_0115.jpg: corrupt JPEG restored and saved
[34m[1mtrain: [0m/data/sxq/datasets/orange_yolo/train/images/IMG_0118.jpg: corrupt JPEG restored and saved
[34m[1mtrain: [0m/data/sxq/datasets/orange_yolo/train/images/IMG_0119.jpg: corrupt JPEG restored and saved
[34m[1mtrain: [0m/data/sxq/datasets/orange_yolo/train/images/IMG_0122.jpg: corrupt JPEG restored and saved
[34m[1mtrain: [0m/data/sxq/datasets/orange_yolo/train/images/IMG_0123.jpg: corrupt JPEG restored and saved
[34m[1mtrain: [0m/data/sxq/datasets/orange_yolo/train/images/IMG_0124.jpg: corrupt JPEG restored and saved
[34m[1mtrain: [0m/data/sxq/datasets/orange_yolo/train/images/IMG_0126.jpg: corrupt JPEG restored and saved
[34m[1mtrain: [0m/data/sxq/datasets/orange_yolo/train/images/IMG_0130.jpg: corrupt JPEG restored and saved
[34m[1mtrain: [0m/data/sxq/datasets/orange_yolo/train/images/IMG_0132.jpg: corrupt JPEG restored and saved
[34m[1mtrain: [0m/data/sxq/datasets/orange_yolo/train/images/IMG_0675.jpg: corrupt JPEG restored and saved
[34m[1mtrain: [0m/data/sxq/datasets/orange_yolo/train/images/IMG_0676.jpg: corrupt JPEG restored and saved
[34m[1mtrain: [0m/data/sxq/datasets/orange_yolo/train/images/IMG_0677.jpg: corrupt JPEG restored and saved
[34m[1mtrain: [0m/data/sxq/datasets/orange_yolo/train/images/IMG_0678.jpg: corrupt JPEG restored and saved
[34m[1mtrain: [0m/data/sxq/datasets/orange_yolo/train/images/IMG_0679.jpg: corrupt JPEG restored and saved
[34m[1mtrain: [0m/data/sxq/datasets/orange_yolo/train/images/IMG_0680.jpg: corrupt JPEG restored and saved
[34m[1mtrain: [0m/data/sxq/datasets/orange_yolo/train/images/IMG_0681.jpg: corrupt JPEG restored and saved
[34m[1mtrain: [0m/data/sxq/datasets/orange_yolo/train/images/IMG_0682.jpg: corrupt JPEG restored and saved
[34m[1mtrain: [0m/data/sxq/datasets/orange_yolo/train/images/IMG_0683.jpg: corrupt JPEG restored and saved
[34m[1mtrain: [0m/data/sxq/datasets/orange_yolo/train/images/IMG_0684.jpg: corrupt JPEG restored and saved
[34m[1mtrain: [0m/data/sxq/datasets/orange_yolo/train/images/IMG_0685.jpg: corrupt JPEG restored and saved
[34m[1mtrain: [0m/data/sxq/datasets/orange_yolo/train/images/IMG_0686.jpg: corrupt JPEG restored and saved
[34m[1mtrain: [0m/data/sxq/datasets/orange_yolo/train/images/IMG_0687.jpg: corrupt JPEG restored and saved
[34m[1mtrain: [0m/data/sxq/datasets/orange_yolo/train/images/IMG_0688.jpg: corrupt JPEG restored and saved
[34m[1mtrain: [0m/data/sxq/datasets/orange_yolo/train/images/IMG_0689.jpg: corrupt JPEG restored and saved
[34m[1mtrain: [0m/data/sxq/datasets/orange_yolo/train/images/IMG_0691.jpg: corrupt JPEG restored and saved
[34m[1mtrain: [0m/data/sxq/datasets/orange_yolo/train/images/IMG_0692.jpg: corrupt JPEG restored and saved
[34m[1mtrain: [0m/data/sxq/datasets/orange_yolo/train/images/IMG_0694.jpg: corrupt JPEG restored and saved
[34m[1mtrain: [0m/data/sxq/datasets/orange_yolo/train/images/IMG_0697.jpg: corrupt JPEG restored and saved
[34m[1mtrain: [0m/data/sxq/datasets/orange_yolo/train/images/IMG_0698.jpg: corrupt JPEG restored and saved
[34m[1mtrain: [0m/data/sxq/datasets/orange_yolo/train/images/IMG_0700.jpg: corrupt JPEG restored and saved
[34m[1mtrain: [0m/data/sxq/datasets/orange_yolo/train/images/IMG_0701.jpg: corrupt JPEG restored and saved
[34m[1mtrain: [0m/data/sxq/datasets/orange_yolo/train/images/IMG_0702.jpg: corrupt JPEG restored and saved
[34m[1mtrain: [0m/data/sxq/datasets/orange_yolo/train/images/IMG_0704.jpg: corrupt JPEG restored and saved
[34m[1mtrain: [0m/data/sxq/datasets/orange_yolo/train/images/IMG_0708.jpg: corrupt JPEG restored and saved
[34m[1mtrain: [0m/data/sxq/datasets/orange_yolo/train/images/IMG_0709.jpg: corrupt JPEG restored and saved
[34m[1mtrain: [0m/data/sxq/datasets/orange_yolo/train/images/IMG_0711.jpg: corrupt JPEG restored and saved
[34m[1mtrain: [0m/data/sxq/datasets/orange_yolo/train/images/IMG_0712.jpg: corrupt JPEG restored and saved
[34m[1mtrain: [0m/data/sxq/datasets/orange_yolo/train/images/IMG_0713.jpg: corrupt JPEG restored and saved
[34m[1mtrain: [0m/data/sxq/datasets/orange_yolo/train/images/IMG_0715.jpg: corrupt JPEG restored and saved
[34m[1mtrain: [0m/data/sxq/datasets/orange_yolo/train/images/IMG_0716.jpg: corrupt JPEG restored and saved
[34m[1mtrain: [0m/data/sxq/datasets/orange_yolo/train/images/IMG_0717.jpg: corrupt JPEG restored and saved
[34m[1mtrain: [0m/data/sxq/datasets/orange_yolo/train/images/IMG_0719.jpg: corrupt JPEG restored and saved
[34m[1mtrain: [0m/data/sxq/datasets/orange_yolo/train/images/IMG_0720.jpg: corrupt JPEG restored and saved
[34m[1mtrain: [0m/data/sxq/datasets/orange_yolo/train/images/IMG_0721.jpg: corrupt JPEG restored and saved
[34m[1mtrain: [0m/data/sxq/datasets/orange_yolo/train/images/IMG_0722.jpg: corrupt JPEG restored and saved
[34m[1mtrain: [0m/data/sxq/datasets/orange_yolo/train/images/IMG_0724.jpg: corrupt JPEG restored and saved
[34m[1mtrain: [0m/data/sxq/datasets/orange_yolo/train/images/IMG_0726.jpg: corrupt JPEG restored and saved
[34m[1mtrain: [0m/data/sxq/datasets/orange_yolo/train/images/IMG_0728.jpg: corrupt JPEG restored and saved
[34m[1mtrain: [0m/data/sxq/datasets/orange_yolo/train/images/IMG_0730.jpg: corrupt JPEG restored and saved
[34m[1mtrain: [0m/data/sxq/datasets/orange_yolo/train/images/IMG_0731.jpg: corrupt JPEG restored and saved
[34m[1mtrain: [0m/data/sxq/datasets/orange_yolo/train/images/IMG_0733.jpg: corrupt JPEG restored and saved
[34m[1mtrain: [0m/data/sxq/datasets/orange_yolo/train/images/IMG_0734.jpg: corrupt JPEG restored and saved
[34m[1mtrain: [0m/data/sxq/datasets/orange_yolo/train/images/IMG_0735.jpg: corrupt JPEG restored and saved
[34m[1mtrain: [0m/data/sxq/datasets/orange_yolo/train/images/IMG_0736.jpg: corrupt JPEG restored and saved
[34m[1mtrain: [0m/data/sxq/datasets/orange_yolo/train/images/IMG_0737.jpg: corrupt JPEG restored and saved
[34m[1mtrain: [0m/data/sxq/datasets/orange_yolo/train/images/IMG_0738.jpg: corrupt JPEG restored and saved
[34m[1mtrain: [0m/data/sxq/datasets/orange_yolo/train/images/IMG_0739.jpg: corrupt JPEG restored and saved
[34m[1mtrain: [0m/data/sxq/datasets/orange_yolo/train/images/IMG_0742.jpg: corrupt JPEG restored and saved
[34m[1mtrain: [0m/data/sxq/datasets/orange_yolo/train/images/IMG_0745.jpg: corrupt JPEG restored and saved
[34m[1mtrain: [0m/data/sxq/datasets/orange_yolo/train/images/IMG_0746.jpg: corrupt JPEG restored and saved
[34m[1mtrain: [0m/data/sxq/datasets/orange_yolo/train/images/IMG_0747.jpg: corrupt JPEG restored and saved
[34m[1mtrain: [0m/data/sxq/datasets/orange_yolo/train/images/IMG_0748.jpg: corrupt JPEG restored and saved
[34m[1mtrain: [0m/data/sxq/datasets/orange_yolo/train/images/IMG_0750.jpg: corrupt JPEG restored and saved
[34m[1mtrain: [0m/data/sxq/datasets/orange_yolo/train/images/IMG_0753.jpg: corrupt JPEG restored and saved
[34m[1mtrain: [0m/data/sxq/datasets/orange_yolo/train/images/IMG_0756.jpg: corrupt JPEG restored and saved
[34m[1mtrain: [0m/data/sxq/datasets/orange_yolo/train/images/IMG_0758.jpg: corrupt JPEG restored and saved
[34m[1mtrain: [0m/data/sxq/datasets/orange_yolo/train/images/IMG_0759.jpg: corrupt JPEG restored and saved
[34m[1mtrain: [0m/data/sxq/datasets/orange_yolo/train/images/IMG_0760.jpg: corrupt JPEG restored and saved
[34m[1mtrain: [0m/data/sxq/datasets/orange_yolo/train/images/IMG_0761.jpg: corrupt JPEG restored and saved
[34m[1mtrain: [0m/data/sxq/datasets/orange_yolo/train/images/IMG_0762.jpg: corrupt JPEG restored and saved
[34m[1mtrain: [0m/data/sxq/datasets/orange_yolo/train/images/IMG_0764.jpg: corrupt JPEG restored and saved
[34m[1mtrain: [0m/data/sxq/datasets/orange_yolo/train/images/IMG_0765.jpg: corrupt JPEG restored and saved
[34m[1mtrain: [0m/data/sxq/datasets/orange_yolo/train/images/IMG_0766.jpg: corrupt JPEG restored and saved
[34m[1mtrain: [0m/data/sxq/datasets/orange_yolo/train/images/IMG_0767.jpg: corrupt JPEG restored and saved
[34m[1mtrain: [0m/data/sxq/datasets/orange_yolo/train/images/IMG_0769.jpg: corrupt JPEG restored and saved
[34m[1mtrain: [0m/data/sxq/datasets/orange_yolo/train/images/IMG_0771.jpg: corrupt JPEG restored and saved
[34m[1mtrain: [0m/data/sxq/datasets/orange_yolo/train/images/IMG_0772.jpg: corrupt JPEG restored and saved
[34m[1mtrain: [0m/data/sxq/datasets/orange_yolo/train/images/IMG_0774.jpg: corrupt JPEG restored and saved
[34m[1mtrain: [0m/data/sxq/datasets/orange_yolo/train/images/IMG_0775.jpg: corrupt JPEG restored and saved
[34m[1mtrain: [0m/data/sxq/datasets/orange_yolo/train/images/IMG_0776.jpg: corrupt JPEG restored and saved
[34m[1mtrain: [0m/data/sxq/datasets/orange_yolo/train/images/IMG_0777.jpg: corrupt JPEG restored and saved
[34m[1mtrain: [0m/data/sxq/datasets/orange_yolo/train/images/IMG_0778.jpg: corrupt JPEG restored and saved
[34m[1mtrain: [0m/data/sxq/datasets/orange_yolo/train/images/IMG_0779.jpg: corrupt JPEG restored and saved
[34m[1mtrain: [0m/data/sxq/datasets/orange_yolo/train/images/IMG_0780.jpg: corrupt JPEG restored and saved
[34m[1mtrain: [0m/data/sxq/datasets/orange_yolo/train/images/IMG_0781.jpg: corrupt JPEG restored and saved
[34m[1mtrain: [0m/data/sxq/datasets/orange_yolo/train/images/IMG_0782.jpg: corrupt JPEG restored and saved
[34m[1mtrain: [0m/data/sxq/datasets/orange_yolo/train/images/IMG_0783.jpg: corrupt JPEG restored and saved
[34m[1mtrain: [0m/data/sxq/datasets/orange_yolo/train/images/IMG_0784.jpg: corrupt JPEG restored and saved
[34m[1mtrain: [0m/data/sxq/datasets/orange_yolo/train/images/IMG_0786.jpg: corrupt JPEG restored and saved
[34m[1mtrain: [0m/data/sxq/datasets/orange_yolo/train/images/IMG_0787.jpg: corrupt JPEG restored and saved
[34m[1mtrain: [0m/data/sxq/datasets/orange_yolo/train/images/IMG_0788.jpg: corrupt JPEG restored and saved
[34m[1mtrain: [0m/data/sxq/datasets/orange_yolo/train/images/IMG_0789.jpg: corrupt JPEG restored and saved
[34m[1mtrain: [0m/data/sxq/datasets/orange_yolo/train/images/IMG_0790.jpg: corrupt JPEG restored and saved
[34m[1mtrain: [0m/data/sxq/datasets/orange_yolo/train/images/IMG_0791.jpg: corrupt JPEG restored and saved
[34m[1mtrain: [0m/data/sxq/datasets/orange_yolo/train/images/IMG_0793.jpg: corrupt JPEG restored and saved
[34m[1mtrain: [0m/data/sxq/datasets/orange_yolo/train/images/IMG_0794.jpg: corrupt JPEG restored and saved
[34m[1mtrain: [0m/data/sxq/datasets/orange_yolo/train/images/IMG_0795.jpg: corrupt JPEG restored and saved
[34m[1mtrain: [0m/data/sxq/datasets/orange_yolo/train/images/IMG_0797.jpg: corrupt JPEG restored and saved
[34m[1mtrain: [0m/data/sxq/datasets/orange_yolo/train/images/IMG_0798.jpg: corrupt JPEG restored and saved
[34m[1mtrain: [0m/data/sxq/datasets/orange_yolo/train/images/IMG_0800.jpg: corrupt JPEG restored and saved
[34m[1mtrain: [0m/data/sxq/datasets/orange_yolo/train/images/IMG_0801.jpg: corrupt JPEG restored and saved
[34m[1mtrain: [0m/data/sxq/datasets/orange_yolo/train/images/IMG_0802.jpg: corrupt JPEG restored and saved
[34m[1mtrain: [0m/data/sxq/datasets/orange_yolo/train/images/IMG_0803.jpg: corrupt JPEG restored and saved
[34m[1mtrain: [0m/data/sxq/datasets/orange_yolo/train/images/IMG_0805.jpg: corrupt JPEG restored and saved
[34m[1mtrain: [0m/data/sxq/datasets/orange_yolo/train/images/IMG_0806.jpg: corrupt JPEG restored and saved
[34m[1mtrain: [0m/data/sxq/datasets/orange_yolo/train/images/IMG_0807.jpg: corrupt JPEG restored and saved
[34m[1mtrain: [0m/data/sxq/datasets/orange_yolo/train/images/IMG_0809.jpg: corrupt JPEG restored and saved
[34m[1mtrain: [0m/data/sxq/datasets/orange_yolo/train/images/IMG_0810.jpg: corrupt JPEG restored and saved
[34m[1mtrain: [0m/data/sxq/datasets/orange_yolo/train/images/IMG_0811.jpg: corrupt JPEG restored and saved
[34m[1mtrain: [0m/data/sxq/datasets/orange_yolo/train/images/IMG_0812.jpg: corrupt JPEG restored and saved
[34m[1mtrain: [0m/data/sxq/datasets/orange_yolo/train/images/IMG_0813.jpg: corrupt JPEG restored and saved
[34m[1mtrain: [0m/data/sxq/datasets/orange_yolo/train/images/IMG_0817.jpg: corrupt JPEG restored and saved
[34m[1mtrain: [0m/data/sxq/datasets/orange_yolo/train/images/IMG_0849.jpg: corrupt JPEG restored and saved
[34m[1mtrain: [0m/data/sxq/datasets/orange_yolo/train/images/IMG_0850.jpg: corrupt JPEG restored and saved
[34m[1mtrain: [0m/data/sxq/datasets/orange_yolo/train/images/IMG_0851.jpg: corrupt JPEG restored and saved
[34m[1mtrain: [0m/data/sxq/datasets/orange_yolo/train/images/IMG_0854.jpg: corrupt JPEG restored and saved
[34m[1mtrain: [0m/data/sxq/datasets/orange_yolo/train/images/IMG_0855.jpg: corrupt JPEG restored and saved
[34m[1mtrain: [0m/data/sxq/datasets/orange_yolo/train/images/IMG_0856.jpg: corrupt JPEG restored and saved
[34m[1mtrain: [0m/data/sxq/datasets/orange_yolo/train/images/IMG_0857.jpg: corrupt JPEG restored and saved
[34m[1mtrain: [0m/data/sxq/datasets/orange_yolo/train/images/IMG_0858.jpg: corrupt JPEG restored and saved
[34m[1mtrain: [0m/data/sxq/datasets/orange_yolo/train/images/IMG_0859.jpg: corrupt JPEG restored and saved
[34m[1mtrain: [0m/data/sxq/datasets/orange_yolo/train/images/IMG_0860.jpg: corrupt JPEG restored and saved
[34m[1mtrain: [0m/data/sxq/datasets/orange_yolo/train/images/IMG_0861.jpg: corrupt JPEG restored and saved
[34m[1mtrain: [0m/data/sxq/datasets/orange_yolo/train/images/IMG_0862.jpg: corrupt JPEG restored and saved
[34m[1mtrain: [0m/data/sxq/datasets/orange_yolo/train/images/IMG_0864.jpg: corrupt JPEG restored and saved
[34m[1mtrain: [0m/data/sxq/datasets/orange_yolo/train/images/IMG_0867.jpg: corrupt JPEG restored and saved
[34m[1mtrain: [0m/data/sxq/datasets/orange_yolo/train/images/IMG_0868.jpg: corrupt JPEG restored and saved
[34m[1mtrain: [0m/data/sxq/datasets/orange_yolo/train/images/IMG_0870.jpg: corrupt JPEG restored and saved
[34m[1mtrain: [0m/data/sxq/datasets/orange_yolo/train/images/IMG_0872.jpg: corrupt JPEG restored and saved
[34m[1mtrain: [0m/data/sxq/datasets/orange_yolo/train/images/IMG_0874.jpg: corrupt JPEG restored and saved
[34m[1mtrain: [0m/data/sxq/datasets/orange_yolo/train/images/IMG_0875.jpg: corrupt JPEG restored and saved
[34m[1mtrain: [0m/data/sxq/datasets/orange_yolo/train/images/IMG_0876.jpg: corrupt JPEG restored and saved
[34m[1mtrain: [0m/data/sxq/datasets/orange_yolo/train/images/IMG_0877.jpg: corrupt JPEG restored and saved
[34m[1mtrain: [0m/data/sxq/datasets/orange_yolo/train/images/IMG_0879.jpg: corrupt JPEG restored and saved
[34m[1mtrain: [0m/data/sxq/datasets/orange_yolo/train/images/IMG_0882.jpg: corrupt JPEG restored and saved
[34m[1mtrain: [0m/data/sxq/datasets/orange_yolo/train/images/IMG_0884.jpg: corrupt JPEG restored and saved
[34m[1mtrain: [0m/data/sxq/datasets/orange_yolo/train/images/IMG_0885.jpg: corrupt JPEG restored and saved
[34m[1mtrain: [0m/data/sxq/datasets/orange_yolo/train/images/IMG_0886.jpg: corrupt JPEG restored and saved
[34m[1mtrain: [0m/data/sxq/datasets/orange_yolo/train/images/IMG_0887.jpg: corrupt JPEG restored and saved
[34m[1mtrain: [0m/data/sxq/datasets/orange_yolo/train/images/IMG_0888.jpg: corrupt JPEG restored and saved
[34m[1mtrain: [0m/data/sxq/datasets/orange_yolo/train/images/IMG_0889.jpg: corrupt JPEG restored and saved
[34m[1mtrain: [0m/data/sxq/datasets/orange_yolo/train/images/IMG_0890.jpg: corrupt JPEG restored and saved
[34m[1mtrain: [0m/data/sxq/datasets/orange_yolo/train/images/IMG_0891.jpg: corrupt JPEG restored and saved
[34m[1mtrain: [0m/data/sxq/datasets/orange_yolo/train/images/IMG_0892.jpg: corrupt JPEG restored and saved
[34m[1mtrain: [0m/data/sxq/datasets/orange_yolo/train/images/IMG_0894.jpg: corrupt JPEG restored and saved
[34m[1mtrain: [0m/data/sxq/datasets/orange_yolo/train/images/IMG_0895.jpg: corrupt JPEG restored and saved
[34m[1mtrain: [0m/data/sxq/datasets/orange_yolo/train/images/IMG_0896.jpg: corrupt JPEG restored and saved
[34m[1mtrain: [0m/data/sxq/datasets/orange_yolo/train/images/IMG_0897.jpg: corrupt JPEG restored and saved
[34m[1mtrain: [0m/data/sxq/datasets/orange_yolo/train/images/IMG_0898.jpg: corrupt JPEG restored and saved
[34m[1mtrain: [0m/data/sxq/datasets/orange_yolo/train/images/IMG_0899.jpg: corrupt JPEG restored and saved
[34m[1mtrain: [0m/data/sxq/datasets/orange_yolo/train/images/IMG_0900.jpg: corrupt JPEG restored and saved
[34m[1mtrain: [0m/data/sxq/datasets/orange_yolo/train/images/IMG_0901.jpg: corrupt JPEG restored and saved
[34m[1mtrain: [0m/data/sxq/datasets/orange_yolo/train/images/IMG_0902.jpg: corrupt JPEG restored and saved
[34m[1mtrain: [0m/data/sxq/datasets/orange_yolo/train/images/IMG_0903.jpg: corrupt JPEG restored and saved
[34m[1mtrain: [0m/data/sxq/datasets/orange_yolo/train/images/IMG_0904.jpg: corrupt JPEG restored and saved
[34m[1mtrain: [0m/data/sxq/datasets/orange_yolo/train/images/IMG_0905.jpg: corrupt JPEG restored and saved
[34m[1mtrain: [0m/data/sxq/datasets/orange_yolo/train/images/IMG_0906.jpg: corrupt JPEG restored and saved
[34m[1mtrain: [0m/data/sxq/datasets/orange_yolo/train/images/IMG_0907.jpg: corrupt JPEG restored and saved
[34m[1mtrain: [0m/data/sxq/datasets/orange_yolo/train/images/IMG_0908.jpg: corrupt JPEG restored and saved
[34m[1mtrain: [0m/data/sxq/datasets/orange_yolo/train/images/IMG_0909.jpg: corrupt JPEG restored and saved
[34m[1mtrain: [0m/data/sxq/datasets/orange_yolo/train/images/IMG_0910.jpg: corrupt JPEG restored and saved
[34m[1mtrain: [0m/data/sxq/datasets/orange_yolo/train/images/IMG_0911.jpg: corrupt JPEG restored and saved
[34m[1mtrain: [0m/data/sxq/datasets/orange_yolo/train/images/IMG_0912.jpg: corrupt JPEG restored and saved
[34m[1mtrain: [0m/data/sxq/datasets/orange_yolo/train/images/IMG_0913.jpg: corrupt JPEG restored and saved
[34m[1mtrain: [0m/data/sxq/datasets/orange_yolo/train/images/IMG_0917.jpg: corrupt JPEG restored and saved
[34m[1mtrain: [0m/data/sxq/datasets/orange_yolo/train/images/IMG_0918.jpg: corrupt JPEG restored and saved
[34m[1mtrain: [0m/data/sxq/datasets/orange_yolo/train/images/IMG_0919.jpg: corrupt JPEG restored and saved
[34m[1mtrain: [0m/data/sxq/datasets/orange_yolo/train/images/IMG_0921.jpg: corrupt JPEG restored and saved
[34m[1mtrain: [0m/data/sxq/datasets/orange_yolo/train/images/IMG_0922.jpg: corrupt JPEG restored and saved
[34m[1mtrain: [0m/data/sxq/datasets/orange_yolo/train/images/IMG_0924.jpg: corrupt JPEG restored and saved
[34m[1mtrain: [0m/data/sxq/datasets/orange_yolo/train/images/IMG_0925.jpg: corrupt JPEG restored and saved
[34m[1mtrain: [0m/data/sxq/datasets/orange_yolo/train/images/IMG_0926.jpg: corrupt JPEG restored and saved
[34m[1mtrain: [0m/data/sxq/datasets/orange_yolo/train/images/IMG_0927.jpg: corrupt JPEG restored and saved
[34m[1mtrain: [0m/data/sxq/datasets/orange_yolo/train/images/IMG_0928.jpg: corrupt JPEG restored and saved
[34m[1mtrain: [0m/data/sxq/datasets/orange_yolo/train/images/IMG_0929.jpg: corrupt JPEG restored and saved
[34m[1mtrain: [0m/data/sxq/datasets/orange_yolo/train/images/IMG_0930.jpg: corrupt JPEG restored and saved
[34m[1mtrain: [0m/data/sxq/datasets/orange_yolo/train/images/IMG_0931.jpg: corrupt JPEG restored and saved
[34m[1mtrain: [0m/data/sxq/datasets/orange_yolo/train/images/IMG_0932.jpg: corrupt JPEG restored and saved
[34m[1mtrain: [0m/data/sxq/datasets/orange_yolo/train/images/IMG_0933.jpg: corrupt JPEG restored and saved
[34m[1mtrain: [0m/data/sxq/datasets/orange_yolo/train/images/IMG_0935.jpg: corrupt JPEG restored and saved
[34m[1mtrain: [0m/data/sxq/datasets/orange_yolo/train/images/IMG_0936.jpg: corrupt JPEG restored and saved
[34m[1mtrain: [0m/data/sxq/datasets/orange_yolo/train/images/IMG_0937.jpg: corrupt JPEG restored and saved
[34m[1mtrain: [0m/data/sxq/datasets/orange_yolo/train/images/IMG_0938.jpg: corrupt JPEG restored and saved
[34m[1mtrain: [0m/data/sxq/datasets/orange_yolo/train/images/IMG_0939.jpg: corrupt JPEG restored and saved
[34m[1mtrain: [0m/data/sxq/datasets/orange_yolo/train/images/IMG_0943.jpg: corrupt JPEG restored and saved
[34m[1mtrain: [0m/data/sxq/datasets/orange_yolo/train/images/IMG_0944.jpg: corrupt JPEG restored and saved
[34m[1mtrain: [0m/data/sxq/datasets/orange_yolo/train/images/IMG_0945.jpg: corrupt JPEG restored and saved
[34m[1mtrain: [0m/data/sxq/datasets/orange_yolo/train/images/IMG_0946.jpg: corrupt JPEG restored and saved
[34m[1mtrain: [0m/data/sxq/datasets/orange_yolo/train/images/IMG_0951.jpg: corrupt JPEG restored and saved
[34m[1mtrain: [0m/data/sxq/datasets/orange_yolo/train/images/IMG_0952.jpg: corrupt JPEG restored and saved
[34m[1mtrain: [0m/data/sxq/datasets/orange_yolo/train/images/IMG_0954.jpg: corrupt JPEG restored and saved
[34m[1mtrain: [0m/data/sxq/datasets/orange_yolo/train/images/IMG_0955.jpg: corrupt JPEG restored and saved
[34m[1mtrain: [0m/data/sxq/datasets/orange_yolo/train/images/IMG_0956.jpg: corrupt JPEG restored and saved
[34m[1mtrain: [0m/data/sxq/datasets/orange_yolo/train/images/IMG_0957.jpg: corrupt JPEG restored and saved
[34m[1mtrain: [0m/data/sxq/datasets/orange_yolo/train/images/IMG_0958.jpg: corrupt JPEG restored and saved
[34m[1mtrain: [0m/data/sxq/datasets/orange_yolo/train/images/IMG_0959.jpg: corrupt JPEG restored and saved
[34m[1mtrain: [0m/data/sxq/datasets/orange_yolo/train/images/IMG_0960.jpg: corrupt JPEG restored and saved
[34m[1mtrain: [0m/data/sxq/datasets/orange_yolo/train/images/IMG_0962.jpg: corrupt JPEG restored and saved
[34m[1mtrain: [0m/data/sxq/datasets/orange_yolo/train/images/IMG_0963.jpg: corrupt JPEG restored and saved
[34m[1mval: [0mFast image access ✅ (ping: 0.1±0.0 ms, read: 32.1±18.8 MB/s, size: 7525.4 KB)

[K[34m[1mval: [0mScanning /data/sxq/datasets/orange_yolo/val/labels.cache... 193 images, 0 backgrounds, 0 corrupt: 100% ━━━━━━━━━━━━ 193/193 13.1Mit/s 0.0s
[34m[1mval: [0m/data/sxq/datasets/orange_yolo/val/images/IMG_0064.jpg: corrupt JPEG restored and saved
[34m[1mval: [0m/data/sxq/datasets/orange_yolo/val/images/IMG_0067.jpg: corrupt JPEG restored and saved
[34m[1mval: [0m/data/sxq/datasets/orange_yolo/val/images/IMG_0075.jpg: corrupt JPEG restored and saved
[34m[1mval: [0m/data/sxq/datasets/orange_yolo/val/images/IMG_0078.jpg: corrupt JPEG restored and saved
[34m[1mval: [0m/data/sxq/datasets/orange_yolo/val/images/IMG_0079.jpg: corrupt JPEG restored and saved
[34m[1mval: [0m/data/sxq/datasets/orange_yolo/val/images/IMG_0081.jpg: corrupt JPEG restored and saved
[34m[1mval: [0m/data/sxq/datasets/orange_yolo/val/images/IMG_0093.jpg: corrupt JPEG restored and saved
[34m[1mval: [0m/data/sxq/datasets/orange_yolo/val/images/IMG_0094.jpg: corrupt JPEG restored and saved
[34m[1mval: [0m/data/sxq/datasets/orange_yolo/val/images/IMG_0096.jpg: corrupt JPEG restored and saved
[34m[1mval: [0m/data/sxq/datasets/orange_yolo/val/images/IMG_0097.jpg: corrupt JPEG restored and saved
[34m[1mval: [0m/data/sxq/datasets/orange_yolo/val/images/IMG_0100.jpg: corrupt JPEG restored and saved
[34m[1mval: [0m/data/sxq/datasets/orange_yolo/val/images/IMG_0102.jpg: corrupt JPEG restored and saved
[34m[1mval: [0m/data/sxq/datasets/orange_yolo/val/images/IMG_0108.jpg: corrupt JPEG restored and saved
[34m[1mval: [0m/data/sxq/datasets/orange_yolo/val/images/IMG_0110.jpg: corrupt JPEG restored and saved
[34m[1mval: [0m/data/sxq/datasets/orange_yolo/val/images/IMG_0116.jpg: corrupt JPEG restored and saved
[34m[1mval: [0m/data/sxq/datasets/orange_yolo/val/images/IMG_0117.jpg: corrupt JPEG restored and saved
[34m[1mval: [0m/data/sxq/datasets/orange_yolo/val/images/IMG_0120.jpg: corrupt JPEG restored and saved
[34m[1mval: [0m/data/sxq/datasets/orange_yolo/val/images/IMG_0121.jpg: corrupt JPEG restored and saved
[34m[1mval: [0m/data/sxq/datasets/orange_yolo/val/images/IMG_0128.jpg: corrupt JPEG restored and saved
[34m[1mval: [0m/data/sxq/datasets/orange_yolo/val/images/IMG_0129.jpg: corrupt JPEG restored and saved
[34m[1mval: [0m/data/sxq/datasets/orange_yolo/val/images/IMG_0131.jpg: corrupt JPEG restored and saved
[34m[1mval: [0m/data/sxq/datasets/orange_yolo/val/images/IMG_0693.jpg: corrupt JPEG restored and saved
[34m[1mval: [0m/data/sxq/datasets/orange_yolo/val/images/IMG_0696.jpg: corrupt JPEG restored and saved
[34m[1mval: [0m/data/sxq/datasets/orange_yolo/val/images/IMG_0699.jpg: corrupt JPEG restored and saved
[34m[1mval: [0m/data/sxq/datasets/orange_yolo/val/images/IMG_0703.jpg: corrupt JPEG restored and saved
[34m[1mval: [0m/data/sxq/datasets/orange_yolo/val/images/IMG_0705.jpg: corrupt JPEG restored and saved
[34m[1mval: [0m/data/sxq/datasets/orange_yolo/val/images/IMG_0706.jpg: corrupt JPEG restored and saved
[34m[1mval: [0m/data/sxq/datasets/orange_yolo/val/images/IMG_0707.jpg: corrupt JPEG restored and saved
[34m[1mval: [0m/data/sxq/datasets/orange_yolo/val/images/IMG_0710.jpg: corrupt JPEG restored and saved
[34m[1mval: [0m/data/sxq/datasets/orange_yolo/val/images/IMG_0714.jpg: corrupt JPEG restored and saved
[34m[1mval: [0m/data/sxq/datasets/orange_yolo/val/images/IMG_0723.jpg: corrupt JPEG restored and saved
[34m[1mval: [0m/data/sxq/datasets/orange_yolo/val/images/IMG_0725.jpg: corrupt JPEG restored and saved
[34m[1mval: [0m/data/sxq/datasets/orange_yolo/val/images/IMG_0727.jpg: corrupt JPEG restored and saved
[34m[1mval: [0m/data/sxq/datasets/orange_yolo/val/images/IMG_0729.jpg: corrupt JPEG restored and saved
[34m[1mval: [0m/data/sxq/datasets/orange_yolo/val/images/IMG_0732.jpg: corrupt JPEG restored and saved
[34m[1mval: [0m/data/sxq/datasets/orange_yolo/val/images/IMG_0740.jpg: corrupt JPEG restored and saved
[34m[1mval: [0m/data/sxq/datasets/orange_yolo/val/images/IMG_0741.jpg: corrupt JPEG restored and saved
[34m[1mval: [0m/data/sxq/datasets/orange_yolo/val/images/IMG_0751.jpg: corrupt JPEG restored and saved
[34m[1mval: [0m/data/sxq/datasets/orange_yolo/val/images/IMG_0752.jpg: corrupt JPEG restored and saved
[34m[1mval: [0m/data/sxq/datasets/orange_yolo/val/images/IMG_0754.jpg: corrupt JPEG restored and saved
[34m[1mval: [0m/data/sxq/datasets/orange_yolo/val/images/IMG_0755.jpg: corrupt JPEG restored and saved
[34m[1mval: [0m/data/sxq/datasets/orange_yolo/val/images/IMG_0768.jpg: corrupt JPEG restored and saved
[34m[1mval: [0m/data/sxq/datasets/orange_yolo/val/images/IMG_0770.jpg: corrupt JPEG restored and saved
[34m[1mval: [0m/data/sxq/datasets/orange_yolo/val/images/IMG_0773.jpg: corrupt JPEG restored and saved
[34m[1mval: [0m/data/sxq/datasets/orange_yolo/val/images/IMG_0785.jpg: corrupt JPEG restored and saved
[34m[1mval: [0m/data/sxq/datasets/orange_yolo/val/images/IMG_0792.jpg: corrupt JPEG restored and saved
[34m[1mval: [0m/data/sxq/datasets/orange_yolo/val/images/IMG_0799.jpg: corrupt JPEG restored and saved
[34m[1mval: [0m/data/sxq/datasets/orange_yolo/val/images/IMG_0804.jpg: corrupt JPEG restored and saved
[34m[1mval: [0m/data/sxq/datasets/orange_yolo/val/images/IMG_0808.jpg: corrupt JPEG restored and saved
[34m[1mval: [0m/data/sxq/datasets/orange_yolo/val/images/IMG_0814.jpg: corrupt JPEG restored and saved
[34m[1mval: [0m/data/sxq/datasets/orange_yolo/val/images/IMG_0815.jpg: corrupt JPEG restored and saved
[34m[1mval: [0m/data/sxq/datasets/orange_yolo/val/images/IMG_0819.jpg: corrupt JPEG restored and saved
[34m[1mval: [0m/data/sxq/datasets/orange_yolo/val/images/IMG_0852.jpg: corrupt JPEG restored and saved
[34m[1mval: [0m/data/sxq/datasets/orange_yolo/val/images/IMG_0853.jpg: corrupt JPEG restored and saved
[34m[1mval: [0m/data/sxq/datasets/orange_yolo/val/images/IMG_0863.jpg: corrupt JPEG restored and saved
[34m[1mval: [0m/data/sxq/datasets/orange_yolo/val/images/IMG_0865.jpg: corrupt JPEG restored and saved
[34m[1mval: [0m/data/sxq/datasets/orange_yolo/val/images/IMG_0866.jpg: corrupt JPEG restored and saved
[34m[1mval: [0m/data/sxq/datasets/orange_yolo/val/images/IMG_0869.jpg: corrupt JPEG restored and saved
[34m[1mval: [0m/data/sxq/datasets/orange_yolo/val/images/IMG_0871.jpg: corrupt JPEG restored and saved
[34m[1mval: [0m/data/sxq/datasets/orange_yolo/val/images/IMG_0873.jpg: corrupt JPEG restored and saved
[34m[1mval: [0m/data/sxq/datasets/orange_yolo/val/images/IMG_0878.jpg: corrupt JPEG restored and saved
[34m[1mval: [0m/data/sxq/datasets/orange_yolo/val/images/IMG_0880.jpg: corrupt JPEG restored and saved
[34m[1mval: [0m/data/sxq/datasets/orange_yolo/val/images/IMG_0881.jpg: corrupt JPEG restored and saved
[34m[1mval: [0m/data/sxq/datasets/orange_yolo/val/images/IMG_0883.jpg: corrupt JPEG restored and saved
[34m[1mval: [0m/data/sxq/datasets/orange_yolo/val/images/IMG_0915.jpg: corrupt JPEG restored and saved
[34m[1mval: [0m/data/sxq/datasets/orange_yolo/val/images/IMG_0916.jpg: corrupt JPEG restored and saved
[34m[1mval: [0m/data/sxq/datasets/orange_yolo/val/images/IMG_0934.jpg: corrupt JPEG restored and saved
[34m[1mval: [0m/data/sxq/datasets/orange_yolo/val/images/IMG_0941.jpg: corrupt JPEG restored and saved
[34m[1mval: [0m/data/sxq/datasets/orange_yolo/val/images/IMG_0942.jpg: corrupt JPEG restored and saved
[34m[1mval: [0m/data/sxq/datasets/orange_yolo/val/images/IMG_0947.jpg: corrupt JPEG restored and saved
[34m[1mval: [0m/data/sxq/datasets/orange_yolo/val/images/IMG_0948.jpg: corrupt JPEG restored and saved
[34m[1mval: [0m/data/sxq/datasets/orange_yolo/val/images/IMG_0961.jpg: corrupt JPEG restored and saved
[34m[1moptimizer:[0m AdamW(lr=0.01, momentum=0.937) with parameter groups 94 weight(decay=0.0), 105 weight(decay=0.0005), 104 bias(decay=0.0)
Plotting labels to /data/sxq/results/000_anyothers/F42_yolo11-seg-shallowheavy_3ep/labels.jpg... 
Image sizes 640 train, 640 val
Using 4 dataloader workers
Logging results to [1m/data/sxq/results/000_anyothers/F42_yolo11-seg-shallowheavy_3ep[0m
Starting training for 3 epochs...

      Epoch    GPU_mem   box_loss   seg_loss   cls_loss   dfl_loss   sem_loss  Instances       Size

[K        1/3      1.24G      4.012      7.146      4.798      2.619          0          4        640: 0% ──────────── 0/169  3.3s
[K        1/3      1.27G      3.694       7.21      4.656      2.593          0          4        640: 1% ──────────── 1/169 1.1it/s 3.6s<2:39
[K        1/3      1.31G      3.642       7.21      4.442       2.62          0          4        640: 1% ──────────── 2/169 2.3it/s 3.7s<1:13
[K        1/3      1.31G      3.631      6.715      4.344      2.515          0          4        640: 2% ──────────── 3/169 2.7it/s 4.0s<1:01
[K        1/3      1.31G      3.523      6.274      4.278      2.498          0          4        640: 2% ──────────── 4/169 3.6it/s 4.2s<46.3s
[K        1/3      1.31G      3.504       6.14      4.262      2.465          0          4        640: 3% ──────────── 5/169 4.1it/s 4.4s<39.5s
[K        1/3      1.31G      3.559      6.021      4.268      2.512          0          4        640: 4% ──────────── 6/169 4.7it/s 4.5s<34.5s
[K        1/3      1.31G      3.553      5.888      4.218       2.48          0          4        640: 4% ──────────── 7/169 4.9it/s 4.7s<32.7s
[K        1/3      1.31G      3.453       5.78      4.256      2.462          0          4        640: 5% ╸─────────── 8/169 5.3it/s 4.9s<30.6s
[K        1/3      1.31G      3.418      5.703      4.311      2.446          0          4        640: 5% ╸─────────── 9/169 5.4it/s 5.1s<29.5s
[K        1/3      1.31G      3.373      5.572      4.276      2.423          0          4        640: 6% ╸─────────── 10/169 5.6it/s 5.2s<28.2s
[K        1/3      1.31G      3.314      5.489      4.248      2.393          0          4        640: 7% ╸─────────── 11/169 5.5it/s 5.4s<28.8s
[K        1/3      1.31G      3.288      5.441      4.211      2.391          0          4        640: 7% ╸─────────── 12/169 5.6it/s 5.6s<27.9s
[K        1/3      1.33G      3.284      5.392      4.175      2.388          0          4        640: 8% ╸─────────── 13/169 4.1it/s 7.3s<38.0s
[K        1/3      1.33G      3.284      5.343       4.15      2.366          0          4        640: 8% ╸─────────── 14/169 4.0it/s 7.6s<38.6s
[K        1/3      1.33G      3.257      5.275      4.121      2.336          0          4        640: 9% ━─────────── 15/169 4.6it/s 7.8s<33.6s
[K        1/3      1.36G      3.236      5.252      4.087      2.324          0          4        640: 9% ━─────────── 16/169 4.8it/s 8.0s<32.1s
[K        1/3      1.36G      3.185      5.214      4.062      2.317          0          4        640: 10% ━─────────── 17/169 4.0it/s 8.4s<38.0s
[K        1/3      1.36G      3.181      5.191      4.032       2.29          0          4        640: 11% ━─────────── 18/169 4.7it/s 8.6s<32.3s
[K        1/3      1.43G      3.144      5.125      3.989      2.263          0          4        640: 12% ━─────────── 20/169 5.3it/s 8.9s<28.1s
[K        1/3      1.43G      3.106      5.093      3.957      2.245          0          4        640: 12% ━─────────── 21/169 4.3it/s 9.3s<34.2s
[K        1/3      1.43G      3.077      5.052      3.946       2.23          0          4        640: 13% ━╸────────── 22/169 4.8it/s 9.5s<30.3s
[K        1/3      1.43G      3.021      5.003      3.906      2.199          0          4        640: 14% ━╸────────── 24/169 5.7it/s 9.8s<25.4s
[K        1/3      1.43G      2.989      4.986        3.9      2.184          0          4        640: 15% ━╸────────── 25/169 4.5it/s 10.4s<32.2s
[K        1/3      1.43G      2.969      4.947      3.879      2.174          0          4        640: 15% ━╸────────── 26/169 4.7it/s 10.6s<30.7s
[K        1/3      1.43G      2.946      4.909      3.878      2.161          0          4        640: 16% ━╸────────── 27/169 6.2it/s 10.7s<23.0s
[K        1/3      1.43G      2.922      4.884      3.853      2.144          0          4        640: 17% ━╸────────── 28/169 6.3it/s 10.9s<22.4s
[K        1/3      1.43G      2.914      4.859      3.854      2.131          0          4        640: 17% ━━────────── 29/169 5.1it/s 11.3s<27.4s
[K        1/3      1.43G      2.893      4.831      3.834      2.118          0          4        640: 18% ━━────────── 30/169 5.6it/s 11.4s<25.0s
[K        1/3      1.43G       2.87      4.799      3.803      2.095          0          4        640: 19% ━━────────── 32/169 5.8it/s 11.8s<23.8s
[K        1/3      1.43G      2.843      4.777      3.783      2.088          0          4        640: 20% ━━────────── 33/169 5.1it/s 12.0s<26.8s
[K        1/3      1.43G      2.823      4.744      3.763      2.078          0          4        640: 20% ━━────────── 34/169 5.3it/s 12.2s<25.3s
[K        1/3      1.43G      2.786       4.71      3.737      2.054          0          4        640: 21% ━━╸───────── 36/169 4.9it/s 12.7s<27.1s
[K        1/3      1.43G      2.772      4.691      3.711      2.054          0          4        640: 22% ━━╸───────── 37/169 5.0it/s 12.9s<26.7s
[K        1/3      1.43G      2.769      4.683      3.698      2.055          0          4        640: 22% ━━╸───────── 38/169 4.8it/s 13.1s<27.2s
[K        1/3      1.43G      2.758      4.664      3.674      2.045          0          4        640: 23% ━━╸───────── 39/169 4.5it/s 13.4s<29.1s
[K        1/3      1.43G      2.737      4.639      3.663      2.037          0          4        640: 24% ━━╸───────── 40/169 4.6it/s 13.6s<28.0s
[K        1/3      1.43G      2.712      4.598      3.625      2.027          0          4        640: 25% ━━╸───────── 42/169 5.6it/s 13.9s<22.7s
[K        1/3      1.43G      2.697      4.581      3.598      2.017          0          4        640: 25% ━━━───────── 43/169 4.5it/s 14.4s<27.9s
[K        1/3      1.43G      2.682      4.559      3.574      2.012          0          4        640: 26% ━━━───────── 44/169 3.6it/s 15.0s<34.5s
[K        1/3      1.43G      2.657      4.526      3.535      2.005          0          4        640: 27% ━━━───────── 46/169 4.3it/s 15.4s<28.5s
[K        1/3      1.43G      2.641      4.516      3.515      2.004          0          4        640: 28% ━━━───────── 47/169 4.4it/s 15.6s<27.8s
[K        1/3      1.43G      2.632      4.506      3.499      1.995          0          4        640: 28% ━━━───────── 48/169 3.8it/s 16.0s<32.0s
[K        1/3      1.43G      2.618      4.473       3.47      1.991          0          4        640: 29% ━━━───────── 49/169 3.7it/s 16.3s<32.8s
[K        1/3      1.43G      2.617      4.466      3.453      1.991          0          4        640: 30% ━━━╸──────── 50/169 4.3it/s 16.5s<27.6s
[K        1/3      1.43G      2.607      4.433      3.419      1.985          0          4        640: 31% ━━━╸──────── 52/169 3.8it/s 17.2s<30.4s
[K        1/3      1.43G      2.596       4.42      3.398       1.98          0          4        640: 31% ━━━╸──────── 53/169 4.5it/s 17.4s<25.6s
[K        1/3      1.43G      2.584      4.394      3.377      1.978          0          4        640: 32% ━━━╸──────── 54/169 5.9it/s 17.5s<19.6s
[K        1/3      1.43G      2.576      4.379      3.357      1.973          0          4        640: 33% ━━━╸──────── 55/169 5.6it/s 17.7s<20.2s
[K        1/3      1.43G      2.575      4.369      3.343      1.966          0          4        640: 33% ━━━╸──────── 56/169 4.8it/s 18.0s<23.4s
[K        1/3      1.43G      2.571      4.358      3.322      1.962          0          4        640: 34% ━━━━──────── 57/169 5.9it/s 18.1s<19.0s
[K        1/3      1.43G       2.56      4.342      3.299      1.954          0          4        640: 34% ━━━━──────── 58/169 6.8it/s 18.2s<16.3s
[K        1/3      1.43G      2.556      4.325      3.291       1.95          0          4        640: 35% ━━━━──────── 59/169 6.6it/s 18.4s<16.7s
[K        1/3      1.43G       2.55       4.31      3.272       1.94          0          4        640: 36% ━━━━──────── 60/169 5.1it/s 19.1s<21.6s
[K        1/3      1.43G      2.538      4.296      3.243      1.929          0          4        640: 37% ━━━━──────── 62/169 5.9it/s 19.3s<18.2s
[K        1/3      1.43G      2.531       4.28      3.225      1.924          0          4        640: 37% ━━━━──────── 63/169 7.0it/s 19.4s<15.1s
[K        1/3      1.43G      2.531      4.277      3.217       1.92          0          4        640: 38% ━━━━╸─────── 64/169 5.4it/s 20.1s<19.6s
[K        1/3      1.43G      2.523      4.266      3.206      1.916          0          4        640: 38% ━━━━╸─────── 65/169 5.7it/s 20.3s<18.4s
[K        1/3      1.43G      2.509       4.24      3.192      1.911          0          4        640: 39% ━━━━╸─────── 66/169 6.2it/s 20.4s<16.6s
[K        1/3      1.43G       2.49       4.21      3.157      1.894          0          4        640: 40% ━━━━╸─────── 68/169 5.2it/s 21.2s<19.6s
[K        1/3      1.43G      2.484      4.199      3.147       1.89          0          4        640: 41% ━━━━╸─────── 69/169 4.9it/s 21.4s<20.5s
[K        1/3      1.43G       2.48       4.18      3.134      1.891          0          4        640: 41% ━━━━╸─────── 70/169 5.4it/s 21.6s<18.4s
[K        1/3      1.43G      2.471       4.16      3.113      1.882          0          4        640: 42% ━━━━━─────── 71/169 5.5it/s 21.7s<17.8s
[K        1/3      1.43G      2.463      4.144      3.098      1.873          0          4        640: 43% ━━━━━─────── 72/169 4.8it/s 22.1s<20.2s
[K        1/3      1.43G      2.461      4.145      3.085      1.875          0          4        640: 43% ━━━━━─────── 73/169 4.1it/s 22.4s<23.3s
[K        1/3      1.43G      2.453      4.157      3.085      1.871          0          4        640: 44% ━━━━━─────── 74/169 4.5it/s 22.6s<21.1s
[K        1/3      1.43G       2.45      4.146      3.075      1.868          0          4        640: 44% ━━━━━─────── 75/169 6.0it/s 22.7s<15.6s
[K        1/3      1.43G      2.446      4.133      3.059      1.863          0          4        640: 45% ━━━━━─────── 76/169 5.5it/s 23.0s<16.9s
[K        1/3      1.43G       2.44      4.128      3.045      1.856          0          4        640: 46% ━━━━━─────── 77/169 4.2it/s 23.8s<21.9s
[K        1/3      1.43G      2.427        4.1      3.014      1.845          0          4        640: 47% ━━━━━╸────── 79/169 6.3it/s 24.0s<14.3s
[K        1/3      1.43G      2.422      4.089      3.002      1.841          0          4        640: 47% ━━━━━╸────── 80/169 6.0it/s 24.2s<14.7s
[K        1/3      1.43G      2.422      4.088      2.995      1.841          0          4        640: 48% ━━━━━╸────── 81/169 4.6it/s 25.1s<19.3s
[K        1/3      1.46G      2.407      4.074      2.971       1.83          0          4        640: 49% ━━━━━╸────── 83/169 5.6it/s 25.3s<15.4s
[K        1/3      1.46G      2.405      4.073      2.958      1.825          0          4        640: 50% ━━━━━╸────── 84/169 6.3it/s 25.4s<13.5s
[K        1/3      1.46G      2.401      4.062      2.948      1.822          0          4        640: 50% ━━━━━━────── 85/169 5.0it/s 26.0s<16.8s
[K        1/3      1.46G      2.395      4.046      2.934      1.818          0          4        640: 51% ━━━━━━────── 86/169 6.4it/s 26.1s<12.9s
[K        1/3      1.46G       2.39      4.042      2.921      1.813          0          4        640: 51% ━━━━━━────── 87/169 6.1it/s 26.3s<13.4s
[K        1/3      1.46G      2.386       4.03      2.917      1.809          0          4        640: 52% ━━━━━━────── 88/169 7.3it/s 26.4s<11.1s
[K        1/3      1.46G      2.379      4.023      2.904      1.804          0          4        640: 53% ━━━━━━────── 89/169 5.5it/s 27.1s<14.5s
[K        1/3      1.46G      2.371      4.006      2.896        1.8          0          4        640: 53% ━━━━━━────── 90/169 6.4it/s 27.2s<12.4s
[K        1/3      1.46G      2.367      3.996      2.884      1.796          0          4        640: 54% ━━━━━━────── 91/169 6.2it/s 27.4s<12.5s
[K        1/3      1.46G      2.357       3.98      2.865      1.792          0          4        640: 55% ━━━━━━╸───── 93/169 5.2it/s 28.1s<14.6s
[K        1/3      1.46G      2.351      3.968      2.852      1.787          0          4        640: 56% ━━━━━━╸───── 94/169 6.3it/s 28.2s<11.9s
[K        1/3      1.46G      2.347      3.961      2.844      1.782          0          4        640: 56% ━━━━━━╸───── 95/169 6.0it/s 28.4s<12.4s
[K        1/3      1.46G      2.341      3.949      2.831      1.781          0          4        640: 57% ━━━━━━╸───── 96/169 6.8it/s 28.5s<10.7s
[K        1/3      1.46G      2.334      3.939      2.821      1.776          0          4        640: 57% ━━━━━━╸───── 97/169 5.2it/s 29.2s<13.8s
[K        1/3      1.46G      2.328      3.927       2.81      1.772          0          4        640: 58% ━━━━━━╸───── 98/169 6.5it/s 29.3s<10.9s
[K        1/3      1.46G      2.323      3.925      2.799       1.77          0          4        640: 59% ━━━━━━━───── 99/169 6.2it/s 29.5s<11.3s
[K        1/3      1.46G      2.318      3.914      2.792      1.767          0          4        640: 59% ━━━━━━━───── 100/169 5.5it/s 29.8s<12.6s
[K        1/3      1.46G      2.311      3.893      2.773      1.762          0          4        640: 60% ━━━━━━━───── 102/169 7.1it/s 30.0s<9.4s
[K        1/3      1.46G       2.31      3.889      2.768       1.76          0          4        640: 61% ━━━━━━━───── 103/169 7.0it/s 30.1s<9.4s
[K        1/3      1.46G      2.305      3.877      2.758      1.756          0          4        640: 62% ━━━━━━━───── 104/169 5.4it/s 30.7s<12.0s
[K        1/3      1.46G      2.303      3.878      2.752      1.754          0          4        640: 62% ━━━━━━━───── 105/169 4.9it/s 30.9s<13.0s
[K        1/3      1.46G      2.297       3.87      2.739       1.75          0          4        640: 63% ━━━━━━━╸──── 107/169 5.7it/s 31.2s<10.9s
[K        1/3      1.46G      2.288      3.858       2.73      1.745          0          4        640: 64% ━━━━━━━╸──── 108/169 4.7it/s 31.6s<13.0s
[K        1/3      1.46G      2.286      3.844      2.721      1.742          0          4        640: 64% ━━━━━━━╸──── 109/169 3.8it/s 32.2s<15.7s
[K        1/3      1.46G      2.283      3.838      2.714      1.742          0          4        640: 65% ━━━━━━━╸──── 110/169 5.7it/s 32.3s<10.4s
[K        1/3      1.46G      2.277      3.832      2.705      1.739          0          4        640: 66% ━━━━━━━╸──── 111/169 5.7it/s 32.5s<10.2s
[K        1/3      1.46G      2.278      3.829       2.71      1.743          0          4        640: 66% ━━━━━━━╸──── 112/169 6.7it/s 32.6s<8.5s
[K        1/3      1.46G      2.273      3.821        2.7      1.739          0          4        640: 67% ━━━━━━━━──── 113/169 5.1it/s 33.4s<11.0s
[K        1/3      1.46G      2.271      3.817      2.705      1.742          0          4        640: 67% ━━━━━━━━──── 114/169 5.7it/s 33.5s<9.7s
[K        1/3      1.46G      2.264      3.802      2.698      1.737          0          4        640: 68% ━━━━━━━━──── 115/169 5.2it/s 33.8s<10.4s
[K        1/3      1.46G      2.262      3.794      2.695      1.735          0          4        640: 69% ━━━━━━━━──── 116/169 5.5it/s 33.9s<9.6s
[K        1/3      1.46G       2.26      3.791      2.689      1.731          0          4        640: 69% ━━━━━━━━──── 117/169 4.4it/s 34.5s<11.9s
[K        1/3      1.46G      2.251      3.774      2.672      1.724          0          4        640: 70% ━━━━━━━━──── 119/169 6.5it/s 34.7s<7.7s
[K        1/3      1.46G      2.248      3.768      2.665      1.722          0          4        640: 71% ━━━━━━━━╸─── 120/169 6.4it/s 34.8s<7.6s
[K        1/3      1.46G      2.244      3.761       2.66       1.72          0          4        640: 72% ━━━━━━━━╸─── 121/169 4.9it/s 35.5s<9.7s
[K        1/3      1.46G       2.24      3.749      2.645      1.714          0          4        640: 73% ━━━━━━━━╸─── 123/169 6.9it/s 35.7s<6.6s
[K        1/3      1.46G      2.233      3.736      2.635       1.71          0          4        640: 73% ━━━━━━━━╸─── 124/169 7.7it/s 35.8s<5.8s
[K        1/3      1.46G      2.231      3.736      2.628      1.709          0          4        640: 74% ━━━━━━━━╸─── 125/169 5.7it/s 36.8s<7.7s
[K        1/3      1.46G      2.227       3.73      2.621      1.706          0          4        640: 75% ━━━━━━━━╸─── 126/169 6.8it/s 37.0s<6.3s
[K        1/3      1.46G      2.224      3.724      2.613      1.703          0          4        640: 75% ━━━━━━━━━─── 127/169 7.7it/s 37.1s<5.5s
[K        1/3      1.46G      2.216      3.707      2.606      1.698          0          4        640: 76% ━━━━━━━━━─── 129/169 6.2it/s 37.8s<6.4s
[K        1/3      1.46G      2.211      3.696      2.599      1.696          0          4        640: 77% ━━━━━━━━━─── 130/169 5.9it/s 38.0s<6.6s
[K        1/3      1.46G      2.206      3.689      2.592      1.694          0          4        640: 78% ━━━━━━━━━─── 131/169 6.2it/s 38.1s<6.1s
[K        1/3      1.46G      2.202      3.678      2.585      1.691          0          4        640: 78% ━━━━━━━━━─── 132/169 6.4it/s 38.2s<5.8s
[K        1/3       1.5G        2.2      3.675      2.581      1.689          0          4        640: 79% ━━━━━━━━━─── 133/169 5.4it/s 38.6s<6.7s
[K        1/3       1.5G      2.199      3.666      2.579       1.69          0          4        640: 79% ━━━━━━━━━╸── 134/169 6.6it/s 38.7s<5.3s
[K        1/3       1.5G      2.195      3.657      2.575      1.688          0          4        640: 80% ━━━━━━━━━╸── 135/169 6.9it/s 38.8s<5.0s
[K        1/3       1.5G      2.189      3.644      2.561      1.683          0          4        640: 81% ━━━━━━━━━╸── 137/169 5.6it/s 39.5s<5.7s
[K        1/3       1.5G      2.187      3.641      2.556      1.681          0          4        640: 82% ━━━━━━━━━╸── 138/169 6.9it/s 39.6s<4.5s
[K        1/3       1.5G       2.18      3.625      2.545      1.675          0          4        640: 83% ━━━━━━━━━╸── 140/169 7.2it/s 39.9s<4.0s
[K        1/3       1.5G      2.179      3.619      2.545      1.675          0          4        640: 83% ━━━━━━━━━━── 141/169 5.7it/s 40.3s<4.9s
[K        1/3       1.5G      2.175      3.615       2.54      1.674          0          4        640: 84% ━━━━━━━━━━── 142/169 6.9it/s 40.4s<3.9s
[K        1/3       1.5G      2.172       3.61      2.534      1.672          0          4        640: 85% ━━━━━━━━━━── 143/169 7.6it/s 40.5s<3.4s
[K        1/3       1.5G      2.168      3.601      2.528      1.671          0          4        640: 85% ━━━━━━━━━━── 144/169 8.0it/s 40.6s<3.1s
[K        1/3       1.5G      2.165      3.595      2.521      1.669          0          4        640: 86% ━━━━━━━━━━── 145/169 6.0it/s 41.3s<4.0s
[K        1/3       1.5G      2.163       3.59      2.516      1.668          0          4        640: 86% ━━━━━━━━━━── 146/169 6.3it/s 41.5s<3.6s
[K        1/3       1.5G      2.161      3.588      2.512      1.665          0          4        640: 87% ━━━━━━━━━━── 147/169 7.3it/s 41.6s<3.0s
[K        1/3       1.5G      2.159      3.578      2.508      1.664          0          4        640: 88% ━━━━━━━━━━╸─ 148/169 7.7it/s 41.7s<2.7s
[K        1/3       1.5G      2.158      3.578      2.505      1.664          0          4        640: 88% ━━━━━━━━━━╸─ 149/169 5.8it/s 42.4s<3.5s
[K        1/3       1.5G      2.155      3.576      2.501      1.664          0          4        640: 89% ━━━━━━━━━━╸─ 150/169 6.0it/s 42.6s<3.2s
[K        1/3       1.5G      2.148      3.559      2.488      1.658          0          4        640: 90% ━━━━━━━━━━╸─ 152/169 7.0it/s 42.8s<2.4s
[K        1/3       1.5G      2.147      3.554      2.486      1.659          0          4        640: 91% ━━━━━━━━━━╸─ 153/169 5.3it/s 43.5s<3.0s
[K        1/3       1.5G      2.139      3.543      2.473      1.653          0          4        640: 92% ━━━━━━━━━━━─ 155/169 7.0it/s 43.7s<2.0s
[K        1/3       1.5G      2.135      3.539      2.467      1.652          0          4        640: 92% ━━━━━━━━━━━─ 156/169 6.3it/s 43.9s<2.1s
[K        1/3       1.5G      2.135      3.537      2.466      1.652          0          4        640: 93% ━━━━━━━━━━━─ 157/169 5.1it/s 44.4s<2.4s
[K        1/3       1.5G      2.133      3.534      2.462      1.651          0          4        640: 93% ━━━━━━━━━━━─ 158/169 5.8it/s 44.5s<1.9s
[K        1/3       1.5G      2.132      3.529      2.458       1.65          0          4        640: 94% ━━━━━━━━━━━─ 159/169 6.8it/s 44.6s<1.5s
[K        1/3       1.5G      2.129      3.523      2.454      1.648          0          4        640: 95% ━━━━━━━━━━━─ 160/169 7.6it/s 44.7s<1.2s
[K        1/3       1.5G      2.126      3.514       2.45      1.645          0          4        640: 95% ━━━━━━━━━━━─ 161/169 5.7it/s 45.5s<1.4s
[K        1/3       1.5G      2.125      3.513      2.446      1.643          0          4        640: 96% ━━━━━━━━━━━╸ 162/169 5.3it/s 45.7s<1.3s
[K        1/3       1.5G       2.12      3.504       2.44       1.64          0          4        640: 96% ━━━━━━━━━━━╸ 163/169 6.5it/s 45.8s<0.9s
[K        1/3       1.5G      2.118      3.497      2.435      1.638          0          4        640: 97% ━━━━━━━━━━━╸ 164/169 7.3it/s 46.0s<0.7s
[K        1/3       1.5G      2.116      3.496      2.432      1.636          0          4        640: 98% ━━━━━━━━━━━╸ 165/169 5.7it/s 46.5s<0.7s
[K        1/3       1.5G      2.112       3.49      2.427      1.633          0          4        640: 98% ━━━━━━━━━━━╸ 166/169 6.1it/s 46.6s<0.5s
[K        1/3       1.5G       2.11      3.485      2.425      1.633          0          4        640: 99% ━━━━━━━━━━━╸ 167/169 6.6it/s 46.7s<0.3s
[K        1/3       1.5G      2.108      3.482      2.421       1.63          0          4        640: 99% ━━━━━━━━━━━╸ 168/169 6.0it/s 46.9s<0.2s
[K        1/3       1.5G      2.108      3.482      2.421       1.63          0          4        640: 100% ━━━━━━━━━━━━ 169/169 3.6it/s 46.9s

[K                 Class     Images  Instances      Box(P          R      mAP50  mAP50-95)     Mask(P          R      mAP50  mAP50-95): 4% ──────────── 1/25 2.3it/s 0.1s<10.5s
[K                 Class     Images  Instances      Box(P          R      mAP50  mAP50-95)     Mask(P          R      mAP50  mAP50-95): 12% ━─────────── 3/25 6.3it/s 0.3s<3.5s
[K                 Class     Images  Instances      Box(P          R      mAP50  mAP50-95)     Mask(P          R      mAP50  mAP50-95): 20% ━━────────── 5/25 8.8it/s 0.4s<2.3s
[K                 Class     Images  Instances      Box(P          R      mAP50  mAP50-95)     Mask(P          R      mAP50  mAP50-95): 28% ━━━───────── 7/25 10.9it/s 0.5s<1.7s
[K                 Class     Images  Instances      Box(P          R      mAP50  mAP50-95)     Mask(P          R      mAP50  mAP50-95): 36% ━━━━──────── 9/25 11.9it/s 0.7s<1.3s
[K                 Class     Images  Instances      Box(P          R      mAP50  mAP50-95)     Mask(P          R      mAP50  mAP50-95): 44% ━━━━━─────── 11/25 13.2it/s 0.8s<1.1s
[K                 Class     Images  Instances      Box(P          R      mAP50  mAP50-95)     Mask(P          R      mAP50  mAP50-95): 52% ━━━━━━────── 13/25 14.1it/s 0.9s<0.9s
[K                 Class     Images  Instances      Box(P          R      mAP50  mAP50-95)     Mask(P          R      mAP50  mAP50-95): 60% ━━━━━━━───── 15/25 14.7it/s 1.0s<0.7s
[K                 Class     Images  Instances      Box(P          R      mAP50  mAP50-95)     Mask(P          R      mAP50  mAP50-95): 68% ━━━━━━━━──── 17/25 10.6it/s 3.2s<0.8s
[K                 Class     Images  Instances      Box(P          R      mAP50  mAP50-95)     Mask(P          R      mAP50  mAP50-95): 76% ━━━━━━━━━─── 19/25 11.2it/s 3.4s<0.5s
[K                 Class     Images  Instances      Box(P          R      mAP50  mAP50-95)     Mask(P          R      mAP50  mAP50-95): 84% ━━━━━━━━━━── 21/25 11.5it/s 3.5s<0.3s
[K                 Class     Images  Instances      Box(P          R      mAP50  mAP50-95)     Mask(P          R      mAP50  mAP50-95): 92% ━━━━━━━━━━━─ 23/25 11.4it/s 3.7s<0.2s
[K                 Class     Images  Instances      Box(P          R      mAP50  mAP50-95)     Mask(P          R      mAP50  mAP50-95): 96% ━━━━━━━━━━━╸ 24/25 8.4it/s 4.3s<0.1s
[K                 Class     Images  Instances      Box(P          R      mAP50  mAP50-95)     Mask(P          R      mAP50  mAP50-95): 100% ━━━━━━━━━━━━ 25/25 5.7it/s 4.4s
                   all        193       1049      0.481       0.23      0.228      0.128      0.467      0.223      0.218      0.109

      Epoch    GPU_mem   box_loss   seg_loss   cls_loss   dfl_loss   sem_loss  Instances       Size

[K        2/3       1.5G      1.744      3.126      1.764      1.313          0          4        640: 1% ──────────── 1/169 1.5it/s 0.2s<1:52
[K        2/3       1.5G      1.655      2.977      1.588      1.292          0          4        640: 1% ──────────── 2/169 3.8it/s 0.3s<44.5s
[K        2/3       1.5G      1.701      2.975      1.642      1.321          0          4        640: 2% ──────────── 3/169 4.2it/s 0.5s<39.4s
[K        2/3       1.5G      1.794      3.183      1.806      1.461          0          4        640: 2% ──────────── 4/169 5.2it/s 0.6s<31.6s
[K        2/3       1.5G      1.756      3.103      1.786      1.435          0          4        640: 3% ──────────── 5/169 4.7it/s 0.9s<35.2s
[K        2/3       1.5G      1.733      2.992      1.745      1.415          0          4        640: 4% ──────────── 6/169 5.8it/s 1.1s<28.2s
[K        2/3       1.5G      1.762      3.078      1.792      1.444          0          4        640: 4% ──────────── 7/169 6.8it/s 1.2s<23.7s
[K        2/3       1.5G      1.747      2.998      1.774      1.427          0          4        640: 5% ╸─────────── 8/169 6.8it/s 1.3s<23.6s
[K        2/3       1.5G      1.729      2.965      1.783      1.399          0          4        640: 6% ╸─────────── 10/169 7.9it/s 1.5s<20.2s
[K        2/3       1.5G      1.723      2.952      1.784      1.397          0          4        640: 7% ╸─────────── 11/169 6.6it/s 1.8s<23.9s
[K        2/3       1.5G      1.731      2.973        1.8      1.403          0          4        640: 7% ╸─────────── 12/169 6.3it/s 2.0s<25.1s
[K        2/3       1.5G      1.753      2.993      1.796      1.392          0          4        640: 8% ╸─────────── 13/169 7.0it/s 2.1s<22.3s
[K        2/3       1.5G      1.735      2.986      1.762      1.379          0          4        640: 8% ╸─────────── 14/169 7.3it/s 2.2s<21.3s
[K        2/3       1.5G       1.74      2.997      1.771      1.386          0          4        640: 9% ━─────────── 16/169 7.9it/s 2.4s<19.3s
[K        2/3       1.5G      1.737      3.036      1.757      1.385          0          4        640: 10% ━─────────── 17/169 7.9it/s 2.5s<19.1s
[K        2/3       1.5G      1.738      3.034       1.75      1.389          0          4        640: 11% ━─────────── 18/169 6.5it/s 2.9s<23.2s
[K        2/3       1.5G      1.735      3.029      1.736      1.382          0          4        640: 11% ━─────────── 19/169 6.6it/s 3.0s<22.7s
[K        2/3      1.54G      1.746      3.028      1.733      1.377          0          4        640: 12% ━─────────── 20/169 6.6it/s 3.2s<22.6s
[K        2/3      1.54G      1.762       3.04      1.745      1.376          0          4        640: 12% ━─────────── 21/169 6.3it/s 3.3s<23.4s
[K        2/3      1.54G      1.754      3.038      1.737      1.376          0          4        640: 13% ━╸────────── 22/169 6.6it/s 3.5s<22.4s
[K        2/3      1.54G      1.762      3.031      1.744      1.376          0          4        640: 14% ━╸────────── 23/169 7.0it/s 3.6s<20.7s
[K        2/3      1.54G      1.763      3.024      1.732      1.374          0          4        640: 15% ━╸────────── 25/169 7.2it/s 3.9s<19.9s
[K        2/3      1.54G      1.756      3.013      1.735      1.373          0          4        640: 15% ━╸────────── 26/169 7.6it/s 4.0s<18.9s
[K        2/3      1.54G      1.748      2.988      1.729      1.365          0          4        640: 16% ━╸────────── 27/169 7.4it/s 4.1s<19.1s
[K        2/3      1.54G      1.745      2.988      1.727       1.37          0          4        640: 17% ━╸────────── 28/169 8.0it/s 4.2s<17.5s
[K        2/3      1.54G      1.741      2.973      1.717      1.373          0          4        640: 17% ━━────────── 29/169 8.2it/s 4.3s<17.1s
[K        2/3      1.54G       1.74      2.984      1.719      1.372          0          4        640: 18% ━━────────── 31/169 8.6it/s 4.5s<16.1s
[K        2/3      1.54G      1.732       2.96      1.712      1.368          0          4        640: 19% ━━────────── 32/169 7.5it/s 4.7s<18.3s
[K        2/3      1.54G      1.712       2.93      1.699      1.363          0          4        640: 20% ━━────────── 34/169 7.4it/s 5.0s<18.2s
[K        2/3      1.54G      1.714      2.933      1.694      1.359          0          4        640: 21% ━━────────── 35/169 7.9it/s 5.1s<16.9s
[K        2/3      1.54G      1.716      2.929      1.687      1.353          0          4        640: 22% ━━╸───────── 37/169 8.5it/s 5.3s<15.6s
[K        2/3      1.54G      1.708       2.92      1.673      1.348          0          4        640: 23% ━━╸───────── 39/169 8.2it/s 5.6s<15.9s
[K        2/3      1.54G      1.697      2.901      1.665      1.345          0          4        640: 24% ━━╸───────── 41/169 8.7it/s 5.8s<14.7s
[K        2/3      1.54G      1.692      2.878      1.667      1.348          0          4        640: 25% ━━╸───────── 42/169 7.8it/s 6.0s<16.4s
[K        2/3      1.54G      1.684      2.869      1.664      1.345          0          4        640: 25% ━━━───────── 43/169 7.5it/s 6.1s<16.8s
[K        2/3      1.54G      1.684      2.866      1.661      1.344          0          4        640: 26% ━━━───────── 44/169 7.9it/s 6.2s<15.8s
[K        2/3      1.54G      1.673      2.845      1.655      1.341          0          4        640: 27% ━━━───────── 45/169 8.4it/s 6.3s<14.8s
[K        2/3      1.54G      1.672      2.842      1.654      1.341          0          4        640: 27% ━━━───────── 46/169 7.2it/s 6.6s<17.1s
[K        2/3      1.54G      1.671       2.83      1.653       1.34          0          4        640: 28% ━━━───────── 47/169 8.0it/s 6.7s<15.3s
[K        2/3      1.54G      1.661      2.813      1.647      1.337          0          4        640: 28% ━━━───────── 48/169 7.6it/s 6.8s<15.8s
[K        2/3      1.54G      1.666      2.813      1.657      1.338          0          4        640: 29% ━━━───────── 49/169 8.2it/s 6.9s<14.6s
[K        2/3      1.54G      1.667      2.805       1.66      1.335          0          4        640: 30% ━━━╸──────── 50/169 8.4it/s 7.0s<14.1s
[K        2/3      1.54G      1.665      2.801      1.656      1.331          0          4        640: 30% ━━━╸──────── 51/169 8.7it/s 7.2s<13.6s
[K        2/3      1.54G       1.66      2.802      1.649      1.327          0          4        640: 31% ━━━╸──────── 52/169 8.9it/s 7.3s<13.1s
[K        2/3      1.54G      1.664      2.811      1.649      1.328          0          4        640: 31% ━━━╸──────── 53/169 8.3it/s 7.4s<14.0s
[K        2/3      1.54G      1.663      2.806      1.646      1.328          0          4        640: 32% ━━━╸──────── 54/169 7.4it/s 7.6s<15.5s
[K        2/3      1.54G      1.667      2.822      1.654      1.326          0          4        640: 33% ━━━╸──────── 55/169 7.6it/s 7.7s<15.0s
[K        2/3      1.54G      1.667      2.822      1.652      1.327          0          4        640: 33% ━━━╸──────── 56/169 8.0it/s 7.8s<14.1s
[K        2/3      1.54G       1.66      2.803      1.646      1.326          0          4        640: 34% ━━━━──────── 57/169 8.4it/s 7.9s<13.3s
[K        2/3      1.54G      1.655      2.798      1.645      1.324          0          4        640: 34% ━━━━──────── 58/169 7.9it/s 8.1s<14.0s
[K        2/3      1.54G      1.652      2.793      1.641      1.321          0          4        640: 35% ━━━━──────── 59/169 8.3it/s 8.2s<13.3s
[K        2/3      1.54G      1.649      2.777      1.647      1.319          0          4        640: 36% ━━━━──────── 60/169 8.3it/s 8.3s<13.2s
[K        2/3      1.54G      1.643      2.757      1.646      1.319          0          4        640: 36% ━━━━──────── 61/169 8.5it/s 8.4s<12.7s
[K        2/3      1.54G      1.641       2.75      1.641      1.316          0          4        640: 37% ━━━━──────── 62/169 7.4it/s 8.6s<14.5s
[K        2/3      1.54G      1.645       2.74      1.649      1.323          0          4        640: 37% ━━━━──────── 63/169 7.9it/s 8.7s<13.5s
[K        2/3      1.54G      1.642      2.738      1.647      1.322          0          4        640: 38% ━━━━╸─────── 64/169 7.7it/s 8.9s<13.7s
[K        2/3      1.54G      1.645      2.735      1.647      1.319          0          4        640: 39% ━━━━╸─────── 66/169 8.3it/s 9.1s<12.4s
[K        2/3      1.54G      1.642      2.724      1.644      1.318          0          4        640: 40% ━━━━╸─────── 67/169 8.7it/s 9.2s<11.7s
[K        2/3      1.54G      1.647      2.731      1.644      1.318          0          4        640: 41% ━━━━╸─────── 69/169 8.7it/s 9.4s<11.5s
[K        2/3      1.54G      1.647      2.725      1.647      1.319          0          4        640: 41% ━━━━╸─────── 70/169 7.6it/s 9.6s<12.9s
[K        2/3      1.54G      1.644      2.721      1.644      1.319          0          4        640: 42% ━━━━━─────── 71/169 7.0it/s 9.8s<14.0s
[K        2/3      1.54G      1.642      2.714      1.641      1.317          0          4        640: 43% ━━━━━─────── 72/169 7.7it/s 9.9s<12.7s
[K        2/3      1.54G       1.64      2.712      1.643       1.32          0          4        640: 43% ━━━━━─────── 73/169 7.3it/s 10.1s<13.2s
[K        2/3      1.54G      1.635      2.706       1.64      1.318          0          4        640: 44% ━━━━━─────── 74/169 7.9it/s 10.2s<12.0s
[K        2/3      1.54G      1.627      2.692      1.636      1.315          0          4        640: 45% ━━━━━─────── 76/169 7.9it/s 10.4s<11.8s
[K        2/3      1.54G      1.623      2.691      1.634      1.313          0          4        640: 46% ━━━━━─────── 77/169 8.5it/s 10.5s<10.9s
[K        2/3      1.54G      1.623      2.693      1.632      1.312          0          4        640: 46% ━━━━━╸────── 78/169 7.1it/s 10.8s<12.8s
[K        2/3      1.54G      1.622      2.692      1.631      1.313          0          4        640: 47% ━━━━━╸────── 79/169 7.2it/s 10.9s<12.5s
[K        2/3      1.54G      1.623      2.696      1.631      1.311          0          4        640: 47% ━━━━━╸────── 80/169 6.5it/s 11.1s<13.7s
[K        2/3      1.54G      1.619      2.692      1.628       1.31          0          4        640: 49% ━━━━━╸────── 82/169 6.9it/s 11.4s<12.6s
[K        2/3      1.54G      1.616      2.693      1.627       1.31          0          4        640: 49% ━━━━━╸────── 83/169 7.2it/s 11.5s<12.0s
[K        2/3      1.54G      1.617      2.693      1.629       1.31          0          4        640: 50% ━━━━━╸────── 84/169 6.7it/s 11.7s<12.6s
[K        2/3      1.54G      1.616      2.694      1.629       1.31          0          4        640: 50% ━━━━━━────── 85/169 7.5it/s 11.8s<11.2s
[K        2/3      1.54G      1.616       2.69      1.629      1.312          0          4        640: 51% ━━━━━━────── 86/169 7.2it/s 11.9s<11.5s
[K        2/3      1.54G      1.615      2.688      1.627      1.313          0          4        640: 51% ━━━━━━────── 87/169 6.6it/s 12.1s<12.4s
[K        2/3      1.54G      1.614      2.689      1.627      1.311          0          4        640: 52% ━━━━━━────── 88/169 7.3it/s 12.2s<11.1s
[K        2/3      1.54G      1.613      2.692      1.627      1.309          0          4        640: 53% ━━━━━━────── 89/169 6.9it/s 12.4s<11.5s
[K        2/3      1.54G      1.615      2.694      1.626      1.306          0          4        640: 54% ━━━━━━────── 91/169 7.9it/s 12.6s<9.9s
[K        2/3      1.54G       1.61      2.685      1.622      1.304          0          4        640: 54% ━━━━━━╸───── 92/169 7.2it/s 12.8s<10.7s
[K        2/3      1.54G      1.613       2.68      1.626      1.303          0          4        640: 55% ━━━━━━╸───── 93/169 7.9it/s 12.9s<9.7s
[K        2/3      1.54G      1.612      2.679      1.626      1.303          0          4        640: 56% ━━━━━━╸───── 94/169 7.1it/s 13.1s<10.6s
[K        2/3      1.54G      1.614       2.68      1.634      1.306          0          4        640: 56% ━━━━━━╸───── 95/169 6.5it/s 13.3s<11.3s
[K        2/3      1.54G      1.613      2.676      1.631      1.306          0          4        640: 57% ━━━━━━╸───── 96/169 6.4it/s 13.4s<11.4s
[K        2/3      1.54G      1.608      2.671      1.628      1.304          0          4        640: 57% ━━━━━━╸───── 97/169 7.2it/s 13.5s<10.0s
[K        2/3      1.54G      1.606      2.669      1.629      1.303          0          4        640: 58% ━━━━━━╸───── 98/169 7.5it/s 13.7s<9.5s
[K        2/3      1.54G      1.604      2.662      1.631      1.304          0          4        640: 59% ━━━━━━━───── 99/169 8.2it/s 13.8s<8.5s
[K        2/3      1.54G        1.6      2.657      1.628      1.303          0          4        640: 59% ━━━━━━━───── 100/169 8.3it/s 13.9s<8.3s
[K        2/3      1.54G      1.599      2.653      1.625      1.302          0          4        640: 60% ━━━━━━━───── 101/169 8.3it/s 14.0s<8.2s
[K        2/3      1.54G      1.599      2.657      1.627      1.302          0          4        640: 60% ━━━━━━━───── 102/169 7.4it/s 14.2s<9.1s
[K        2/3      1.54G      1.598      2.654      1.625      1.302          0          4        640: 61% ━━━━━━━───── 103/169 7.2it/s 14.3s<9.1s
[K        2/3      1.54G      1.596      2.646      1.621        1.3          0          4        640: 62% ━━━━━━━───── 105/169 7.0it/s 14.6s<9.1s
[K        2/3      1.54G      1.596      2.638      1.619      1.298          0          4        640: 63% ━━━━━━━╸──── 107/169 8.2it/s 14.8s<7.5s
[K        2/3      1.54G      1.596      2.636      1.623      1.298          0          4        640: 64% ━━━━━━━╸──── 109/169 9.0it/s 15.0s<6.7s
[K        2/3      1.54G      1.595      2.635      1.621      1.298          0          4        640: 65% ━━━━━━━╸──── 110/169 8.8it/s 15.1s<6.7s
[K        2/3      1.54G      1.594      2.629      1.619      1.297          0          4        640: 66% ━━━━━━━╸──── 111/169 8.4it/s 15.3s<6.9s
[K        2/3      1.54G      1.595      2.627      1.619      1.297          0          4        640: 67% ━━━━━━━━──── 113/169 8.8it/s 15.5s<6.3s
[K        2/3      1.54G      1.593      2.623      1.617      1.296          0          4        640: 67% ━━━━━━━━──── 114/169 8.2it/s 15.6s<6.7s
[K        2/3      1.54G      1.596      2.628      1.615      1.294          0          4        640: 69% ━━━━━━━━──── 116/169 9.0it/s 15.8s<5.9s
[K        2/3      1.54G      1.597      2.625      1.612      1.293          0          4        640: 69% ━━━━━━━━──── 117/169 9.0it/s 15.9s<5.8s
[K        2/3      1.54G      1.596      2.617      1.611      1.293          0          4        640: 70% ━━━━━━━━──── 118/169 9.2it/s 16.0s<5.5s
[K        2/3      1.54G      1.592      2.616      1.609      1.291          0          4        640: 70% ━━━━━━━━──── 119/169 9.1it/s 16.1s<5.5s
[K        2/3      1.54G      1.589      2.606      1.608      1.291          0          4        640: 72% ━━━━━━━━╸─── 121/169 9.4it/s 16.3s<5.1s
[K        2/3      1.54G      1.589      2.605      1.606      1.289          0          4        640: 72% ━━━━━━━━╸─── 122/169 9.3it/s 16.4s<5.1s
[K        2/3      1.54G      1.592       2.61      1.609      1.289          0          4        640: 73% ━━━━━━━━╸─── 123/169 9.1it/s 16.6s<5.1s
[K        2/3      1.54G      1.594      2.608      1.609      1.288          0          4        640: 73% ━━━━━━━━╸─── 124/169 8.0it/s 16.7s<5.6s
[K        2/3      1.54G      1.586      2.594      1.602      1.285          0          4        640: 75% ━━━━━━━━╸─── 126/169 8.0it/s 17.0s<5.4s
[K        2/3      1.54G      1.588      2.597      1.603      1.284          0          4        640: 75% ━━━━━━━━━─── 127/169 8.5it/s 17.1s<5.0s
[K        2/3      1.54G      1.588      2.597      1.603      1.285          0          4        640: 76% ━━━━━━━━━─── 128/169 7.7it/s 17.3s<5.4s
[K        2/3      1.54G      1.584      2.587      1.599      1.282          0          4        640: 77% ━━━━━━━━━─── 130/169 8.6it/s 17.5s<4.5s
[K        2/3      1.54G      1.585       2.59        1.6      1.282          0          4        640: 78% ━━━━━━━━━─── 131/169 8.7it/s 17.6s<4.4s
[K        2/3      1.54G      1.587       2.59        1.6      1.281          0          4        640: 78% ━━━━━━━━━─── 132/169 8.8it/s 17.7s<4.2s
[K        2/3      1.54G      1.587      2.588      1.599       1.28          0          4        640: 79% ━━━━━━━━━─── 133/169 8.2it/s 17.8s<4.4s
[K        2/3      1.54G      1.586      2.584      1.597      1.279          0          4        640: 79% ━━━━━━━━━╸── 134/169 7.3it/s 18.0s<4.8s
[K        2/3      1.54G      1.585      2.583      1.597      1.278          0          4        640: 80% ━━━━━━━━━╸── 135/169 7.9it/s 18.1s<4.3s
[K        2/3      1.54G      1.586      2.587        1.6      1.279          0          4        640: 80% ━━━━━━━━━╸── 136/169 6.6it/s 18.4s<5.0s
[K        2/3      1.54G      1.584      2.586      1.598      1.278          0          4        640: 81% ━━━━━━━━━╸── 137/169 7.3it/s 18.5s<4.4s
[K        2/3      1.54G      1.582      2.584      1.596      1.277          0          4        640: 82% ━━━━━━━━━╸── 138/169 7.9it/s 18.6s<3.9s
[K        2/3      1.54G      1.581       2.58      1.595      1.276          0          4        640: 82% ━━━━━━━━━╸── 139/169 8.4it/s 18.7s<3.6s
[K        2/3      1.54G      1.578      2.576      1.592      1.275          0          4        640: 83% ━━━━━━━━━╸── 140/169 7.7it/s 18.9s<3.8s
[K        2/3      1.54G      1.576      2.573       1.59      1.274          0          4        640: 83% ━━━━━━━━━━── 141/169 7.2it/s 19.1s<3.9s
[K        2/3      1.54G      1.577      2.574       1.59      1.273          0          4        640: 84% ━━━━━━━━━━── 142/169 7.1it/s 19.2s<3.8s
[K        2/3      1.54G      1.576      2.572      1.589      1.272          0          4        640: 85% ━━━━━━━━━━── 143/169 7.4it/s 19.3s<3.5s
[K        2/3      1.54G      1.578      2.575      1.592      1.273          0          4        640: 85% ━━━━━━━━━━── 144/169 6.0it/s 19.7s<4.1s
[K        2/3      1.54G      1.577      2.574      1.591      1.272          0          4        640: 86% ━━━━━━━━━━── 145/169 7.0it/s 19.8s<3.5s
[K        2/3      1.54G      1.577      2.569      1.589      1.272          0          4        640: 86% ━━━━━━━━━━── 146/169 6.6it/s 20.0s<3.5s
[K        2/3      1.54G      1.576      2.567      1.587      1.271          0          4        640: 87% ━━━━━━━━━━── 147/169 7.6it/s 20.1s<2.9s
[K        2/3      1.54G      1.578       2.57      1.591      1.271          0          4        640: 88% ━━━━━━━━━━╸─ 148/169 7.8it/s 20.2s<2.7s
[K        2/3      1.54G      1.576      2.564      1.589       1.27          0          4        640: 88% ━━━━━━━━━━╸─ 149/169 8.4it/s 20.3s<2.4s
[K        2/3      1.54G      1.575      2.567      1.588       1.27          0          4        640: 89% ━━━━━━━━━━╸─ 150/169 8.5it/s 20.4s<2.2s
[K        2/3      1.54G      1.575      2.567      1.586      1.269          0          4        640: 89% ━━━━━━━━━━╸─ 151/169 8.6it/s 20.5s<2.1s
[K        2/3      1.54G      1.575      2.567      1.587      1.268          0          4        640: 90% ━━━━━━━━━━╸─ 152/169 7.6it/s 20.7s<2.2s
[K        2/3      1.54G      1.575      2.571      1.587      1.269          0          4        640: 91% ━━━━━━━━━━╸─ 153/169 6.4it/s 21.0s<2.5s
[K        2/3      1.54G      1.577      2.572      1.591      1.269          0          4        640: 92% ━━━━━━━━━━━─ 155/169 6.2it/s 21.3s<2.3s
[K        2/3      1.54G      1.573      2.569      1.587      1.267          0          4        640: 93% ━━━━━━━━━━━─ 157/169 7.4it/s 21.5s<1.6s
[K        2/3      1.54G      1.572      2.567      1.586      1.267          0          4        640: 93% ━━━━━━━━━━━─ 158/169 7.7it/s 21.7s<1.4s
[K        2/3      1.54G      1.572      2.566      1.585      1.268          0          4        640: 94% ━━━━━━━━━━━─ 159/169 7.9it/s 21.8s<1.3s
[K        2/3      1.54G      1.573       2.57      1.588      1.269          0          4        640: 95% ━━━━━━━━━━━─ 160/169 7.8it/s 21.9s<1.2s
[K        2/3      1.54G      1.574      2.571      1.588      1.269          0          4        640: 95% ━━━━━━━━━━━─ 161/169 8.0it/s 22.0s<1.0s
[K        2/3      1.54G      1.574      2.569      1.591      1.272          0          4        640: 96% ━━━━━━━━━━━╸ 162/169 8.4it/s 22.1s<0.8s
[K        2/3      1.54G      1.573      2.568       1.59      1.272          0          4        640: 96% ━━━━━━━━━━━╸ 163/169 8.7it/s 22.2s<0.7s
[K        2/3      1.54G      1.574      2.577      1.595      1.273          0          4        640: 98% ━━━━━━━━━━━╸ 165/169 9.5it/s 22.4s<0.4s
[K        2/3      1.54G      1.572      2.568      1.593      1.271          0          4        640: 98% ━━━━━━━━━━━╸ 166/169 8.2it/s 22.6s<0.4s
[K        2/3      1.54G       1.57      2.569      1.593      1.271          0          4        640: 99% ━━━━━━━━━━━╸ 167/169 8.0it/s 22.7s<0.2s
[K        2/3      1.54G       1.57      2.569      1.594      1.271          0          4        640: 99% ━━━━━━━━━━━╸ 168/169 6.5it/s 23.1s<0.2s
[K        2/3      1.54G       1.57      2.569      1.594      1.271          0          4        640: 100% ━━━━━━━━━━━━ 169/169 7.3it/s 23.1s

[K                 Class     Images  Instances      Box(P          R      mAP50  mAP50-95)     Mask(P          R      mAP50  mAP50-95): 4% ──────────── 1/25 2.8it/s 0.1s<8.5s
[K                 Class     Images  Instances      Box(P          R      mAP50  mAP50-95)     Mask(P          R      mAP50  mAP50-95): 12% ━─────────── 3/25 5.1it/s 0.3s<4.4s
[K                 Class     Images  Instances      Box(P          R      mAP50  mAP50-95)     Mask(P          R      mAP50  mAP50-95): 20% ━━────────── 5/25 7.0it/s 0.5s<2.9s
[K                 Class     Images  Instances      Box(P          R      mAP50  mAP50-95)     Mask(P          R      mAP50  mAP50-95): 28% ━━━───────── 7/25 8.3it/s 0.7s<2.2s
[K                 Class     Images  Instances      Box(P          R      mAP50  mAP50-95)     Mask(P          R      mAP50  mAP50-95): 32% ━━━╸──────── 8/25 8.5it/s 0.8s<2.0s
[K                 Class     Images  Instances      Box(P          R      mAP50  mAP50-95)     Mask(P          R      mAP50  mAP50-95): 40% ━━━━╸─────── 10/25 9.7it/s 0.9s<1.5s
[K                 Class     Images  Instances      Box(P          R      mAP50  mAP50-95)     Mask(P          R      mAP50  mAP50-95): 44% ━━━━━─────── 11/25 9.0it/s 1.1s<1.6s
[K                 Class     Images  Instances      Box(P          R      mAP50  mAP50-95)     Mask(P          R      mAP50  mAP50-95): 52% ━━━━━━────── 13/25 10.7it/s 1.2s<1.1s
[K                 Class     Images  Instances      Box(P          R      mAP50  mAP50-95)     Mask(P          R      mAP50  mAP50-95): 60% ━━━━━━━───── 15/25 11.0it/s 1.4s<0.9s
[K                 Class     Images  Instances      Box(P          R      mAP50  mAP50-95)     Mask(P          R      mAP50  mAP50-95): 68% ━━━━━━━━──── 17/25 11.4it/s 1.5s<0.7s
[K                 Class     Images  Instances      Box(P          R      mAP50  mAP50-95)     Mask(P          R      mAP50  mAP50-95): 76% ━━━━━━━━━─── 19/25 11.5it/s 1.7s<0.5s
[K                 Class     Images  Instances      Box(P          R      mAP50  mAP50-95)     Mask(P          R      mAP50  mAP50-95): 84% ━━━━━━━━━━── 21/25 11.8it/s 1.9s<0.3s
[K                 Class     Images  Instances      Box(P          R      mAP50  mAP50-95)     Mask(P          R      mAP50  mAP50-95): 92% ━━━━━━━━━━━─ 23/25 10.2it/s 2.2s<0.2s
[K                 Class     Images  Instances      Box(P          R      mAP50  mAP50-95)     Mask(P          R      mAP50  mAP50-95): 96% ━━━━━━━━━━━╸ 24/25 8.2it/s 2.5s<0.1s
[K                 Class     Images  Instances      Box(P          R      mAP50  mAP50-95)     Mask(P          R      mAP50  mAP50-95): 100% ━━━━━━━━━━━━ 25/25 9.9it/s 2.5s
                   all        193       1049      0.647       0.41      0.458      0.292      0.648       0.41       0.45      0.292

      Epoch    GPU_mem   box_loss   seg_loss   cls_loss   dfl_loss   sem_loss  Instances       Size

[K        3/3      1.54G        1.3      2.027      1.416      1.217          0          4        640: 0% ──────────── 0/169  0.1s
[K        3/3      1.54G      1.652      2.388      1.805      1.242          0          4        640: 1% ──────────── 1/169 2.9it/s 0.2s<57.4s
[K        3/3      1.54G      1.604      2.556      1.659      1.256          0          4        640: 1% ──────────── 2/169 4.8it/s 0.3s<35.0s
[K        3/3      1.54G      1.571      2.723      1.652      1.322          0          4        640: 2% ──────────── 4/169 6.3it/s 0.5s<26.1s
[K        3/3      1.54G      1.633       2.77      1.688      1.283          0          4        640: 4% ──────────── 6/169 7.4it/s 0.7s<21.9s
[K        3/3      1.54G      1.637      2.766      1.698      1.281          0          4        640: 4% ──────────── 7/169 8.0it/s 0.8s<20.2s
[K        3/3      1.54G      1.613      2.752      1.665      1.277          0          4        640: 5% ╸─────────── 8/169 7.0it/s 1.0s<22.8s
[K        3/3      1.54G      1.578      2.643      1.616      1.252          0          4        640: 5% ╸─────────── 9/169 7.2it/s 1.2s<22.1s
[K        3/3      1.54G      1.606       2.66      1.631      1.267          0          4        640: 6% ╸─────────── 10/169 7.5it/s 1.3s<21.1s
[K        3/3      1.54G      1.601      2.671      1.607      1.264          0          4        640: 7% ╸─────────── 11/169 6.9it/s 1.5s<23.0s
[K        3/3      1.54G      1.588      2.653      1.592      1.268          0          4        640: 7% ╸─────────── 12/169 7.3it/s 1.6s<21.6s
[K        3/3      1.54G      1.568      2.646      1.567      1.257          0          4        640: 8% ╸─────────── 13/169 7.5it/s 1.7s<20.8s
[K        3/3      1.54G       1.58       2.68      1.598      1.304          0          4        640: 8% ╸─────────── 14/169 7.4it/s 1.9s<20.8s
[K        3/3      1.54G      1.591      2.726      1.633      1.326          0          4        640: 9% ━─────────── 15/169 8.1it/s 2.0s<19.0s
[K        3/3      1.54G      1.591      2.722       1.63       1.32          0          4        640: 9% ━─────────── 16/169 7.4it/s 2.2s<20.7s
[K        3/3      1.54G      1.585      2.711      1.618      1.314          0          4        640: 10% ━─────────── 17/169 8.0it/s 2.3s<19.1s
[K        3/3      1.54G      1.581      2.686      1.612      1.313          0          4        640: 11% ━─────────── 18/169 8.3it/s 2.4s<18.1s
[K        3/3      1.54G      1.577      2.678      1.615      1.305          0          4        640: 11% ━─────────── 19/169 8.5it/s 2.5s<17.7s
[K        3/3      1.54G      1.573      2.661      1.611      1.303          0          4        640: 12% ━─────────── 20/169 7.5it/s 2.7s<19.8s
[K        3/3      1.54G      1.562      2.661      1.604      1.293          0          4        640: 12% ━─────────── 21/169 7.5it/s 2.8s<19.7s
[K        3/3      1.54G      1.553      2.623      1.586      1.288          0          4        640: 14% ━╸────────── 23/169 7.9it/s 3.0s<18.4s
[K        3/3      1.54G      1.549      2.618      1.588      1.289          0          4        640: 14% ━╸────────── 24/169 8.5it/s 3.1s<17.1s
[K        3/3      1.54G       1.55      2.618      1.583       1.29          0          4        640: 15% ━╸────────── 25/169 8.8it/s 3.2s<16.4s
[K        3/3      1.54G      1.558      2.615        1.6      1.308          0          4        640: 15% ━╸────────── 26/169 8.8it/s 3.3s<16.3s
[K        3/3      1.54G      1.545      2.588      1.597      1.303          0          4        640: 16% ━╸────────── 27/169 8.9it/s 3.5s<16.0s
[K        3/3      1.54G      1.549      2.577      1.596      1.299          0          4        640: 17% ━╸────────── 28/169 9.1it/s 3.6s<15.5s
[K        3/3      1.54G      1.544      2.553      1.595      1.307          0          4        640: 17% ━━────────── 29/169 7.6it/s 3.8s<18.4s
[K        3/3      1.54G      1.541      2.566       1.58        1.3          0          4        640: 18% ━━────────── 30/169 8.3it/s 3.9s<16.8s
[K        3/3      1.54G      1.522      2.533      1.561      1.288          0          4        640: 18% ━━────────── 31/169 8.4it/s 4.0s<16.5s
[K        3/3      1.54G      1.527       2.54       1.56      1.288          0          4        640: 19% ━━────────── 32/169 7.0it/s 4.3s<19.6s
[K        3/3      1.54G      1.517      2.523       1.55      1.283          0          4        640: 20% ━━────────── 33/169 6.7it/s 4.5s<20.3s
[K        3/3      1.54G      1.522      2.527      1.556      1.288          0          4        640: 20% ━━────────── 34/169 6.9it/s 4.6s<19.5s
[K        3/3      1.54G      1.531       2.55      1.564      1.285          0          4        640: 21% ━━────────── 35/169 6.7it/s 4.8s<20.1s
[K        3/3      1.54G       1.54      2.556      1.562      1.281          0          4        640: 22% ━━╸───────── 37/169 7.9it/s 4.9s<16.8s
[K        3/3      1.54G       1.53       2.56       1.55      1.272          0          4        640: 23% ━━╸───────── 39/169 8.4it/s 5.2s<15.6s
[K        3/3      1.54G      1.525      2.556      1.542      1.268          0          4        640: 24% ━━╸───────── 40/169 8.5it/s 5.3s<15.2s
[K        3/3      1.54G      1.521      2.551      1.533      1.276          0          4        640: 25% ━━╸───────── 42/169 9.1it/s 5.5s<14.0s
[K        3/3      1.54G      1.515       2.53      1.526      1.274          0          4        640: 25% ━━━───────── 43/169 8.6it/s 5.6s<14.7s
[K        3/3      1.54G      1.516      2.531       1.53      1.282          0          4        640: 26% ━━━───────── 44/169 7.3it/s 5.8s<17.0s
[K        3/3      1.54G      1.506       2.53      1.524      1.277          0          4        640: 27% ━━━───────── 45/169 6.8it/s 6.0s<18.3s
[K        3/3      1.54G      1.502      2.532      1.522      1.276          0          4        640: 27% ━━━───────── 46/169 6.6it/s 6.2s<18.6s
[K        3/3      1.54G      1.499      2.527      1.516      1.272          0          4        640: 28% ━━━───────── 48/169 7.0it/s 6.4s<17.3s
[K        3/3      1.54G      1.491      2.522      1.506      1.272          0          4        640: 30% ━━━╸──────── 50/169 7.6it/s 6.6s<15.7s
[K        3/3      1.54G      1.493      2.526      1.508      1.271          0          4        640: 30% ━━━╸──────── 51/169 7.1it/s 6.8s<16.7s
[K        3/3      1.54G      1.498      2.527       1.51      1.277          0          4        640: 31% ━━━╸──────── 52/169 7.9it/s 6.9s<14.8s
[K        3/3      1.54G      1.493      2.513      1.507      1.272          0          4        640: 31% ━━━╸──────── 53/169 7.5it/s 7.1s<15.5s
[K        3/3      1.54G      1.489       2.51      1.504      1.273          0          4        640: 32% ━━━╸──────── 54/169 7.0it/s 7.2s<16.3s
[K        3/3      1.54G      1.487      2.503        1.5      1.271          0          4        640: 33% ━━━╸──────── 55/169 7.6it/s 7.3s<15.0s
[K        3/3      1.54G      1.485      2.507      1.503      1.269          0          4        640: 33% ━━━╸──────── 56/169 7.2it/s 7.5s<15.7s
[K        3/3      1.54G      1.484      2.496      1.502      1.268          0          4        640: 34% ━━━━──────── 57/169 6.5it/s 7.7s<17.3s
[K        3/3      1.54G      1.486      2.498      1.506      1.268          0          4        640: 34% ━━━━──────── 58/169 6.5it/s 7.9s<17.2s
[K        3/3      1.54G      1.485      2.495      1.504      1.266          0          4        640: 35% ━━━━──────── 59/169 7.1it/s 8.0s<15.5s
[K        3/3      1.54G      1.481       2.49      1.498      1.265          0          4        640: 36% ━━━━──────── 60/169 7.2it/s 8.1s<15.1s
[K        3/3      1.54G      1.479      2.479      1.497      1.262          0          4        640: 36% ━━━━──────── 61/169 6.9it/s 8.3s<15.7s
[K        3/3      1.54G      1.479      2.479      1.495       1.26          0          4        640: 37% ━━━━──────── 62/169 7.4it/s 8.4s<14.5s
[K        3/3      1.54G      1.477      2.474      1.491      1.258          0          4        640: 37% ━━━━──────── 63/169 7.4it/s 8.5s<14.4s
[K        3/3      1.54G      1.473      2.467      1.487      1.255          0          4        640: 38% ━━━━╸─────── 64/169 8.0it/s 8.6s<13.1s
[K        3/3      1.54G       1.47       2.47      1.479      1.253          0          4        640: 39% ━━━━╸─────── 66/169 8.7it/s 8.8s<11.8s
[K        3/3      1.54G      1.466       2.46      1.473       1.25          0          4        640: 40% ━━━━╸─────── 67/169 8.1it/s 9.0s<12.5s
[K        3/3      1.54G      1.463      2.458       1.47      1.247          0          4        640: 40% ━━━━╸─────── 68/169 7.9it/s 9.1s<12.7s
[K        3/3      1.54G      1.457       2.46      1.467      1.245          0          4        640: 41% ━━━━╸─────── 69/169 8.6it/s 9.2s<11.7s
[K        3/3      1.54G      1.457      2.453      1.465      1.244          0          4        640: 41% ━━━━╸─────── 70/169 7.8it/s 9.4s<12.7s
[K        3/3      1.54G      1.457       2.46      1.466      1.243          0          4        640: 42% ━━━━━─────── 71/169 7.6it/s 9.5s<12.8s
[K        3/3      1.54G      1.454      2.454      1.462       1.24          0          4        640: 43% ━━━━━─────── 72/169 8.2it/s 9.6s<11.8s
[K        3/3      1.54G      1.454      2.459      1.468       1.24          0          4        640: 43% ━━━━━─────── 73/169 8.7it/s 9.7s<11.0s
[K        3/3      1.54G      1.452      2.454      1.466      1.237          0          4        640: 44% ━━━━━─────── 74/169 8.1it/s 9.9s<11.8s
[K        3/3      1.54G      1.451      2.454      1.466      1.237          0          4        640: 44% ━━━━━─────── 75/169 7.3it/s 10.1s<12.8s
[K        3/3      1.54G      1.446      2.446      1.459      1.234          0          4        640: 45% ━━━━━─────── 76/169 7.2it/s 10.2s<13.0s
[K        3/3      1.54G      1.445      2.443      1.459      1.232          0          4        640: 46% ━━━━━─────── 77/169 7.9it/s 10.3s<11.7s
[K        3/3      1.54G      1.446      2.444       1.46      1.236          0          4        640: 46% ━━━━━╸────── 78/169 7.9it/s 10.4s<11.5s
[K        3/3      1.54G      1.446      2.443      1.458      1.235          0          4        640: 47% ━━━━━╸────── 80/169 8.5it/s 10.6s<10.5s
[K        3/3      1.54G      1.444       2.44      1.457      1.234          0          4        640: 48% ━━━━━╸────── 81/169 8.4it/s 10.8s<10.5s
[K        3/3      1.54G      1.445      2.445      1.455      1.234          0          4        640: 49% ━━━━━╸────── 82/169 8.2it/s 10.9s<10.6s
[K        3/3      1.54G      1.442      2.439       1.45      1.232          0          4        640: 49% ━━━━━╸────── 83/169 7.2it/s 11.1s<12.0s
[K        3/3      1.54G      1.436      2.424      1.445      1.229          0          4        640: 50% ━━━━━━────── 85/169 8.1it/s 11.3s<10.3s
[K        3/3      1.54G      1.434      2.415      1.441      1.226          0          4        640: 51% ━━━━━━────── 87/169 7.7it/s 11.6s<10.7s
[K        3/3      1.54G      1.432      2.409      1.438      1.224          0          4        640: 52% ━━━━━━────── 88/169 7.2it/s 11.8s<11.2s
[K        3/3      1.54G      1.432       2.41      1.437      1.223          0          4        640: 53% ━━━━━━────── 89/169 7.8it/s 11.9s<10.3s
[K        3/3      1.54G      1.434      2.417      1.444      1.227          0          4        640: 53% ━━━━━━────── 90/169 7.8it/s 12.0s<10.1s
[K        3/3      1.54G       1.43      2.407      1.439      1.225          0          4        640: 54% ━━━━━━────── 91/169 6.9it/s 12.2s<11.4s
[K        3/3      1.54G      1.428      2.407      1.443      1.225          0          4        640: 54% ━━━━━━╸───── 92/169 7.5it/s 12.3s<10.3s
[K        3/3      1.54G      1.428      2.408      1.442      1.225          0          4        640: 55% ━━━━━━╸───── 93/169 7.6it/s 12.5s<10.0s
[K        3/3      1.54G      1.432      2.412      1.442      1.225          0          4        640: 56% ━━━━━━╸───── 94/169 6.7it/s 12.7s<11.1s
[K        3/3      1.54G      1.433      2.412      1.442      1.224          0          4        640: 56% ━━━━━━╸───── 95/169 7.2it/s 12.8s<10.3s
[K        3/3      1.54G      1.435      2.413      1.447      1.227          0          4        640: 57% ━━━━━━╸───── 96/169 7.9it/s 12.9s<9.2s
[K        3/3      1.54G      1.434      2.414      1.444      1.225          0          4        640: 57% ━━━━━━╸───── 97/169 7.1it/s 13.1s<10.2s
[K        3/3      1.54G      1.433       2.41       1.44      1.222          0          4        640: 59% ━━━━━━━───── 99/169 8.1it/s 13.3s<8.6s
[K        3/3      1.54G      1.433      2.412       1.44      1.221          0          4        640: 59% ━━━━━━━───── 100/169 7.5it/s 13.4s<9.2s
[K        3/3      1.54G      1.432      2.408       1.44       1.22          0          4        640: 60% ━━━━━━━───── 101/169 8.0it/s 13.6s<8.5s
[K        3/3      1.54G      1.435      2.406      1.443      1.221          0          4        640: 60% ━━━━━━━───── 102/169 8.5it/s 13.7s<7.9s
[K        3/3      1.54G      1.436      2.406      1.443       1.22          0          4        640: 61% ━━━━━━━───── 103/169 8.6it/s 13.8s<7.7s
[K        3/3      1.54G      1.436       2.41      1.442      1.219          0          4        640: 62% ━━━━━━━───── 104/169 7.6it/s 14.0s<8.6s
[K        3/3      1.54G      1.434      2.403      1.439      1.218          0          4        640: 62% ━━━━━━━───── 105/169 6.7it/s 14.2s<9.5s
[K        3/3      1.54G      1.434      2.408      1.438      1.216          0          4        640: 63% ━━━━━━━╸──── 107/169 6.9it/s 14.4s<8.9s
[K        3/3      1.54G      1.434      2.407      1.435      1.214          0          4        640: 64% ━━━━━━━╸──── 109/169 8.0it/s 14.6s<7.5s
[K        3/3      1.54G      1.434      2.408      1.435      1.215          0          4        640: 65% ━━━━━━━╸──── 110/169 8.1it/s 14.8s<7.3s
[K        3/3      1.54G      1.432      2.401      1.434      1.214          0          4        640: 66% ━━━━━━━╸──── 111/169 7.5it/s 14.9s<7.7s
[K        3/3      1.54G      1.435      2.406      1.438      1.217          0          4        640: 66% ━━━━━━━╸──── 112/169 8.1it/s 15.0s<7.0s
[K        3/3      1.54G      1.434      2.407       1.44      1.217          0          4        640: 67% ━━━━━━━━──── 113/169 7.9it/s 15.2s<7.1s
[K        3/3      1.54G      1.433      2.406      1.439      1.217          0          4        640: 67% ━━━━━━━━──── 114/169 8.0it/s 15.3s<6.9s
[K        3/3      1.54G      1.431      2.404      1.437      1.215          0          4        640: 68% ━━━━━━━━──── 115/169 8.2it/s 15.4s<6.6s
[K        3/3      1.54G       1.43      2.406      1.436      1.214          0          4        640: 69% ━━━━━━━━──── 116/169 8.4it/s 15.5s<6.3s
[K        3/3      1.54G      1.429      2.402      1.435      1.214          0          4        640: 69% ━━━━━━━━──── 117/169 8.2it/s 15.6s<6.3s
[K        3/3      1.54G      1.427      2.397      1.435      1.214          0          4        640: 70% ━━━━━━━━──── 118/169 8.6it/s 15.7s<5.9s
[K        3/3      1.54G      1.428      2.398      1.437      1.213          0          4        640: 70% ━━━━━━━━──── 119/169 7.5it/s 15.9s<6.6s
[K        3/3      1.54G      1.428      2.398      1.443      1.213          0          4        640: 71% ━━━━━━━━╸─── 120/169 7.3it/s 16.1s<6.7s
[K        3/3      1.54G      1.425      2.394       1.44      1.212          0          4        640: 72% ━━━━━━━━╸─── 121/169 8.1it/s 16.2s<6.0s
[K        3/3      1.54G      1.424      2.392      1.438      1.212          0          4        640: 72% ━━━━━━━━╸─── 122/169 8.5it/s 16.3s<5.5s
[K        3/3      1.54G      1.425      2.397      1.438      1.212          0          4        640: 73% ━━━━━━━━╸─── 123/169 8.2it/s 16.4s<5.6s
[K        3/3      1.54G      1.423      2.395      1.439      1.211          0          4        640: 73% ━━━━━━━━╸─── 124/169 8.3it/s 16.5s<5.4s
[K        3/3      1.54G      1.423      2.395       1.44       1.21          0          4        640: 74% ━━━━━━━━╸─── 125/169 8.5it/s 16.7s<5.2s
[K        3/3      1.54G      1.423      2.393      1.441      1.212          0          4        640: 75% ━━━━━━━━╸─── 126/169 7.3it/s 16.9s<5.9s
[K        3/3      1.54G      1.422      2.388      1.441      1.211          0          4        640: 75% ━━━━━━━━━─── 127/169 7.6it/s 17.0s<5.5s
[K        3/3      1.54G       1.42      2.383      1.438       1.21          0          4        640: 76% ━━━━━━━━━─── 128/169 7.5it/s 17.1s<5.4s
[K        3/3      1.54G      1.419      2.383      1.438       1.21          0          4        640: 76% ━━━━━━━━━─── 129/169 7.8it/s 17.3s<5.1s
[K        3/3      1.54G       1.42      2.383      1.439       1.21          0          4        640: 77% ━━━━━━━━━─── 130/169 7.9it/s 17.4s<4.9s
[K        3/3      1.54G      1.419      2.381      1.439       1.21          0          4        640: 78% ━━━━━━━━━─── 131/169 8.5it/s 17.5s<4.5s
[K        3/3      1.54G      1.417       2.38      1.441      1.209          0          4        640: 78% ━━━━━━━━━─── 132/169 8.0it/s 17.6s<4.6s
[K        3/3      1.54G      1.416      2.379       1.44       1.21          0          4        640: 79% ━━━━━━━━━─── 133/169 6.8it/s 17.9s<5.3s
[K        3/3      1.54G      1.416       2.38       1.44       1.21          0          4        640: 79% ━━━━━━━━━╸── 134/169 7.5it/s 18.0s<4.7s
[K        3/3      1.54G      1.416      2.377      1.442       1.21          0          4        640: 80% ━━━━━━━━━╸── 135/169 6.7it/s 18.2s<5.1s
[K        3/3      1.54G      1.416      2.373      1.441       1.21          0          4        640: 80% ━━━━━━━━━╸── 136/169 7.6it/s 18.3s<4.3s
[K        3/3      1.54G      1.414      2.368      1.438      1.208          0          4        640: 81% ━━━━━━━━━╸── 137/169 7.0it/s 18.5s<4.6s
[K        3/3      1.54G      1.415      2.371      1.439       1.21          0          4        640: 82% ━━━━━━━━━╸── 138/169 7.8it/s 18.6s<4.0s
[K        3/3      1.54G      1.416      2.371      1.442      1.212          0          4        640: 82% ━━━━━━━━━╸── 139/169 8.4it/s 18.7s<3.6s
[K        3/3      1.54G      1.417       2.37      1.444      1.212          0          4        640: 83% ━━━━━━━━━━── 141/169 7.7it/s 19.0s<3.6s
[K        3/3      1.54G      1.416      2.367      1.443      1.211          0          4        640: 84% ━━━━━━━━━━── 142/169 8.0it/s 19.1s<3.4s
[K        3/3      1.54G      1.416      2.365      1.444      1.212          0          4        640: 85% ━━━━━━━━━━── 143/169 8.3it/s 19.2s<3.1s
[K        3/3      1.54G      1.415      2.362      1.443      1.211          0          4        640: 85% ━━━━━━━━━━── 144/169 8.6it/s 19.4s<2.9s
[K        3/3      1.54G      1.415      2.361      1.444      1.212          0          4        640: 86% ━━━━━━━━━━── 145/169 8.1it/s 19.5s<2.9s
[K        3/3      1.54G      1.415      2.358      1.442      1.213          0          4        640: 86% ━━━━━━━━━━── 146/169 8.6it/s 19.6s<2.7s
[K        3/3      1.54G      1.415       2.36      1.443      1.213          0          4        640: 87% ━━━━━━━━━━── 147/169 7.9it/s 19.8s<2.8s
[K        3/3      1.54G      1.415      2.357      1.443      1.213          0          4        640: 88% ━━━━━━━━━━╸─ 148/169 7.7it/s 19.9s<2.7s
[K        3/3      1.54G      1.413      2.356      1.443      1.213          0          4        640: 88% ━━━━━━━━━━╸─ 149/169 8.4it/s 20.0s<2.4s
[K        3/3      1.54G      1.411      2.351       1.44      1.212          0          4        640: 89% ━━━━━━━━━━╸─ 150/169 8.0it/s 20.1s<2.4s
[K        3/3      1.54G      1.412      2.351       1.44      1.213          0          4        640: 89% ━━━━━━━━━━╸─ 151/169 8.2it/s 20.3s<2.2s
[K        3/3      1.54G      1.413       2.35      1.445      1.214          0          4        640: 90% ━━━━━━━━━━╸─ 152/169 8.6it/s 20.4s<2.0s
[K        3/3      1.54G      1.413      2.352      1.445      1.214          0          4        640: 91% ━━━━━━━━━━╸─ 153/169 6.7it/s 20.8s<2.4s
[K        3/3      1.54G      1.411      2.353      1.444      1.214          0          4        640: 92% ━━━━━━━━━━━─ 155/169 7.3it/s 21.0s<1.9s
[K        3/3      1.54G      1.409      2.349      1.447      1.214          0          4        640: 92% ━━━━━━━━━━━─ 156/169 7.2it/s 21.2s<1.8s
[K        3/3      1.54G      1.408      2.349      1.447      1.215          0          4        640: 93% ━━━━━━━━━━━─ 157/169 5.8it/s 21.6s<2.1s
[K        3/3      1.54G      1.408      2.347      1.446      1.214          0          4        640: 93% ━━━━━━━━━━━─ 158/169 7.0it/s 21.7s<1.6s
[K        3/3      1.54G      1.406      2.344      1.445      1.213          0          4        640: 94% ━━━━━━━━━━━─ 159/169 7.7it/s 21.8s<1.3s
[K        3/3      1.54G      1.408      2.347      1.445      1.213          0          4        640: 95% ━━━━━━━━━━━─ 160/169 7.6it/s 21.9s<1.2s
[K        3/3      1.54G      1.408      2.346      1.443      1.213          0          4        640: 95% ━━━━━━━━━━━─ 161/169 6.3it/s 22.2s<1.3s
[K        3/3      1.54G      1.407      2.343      1.442      1.213          0          4        640: 96% ━━━━━━━━━━━╸ 162/169 7.0it/s 22.3s<1.0s
[K        3/3      1.54G      1.406       2.34      1.441      1.212          0          4        640: 96% ━━━━━━━━━━━╸ 163/169 7.8it/s 22.4s<0.8s
[K        3/3      1.54G      1.406       2.34       1.44      1.212          0          4        640: 97% ━━━━━━━━━━━╸ 164/169 8.1it/s 22.5s<0.6s
[K        3/3      1.54G      1.406      2.338       1.44      1.212          0          4        640: 98% ━━━━━━━━━━━╸ 165/169 7.7it/s 22.7s<0.5s
[K        3/3      1.54G      1.405      2.338      1.439      1.211          0          4        640: 98% ━━━━━━━━━━━╸ 166/169 6.6it/s 22.9s<0.5s
[K        3/3      1.54G      1.405      2.335       1.44      1.212          0          4        640: 99% ━━━━━━━━━━━╸ 167/169 7.2it/s 23.0s<0.3s
[K        3/3      1.54G      1.405      2.335      1.441      1.212          0          4        640: 99% ━━━━━━━━━━━╸ 168/169 7.6it/s 23.2s<0.1s
[K        3/3      1.54G      1.405      2.335      1.441      1.212          0          4        640: 100% ━━━━━━━━━━━━ 169/169 7.3it/s 23.2s

[K                 Class     Images  Instances      Box(P          R      mAP50  mAP50-95)     Mask(P          R      mAP50  mAP50-95): 8% ╸─────────── 2/25 3.9it/s 0.2s<5.9s
[K                 Class     Images  Instances      Box(P          R      mAP50  mAP50-95)     Mask(P          R      mAP50  mAP50-95): 16% ━╸────────── 4/25 6.4it/s 0.3s<3.3s
[K                 Class     Images  Instances      Box(P          R      mAP50  mAP50-95)     Mask(P          R      mAP50  mAP50-95): 20% ━━────────── 5/25 7.1it/s 0.4s<2.8s
[K                 Class     Images  Instances      Box(P          R      mAP50  mAP50-95)     Mask(P          R      mAP50  mAP50-95): 28% ━━━───────── 7/25 8.6it/s 0.6s<2.1s
[K                 Class     Images  Instances      Box(P          R      mAP50  mAP50-95)     Mask(P          R      mAP50  mAP50-95): 36% ━━━━──────── 9/25 9.6it/s 0.8s<1.7s
[K                 Class     Images  Instances      Box(P          R      mAP50  mAP50-95)     Mask(P          R      mAP50  mAP50-95): 44% ━━━━━─────── 11/25 11.4it/s 0.9s<1.2s
[K                 Class     Images  Instances      Box(P          R      mAP50  mAP50-95)     Mask(P          R      mAP50  mAP50-95): 52% ━━━━━━────── 13/25 12.3it/s 1.0s<1.0s
[K                 Class     Images  Instances      Box(P          R      mAP50  mAP50-95)     Mask(P          R      mAP50  mAP50-95): 60% ━━━━━━━───── 15/25 12.8it/s 1.2s<0.8s
[K                 Class     Images  Instances      Box(P          R      mAP50  mAP50-95)     Mask(P          R      mAP50  mAP50-95): 68% ━━━━━━━━──── 17/25 13.7it/s 1.3s<0.6s
[K                 Class     Images  Instances      Box(P          R      mAP50  mAP50-95)     Mask(P          R      mAP50  mAP50-95): 76% ━━━━━━━━━─── 19/25 14.0it/s 1.4s<0.4s
[K                 Class     Images  Instances      Box(P          R      mAP50  mAP50-95)     Mask(P          R      mAP50  mAP50-95): 84% ━━━━━━━━━━── 21/25 13.9it/s 1.6s<0.3s
[K                 Class     Images  Instances      Box(P          R      mAP50  mAP50-95)     Mask(P          R      mAP50  mAP50-95): 92% ━━━━━━━━━━━─ 23/25 11.1it/s 2.0s<0.2s
[K                 Class     Images  Instances      Box(P          R      mAP50  mAP50-95)     Mask(P          R      mAP50  mAP50-95): 96% ━━━━━━━━━━━╸ 24/25 8.8it/s 2.3s<0.1s
[K                 Class     Images  Instances      Box(P          R      mAP50  mAP50-95)     Mask(P          R      mAP50  mAP50-95): 100% ━━━━━━━━━━━━ 25/25 10.5it/s 2.4s
                   all        193       1049      0.843      0.524      0.621      0.433      0.831      0.534      0.622      0.424

3 epochs completed in 0.029 hours.
Optimizer stripped from /data/sxq/results/000_anyothers/F42_yolo11-seg-shallowheavy_3ep/weights/last.pt, 4.7MB
Optimizer stripped from /data/sxq/results/000_anyothers/F42_yolo11-seg-shallowheavy_3ep/weights/best.pt, 4.7MB

Validating /data/sxq/results/000_anyothers/F42_yolo11-seg-shallowheavy_3ep/weights/best.pt...
Ultralytics 8.4.60 🚀 Python-3.8.10 torch-1.13.1+cu117 CUDA:0 (NVIDIA GeForce RTX 3090, 24260MiB)
F42_YOLO11-seg-shallowheavy summary (fused): 118 layers, 2,219,763 parameters, 0 gradients, 9.4 GFLOPs

[K                 Class     Images  Instances      Box(P          R      mAP50  mAP50-95)     Mask(P          R      mAP50  mAP50-95): 4% ──────────── 1/25 2.1it/s 0.1s<11.6s
[K                 Class     Images  Instances      Box(P          R      mAP50  mAP50-95)     Mask(P          R      mAP50  mAP50-95): 8% ╸─────────── 2/25 2.4it/s 0.5s<9.6s
[K                 Class     Images  Instances      Box(P          R      mAP50  mAP50-95)     Mask(P          R      mAP50  mAP50-95): 12% ━─────────── 3/25 2.1it/s 1.2s<10.7s
[K                 Class     Images  Instances      Box(P          R      mAP50  mAP50-95)     Mask(P          R      mAP50  mAP50-95): 16% ━╸────────── 4/25 2.3it/s 1.6s<9.1s
[K                 Class     Images  Instances      Box(P          R      mAP50  mAP50-95)     Mask(P          R      mAP50  mAP50-95): 20% ━━────────── 5/25 3.0it/s 1.8s<6.6s
[K                 Class     Images  Instances      Box(P          R      mAP50  mAP50-95)     Mask(P          R      mAP50  mAP50-95): 28% ━━━───────── 7/25 6.2it/s 2.0s<2.9s
[K                 Class     Images  Instances      Box(P          R      mAP50  mAP50-95)     Mask(P          R      mAP50  mAP50-95): 36% ━━━━──────── 9/25 9.7it/s 2.1s<1.6s
[K                 Class     Images  Instances      Box(P          R      mAP50  mAP50-95)     Mask(P          R      mAP50  mAP50-95): 44% ━━━━━─────── 11/25 11.5it/s 2.2s<1.2s
[K                 Class     Images  Instances      Box(P          R      mAP50  mAP50-95)     Mask(P          R      mAP50  mAP50-95): 52% ━━━━━━────── 13/25 12.8it/s 2.3s<0.9s
[K                 Class     Images  Instances      Box(P          R      mAP50  mAP50-95)     Mask(P          R      mAP50  mAP50-95): 60% ━━━━━━━───── 15/25 14.2it/s 2.4s<0.7s
[K                 Class     Images  Instances      Box(P          R      mAP50  mAP50-95)     Mask(P          R      mAP50  mAP50-95): 68% ━━━━━━━━──── 17/25 14.5it/s 2.6s<0.6s
[K                 Class     Images  Instances      Box(P          R      mAP50  mAP50-95)     Mask(P          R      mAP50  mAP50-95): 76% ━━━━━━━━━─── 19/25 14.6it/s 2.7s<0.4s
[K                 Class     Images  Instances      Box(P          R      mAP50  mAP50-95)     Mask(P          R      mAP50  mAP50-95): 84% ━━━━━━━━━━── 21/25 14.6it/s 2.8s<0.3s
[K                 Class     Images  Instances      Box(P          R      mAP50  mAP50-95)     Mask(P          R      mAP50  mAP50-95): 92% ━━━━━━━━━━━─ 23/25 11.2it/s 3.4s<0.2s
[K                 Class     Images  Instances      Box(P          R      mAP50  mAP50-95)     Mask(P          R      mAP50  mAP50-95): 96% ━━━━━━━━━━━╸ 24/25 9.9it/s 3.6s<0.1s
[K                 Class     Images  Instances      Box(P          R      mAP50  mAP50-95)     Mask(P          R      mAP50  mAP50-95): 100% ━━━━━━━━━━━━ 25/25 6.9it/s 3.6s
                   all        193       1049      0.843      0.524      0.621      0.433      0.826      0.534      0.622      0.423
Speed: 1.1ms preprocess, 5.5ms inference, 0.0ms loss, 1.9ms postprocess per image
Results saved to [1m/data/sxq/results/000_anyothers/F42_yolo11-seg-shallowheavy_3ep[0m
