CMD: /home/amax/sxq/bin/python /data/sxq/code/ultralytics-main-new/train_citrus_seg.py --model 0_orange_yaml/1_far_small/F50_yolo11-seg-lce.yaml --pretrained yolo11n-seg.pt --name F50_yolo11-seg-lce_3ep --epochs 3 --batch 4 --device 0
================================================================
WARNING ⚠️ no model scale passed. Assuming scale='n'.
Transferred 13/579 items from pretrained weights
New https://pypi.org/project/ultralytics/8.4.120 available 😃 Update with 'pip install -U ultralytics'
Ultralytics 8.4.60 🚀 Python-3.8.10 torch-1.13.1+cu117 CUDA:0 (NVIDIA GeForce RTX 3090, 24260MiB)
WARNING ⚠️ Upgrade to torch>=2.0.0 for deterministic training.
[34m[1mengine/trainer: [0magnostic_nms=False, amp=0, angle=1.0, augment=False, auto_augment=randaugment, batch=4, bgr=0.0, box=7.5, cache=False, cfg=None, classes=None, close_mosaic=10, cls=0.5, cls_pw=0.0, compile=False, conf=None, copy_paste=0.0, copy_paste_mode=flip, cos_lr=False, cutmix=0.0, data=/data/sxq/datasets/orange_yolo/data.yaml, degrees=0.0, deterministic=True, device=0, dfl=1.5, dnn=False, dropout=0.1, dynamic=False, embed=None, end2end=None, epochs=3, erasing=0.4, exist_ok=False, fliplr=0.5, flipud=0.0, format=torchscript, fraction=1.0, freeze=None, freq_loss=0.0, half=False, hsv_h=0.015, hsv_s=0.7, hsv_v=0.4, imgsz=640, inner_ratio=1.0, int8=False, iou=0.7, iou_type=CIoU, keras=False, kobj=1.0, line_width=None, lr0=0.01, lrf=0.01, mask_ratio=4, max_det=300, mixup=0.0, mode=train, model=0_orange_yaml/1_far_small/F50_yolo11-seg-lce.yaml, momentum=0.937, mosaic=1.0, multi_scale=0.0, name=F50_yolo11-seg-lce_3ep, nbs=64, nms=False, nwd_ratio=0.0, opset=None, optimize=False, optimizer=AdamW, overlap_mask=True, patience=100, perspective=0.0, plots=True, pose=12.0, pretrained=yolo11n-seg.pt, profile=False, project=/data/sxq/results/000_anyothers, rect=False, resume=False, retina_masks=False, rle=1.0, save=True, save_conf=False, save_crop=False, save_dir=/data/sxq/results/000_anyothers/F50_yolo11-seg-lce_3ep, save_frames=False, save_json=False, save_period=-1, save_txt=False, scale=0.5, seed=42, shear=0.0, show=False, show_boxes=True, show_conf=True, show_labels=True, simplify=True, single_cls=False, smc_beta1_low=0.88, smc_escape_cooldown=100, smc_escape_max_duration=20, smc_lr_boost=1.05, smc_noise_decay=0.9, smc_noise_max_steps=10, smc_noise_scale=0.001, smc_surface_patience=100, smc_surface_threshold=0.05, smcao_a0=5.0, smcao_a_neg=1.0, smcao_alpha_frac=0.5, smcao_c_beta=1.0, smcao_c_eps=0.01, smcao_dither_alpha=1.5, smcao_dither_decay=0.9, smcao_dither_max_steps=12, smcao_dither_scale=0.002, smcao_gamma_damping=2.0, smcao_grad_threshold=0.01, smcao_kappa_mem=0.1, smcao_memory_window=20, source=None, split=val, stream_buffer=False, tal_metric=CIoU, tal_min_pos=False, task=segment, time=None, tracker=botsort.yaml, translate=0.1, use_slide=False, val=True, verbose=True, vid_stride=1, visualize=False, warmup_bias_lr=0.1, warmup_epochs=3.0, warmup_momentum=0.8, weight_decay=0.0005, workers=4, workspace=None
Overriding model.yaml nc=80 with nc=1
WARNING ⚠️ no model scale passed. Assuming scale='n'.

                   from  n    params  module                                       arguments                     
  0                  -1  1      3388  ultralytics.nn.modules.citrus_far.LCE        [3, 3, 4, 16]                 
  1                  -1  1       464  ultralytics.nn.modules.conv.Conv             [3, 16, 3, 2]                 
  2                  -1  1      4672  ultralytics.nn.modules.conv.Conv             [16, 32, 3, 2]                
  3                  -1  1      6640  ultralytics.nn.modules.block.C3k2            [32, 64, 1, False, 0.25]      
  4                  -1  1     36992  ultralytics.nn.modules.conv.Conv             [64, 64, 3, 2]                
  5                  -1  1     26080  ultralytics.nn.modules.block.C3k2            [64, 128, 1, False, 0.25]     
  6                  -1  1    147712  ultralytics.nn.modules.conv.Conv             [128, 128, 3, 2]              
  7                  -1  1     87040  ultralytics.nn.modules.block.C3k2            [128, 128, 1, True]           
  8                  -1  1    295424  ultralytics.nn.modules.conv.Conv             [128, 256, 3, 2]              
  9                  -1  1    346112  ultralytics.nn.modules.block.C3k2            [256, 256, 1, True]           
 10                  -1  1    164608  ultralytics.nn.modules.block.SPPF            [256, 256, 5]                 
 11                  -1  1    249728  ultralytics.nn.modules.block.C2PSA           [256, 256, 1]                 
 12                  -1  1         0  torch.nn.modules.upsampling.Upsample         [None, 2, 'nearest']          
 13             [-1, 7]  1         0  ultralytics.nn.modules.conv.Concat           [1]                           
 14                  -1  1    111296  ultralytics.nn.modules.block.C3k2            [384, 128, 1, False]          
 15                  -1  1         0  torch.nn.modules.upsampling.Upsample         [None, 2, 'nearest']          
 16             [-1, 5]  1         0  ultralytics.nn.modules.conv.Concat           [1]                           
 17                  -1  1     32096  ultralytics.nn.modules.block.C3k2            [256, 64, 1, False]           
 18                  -1  1     36992  ultralytics.nn.modules.conv.Conv             [64, 64, 3, 2]                
 19            [-1, 14]  1         0  ultralytics.nn.modules.conv.Concat           [1]                           
 20                  -1  1     86720  ultralytics.nn.modules.block.C3k2            [192, 128, 1, False]          
 21                  -1  1    147712  ultralytics.nn.modules.conv.Conv             [128, 128, 3, 2]              
 22            [-1, 11]  1         0  ultralytics.nn.modules.conv.Concat           [1]                           
 23                  -1  1    378880  ultralytics.nn.modules.block.C3k2            [384, 256, 1, True]           
 24        [17, 20, 23]  1    683635  ultralytics.nn.modules.head.Segment          [1, 32, 64, 16, None, [64, 128, 256]]
F50_YOLO11-seg-lce summary: 214 layers, 2,846,191 parameters, 2,846,175 gradients, 12.5 GFLOPs

Transferred 528/579 items from pretrained weights
Freezing layer 'model.24.dfl.conv.weight'
[34m[1mtrain: [0mFast image access ✅ (ping: 0.0±0.0 ms, read: 3832.4±1369.2 MB/s, size: 2758.5 KB)

[K[34m[1mtrain: [0mScanning /data/sxq/datasets/orange_yolo/train/labels.cache... 676 images, 1 backgrounds, 0 corrupt: 100% ━━━━━━━━━━━━ 676/676 123.3Mit/s 0.0s
[34m[1mtrain: [0m/data/sxq/datasets/orange_yolo/train/images/IMG_0063.jpg: corrupt JPEG restored and saved
[34m[1mtrain: [0m/data/sxq/datasets/orange_yolo/train/images/IMG_0065.jpg: corrupt JPEG restored and saved
[34m[1mtrain: [0m/data/sxq/datasets/orange_yolo/train/images/IMG_0066.jpg: corrupt JPEG restored and saved
[34m[1mtrain: [0m/data/sxq/datasets/orange_yolo/train/images/IMG_0068.jpg: corrupt JPEG restored and saved
[34m[1mtrain: [0m/data/sxq/datasets/orange_yolo/train/images/IMG_0069.jpg: corrupt JPEG restored and saved
[34m[1mtrain: [0m/data/sxq/datasets/orange_yolo/train/images/IMG_0070.jpg: corrupt JPEG restored and saved
[34m[1mtrain: [0m/data/sxq/datasets/orange_yolo/train/images/IMG_0071.jpg: corrupt JPEG restored and saved
[34m[1mtrain: [0m/data/sxq/datasets/orange_yolo/train/images/IMG_0072.jpg: corrupt JPEG restored and saved
[34m[1mtrain: [0m/data/sxq/datasets/orange_yolo/train/images/IMG_0073.jpg: corrupt JPEG restored and saved
[34m[1mtrain: [0m/data/sxq/datasets/orange_yolo/train/images/IMG_0074.jpg: corrupt JPEG restored and saved
[34m[1mtrain: [0m/data/sxq/datasets/orange_yolo/train/images/IMG_0076.jpg: corrupt JPEG restored and saved
[34m[1mtrain: [0m/data/sxq/datasets/orange_yolo/train/images/IMG_0077.jpg: corrupt JPEG restored and saved
[34m[1mtrain: [0m/data/sxq/datasets/orange_yolo/train/images/IMG_0080.jpg: corrupt JPEG restored and saved
[34m[1mtrain: [0m/data/sxq/datasets/orange_yolo/train/images/IMG_0083.jpg: corrupt JPEG restored and saved
[34m[1mtrain: [0m/data/sxq/datasets/orange_yolo/train/images/IMG_0084.jpg: corrupt JPEG restored and saved
[34m[1mtrain: [0m/data/sxq/datasets/orange_yolo/train/images/IMG_0085.jpg: corrupt JPEG restored and saved
[34m[1mtrain: [0m/data/sxq/datasets/orange_yolo/train/images/IMG_0086.jpg: corrupt JPEG restored and saved
[34m[1mtrain: [0m/data/sxq/datasets/orange_yolo/train/images/IMG_0087.jpg: corrupt JPEG restored and saved
[34m[1mtrain: [0m/data/sxq/datasets/orange_yolo/train/images/IMG_0088.jpg: corrupt JPEG restored and saved
[34m[1mtrain: [0m/data/sxq/datasets/orange_yolo/train/images/IMG_0089.jpg: corrupt JPEG restored and saved
[34m[1mtrain: [0m/data/sxq/datasets/orange_yolo/train/images/IMG_0090.jpg: corrupt JPEG restored and saved
[34m[1mtrain: [0m/data/sxq/datasets/orange_yolo/train/images/IMG_0091.jpg: corrupt JPEG restored and saved
[34m[1mtrain: [0m/data/sxq/datasets/orange_yolo/train/images/IMG_0092.jpg: corrupt JPEG restored and saved
[34m[1mtrain: [0m/data/sxq/datasets/orange_yolo/train/images/IMG_0095.jpg: corrupt JPEG restored and saved
[34m[1mtrain: [0m/data/sxq/datasets/orange_yolo/train/images/IMG_0098.jpg: corrupt JPEG restored and saved
[34m[1mtrain: [0m/data/sxq/datasets/orange_yolo/train/images/IMG_0099.jpg: corrupt JPEG restored and saved
[34m[1mtrain: [0m/data/sxq/datasets/orange_yolo/train/images/IMG_0101.jpg: corrupt JPEG restored and saved
[34m[1mtrain: [0m/data/sxq/datasets/orange_yolo/train/images/IMG_0103.jpg: corrupt JPEG restored and saved
[34m[1mtrain: [0m/data/sxq/datasets/orange_yolo/train/images/IMG_0104.jpg: corrupt JPEG restored and saved
[34m[1mtrain: [0m/data/sxq/datasets/orange_yolo/train/images/IMG_0105.jpg: corrupt JPEG restored and saved
[34m[1mtrain: [0m/data/sxq/datasets/orange_yolo/train/images/IMG_0106.jpg: corrupt JPEG restored and saved
[34m[1mtrain: [0m/data/sxq/datasets/orange_yolo/train/images/IMG_0107.jpg: corrupt JPEG restored and saved
[34m[1mtrain: [0m/data/sxq/datasets/orange_yolo/train/images/IMG_0109.jpg: corrupt JPEG restored and saved
[34m[1mtrain: [0m/data/sxq/datasets/orange_yolo/train/images/IMG_0111.jpg: corrupt JPEG restored and saved
[34m[1mtrain: [0m/data/sxq/datasets/orange_yolo/train/images/IMG_0112.jpg: corrupt JPEG restored and saved
[34m[1mtrain: [0m/data/sxq/datasets/orange_yolo/train/images/IMG_0113.jpg: corrupt JPEG restored and saved
[34m[1mtrain: [0m/data/sxq/datasets/orange_yolo/train/images/IMG_0115.jpg: corrupt JPEG restored and saved
[34m[1mtrain: [0m/data/sxq/datasets/orange_yolo/train/images/IMG_0118.jpg: corrupt JPEG restored and saved
[34m[1mtrain: [0m/data/sxq/datasets/orange_yolo/train/images/IMG_0119.jpg: corrupt JPEG restored and saved
[34m[1mtrain: [0m/data/sxq/datasets/orange_yolo/train/images/IMG_0122.jpg: corrupt JPEG restored and saved
[34m[1mtrain: [0m/data/sxq/datasets/orange_yolo/train/images/IMG_0123.jpg: corrupt JPEG restored and saved
[34m[1mtrain: [0m/data/sxq/datasets/orange_yolo/train/images/IMG_0124.jpg: corrupt JPEG restored and saved
[34m[1mtrain: [0m/data/sxq/datasets/orange_yolo/train/images/IMG_0126.jpg: corrupt JPEG restored and saved
[34m[1mtrain: [0m/data/sxq/datasets/orange_yolo/train/images/IMG_0130.jpg: corrupt JPEG restored and saved
[34m[1mtrain: [0m/data/sxq/datasets/orange_yolo/train/images/IMG_0132.jpg: corrupt JPEG restored and saved
[34m[1mtrain: [0m/data/sxq/datasets/orange_yolo/train/images/IMG_0675.jpg: corrupt JPEG restored and saved
[34m[1mtrain: [0m/data/sxq/datasets/orange_yolo/train/images/IMG_0676.jpg: corrupt JPEG restored and saved
[34m[1mtrain: [0m/data/sxq/datasets/orange_yolo/train/images/IMG_0677.jpg: corrupt JPEG restored and saved
[34m[1mtrain: [0m/data/sxq/datasets/orange_yolo/train/images/IMG_0678.jpg: corrupt JPEG restored and saved
[34m[1mtrain: [0m/data/sxq/datasets/orange_yolo/train/images/IMG_0679.jpg: corrupt JPEG restored and saved
[34m[1mtrain: [0m/data/sxq/datasets/orange_yolo/train/images/IMG_0680.jpg: corrupt JPEG restored and saved
[34m[1mtrain: [0m/data/sxq/datasets/orange_yolo/train/images/IMG_0681.jpg: corrupt JPEG restored and saved
[34m[1mtrain: [0m/data/sxq/datasets/orange_yolo/train/images/IMG_0682.jpg: corrupt JPEG restored and saved
[34m[1mtrain: [0m/data/sxq/datasets/orange_yolo/train/images/IMG_0683.jpg: corrupt JPEG restored and saved
[34m[1mtrain: [0m/data/sxq/datasets/orange_yolo/train/images/IMG_0684.jpg: corrupt JPEG restored and saved
[34m[1mtrain: [0m/data/sxq/datasets/orange_yolo/train/images/IMG_0685.jpg: corrupt JPEG restored and saved
[34m[1mtrain: [0m/data/sxq/datasets/orange_yolo/train/images/IMG_0686.jpg: corrupt JPEG restored and saved
[34m[1mtrain: [0m/data/sxq/datasets/orange_yolo/train/images/IMG_0687.jpg: corrupt JPEG restored and saved
[34m[1mtrain: [0m/data/sxq/datasets/orange_yolo/train/images/IMG_0688.jpg: corrupt JPEG restored and saved
[34m[1mtrain: [0m/data/sxq/datasets/orange_yolo/train/images/IMG_0689.jpg: corrupt JPEG restored and saved
[34m[1mtrain: [0m/data/sxq/datasets/orange_yolo/train/images/IMG_0691.jpg: corrupt JPEG restored and saved
[34m[1mtrain: [0m/data/sxq/datasets/orange_yolo/train/images/IMG_0692.jpg: corrupt JPEG restored and saved
[34m[1mtrain: [0m/data/sxq/datasets/orange_yolo/train/images/IMG_0694.jpg: corrupt JPEG restored and saved
[34m[1mtrain: [0m/data/sxq/datasets/orange_yolo/train/images/IMG_0697.jpg: corrupt JPEG restored and saved
[34m[1mtrain: [0m/data/sxq/datasets/orange_yolo/train/images/IMG_0698.jpg: corrupt JPEG restored and saved
[34m[1mtrain: [0m/data/sxq/datasets/orange_yolo/train/images/IMG_0700.jpg: corrupt JPEG restored and saved
[34m[1mtrain: [0m/data/sxq/datasets/orange_yolo/train/images/IMG_0701.jpg: corrupt JPEG restored and saved
[34m[1mtrain: [0m/data/sxq/datasets/orange_yolo/train/images/IMG_0702.jpg: corrupt JPEG restored and saved
[34m[1mtrain: [0m/data/sxq/datasets/orange_yolo/train/images/IMG_0704.jpg: corrupt JPEG restored and saved
[34m[1mtrain: [0m/data/sxq/datasets/orange_yolo/train/images/IMG_0708.jpg: corrupt JPEG restored and saved
[34m[1mtrain: [0m/data/sxq/datasets/orange_yolo/train/images/IMG_0709.jpg: corrupt JPEG restored and saved
[34m[1mtrain: [0m/data/sxq/datasets/orange_yolo/train/images/IMG_0711.jpg: corrupt JPEG restored and saved
[34m[1mtrain: [0m/data/sxq/datasets/orange_yolo/train/images/IMG_0712.jpg: corrupt JPEG restored and saved
[34m[1mtrain: [0m/data/sxq/datasets/orange_yolo/train/images/IMG_0713.jpg: corrupt JPEG restored and saved
[34m[1mtrain: [0m/data/sxq/datasets/orange_yolo/train/images/IMG_0715.jpg: corrupt JPEG restored and saved
[34m[1mtrain: [0m/data/sxq/datasets/orange_yolo/train/images/IMG_0716.jpg: corrupt JPEG restored and saved
[34m[1mtrain: [0m/data/sxq/datasets/orange_yolo/train/images/IMG_0717.jpg: corrupt JPEG restored and saved
[34m[1mtrain: [0m/data/sxq/datasets/orange_yolo/train/images/IMG_0719.jpg: corrupt JPEG restored and saved
[34m[1mtrain: [0m/data/sxq/datasets/orange_yolo/train/images/IMG_0720.jpg: corrupt JPEG restored and saved
[34m[1mtrain: [0m/data/sxq/datasets/orange_yolo/train/images/IMG_0721.jpg: corrupt JPEG restored and saved
[34m[1mtrain: [0m/data/sxq/datasets/orange_yolo/train/images/IMG_0722.jpg: corrupt JPEG restored and saved
[34m[1mtrain: [0m/data/sxq/datasets/orange_yolo/train/images/IMG_0724.jpg: corrupt JPEG restored and saved
[34m[1mtrain: [0m/data/sxq/datasets/orange_yolo/train/images/IMG_0726.jpg: corrupt JPEG restored and saved
[34m[1mtrain: [0m/data/sxq/datasets/orange_yolo/train/images/IMG_0728.jpg: corrupt JPEG restored and saved
[34m[1mtrain: [0m/data/sxq/datasets/orange_yolo/train/images/IMG_0730.jpg: corrupt JPEG restored and saved
[34m[1mtrain: [0m/data/sxq/datasets/orange_yolo/train/images/IMG_0731.jpg: corrupt JPEG restored and saved
[34m[1mtrain: [0m/data/sxq/datasets/orange_yolo/train/images/IMG_0733.jpg: corrupt JPEG restored and saved
[34m[1mtrain: [0m/data/sxq/datasets/orange_yolo/train/images/IMG_0734.jpg: corrupt JPEG restored and saved
[34m[1mtrain: [0m/data/sxq/datasets/orange_yolo/train/images/IMG_0735.jpg: corrupt JPEG restored and saved
[34m[1mtrain: [0m/data/sxq/datasets/orange_yolo/train/images/IMG_0736.jpg: corrupt JPEG restored and saved
[34m[1mtrain: [0m/data/sxq/datasets/orange_yolo/train/images/IMG_0737.jpg: corrupt JPEG restored and saved
[34m[1mtrain: [0m/data/sxq/datasets/orange_yolo/train/images/IMG_0738.jpg: corrupt JPEG restored and saved
[34m[1mtrain: [0m/data/sxq/datasets/orange_yolo/train/images/IMG_0739.jpg: corrupt JPEG restored and saved
[34m[1mtrain: [0m/data/sxq/datasets/orange_yolo/train/images/IMG_0742.jpg: corrupt JPEG restored and saved
[34m[1mtrain: [0m/data/sxq/datasets/orange_yolo/train/images/IMG_0745.jpg: corrupt JPEG restored and saved
[34m[1mtrain: [0m/data/sxq/datasets/orange_yolo/train/images/IMG_0746.jpg: corrupt JPEG restored and saved
[34m[1mtrain: [0m/data/sxq/datasets/orange_yolo/train/images/IMG_0747.jpg: corrupt JPEG restored and saved
[34m[1mtrain: [0m/data/sxq/datasets/orange_yolo/train/images/IMG_0748.jpg: corrupt JPEG restored and saved
[34m[1mtrain: [0m/data/sxq/datasets/orange_yolo/train/images/IMG_0750.jpg: corrupt JPEG restored and saved
[34m[1mtrain: [0m/data/sxq/datasets/orange_yolo/train/images/IMG_0753.jpg: corrupt JPEG restored and saved
[34m[1mtrain: [0m/data/sxq/datasets/orange_yolo/train/images/IMG_0756.jpg: corrupt JPEG restored and saved
[34m[1mtrain: [0m/data/sxq/datasets/orange_yolo/train/images/IMG_0758.jpg: corrupt JPEG restored and saved
[34m[1mtrain: [0m/data/sxq/datasets/orange_yolo/train/images/IMG_0759.jpg: corrupt JPEG restored and saved
[34m[1mtrain: [0m/data/sxq/datasets/orange_yolo/train/images/IMG_0760.jpg: corrupt JPEG restored and saved
[34m[1mtrain: [0m/data/sxq/datasets/orange_yolo/train/images/IMG_0761.jpg: corrupt JPEG restored and saved
[34m[1mtrain: [0m/data/sxq/datasets/orange_yolo/train/images/IMG_0762.jpg: corrupt JPEG restored and saved
[34m[1mtrain: [0m/data/sxq/datasets/orange_yolo/train/images/IMG_0764.jpg: corrupt JPEG restored and saved
[34m[1mtrain: [0m/data/sxq/datasets/orange_yolo/train/images/IMG_0765.jpg: corrupt JPEG restored and saved
[34m[1mtrain: [0m/data/sxq/datasets/orange_yolo/train/images/IMG_0766.jpg: corrupt JPEG restored and saved
[34m[1mtrain: [0m/data/sxq/datasets/orange_yolo/train/images/IMG_0767.jpg: corrupt JPEG restored and saved
[34m[1mtrain: [0m/data/sxq/datasets/orange_yolo/train/images/IMG_0769.jpg: corrupt JPEG restored and saved
[34m[1mtrain: [0m/data/sxq/datasets/orange_yolo/train/images/IMG_0771.jpg: corrupt JPEG restored and saved
[34m[1mtrain: [0m/data/sxq/datasets/orange_yolo/train/images/IMG_0772.jpg: corrupt JPEG restored and saved
[34m[1mtrain: [0m/data/sxq/datasets/orange_yolo/train/images/IMG_0774.jpg: corrupt JPEG restored and saved
[34m[1mtrain: [0m/data/sxq/datasets/orange_yolo/train/images/IMG_0775.jpg: corrupt JPEG restored and saved
[34m[1mtrain: [0m/data/sxq/datasets/orange_yolo/train/images/IMG_0776.jpg: corrupt JPEG restored and saved
[34m[1mtrain: [0m/data/sxq/datasets/orange_yolo/train/images/IMG_0777.jpg: corrupt JPEG restored and saved
[34m[1mtrain: [0m/data/sxq/datasets/orange_yolo/train/images/IMG_0778.jpg: corrupt JPEG restored and saved
[34m[1mtrain: [0m/data/sxq/datasets/orange_yolo/train/images/IMG_0779.jpg: corrupt JPEG restored and saved
[34m[1mtrain: [0m/data/sxq/datasets/orange_yolo/train/images/IMG_0780.jpg: corrupt JPEG restored and saved
[34m[1mtrain: [0m/data/sxq/datasets/orange_yolo/train/images/IMG_0781.jpg: corrupt JPEG restored and saved
[34m[1mtrain: [0m/data/sxq/datasets/orange_yolo/train/images/IMG_0782.jpg: corrupt JPEG restored and saved
[34m[1mtrain: [0m/data/sxq/datasets/orange_yolo/train/images/IMG_0783.jpg: corrupt JPEG restored and saved
[34m[1mtrain: [0m/data/sxq/datasets/orange_yolo/train/images/IMG_0784.jpg: corrupt JPEG restored and saved
[34m[1mtrain: [0m/data/sxq/datasets/orange_yolo/train/images/IMG_0786.jpg: corrupt JPEG restored and saved
[34m[1mtrain: [0m/data/sxq/datasets/orange_yolo/train/images/IMG_0787.jpg: corrupt JPEG restored and saved
[34m[1mtrain: [0m/data/sxq/datasets/orange_yolo/train/images/IMG_0788.jpg: corrupt JPEG restored and saved
[34m[1mtrain: [0m/data/sxq/datasets/orange_yolo/train/images/IMG_0789.jpg: corrupt JPEG restored and saved
[34m[1mtrain: [0m/data/sxq/datasets/orange_yolo/train/images/IMG_0790.jpg: corrupt JPEG restored and saved
[34m[1mtrain: [0m/data/sxq/datasets/orange_yolo/train/images/IMG_0791.jpg: corrupt JPEG restored and saved
[34m[1mtrain: [0m/data/sxq/datasets/orange_yolo/train/images/IMG_0793.jpg: corrupt JPEG restored and saved
[34m[1mtrain: [0m/data/sxq/datasets/orange_yolo/train/images/IMG_0794.jpg: corrupt JPEG restored and saved
[34m[1mtrain: [0m/data/sxq/datasets/orange_yolo/train/images/IMG_0795.jpg: corrupt JPEG restored and saved
[34m[1mtrain: [0m/data/sxq/datasets/orange_yolo/train/images/IMG_0797.jpg: corrupt JPEG restored and saved
[34m[1mtrain: [0m/data/sxq/datasets/orange_yolo/train/images/IMG_0798.jpg: corrupt JPEG restored and saved
[34m[1mtrain: [0m/data/sxq/datasets/orange_yolo/train/images/IMG_0800.jpg: corrupt JPEG restored and saved
[34m[1mtrain: [0m/data/sxq/datasets/orange_yolo/train/images/IMG_0801.jpg: corrupt JPEG restored and saved
[34m[1mtrain: [0m/data/sxq/datasets/orange_yolo/train/images/IMG_0802.jpg: corrupt JPEG restored and saved
[34m[1mtrain: [0m/data/sxq/datasets/orange_yolo/train/images/IMG_0803.jpg: corrupt JPEG restored and saved
[34m[1mtrain: [0m/data/sxq/datasets/orange_yolo/train/images/IMG_0805.jpg: corrupt JPEG restored and saved
[34m[1mtrain: [0m/data/sxq/datasets/orange_yolo/train/images/IMG_0806.jpg: corrupt JPEG restored and saved
[34m[1mtrain: [0m/data/sxq/datasets/orange_yolo/train/images/IMG_0807.jpg: corrupt JPEG restored and saved
[34m[1mtrain: [0m/data/sxq/datasets/orange_yolo/train/images/IMG_0809.jpg: corrupt JPEG restored and saved
[34m[1mtrain: [0m/data/sxq/datasets/orange_yolo/train/images/IMG_0810.jpg: corrupt JPEG restored and saved
[34m[1mtrain: [0m/data/sxq/datasets/orange_yolo/train/images/IMG_0811.jpg: corrupt JPEG restored and saved
[34m[1mtrain: [0m/data/sxq/datasets/orange_yolo/train/images/IMG_0812.jpg: corrupt JPEG restored and saved
[34m[1mtrain: [0m/data/sxq/datasets/orange_yolo/train/images/IMG_0813.jpg: corrupt JPEG restored and saved
[34m[1mtrain: [0m/data/sxq/datasets/orange_yolo/train/images/IMG_0817.jpg: corrupt JPEG restored and saved
[34m[1mtrain: [0m/data/sxq/datasets/orange_yolo/train/images/IMG_0849.jpg: corrupt JPEG restored and saved
[34m[1mtrain: [0m/data/sxq/datasets/orange_yolo/train/images/IMG_0850.jpg: corrupt JPEG restored and saved
[34m[1mtrain: [0m/data/sxq/datasets/orange_yolo/train/images/IMG_0851.jpg: corrupt JPEG restored and saved
[34m[1mtrain: [0m/data/sxq/datasets/orange_yolo/train/images/IMG_0854.jpg: corrupt JPEG restored and saved
[34m[1mtrain: [0m/data/sxq/datasets/orange_yolo/train/images/IMG_0855.jpg: corrupt JPEG restored and saved
[34m[1mtrain: [0m/data/sxq/datasets/orange_yolo/train/images/IMG_0856.jpg: corrupt JPEG restored and saved
[34m[1mtrain: [0m/data/sxq/datasets/orange_yolo/train/images/IMG_0857.jpg: corrupt JPEG restored and saved
[34m[1mtrain: [0m/data/sxq/datasets/orange_yolo/train/images/IMG_0858.jpg: corrupt JPEG restored and saved
[34m[1mtrain: [0m/data/sxq/datasets/orange_yolo/train/images/IMG_0859.jpg: corrupt JPEG restored and saved
[34m[1mtrain: [0m/data/sxq/datasets/orange_yolo/train/images/IMG_0860.jpg: corrupt JPEG restored and saved
[34m[1mtrain: [0m/data/sxq/datasets/orange_yolo/train/images/IMG_0861.jpg: corrupt JPEG restored and saved
[34m[1mtrain: [0m/data/sxq/datasets/orange_yolo/train/images/IMG_0862.jpg: corrupt JPEG restored and saved
[34m[1mtrain: [0m/data/sxq/datasets/orange_yolo/train/images/IMG_0864.jpg: corrupt JPEG restored and saved
[34m[1mtrain: [0m/data/sxq/datasets/orange_yolo/train/images/IMG_0867.jpg: corrupt JPEG restored and saved
[34m[1mtrain: [0m/data/sxq/datasets/orange_yolo/train/images/IMG_0868.jpg: corrupt JPEG restored and saved
[34m[1mtrain: [0m/data/sxq/datasets/orange_yolo/train/images/IMG_0870.jpg: corrupt JPEG restored and saved
[34m[1mtrain: [0m/data/sxq/datasets/orange_yolo/train/images/IMG_0872.jpg: corrupt JPEG restored and saved
[34m[1mtrain: [0m/data/sxq/datasets/orange_yolo/train/images/IMG_0874.jpg: corrupt JPEG restored and saved
[34m[1mtrain: [0m/data/sxq/datasets/orange_yolo/train/images/IMG_0875.jpg: corrupt JPEG restored and saved
[34m[1mtrain: [0m/data/sxq/datasets/orange_yolo/train/images/IMG_0876.jpg: corrupt JPEG restored and saved
[34m[1mtrain: [0m/data/sxq/datasets/orange_yolo/train/images/IMG_0877.jpg: corrupt JPEG restored and saved
[34m[1mtrain: [0m/data/sxq/datasets/orange_yolo/train/images/IMG_0879.jpg: corrupt JPEG restored and saved
[34m[1mtrain: [0m/data/sxq/datasets/orange_yolo/train/images/IMG_0882.jpg: corrupt JPEG restored and saved
[34m[1mtrain: [0m/data/sxq/datasets/orange_yolo/train/images/IMG_0884.jpg: corrupt JPEG restored and saved
[34m[1mtrain: [0m/data/sxq/datasets/orange_yolo/train/images/IMG_0885.jpg: corrupt JPEG restored and saved
[34m[1mtrain: [0m/data/sxq/datasets/orange_yolo/train/images/IMG_0886.jpg: corrupt JPEG restored and saved
[34m[1mtrain: [0m/data/sxq/datasets/orange_yolo/train/images/IMG_0887.jpg: corrupt JPEG restored and saved
[34m[1mtrain: [0m/data/sxq/datasets/orange_yolo/train/images/IMG_0888.jpg: corrupt JPEG restored and saved
[34m[1mtrain: [0m/data/sxq/datasets/orange_yolo/train/images/IMG_0889.jpg: corrupt JPEG restored and saved
[34m[1mtrain: [0m/data/sxq/datasets/orange_yolo/train/images/IMG_0890.jpg: corrupt JPEG restored and saved
[34m[1mtrain: [0m/data/sxq/datasets/orange_yolo/train/images/IMG_0891.jpg: corrupt JPEG restored and saved
[34m[1mtrain: [0m/data/sxq/datasets/orange_yolo/train/images/IMG_0892.jpg: corrupt JPEG restored and saved
[34m[1mtrain: [0m/data/sxq/datasets/orange_yolo/train/images/IMG_0894.jpg: corrupt JPEG restored and saved
[34m[1mtrain: [0m/data/sxq/datasets/orange_yolo/train/images/IMG_0895.jpg: corrupt JPEG restored and saved
[34m[1mtrain: [0m/data/sxq/datasets/orange_yolo/train/images/IMG_0896.jpg: corrupt JPEG restored and saved
[34m[1mtrain: [0m/data/sxq/datasets/orange_yolo/train/images/IMG_0897.jpg: corrupt JPEG restored and saved
[34m[1mtrain: [0m/data/sxq/datasets/orange_yolo/train/images/IMG_0898.jpg: corrupt JPEG restored and saved
[34m[1mtrain: [0m/data/sxq/datasets/orange_yolo/train/images/IMG_0899.jpg: corrupt JPEG restored and saved
[34m[1mtrain: [0m/data/sxq/datasets/orange_yolo/train/images/IMG_0900.jpg: corrupt JPEG restored and saved
[34m[1mtrain: [0m/data/sxq/datasets/orange_yolo/train/images/IMG_0901.jpg: corrupt JPEG restored and saved
[34m[1mtrain: [0m/data/sxq/datasets/orange_yolo/train/images/IMG_0902.jpg: corrupt JPEG restored and saved
[34m[1mtrain: [0m/data/sxq/datasets/orange_yolo/train/images/IMG_0903.jpg: corrupt JPEG restored and saved
[34m[1mtrain: [0m/data/sxq/datasets/orange_yolo/train/images/IMG_0904.jpg: corrupt JPEG restored and saved
[34m[1mtrain: [0m/data/sxq/datasets/orange_yolo/train/images/IMG_0905.jpg: corrupt JPEG restored and saved
[34m[1mtrain: [0m/data/sxq/datasets/orange_yolo/train/images/IMG_0906.jpg: corrupt JPEG restored and saved
[34m[1mtrain: [0m/data/sxq/datasets/orange_yolo/train/images/IMG_0907.jpg: corrupt JPEG restored and saved
[34m[1mtrain: [0m/data/sxq/datasets/orange_yolo/train/images/IMG_0908.jpg: corrupt JPEG restored and saved
[34m[1mtrain: [0m/data/sxq/datasets/orange_yolo/train/images/IMG_0909.jpg: corrupt JPEG restored and saved
[34m[1mtrain: [0m/data/sxq/datasets/orange_yolo/train/images/IMG_0910.jpg: corrupt JPEG restored and saved
[34m[1mtrain: [0m/data/sxq/datasets/orange_yolo/train/images/IMG_0911.jpg: corrupt JPEG restored and saved
[34m[1mtrain: [0m/data/sxq/datasets/orange_yolo/train/images/IMG_0912.jpg: corrupt JPEG restored and saved
[34m[1mtrain: [0m/data/sxq/datasets/orange_yolo/train/images/IMG_0913.jpg: corrupt JPEG restored and saved
[34m[1mtrain: [0m/data/sxq/datasets/orange_yolo/train/images/IMG_0917.jpg: corrupt JPEG restored and saved
[34m[1mtrain: [0m/data/sxq/datasets/orange_yolo/train/images/IMG_0918.jpg: corrupt JPEG restored and saved
[34m[1mtrain: [0m/data/sxq/datasets/orange_yolo/train/images/IMG_0919.jpg: corrupt JPEG restored and saved
[34m[1mtrain: [0m/data/sxq/datasets/orange_yolo/train/images/IMG_0921.jpg: corrupt JPEG restored and saved
[34m[1mtrain: [0m/data/sxq/datasets/orange_yolo/train/images/IMG_0922.jpg: corrupt JPEG restored and saved
[34m[1mtrain: [0m/data/sxq/datasets/orange_yolo/train/images/IMG_0924.jpg: corrupt JPEG restored and saved
[34m[1mtrain: [0m/data/sxq/datasets/orange_yolo/train/images/IMG_0925.jpg: corrupt JPEG restored and saved
[34m[1mtrain: [0m/data/sxq/datasets/orange_yolo/train/images/IMG_0926.jpg: corrupt JPEG restored and saved
[34m[1mtrain: [0m/data/sxq/datasets/orange_yolo/train/images/IMG_0927.jpg: corrupt JPEG restored and saved
[34m[1mtrain: [0m/data/sxq/datasets/orange_yolo/train/images/IMG_0928.jpg: corrupt JPEG restored and saved
[34m[1mtrain: [0m/data/sxq/datasets/orange_yolo/train/images/IMG_0929.jpg: corrupt JPEG restored and saved
[34m[1mtrain: [0m/data/sxq/datasets/orange_yolo/train/images/IMG_0930.jpg: corrupt JPEG restored and saved
[34m[1mtrain: [0m/data/sxq/datasets/orange_yolo/train/images/IMG_0931.jpg: corrupt JPEG restored and saved
[34m[1mtrain: [0m/data/sxq/datasets/orange_yolo/train/images/IMG_0932.jpg: corrupt JPEG restored and saved
[34m[1mtrain: [0m/data/sxq/datasets/orange_yolo/train/images/IMG_0933.jpg: corrupt JPEG restored and saved
[34m[1mtrain: [0m/data/sxq/datasets/orange_yolo/train/images/IMG_0935.jpg: corrupt JPEG restored and saved
[34m[1mtrain: [0m/data/sxq/datasets/orange_yolo/train/images/IMG_0936.jpg: corrupt JPEG restored and saved
[34m[1mtrain: [0m/data/sxq/datasets/orange_yolo/train/images/IMG_0937.jpg: corrupt JPEG restored and saved
[34m[1mtrain: [0m/data/sxq/datasets/orange_yolo/train/images/IMG_0938.jpg: corrupt JPEG restored and saved
[34m[1mtrain: [0m/data/sxq/datasets/orange_yolo/train/images/IMG_0939.jpg: corrupt JPEG restored and saved
[34m[1mtrain: [0m/data/sxq/datasets/orange_yolo/train/images/IMG_0943.jpg: corrupt JPEG restored and saved
[34m[1mtrain: [0m/data/sxq/datasets/orange_yolo/train/images/IMG_0944.jpg: corrupt JPEG restored and saved
[34m[1mtrain: [0m/data/sxq/datasets/orange_yolo/train/images/IMG_0945.jpg: corrupt JPEG restored and saved
[34m[1mtrain: [0m/data/sxq/datasets/orange_yolo/train/images/IMG_0946.jpg: corrupt JPEG restored and saved
[34m[1mtrain: [0m/data/sxq/datasets/orange_yolo/train/images/IMG_0951.jpg: corrupt JPEG restored and saved
[34m[1mtrain: [0m/data/sxq/datasets/orange_yolo/train/images/IMG_0952.jpg: corrupt JPEG restored and saved
[34m[1mtrain: [0m/data/sxq/datasets/orange_yolo/train/images/IMG_0954.jpg: corrupt JPEG restored and saved
[34m[1mtrain: [0m/data/sxq/datasets/orange_yolo/train/images/IMG_0955.jpg: corrupt JPEG restored and saved
[34m[1mtrain: [0m/data/sxq/datasets/orange_yolo/train/images/IMG_0956.jpg: corrupt JPEG restored and saved
[34m[1mtrain: [0m/data/sxq/datasets/orange_yolo/train/images/IMG_0957.jpg: corrupt JPEG restored and saved
[34m[1mtrain: [0m/data/sxq/datasets/orange_yolo/train/images/IMG_0958.jpg: corrupt JPEG restored and saved
[34m[1mtrain: [0m/data/sxq/datasets/orange_yolo/train/images/IMG_0959.jpg: corrupt JPEG restored and saved
[34m[1mtrain: [0m/data/sxq/datasets/orange_yolo/train/images/IMG_0960.jpg: corrupt JPEG restored and saved
[34m[1mtrain: [0m/data/sxq/datasets/orange_yolo/train/images/IMG_0962.jpg: corrupt JPEG restored and saved
[34m[1mtrain: [0m/data/sxq/datasets/orange_yolo/train/images/IMG_0963.jpg: corrupt JPEG restored and saved
[34m[1mval: [0mFast image access ✅ (ping: 0.0±0.0 ms, read: 2196.3±1640.9 MB/s, size: 7525.4 KB)

[K[34m[1mval: [0mScanning /data/sxq/datasets/orange_yolo/val/labels.cache... 193 images, 0 backgrounds, 0 corrupt: 100% ━━━━━━━━━━━━ 193/193 18.4Mit/s 0.0s
[34m[1mval: [0m/data/sxq/datasets/orange_yolo/val/images/IMG_0064.jpg: corrupt JPEG restored and saved
[34m[1mval: [0m/data/sxq/datasets/orange_yolo/val/images/IMG_0067.jpg: corrupt JPEG restored and saved
[34m[1mval: [0m/data/sxq/datasets/orange_yolo/val/images/IMG_0075.jpg: corrupt JPEG restored and saved
[34m[1mval: [0m/data/sxq/datasets/orange_yolo/val/images/IMG_0078.jpg: corrupt JPEG restored and saved
[34m[1mval: [0m/data/sxq/datasets/orange_yolo/val/images/IMG_0079.jpg: corrupt JPEG restored and saved
[34m[1mval: [0m/data/sxq/datasets/orange_yolo/val/images/IMG_0081.jpg: corrupt JPEG restored and saved
[34m[1mval: [0m/data/sxq/datasets/orange_yolo/val/images/IMG_0093.jpg: corrupt JPEG restored and saved
[34m[1mval: [0m/data/sxq/datasets/orange_yolo/val/images/IMG_0094.jpg: corrupt JPEG restored and saved
[34m[1mval: [0m/data/sxq/datasets/orange_yolo/val/images/IMG_0096.jpg: corrupt JPEG restored and saved
[34m[1mval: [0m/data/sxq/datasets/orange_yolo/val/images/IMG_0097.jpg: corrupt JPEG restored and saved
[34m[1mval: [0m/data/sxq/datasets/orange_yolo/val/images/IMG_0100.jpg: corrupt JPEG restored and saved
[34m[1mval: [0m/data/sxq/datasets/orange_yolo/val/images/IMG_0102.jpg: corrupt JPEG restored and saved
[34m[1mval: [0m/data/sxq/datasets/orange_yolo/val/images/IMG_0108.jpg: corrupt JPEG restored and saved
[34m[1mval: [0m/data/sxq/datasets/orange_yolo/val/images/IMG_0110.jpg: corrupt JPEG restored and saved
[34m[1mval: [0m/data/sxq/datasets/orange_yolo/val/images/IMG_0116.jpg: corrupt JPEG restored and saved
[34m[1mval: [0m/data/sxq/datasets/orange_yolo/val/images/IMG_0117.jpg: corrupt JPEG restored and saved
[34m[1mval: [0m/data/sxq/datasets/orange_yolo/val/images/IMG_0120.jpg: corrupt JPEG restored and saved
[34m[1mval: [0m/data/sxq/datasets/orange_yolo/val/images/IMG_0121.jpg: corrupt JPEG restored and saved
[34m[1mval: [0m/data/sxq/datasets/orange_yolo/val/images/IMG_0128.jpg: corrupt JPEG restored and saved
[34m[1mval: [0m/data/sxq/datasets/orange_yolo/val/images/IMG_0129.jpg: corrupt JPEG restored and saved
[34m[1mval: [0m/data/sxq/datasets/orange_yolo/val/images/IMG_0131.jpg: corrupt JPEG restored and saved
[34m[1mval: [0m/data/sxq/datasets/orange_yolo/val/images/IMG_0693.jpg: corrupt JPEG restored and saved
[34m[1mval: [0m/data/sxq/datasets/orange_yolo/val/images/IMG_0696.jpg: corrupt JPEG restored and saved
[34m[1mval: [0m/data/sxq/datasets/orange_yolo/val/images/IMG_0699.jpg: corrupt JPEG restored and saved
[34m[1mval: [0m/data/sxq/datasets/orange_yolo/val/images/IMG_0703.jpg: corrupt JPEG restored and saved
[34m[1mval: [0m/data/sxq/datasets/orange_yolo/val/images/IMG_0705.jpg: corrupt JPEG restored and saved
[34m[1mval: [0m/data/sxq/datasets/orange_yolo/val/images/IMG_0706.jpg: corrupt JPEG restored and saved
[34m[1mval: [0m/data/sxq/datasets/orange_yolo/val/images/IMG_0707.jpg: corrupt JPEG restored and saved
[34m[1mval: [0m/data/sxq/datasets/orange_yolo/val/images/IMG_0710.jpg: corrupt JPEG restored and saved
[34m[1mval: [0m/data/sxq/datasets/orange_yolo/val/images/IMG_0714.jpg: corrupt JPEG restored and saved
[34m[1mval: [0m/data/sxq/datasets/orange_yolo/val/images/IMG_0723.jpg: corrupt JPEG restored and saved
[34m[1mval: [0m/data/sxq/datasets/orange_yolo/val/images/IMG_0725.jpg: corrupt JPEG restored and saved
[34m[1mval: [0m/data/sxq/datasets/orange_yolo/val/images/IMG_0727.jpg: corrupt JPEG restored and saved
[34m[1mval: [0m/data/sxq/datasets/orange_yolo/val/images/IMG_0729.jpg: corrupt JPEG restored and saved
[34m[1mval: [0m/data/sxq/datasets/orange_yolo/val/images/IMG_0732.jpg: corrupt JPEG restored and saved
[34m[1mval: [0m/data/sxq/datasets/orange_yolo/val/images/IMG_0740.jpg: corrupt JPEG restored and saved
[34m[1mval: [0m/data/sxq/datasets/orange_yolo/val/images/IMG_0741.jpg: corrupt JPEG restored and saved
[34m[1mval: [0m/data/sxq/datasets/orange_yolo/val/images/IMG_0751.jpg: corrupt JPEG restored and saved
[34m[1mval: [0m/data/sxq/datasets/orange_yolo/val/images/IMG_0752.jpg: corrupt JPEG restored and saved
[34m[1mval: [0m/data/sxq/datasets/orange_yolo/val/images/IMG_0754.jpg: corrupt JPEG restored and saved
[34m[1mval: [0m/data/sxq/datasets/orange_yolo/val/images/IMG_0755.jpg: corrupt JPEG restored and saved
[34m[1mval: [0m/data/sxq/datasets/orange_yolo/val/images/IMG_0768.jpg: corrupt JPEG restored and saved
[34m[1mval: [0m/data/sxq/datasets/orange_yolo/val/images/IMG_0770.jpg: corrupt JPEG restored and saved
[34m[1mval: [0m/data/sxq/datasets/orange_yolo/val/images/IMG_0773.jpg: corrupt JPEG restored and saved
[34m[1mval: [0m/data/sxq/datasets/orange_yolo/val/images/IMG_0785.jpg: corrupt JPEG restored and saved
[34m[1mval: [0m/data/sxq/datasets/orange_yolo/val/images/IMG_0792.jpg: corrupt JPEG restored and saved
[34m[1mval: [0m/data/sxq/datasets/orange_yolo/val/images/IMG_0799.jpg: corrupt JPEG restored and saved
[34m[1mval: [0m/data/sxq/datasets/orange_yolo/val/images/IMG_0804.jpg: corrupt JPEG restored and saved
[34m[1mval: [0m/data/sxq/datasets/orange_yolo/val/images/IMG_0808.jpg: corrupt JPEG restored and saved
[34m[1mval: [0m/data/sxq/datasets/orange_yolo/val/images/IMG_0814.jpg: corrupt JPEG restored and saved
[34m[1mval: [0m/data/sxq/datasets/orange_yolo/val/images/IMG_0815.jpg: corrupt JPEG restored and saved
[34m[1mval: [0m/data/sxq/datasets/orange_yolo/val/images/IMG_0819.jpg: corrupt JPEG restored and saved
[34m[1mval: [0m/data/sxq/datasets/orange_yolo/val/images/IMG_0852.jpg: corrupt JPEG restored and saved
[34m[1mval: [0m/data/sxq/datasets/orange_yolo/val/images/IMG_0853.jpg: corrupt JPEG restored and saved
[34m[1mval: [0m/data/sxq/datasets/orange_yolo/val/images/IMG_0863.jpg: corrupt JPEG restored and saved
[34m[1mval: [0m/data/sxq/datasets/orange_yolo/val/images/IMG_0865.jpg: corrupt JPEG restored and saved
[34m[1mval: [0m/data/sxq/datasets/orange_yolo/val/images/IMG_0866.jpg: corrupt JPEG restored and saved
[34m[1mval: [0m/data/sxq/datasets/orange_yolo/val/images/IMG_0869.jpg: corrupt JPEG restored and saved
[34m[1mval: [0m/data/sxq/datasets/orange_yolo/val/images/IMG_0871.jpg: corrupt JPEG restored and saved
[34m[1mval: [0m/data/sxq/datasets/orange_yolo/val/images/IMG_0873.jpg: corrupt JPEG restored and saved
[34m[1mval: [0m/data/sxq/datasets/orange_yolo/val/images/IMG_0878.jpg: corrupt JPEG restored and saved
[34m[1mval: [0m/data/sxq/datasets/orange_yolo/val/images/IMG_0880.jpg: corrupt JPEG restored and saved
[34m[1mval: [0m/data/sxq/datasets/orange_yolo/val/images/IMG_0881.jpg: corrupt JPEG restored and saved
[34m[1mval: [0m/data/sxq/datasets/orange_yolo/val/images/IMG_0883.jpg: corrupt JPEG restored and saved
[34m[1mval: [0m/data/sxq/datasets/orange_yolo/val/images/IMG_0915.jpg: corrupt JPEG restored and saved
[34m[1mval: [0m/data/sxq/datasets/orange_yolo/val/images/IMG_0916.jpg: corrupt JPEG restored and saved
[34m[1mval: [0m/data/sxq/datasets/orange_yolo/val/images/IMG_0934.jpg: corrupt JPEG restored and saved
[34m[1mval: [0m/data/sxq/datasets/orange_yolo/val/images/IMG_0941.jpg: corrupt JPEG restored and saved
[34m[1mval: [0m/data/sxq/datasets/orange_yolo/val/images/IMG_0942.jpg: corrupt JPEG restored and saved
[34m[1mval: [0m/data/sxq/datasets/orange_yolo/val/images/IMG_0947.jpg: corrupt JPEG restored and saved
[34m[1mval: [0m/data/sxq/datasets/orange_yolo/val/images/IMG_0948.jpg: corrupt JPEG restored and saved
[34m[1mval: [0m/data/sxq/datasets/orange_yolo/val/images/IMG_0961.jpg: corrupt JPEG restored and saved
[34m[1moptimizer:[0m AdamW(lr=0.01, momentum=0.937) with parameter groups 92 weight(decay=0.0), 106 weight(decay=0.0005), 105 bias(decay=0.0)
Plotting labels to /data/sxq/results/000_anyothers/F50_yolo11-seg-lce_3ep/labels.jpg... 
Image sizes 640 train, 640 val
Using 4 dataloader workers
Logging results to [1m/data/sxq/results/000_anyothers/F50_yolo11-seg-lce_3ep[0m
Starting training for 3 epochs...

      Epoch    GPU_mem   box_loss   seg_loss   cls_loss   dfl_loss   sem_loss  Instances       Size

[K        1/3      2.55G      6.629      6.207      7.191      4.173          0          4        640: 0% ──────────── 0/169  2.1s
[K        1/3      2.58G      4.876       6.06      5.884      4.196          0          4        640: 1% ──────────── 1/169 1.2it/s 2.4s<2:18
[K        1/3      2.58G       4.65      6.613       5.32      4.184          0          4        640: 1% ──────────── 2/169 2.3it/s 2.6s<1:14
[K        1/3      2.58G      5.093      6.391       5.21      4.131          0          4        640: 2% ──────────── 3/169 3.0it/s 2.8s<55.6s
[K        1/3      2.58G      5.152      6.545      5.002      4.106          0          4        640: 2% ──────────── 4/169 4.0it/s 2.9s<41.5s
[K        1/3      2.58G       5.18      6.316      4.959      4.081          0          4        640: 3% ──────────── 5/169 4.7it/s 3.1s<35.0s
[K        1/3      2.58G       4.88      7.128      4.842      4.068          0          4        640: 4% ──────────── 6/169 5.0it/s 3.3s<32.5s
[K        1/3      2.58G      4.759      7.444      4.741      4.053          0          4        640: 4% ──────────── 7/169 5.4it/s 3.4s<30.2s
[K        1/3      2.58G      4.569      7.264      4.685      4.032          0          4        640: 5% ╸─────────── 8/169 5.3it/s 3.6s<30.1s
[K        1/3      2.59G      4.555      7.066       4.65      4.019          0          4        640: 5% ╸─────────── 9/169 5.4it/s 3.8s<29.7s
[K        1/3      2.59G      4.527      6.856      4.586      3.984          0          4        640: 6% ╸─────────── 10/169 4.9it/s 4.1s<32.7s
[K        1/3      2.59G      4.506      6.668      4.526      3.949          0          4        640: 7% ╸─────────── 11/169 4.9it/s 4.3s<32.5s
[K        1/3      2.59G      4.455      6.542      4.455      3.915          0          4        640: 7% ╸─────────── 12/169 5.2it/s 4.5s<30.4s
[K        1/3      2.59G      4.446      6.451      4.399      3.885          0          4        640: 8% ╸─────────── 13/169 5.1it/s 4.7s<30.4s
[K        1/3      2.59G      4.527      6.386      4.357      3.849          0          4        640: 8% ╸─────────── 14/169 5.2it/s 4.8s<29.8s
[K        1/3      2.59G      4.508      6.284      4.307      3.818          0          4        640: 9% ━─────────── 15/169 5.6it/s 5.0s<27.3s
[K        1/3      2.59G       4.46      6.226      4.249      3.777          0          4        640: 9% ━─────────── 16/169 5.6it/s 5.2s<27.3s
[K        1/3      2.59G      4.391      6.164        4.2       3.76          0          4        640: 10% ━─────────── 17/169 6.5it/s 5.3s<23.3s
[K        1/3      2.59G      4.458      6.104      4.172      3.728          0          4        640: 11% ━─────────── 18/169 6.0it/s 5.5s<25.2s
[K        1/3      2.59G        4.4      6.119      4.162      3.713          0          4        640: 11% ━─────────── 19/169 6.7it/s 5.6s<22.3s
[K        1/3      2.59G      4.424        6.1       4.12      3.687          0          4        640: 12% ━─────────── 20/169 6.2it/s 5.8s<24.1s
[K        1/3      2.59G      4.398      6.082      4.095      3.657          0          4        640: 12% ━─────────── 21/169 7.0it/s 5.9s<21.2s
[K        1/3      2.59G      4.388      6.013      4.089      3.624          0          4        640: 13% ━╸────────── 22/169 6.8it/s 6.1s<21.8s
[K        1/3      2.59G       4.34      5.976      4.067      3.598          0          4        640: 14% ━╸────────── 23/169 7.1it/s 6.2s<20.5s
[K        1/3      2.59G      4.331      5.966      4.061       3.57          0          4        640: 14% ━╸────────── 24/169 6.6it/s 6.4s<22.0s
[K        1/3      2.59G      4.321      5.935      4.093      3.557          0          4        640: 15% ━╸────────── 25/169 6.7it/s 6.6s<21.5s
[K        1/3      2.59G      4.319       5.91       4.08      3.543          0          4        640: 15% ━╸────────── 26/169 6.2it/s 6.8s<23.2s
[K        1/3      2.59G       4.29       5.87      4.114      3.529          0          4        640: 16% ━╸────────── 27/169 6.3it/s 6.9s<22.6s
[K        1/3      2.59G      4.287       5.83      4.093      3.511          0          4        640: 17% ━╸────────── 28/169 5.9it/s 7.1s<23.7s
[K        1/3      2.59G      4.293      5.843      4.141      3.496          0          4        640: 17% ━━────────── 29/169 6.6it/s 7.2s<21.1s
[K        1/3      2.59G      4.275      5.805       4.13      3.476          0          4        640: 18% ━━────────── 30/169 6.2it/s 7.4s<22.4s
[K        1/3      2.59G      4.259      5.762      4.156      3.461          0          4        640: 18% ━━────────── 31/169 6.9it/s 7.5s<20.0s
[K        1/3      2.59G      4.271      5.746      4.133      3.446          0          4        640: 19% ━━────────── 32/169 6.6it/s 7.7s<20.8s
[K        1/3      2.59G      4.265      5.707      4.116      3.447          0          4        640: 20% ━━────────── 33/169 7.1it/s 7.8s<19.0s
[K        1/3      2.59G      4.263      5.669      4.101      3.435          0          4        640: 20% ━━────────── 34/169 6.8it/s 8.0s<19.8s
[K        1/3      2.59G      4.253      5.643      4.089      3.426          0          4        640: 21% ━━────────── 35/169 6.6it/s 8.2s<20.3s
[K        1/3      2.59G      4.268      5.614      4.075      3.417          0          4        640: 21% ━━╸───────── 36/169 6.5it/s 8.3s<20.4s
[K        1/3      2.59G      4.257      5.587      4.065      3.409          0          4        640: 22% ━━╸───────── 37/169 6.8it/s 8.4s<19.4s
[K        1/3      2.59G      4.243      5.578      4.065      3.396          0          4        640: 22% ━━╸───────── 38/169 6.1it/s 8.7s<21.6s
[K        1/3      2.59G      4.234      5.554      4.056      3.376          0          4        640: 23% ━━╸───────── 39/169 5.8it/s 8.9s<22.6s
[K        1/3      2.59G       4.23      5.528       4.05      3.367          0          4        640: 24% ━━╸───────── 40/169 5.0it/s 9.2s<25.5s
[K        1/3      2.59G      4.215      5.492      4.044      3.348          0          4        640: 24% ━━╸───────── 41/169 5.4it/s 9.3s<23.6s
[K        1/3      2.59G      4.206      5.473      4.045      3.343          0          4        640: 25% ━━╸───────── 42/169 5.3it/s 9.5s<23.8s
[K        1/3      2.59G      4.203      5.453      4.036      3.327          0          4        640: 25% ━━━───────── 43/169 5.6it/s 9.7s<22.5s
[K        1/3      2.59G      4.193      5.427       4.03      3.319          0          4        640: 26% ━━━───────── 44/169 5.3it/s 9.9s<23.7s
[K        1/3      2.59G      4.178      5.405       4.02      3.311          0          4        640: 27% ━━━───────── 45/169 5.6it/s 10.1s<22.3s
[K        1/3      2.59G      4.169      5.388      4.008      3.299          0          4        640: 27% ━━━───────── 46/169 5.8it/s 10.2s<21.3s
[K        1/3      2.59G      4.168      5.373      3.998      3.299          0          4        640: 28% ━━━───────── 47/169 5.9it/s 10.4s<20.6s
[K        1/3      2.59G      4.164      5.372      3.987      3.285          0          4        640: 28% ━━━───────── 48/169 5.9it/s 10.6s<20.4s
[K        1/3      2.59G      4.146      5.349      3.974      3.274          0          4        640: 29% ━━━───────── 49/169 5.8it/s 10.7s<20.6s
[K        1/3      2.59G      4.133      5.337      3.966      3.263          0          4        640: 30% ━━━╸──────── 50/169 5.2it/s 11.0s<23.0s
[K        1/3      2.59G      4.131      5.314      3.962       3.26          0          4        640: 30% ━━━╸──────── 51/169 6.0it/s 11.1s<19.8s
[K        1/3      2.59G      4.127      5.303      3.958      3.253          0          4        640: 31% ━━━╸──────── 52/169 6.8it/s 11.2s<17.2s
[K        1/3      2.59G      4.123      5.297       3.95      3.247          0          4        640: 31% ━━━╸──────── 53/169 6.1it/s 11.5s<19.2s
[K        1/3      2.59G       4.11      5.281       3.94      3.241          0          4        640: 32% ━━━╸──────── 54/169 6.3it/s 11.6s<18.2s
[K        1/3      2.59G      4.107      5.269      3.932      3.234          0          4        640: 33% ━━━╸──────── 55/169 6.4it/s 11.8s<17.8s
[K        1/3      2.59G      4.104      5.258      3.929      3.232          0          4        640: 33% ━━━╸──────── 56/169 6.0it/s 12.0s<18.8s
[K        1/3      2.59G      4.098      5.246      3.921      3.224          0          4        640: 34% ━━━━──────── 57/169 6.5it/s 12.1s<17.3s
[K        1/3      2.59G      4.088      5.232      3.916      3.215          0          4        640: 34% ━━━━──────── 58/169 7.1it/s 12.2s<15.7s
[K        1/3      2.59G      4.089      5.226      3.919       3.21          0          4        640: 35% ━━━━──────── 59/169 6.4it/s 12.4s<17.2s
[K        1/3      2.59G       4.09      5.216      3.911      3.204          0          4        640: 36% ━━━━──────── 60/169 7.1it/s 12.5s<15.4s
[K        1/3      2.59G      4.082      5.203      3.903      3.192          0          4        640: 36% ━━━━──────── 61/169 6.8it/s 12.7s<15.8s
[K        1/3      2.59G      4.074      5.196      3.889      3.189          0          4        640: 37% ━━━━──────── 62/169 6.5it/s 12.9s<16.4s
[K        1/3      2.59G      4.071      5.182      3.876      3.184          0          4        640: 37% ━━━━──────── 63/169 7.0it/s 13.0s<15.2s
[K        1/3      2.59G      4.064      5.177      3.876      3.173          0          4        640: 38% ━━━━╸─────── 64/169 6.3it/s 13.2s<16.8s
[K        1/3      2.59G      4.056      5.167      3.875      3.168          0          4        640: 38% ━━━━╸─────── 65/169 5.5it/s 13.5s<18.8s
[K        1/3      2.59G      4.042      5.146      3.871      3.162          0          4        640: 39% ━━━━╸─────── 66/169 6.7it/s 13.6s<15.5s
[K        1/3      2.59G      4.036      5.135      3.861      3.153          0          4        640: 40% ━━━━╸─────── 67/169 6.6it/s 13.7s<15.4s
[K        1/3      2.59G      4.033       5.13      3.857      3.146          0          4        640: 40% ━━━━╸─────── 68/169 6.0it/s 14.0s<16.9s
[K        1/3      2.59G       4.02      5.122      3.847       3.14          0          4        640: 41% ━━━━╸─────── 69/169 5.9it/s 14.1s<16.8s
[K        1/3      2.59G      4.009      5.111      3.842      3.138          0          4        640: 41% ━━━━╸─────── 70/169 6.6it/s 14.3s<15.1s
[K        1/3      2.59G      3.996      5.098      3.832      3.129          0          4        640: 42% ━━━━━─────── 71/169 6.0it/s 14.5s<16.3s
[K        1/3      2.59G      3.992      5.089       3.82       3.12          0          4        640: 43% ━━━━━─────── 72/169 6.5it/s 14.6s<15.0s
[K        1/3      2.59G      3.981      5.082      3.817      3.116          0          4        640: 43% ━━━━━─────── 73/169 6.8it/s 14.7s<14.0s
[K        1/3      2.59G      3.972      5.072      3.832       3.11          0          4        640: 44% ━━━━━─────── 74/169 5.9it/s 15.0s<16.1s
[K        1/3      2.59G      3.964      5.067      3.826      3.105          0          4        640: 44% ━━━━━─────── 75/169 6.6it/s 15.1s<14.2s
[K        1/3      2.59G       3.96      5.059      3.816      3.097          0          4        640: 45% ━━━━━─────── 76/169 7.0it/s 15.2s<13.3s
[K        1/3      2.59G      3.956      5.059      3.807       3.09          0          4        640: 46% ━━━━━─────── 77/169 6.2it/s 15.5s<14.9s
[K        1/3      2.59G      3.945      5.051      3.799      3.082          0          4        640: 46% ━━━━━╸────── 78/169 6.8it/s 15.6s<13.4s
[K        1/3      2.59G      3.938      5.043      3.791      3.075          0          4        640: 47% ━━━━━╸────── 79/169 6.5it/s 15.8s<13.8s
[K        1/3      2.59G      3.928       5.04      3.785      3.068          0          4        640: 47% ━━━━━╸────── 80/169 5.7it/s 16.0s<15.6s
[K        1/3      2.59G       3.92      5.036       3.78      3.063          0          4        640: 48% ━━━━━╸────── 81/169 6.5it/s 16.2s<13.5s
[K        1/3      2.59G      3.909       5.03      3.772      3.056          0          4        640: 49% ━━━━━╸────── 82/169 6.8it/s 16.3s<12.7s
[K        1/3      2.59G      3.899      5.025      3.766      3.048          0          4        640: 49% ━━━━━╸────── 83/169 5.9it/s 16.6s<14.5s
[K        1/3      2.59G      3.894      5.022      3.758       3.04          0          4        640: 50% ━━━━━╸────── 84/169 6.7it/s 16.7s<12.6s
[K        1/3      2.59G      3.883      5.013       3.75      3.035          0          4        640: 50% ━━━━━━────── 85/169 7.2it/s 16.8s<11.7s
[K        1/3      2.59G      3.873      5.003      3.743      3.028          0          4        640: 51% ━━━━━━────── 86/169 7.2it/s 16.9s<11.6s
[K        1/3      2.59G       3.87      4.996      3.736      3.024          0          4        640: 51% ━━━━━━────── 87/169 6.3it/s 17.2s<13.1s
[K        1/3      2.59G      3.862      4.985      3.737       3.02          0          4        640: 52% ━━━━━━────── 88/169 6.2it/s 17.3s<13.1s
[K        1/3      2.59G      3.852      4.976      3.729      3.012          0          4        640: 53% ━━━━━━────── 89/169 7.0it/s 17.5s<11.5s
[K        1/3      2.59G      3.842      4.962      3.724      3.009          0          4        640: 53% ━━━━━━────── 90/169 7.0it/s 17.6s<11.3s
[K        1/3      2.59G      3.837      4.955      3.719      3.005          0          4        640: 54% ━━━━━━────── 91/169 6.6it/s 17.8s<11.8s
[K        1/3      2.59G      3.827      4.943      3.712      3.005          0          4        640: 54% ━━━━━━╸───── 92/169 6.6it/s 17.9s<11.7s
[K        1/3      2.59G      3.819      4.941      3.701      2.999          0          4        640: 55% ━━━━━━╸───── 93/169 7.1it/s 18.0s<10.8s
[K        1/3      2.59G      3.813      4.931      3.692       2.99          0          4        640: 56% ━━━━━━╸───── 94/169 6.6it/s 18.2s<11.4s
[K        1/3      2.59G      3.809      4.926       3.68      2.985          0          4        640: 56% ━━━━━━╸───── 95/169 5.8it/s 18.5s<12.8s
[K        1/3      2.59G      3.802      4.919      3.677      2.982          0          4        640: 57% ━━━━━━╸───── 96/169 6.5it/s 18.6s<11.3s
[K        1/3      2.59G      3.793      4.912      3.669      2.974          0          4        640: 57% ━━━━━━╸───── 97/169 7.1it/s 18.7s<10.2s
[K        1/3      2.59G      3.787      4.904      3.661      2.969          0          4        640: 58% ━━━━━━╸───── 98/169 7.9it/s 18.8s<9.0s
[K        1/3      2.59G      3.783        4.9      3.655      2.966          0          4        640: 59% ━━━━━━━───── 99/169 6.7it/s 19.1s<10.5s
[K        1/3      2.59G      3.777      4.891       3.65      2.962          0          4        640: 59% ━━━━━━━───── 100/169 6.3it/s 19.3s<10.9s
[K        1/3      2.59G      3.767      4.887       3.64      2.954          0          4        640: 60% ━━━━━━━───── 101/169 6.5it/s 19.4s<10.4s
[K        1/3      2.59G      3.765      4.881      3.638      2.952          0          4        640: 60% ━━━━━━━───── 102/169 6.6it/s 19.6s<10.1s
[K        1/3      2.59G      3.767      4.876      3.638       2.95          0          4        640: 61% ━━━━━━━───── 103/169 6.0it/s 19.8s<11.0s
[K        1/3      2.59G      3.761      4.867      3.629      2.946          0          4        640: 62% ━━━━━━━───── 104/169 6.4it/s 19.9s<10.2s
[K        1/3      2.59G      3.756      4.868      3.621      2.938          0          4        640: 62% ━━━━━━━───── 105/169 6.1it/s 20.1s<10.6s
[K        1/3      2.59G      3.749      4.865      3.614      2.933          0          4        640: 63% ━━━━━━━╸──── 106/169 6.9it/s 20.2s<9.1s
[K        1/3      2.59G      3.751       4.86      3.608      2.932          0          4        640: 63% ━━━━━━━╸──── 107/169 6.0it/s 20.5s<10.4s
[K        1/3      2.59G      3.741      4.854      3.601      2.927          0          4        640: 64% ━━━━━━━╸──── 108/169 5.9it/s 20.7s<10.3s
[K        1/3      2.59G      3.734      4.846      3.595      2.921          0          4        640: 64% ━━━━━━━╸──── 109/169 6.1it/s 20.8s<9.9s
[K        1/3      2.59G      3.729      4.839      3.586      2.918          0          4        640: 65% ━━━━━━━╸──── 110/169 6.4it/s 20.9s<9.2s
[K        1/3      2.59G      3.719      4.834      3.578      2.912          0          4        640: 66% ━━━━━━━╸──── 111/169 5.8it/s 21.2s<10.0s
[K        1/3      2.59G      3.716      4.829      3.577      2.912          0          4        640: 66% ━━━━━━━╸──── 112/169 5.7it/s 21.4s<10.0s
[K        1/3      2.59G      3.709      4.824      3.568      2.906          0          4        640: 67% ━━━━━━━━──── 113/169 6.2it/s 21.5s<9.0s
[K        1/3      2.59G       3.71       4.82      3.568      2.907          0          4        640: 67% ━━━━━━━━──── 114/169 5.9it/s 21.7s<9.3s
[K        1/3      2.59G      3.701      4.807      3.561      2.899          0          4        640: 68% ━━━━━━━━──── 115/169 5.2it/s 22.0s<10.5s
[K        1/3      2.59G      3.697      4.801      3.558      2.896          0          4        640: 69% ━━━━━━━━──── 116/169 5.2it/s 22.2s<10.1s
[K        1/3      2.59G      3.694      4.797      3.554       2.89          0          4        640: 69% ━━━━━━━━──── 117/169 6.1it/s 22.3s<8.5s
[K        1/3      2.59G      3.688      4.791      3.549      2.885          0          4        640: 70% ━━━━━━━━──── 118/169 6.0it/s 22.5s<8.5s
[K        1/3      2.59G      3.681      4.783      3.544      2.879          0          4        640: 70% ━━━━━━━━──── 119/169 5.8it/s 22.6s<8.6s
[K        1/3      2.59G      3.676      4.779       3.54      2.875          0          4        640: 71% ━━━━━━━━╸─── 120/169 5.4it/s 22.9s<9.0s
[K        1/3      2.59G      3.674      4.772      3.537      2.872          0          4        640: 72% ━━━━━━━━╸─── 121/169 6.2it/s 23.0s<7.7s
[K        1/3      2.59G      3.669      4.767      3.533      2.867          0          4        640: 72% ━━━━━━━━╸─── 122/169 6.0it/s 23.2s<7.8s
[K        1/3      2.59G      3.663      4.761      3.529      2.862          0          4        640: 73% ━━━━━━━━╸─── 123/169 6.8it/s 23.3s<6.8s
[K        1/3      2.59G      3.654      4.751      3.521      2.856          0          4        640: 73% ━━━━━━━━╸─── 124/169 7.1it/s 23.4s<6.3s
[K        1/3      2.59G       3.65       4.75      3.516      2.852          0          4        640: 74% ━━━━━━━━╸─── 125/169 6.6it/s 23.6s<6.7s
[K        1/3      2.59G      3.646      4.746      3.512      2.847          0          4        640: 75% ━━━━━━━━╸─── 126/169 6.2it/s 23.8s<6.9s
[K        1/3      2.59G       3.64       4.74      3.506       2.84          0          4        640: 75% ━━━━━━━━━─── 127/169 6.3it/s 23.9s<6.6s
[K        1/3      2.59G      3.633      4.731      3.512      2.835          0          4        640: 76% ━━━━━━━━━─── 128/169 6.8it/s 24.1s<6.0s
[K        1/3      2.59G      3.627      4.729      3.512       2.83          0          4        640: 76% ━━━━━━━━━─── 129/169 6.8it/s 24.2s<5.9s
[K        1/3      2.59G      3.621       4.72      3.509      2.827          0          4        640: 77% ━━━━━━━━━─── 130/169 6.3it/s 24.4s<6.2s
[K        1/3      2.59G      3.617      4.713      3.502      2.824          0          4        640: 78% ━━━━━━━━━─── 131/169 6.9it/s 24.5s<5.5s
[K        1/3      2.59G      3.611      4.701      3.494      2.822          0          4        640: 78% ━━━━━━━━━─── 132/169 7.4it/s 24.6s<5.0s
[K        1/3      2.59G      3.608      4.699       3.49      2.816          0          4        640: 79% ━━━━━━━━━─── 133/169 7.5it/s 24.8s<4.8s
[K        1/3      2.59G      3.604      4.694      3.496      2.815          0          4        640: 79% ━━━━━━━━━╸── 134/169 7.0it/s 24.9s<5.0s
[K        1/3      2.59G        3.6      4.688      3.493      2.813          0          4        640: 80% ━━━━━━━━━╸── 135/169 6.4it/s 25.1s<5.3s
[K        1/3      2.59G      3.595      4.682      3.487      2.808          0          4        640: 80% ━━━━━━━━━╸── 136/169 7.1it/s 25.3s<4.6s
[K        1/3      2.59G      3.588      4.677      3.481      2.802          0          4        640: 81% ━━━━━━━━━╸── 137/169 7.1it/s 25.4s<4.5s
[K        1/3      2.59G      3.585      4.677      3.477      2.798          0          4        640: 82% ━━━━━━━━━╸── 138/169 7.0it/s 25.5s<4.4s
[K        1/3      2.59G      3.575      4.668      3.471      2.793          0          4        640: 82% ━━━━━━━━━╸── 139/169 7.1it/s 25.7s<4.2s
[K        1/3      2.59G      3.572      4.665      3.466      2.788          0          4        640: 83% ━━━━━━━━━╸── 140/169 6.3it/s 25.9s<4.6s
[K        1/3      2.59G      3.568      4.659      3.469      2.787          0          4        640: 83% ━━━━━━━━━━── 141/169 6.3it/s 26.1s<4.5s
[K        1/3      2.59G      3.561      4.655      3.461      2.782          0          4        640: 84% ━━━━━━━━━━── 142/169 6.9it/s 26.2s<3.9s
[K        1/3      2.59G      3.553      4.652      3.455      2.778          0          4        640: 85% ━━━━━━━━━━── 143/169 7.5it/s 26.3s<3.5s
[K        1/3      2.59G      3.547      4.646      3.446      2.775          0          4        640: 85% ━━━━━━━━━━── 144/169 7.2it/s 26.5s<3.5s
[K        1/3      2.59G      3.542      4.641      3.441      2.771          0          4        640: 86% ━━━━━━━━━━── 145/169 6.6it/s 26.6s<3.6s
[K        1/3      2.59G      3.537      4.635      3.434      2.767          0          4        640: 86% ━━━━━━━━━━── 146/169 6.1it/s 26.8s<3.8s
[K        1/3      2.59G      3.533      4.634      3.431      2.762          0          4        640: 87% ━━━━━━━━━━── 147/169 5.7it/s 27.1s<3.8s
[K        1/3      2.59G      3.531      4.628      3.429       2.76          0          4        640: 88% ━━━━━━━━━━╸─ 148/169 6.3it/s 27.2s<3.3s
[K        1/3      2.59G      3.528      4.625      3.425      2.757          0          4        640: 88% ━━━━━━━━━━╸─ 149/169 6.8it/s 27.3s<2.9s
[K        1/3      2.59G      3.524      4.622      3.417      2.756          0          4        640: 89% ━━━━━━━━━━╸─ 150/169 6.1it/s 27.5s<3.1s
[K        1/3      2.59G      3.516      4.618      3.409       2.75          0          4        640: 89% ━━━━━━━━━━╸─ 151/169 6.8it/s 27.6s<2.7s
[K        1/3      2.59G       3.51      4.611      3.401      2.744          0          4        640: 90% ━━━━━━━━━━╸─ 152/169 7.3it/s 27.8s<2.3s
[K        1/3      2.59G      3.507      4.608      3.397      2.742          0          4        640: 91% ━━━━━━━━━━╸─ 153/169 7.5it/s 27.9s<2.1s
[K        1/3      2.59G      3.498      4.605      3.389      2.737          0          4        640: 91% ━━━━━━━━━━╸─ 154/169 7.4it/s 28.0s<2.0s
[K        1/3      2.59G      3.493      4.599      3.382      2.731          0          4        640: 92% ━━━━━━━━━━━─ 155/169 7.7it/s 28.1s<1.8s
[K        1/3      2.59G      3.487      4.595      3.374      2.729          0          4        640: 92% ━━━━━━━━━━━─ 156/169 6.7it/s 28.4s<1.9s
[K        1/3      2.59G      3.487      4.593       3.37      2.727          0          4        640: 93% ━━━━━━━━━━━─ 157/169 6.7it/s 28.5s<1.8s
[K        1/3      2.59G      3.484      4.591      3.367      2.724          0          4        640: 93% ━━━━━━━━━━━─ 158/169 6.4it/s 28.7s<1.7s
[K        1/3      2.59G      3.479      4.586       3.36       2.72          0          4        640: 94% ━━━━━━━━━━━─ 159/169 6.8it/s 28.8s<1.5s
[K        1/3      2.59G      3.475      4.582      3.357      2.716          0          4        640: 95% ━━━━━━━━━━━─ 160/169 7.1it/s 29.0s<1.3s
[K        1/3      2.59G      3.471      4.578      3.353      2.712          0          4        640: 95% ━━━━━━━━━━━─ 161/169 7.4it/s 29.1s<1.1s
[K        1/3      2.59G      3.468      4.575      3.348      2.708          0          4        640: 96% ━━━━━━━━━━━╸ 162/169 6.9it/s 29.3s<1.0s
[K        1/3      2.59G      3.459      4.565      3.342      2.702          0          4        640: 96% ━━━━━━━━━━━╸ 163/169 6.3it/s 29.5s<1.0s
[K        1/3      2.59G      3.455       4.56      3.336      2.697          0          4        640: 97% ━━━━━━━━━━━╸ 164/169 6.8it/s 29.6s<0.7s
[K        1/3      2.59G      3.452      4.561      3.332      2.693          0          4        640: 98% ━━━━━━━━━━━╸ 165/169 6.9it/s 29.7s<0.6s
[K        1/3      2.59G      3.446      4.553      3.327      2.688          0          4        640: 98% ━━━━━━━━━━━╸ 166/169 7.2it/s 29.8s<0.4s
[K        1/3      2.59G      3.443      4.547      3.323      2.687          0          4        640: 99% ━━━━━━━━━━━╸ 167/169 7.6it/s 30.0s<0.3s
[K        1/3      2.59G       3.44      4.545      3.318      2.682          0          4        640: 99% ━━━━━━━━━━━╸ 168/169 6.9it/s 30.2s<0.1s
[K        1/3      2.59G       3.44      4.545      3.318      2.682          0          4        640: 100% ━━━━━━━━━━━━ 169/169 5.6it/s 30.2s

[K                 Class     Images  Instances      Box(P          R      mAP50  mAP50-95)     Mask(P          R      mAP50  mAP50-95): 4% ──────────── 1/25 2.4it/s 0.1s<10.1s
[K                 Class     Images  Instances      Box(P          R      mAP50  mAP50-95)     Mask(P          R      mAP50  mAP50-95): 12% ━─────────── 3/25 5.9it/s 0.3s<3.8s
[K                 Class     Images  Instances      Box(P          R      mAP50  mAP50-95)     Mask(P          R      mAP50  mAP50-95): 20% ━━────────── 5/25 8.7it/s 0.4s<2.3s
[K                 Class     Images  Instances      Box(P          R      mAP50  mAP50-95)     Mask(P          R      mAP50  mAP50-95): 28% ━━━───────── 7/25 10.3it/s 0.5s<1.8s
[K                 Class     Images  Instances      Box(P          R      mAP50  mAP50-95)     Mask(P          R      mAP50  mAP50-95): 32% ━━━╸──────── 8/25 9.4it/s 0.7s<1.8s
[K                 Class     Images  Instances      Box(P          R      mAP50  mAP50-95)     Mask(P          R      mAP50  mAP50-95): 40% ━━━━╸─────── 10/25 10.6it/s 0.8s<1.4s
[K                 Class     Images  Instances      Box(P          R      mAP50  mAP50-95)     Mask(P          R      mAP50  mAP50-95): 48% ━━━━━╸────── 12/25 11.5it/s 1.0s<1.1s
[K                 Class     Images  Instances      Box(P          R      mAP50  mAP50-95)     Mask(P          R      mAP50  mAP50-95): 56% ━━━━━━╸───── 14/25 11.8it/s 1.1s<0.9s
[K                 Class     Images  Instances      Box(P          R      mAP50  mAP50-95)     Mask(P          R      mAP50  mAP50-95): 64% ━━━━━━━╸──── 16/25 12.7it/s 1.3s<0.7s
[K                 Class     Images  Instances      Box(P          R      mAP50  mAP50-95)     Mask(P          R      mAP50  mAP50-95): 72% ━━━━━━━━╸─── 18/25 13.5it/s 1.4s<0.5s
[K                 Class     Images  Instances      Box(P          R      mAP50  mAP50-95)     Mask(P          R      mAP50  mAP50-95): 80% ━━━━━━━━━╸── 20/25 13.9it/s 1.5s<0.4s
[K                 Class     Images  Instances      Box(P          R      mAP50  mAP50-95)     Mask(P          R      mAP50  mAP50-95): 88% ━━━━━━━━━━╸─ 22/25 13.4it/s 1.7s<0.2s
[K                 Class     Images  Instances      Box(P          R      mAP50  mAP50-95)     Mask(P          R      mAP50  mAP50-95): 92% ━━━━━━━━━━━─ 23/25 10.4it/s 2.0s<0.2s
[K                 Class     Images  Instances      Box(P          R      mAP50  mAP50-95)     Mask(P          R      mAP50  mAP50-95): 96% ━━━━━━━━━━━╸ 24/25 8.4it/s 2.3s<0.1s
[K                 Class     Images  Instances      Box(P          R      mAP50  mAP50-95)     Mask(P          R      mAP50  mAP50-95): 100% ━━━━━━━━━━━━ 25/25 10.7it/s 2.3s
                   all        193       1049      0.378     0.0813     0.0739     0.0229      0.167     0.0315     0.0116    0.00209

      Epoch    GPU_mem   box_loss   seg_loss   cls_loss   dfl_loss   sem_loss  Instances       Size

[K        2/3      3.45G      2.817      3.921      2.518       2.23          0          4        640: 0% ──────────── 0/169  0.1s
[K        2/3      3.45G      2.773      4.133      2.535      2.033          0          4        640: 1% ──────────── 1/169 2.1it/s 0.3s<1:21
[K        2/3      3.45G      2.625      3.974      2.369      1.977          0          4        640: 1% ──────────── 2/169 3.9it/s 0.4s<43.3s
[K        2/3      3.45G      2.744      4.066      2.412       2.05          0          4        640: 2% ──────────── 3/169 4.6it/s 0.6s<35.9s
[K        2/3      3.45G      2.829      4.194      2.551      2.213          0          4        640: 2% ──────────── 4/169 5.0it/s 0.7s<32.8s
[K        2/3      3.45G      2.711       4.01      2.451      2.148          0          4        640: 3% ──────────── 5/169 5.2it/s 0.9s<31.3s
[K        2/3      3.45G      2.657      3.954      2.432      2.109          0          4        640: 4% ──────────── 6/169 5.3it/s 1.1s<30.6s
[K        2/3      3.45G      2.693      3.999      2.462      2.143          0          4        640: 4% ──────────── 7/169 5.3it/s 1.3s<30.8s
[K        2/3      3.45G      2.651      3.971       2.42      2.117          0          4        640: 5% ╸─────────── 8/169 5.8it/s 1.4s<27.9s
[K        2/3      3.45G      2.722      4.028       2.49      2.115          0          4        640: 5% ╸─────────── 9/169 6.2it/s 1.6s<25.7s
[K        2/3      3.45G      2.687      3.945      2.471       2.12          0          4        640: 6% ╸─────────── 10/169 6.6it/s 1.7s<24.2s
[K        2/3      3.45G      2.678      3.945      2.454      2.125          0          4        640: 7% ╸─────────── 11/169 5.8it/s 1.9s<27.3s
[K        2/3      3.45G      2.677       3.97      2.467       2.13          0          4        640: 7% ╸─────────── 12/169 5.8it/s 2.1s<26.9s
[K        2/3      3.45G      2.712      4.132      2.465       2.11          0          4        640: 8% ╸─────────── 13/169 5.8it/s 2.3s<27.0s
[K        2/3      3.45G      2.703      4.104      2.452      2.098          0          4        640: 8% ╸─────────── 14/169 5.6it/s 2.5s<27.6s
[K        2/3      3.45G      2.687      4.071      2.451      2.101          0          4        640: 9% ━─────────── 15/169 6.0it/s 2.6s<25.5s
[K        2/3      3.45G      2.703      4.099       2.49      2.113          0          4        640: 9% ━─────────── 16/169 6.6it/s 2.8s<23.2s
[K        2/3      3.45G      2.708      4.127      2.482      2.106          0          4        640: 10% ━─────────── 17/169 6.8it/s 2.9s<22.2s
[K        2/3      3.45G      2.733      4.118      2.486      2.132          0          4        640: 11% ━─────────── 18/169 5.8it/s 3.2s<25.8s
[K        2/3      3.45G      2.727      4.102      2.468      2.126          0          4        640: 11% ━─────────── 19/169 5.7it/s 3.4s<26.2s
[K        2/3      3.45G       2.74      4.103      2.471      2.113          0          4        640: 12% ━─────────── 20/169 6.0it/s 3.5s<24.7s
[K        2/3      3.45G      2.766      4.118      2.504      2.111          0          4        640: 12% ━─────────── 21/169 6.4it/s 3.6s<23.1s
[K        2/3      3.45G      2.757      4.127      2.499      2.117          0          4        640: 13% ━╸────────── 22/169 6.5it/s 3.8s<22.5s
[K        2/3      3.45G      2.775      4.126        2.5      2.121          0          4        640: 14% ━╸────────── 23/169 6.5it/s 3.9s<22.5s
[K        2/3      3.45G      2.774      4.126      2.501      2.123          0          4        640: 14% ━╸────────── 24/169 7.0it/s 4.1s<20.6s
[K        2/3      3.45G      2.776       4.15      2.497      2.117          0          4        640: 15% ━╸────────── 25/169 6.1it/s 4.3s<23.7s
[K        2/3      3.45G      2.773      4.144      2.491       2.11          0          4        640: 15% ━╸────────── 26/169 6.6it/s 4.4s<21.5s
[K        2/3      3.45G      2.769      4.133      2.483      2.103          0          4        640: 16% ━╸────────── 27/169 6.8it/s 4.6s<20.8s
[K        2/3      3.45G      2.763      4.128      2.477      2.111          0          4        640: 17% ━╸────────── 28/169 7.4it/s 4.7s<19.0s
[K        2/3      3.45G      2.763       4.12       2.47      2.116          0          4        640: 17% ━━────────── 29/169 6.7it/s 4.9s<20.8s
[K        2/3      3.45G      2.754      4.117      2.471      2.107          0          4        640: 18% ━━────────── 30/169 6.9it/s 5.0s<20.1s
[K        2/3      3.45G      2.766      4.116       2.47      2.113          0          4        640: 18% ━━────────── 31/169 6.6it/s 5.2s<21.0s
[K        2/3      3.45G      2.758      4.115      2.464      2.111          0          4        640: 19% ━━────────── 32/169 5.7it/s 5.5s<23.9s
[K        2/3      3.45G      2.752      4.106       2.46      2.116          0          4        640: 20% ━━────────── 33/169 6.4it/s 5.6s<21.3s
[K        2/3      3.45G      2.739      4.079      2.447      2.111          0          4        640: 20% ━━────────── 34/169 6.8it/s 5.7s<19.7s
[K        2/3      3.45G      2.737      4.083      2.444      2.104          0          4        640: 21% ━━────────── 35/169 7.2it/s 5.8s<18.7s
[K        2/3      3.45G       2.74      4.087      2.445      2.093          0          4        640: 21% ━━╸───────── 36/169 6.8it/s 6.0s<19.5s
[K        2/3      3.45G       2.74      4.076      2.439      2.096          0          4        640: 22% ━━╸───────── 37/169 7.3it/s 6.1s<18.1s
[K        2/3      3.45G      2.731      4.073      2.432      2.091          0          4        640: 22% ━━╸───────── 38/169 7.4it/s 6.3s<17.6s
[K        2/3      3.45G      2.723      4.069       2.42      2.085          0          4        640: 23% ━━╸───────── 39/169 6.9it/s 6.4s<18.7s
[K        2/3      3.45G      2.719      4.055       2.42      2.091          0          4        640: 24% ━━╸───────── 40/169 6.6it/s 6.6s<19.6s
[K        2/3      3.45G      2.708      4.047      2.417      2.082          0          4        640: 24% ━━╸───────── 41/169 6.3it/s 6.8s<20.2s
[K        2/3      3.45G      2.706      4.028       2.43      2.084          0          4        640: 25% ━━╸───────── 42/169 6.8it/s 6.9s<18.6s
[K        2/3      3.45G      2.694      4.014      2.421      2.082          0          4        640: 25% ━━━───────── 43/169 7.3it/s 7.0s<17.3s
[K        2/3      3.45G      2.694      4.012      2.424      2.081          0          4        640: 26% ━━━───────── 44/169 7.7it/s 7.1s<16.2s
[K        2/3      3.45G      2.685      4.004      2.426      2.085          0          4        640: 27% ━━━───────── 45/169 7.9it/s 7.3s<15.8s
[K        2/3      3.45G      2.682      3.999      2.423      2.084          0          4        640: 27% ━━━───────── 46/169 6.6it/s 7.5s<18.8s
[K        2/3      3.45G       2.68      3.992      2.423      2.086          0          4        640: 28% ━━━───────── 47/169 7.3it/s 7.7s<16.7s
[K        2/3      3.45G       2.67      3.969       2.42      2.082          0          4        640: 28% ━━━───────── 48/169 7.8it/s 7.8s<15.6s
[K        2/3      3.45G      2.669      3.959      2.428      2.078          0          4        640: 29% ━━━───────── 49/169 6.9it/s 8.0s<17.4s
[K        2/3      3.45G      2.673      3.956      2.435      2.075          0          4        640: 30% ━━━╸──────── 50/169 7.2it/s 8.1s<16.6s
[K        2/3      3.45G      2.676      3.961       2.43      2.071          0          4        640: 30% ━━━╸──────── 51/169 6.7it/s 8.3s<17.6s
[K        2/3      3.45G      2.672      3.959      2.428      2.069          0          4        640: 31% ━━━╸──────── 52/169 7.1it/s 8.4s<16.5s
[K        2/3      3.45G      2.674      3.974      2.433      2.071          0          4        640: 31% ━━━╸──────── 53/169 6.5it/s 8.6s<17.9s
[K        2/3      3.45G      2.674      3.975       2.43       2.07          0          4        640: 32% ━━━╸──────── 54/169 5.9it/s 8.8s<19.6s
[K        2/3      3.45G      2.675      3.968      2.431      2.065          0          4        640: 33% ━━━╸──────── 55/169 6.3it/s 9.0s<18.0s
[K        2/3      3.45G      2.667       3.96      2.431      2.063          0          4        640: 33% ━━━╸──────── 56/169 6.6it/s 9.1s<17.0s
[K        2/3      3.45G      2.657      3.944      2.428      2.066          0          4        640: 34% ━━━━──────── 57/169 6.4it/s 9.3s<17.5s
[K        2/3      3.45G      2.658      3.944       2.43      2.067          0          4        640: 34% ━━━━──────── 58/169 6.1it/s 9.5s<18.2s
[K        2/3      3.45G      2.654      3.933      2.424      2.063          0          4        640: 35% ━━━━──────── 59/169 6.0it/s 9.6s<18.3s
[K        2/3      3.45G      2.641       3.91       2.42      2.054          0          4        640: 36% ━━━━──────── 60/169 6.3it/s 9.8s<17.2s
[K        2/3      3.45G      2.634      3.891       2.42      2.055          0          4        640: 36% ━━━━──────── 61/169 6.8it/s 9.9s<15.9s
[K        2/3      3.45G      2.629      3.887      2.412      2.049          0          4        640: 37% ━━━━──────── 62/169 6.0it/s 10.1s<17.8s
[K        2/3      3.45G      2.639      3.886      2.421      2.059          0          4        640: 37% ━━━━──────── 63/169 6.1it/s 10.3s<17.3s
[K        2/3      3.45G      2.635      3.885      2.421      2.056          0          4        640: 38% ━━━━╸─────── 64/169 6.8it/s 10.4s<15.5s
[K        2/3      3.45G      2.643      3.885      2.426      2.053          0          4        640: 38% ━━━━╸─────── 65/169 7.2it/s 10.5s<14.4s
[K        2/3      3.45G      2.639      3.881       2.42      2.048          0          4        640: 39% ━━━━╸─────── 66/169 7.3it/s 10.7s<14.0s
[K        2/3      3.45G      2.637      3.872      2.414      2.047          0          4        640: 40% ━━━━╸─────── 67/169 7.4it/s 10.8s<13.7s
[K        2/3      3.45G      2.641      3.878      2.413      2.045          0          4        640: 40% ━━━━╸─────── 68/169 7.7it/s 10.9s<13.2s
[K        2/3      3.45G       2.64       3.88      2.413      2.042          0          4        640: 41% ━━━━╸─────── 69/169 7.0it/s 11.1s<14.3s
[K        2/3      3.45G      2.644      3.878      2.417      2.047          0          4        640: 41% ━━━━╸─────── 70/169 5.8it/s 11.4s<17.0s
[K        2/3      3.45G       2.64       3.87      2.414      2.045          0          4        640: 42% ━━━━━─────── 71/169 6.5it/s 11.6s<15.0s
[K        2/3      3.45G       2.64      3.866       2.41      2.043          0          4        640: 43% ━━━━━─────── 72/169 6.8it/s 11.7s<14.2s
[K        2/3      3.45G      2.639      3.866      2.414      2.047          0          4        640: 43% ━━━━━─────── 73/169 6.7it/s 11.8s<14.4s
[K        2/3      3.45G      2.635      3.863      2.409      2.047          0          4        640: 44% ━━━━━─────── 74/169 7.2it/s 12.0s<13.2s
[K        2/3      3.45G      2.633      3.862      2.406      2.045          0          4        640: 44% ━━━━━─────── 75/169 7.4it/s 12.1s<12.6s
[K        2/3      3.45G      2.625      3.851      2.399      2.041          0          4        640: 45% ━━━━━─────── 76/169 7.7it/s 12.2s<12.1s
[K        2/3      3.45G      2.619      3.847      2.396      2.037          0          4        640: 46% ━━━━━─────── 77/169 7.7it/s 12.3s<11.9s
[K        2/3      3.45G      2.618      3.853      2.392      2.034          0          4        640: 46% ━━━━━╸────── 78/169 7.2it/s 12.5s<12.7s
[K        2/3      3.45G      2.614      3.854      2.389      2.034          0          4        640: 47% ━━━━━╸────── 79/169 7.4it/s 12.6s<12.1s
[K        2/3      3.45G      2.614       3.86      2.387       2.03          0          4        640: 47% ━━━━━╸────── 80/169 6.9it/s 12.8s<12.9s
[K        2/3      3.45G      2.607      3.857      2.382      2.026          0          4        640: 48% ━━━━━╸────── 81/169 6.5it/s 13.0s<13.5s
[K        2/3      3.45G      2.606       3.85       2.38      2.028          0          4        640: 49% ━━━━━╸────── 82/169 5.7it/s 13.2s<15.1s
[K        2/3      3.45G      2.606      3.847       2.38      2.029          0          4        640: 49% ━━━━━╸────── 83/169 6.3it/s 13.4s<13.7s
[K        2/3      3.45G      2.606      3.848       2.38      2.029          0          4        640: 50% ━━━━━╸────── 84/169 5.8it/s 13.6s<14.6s
[K        2/3      3.45G      2.603      3.849      2.381      2.028          0          4        640: 50% ━━━━━━────── 85/169 6.4it/s 13.7s<13.2s
[K        2/3      3.45G      2.603      3.858      2.382      2.028          0          4        640: 51% ━━━━━━────── 86/169 6.6it/s 13.9s<12.5s
[K        2/3      3.45G      2.602      3.855      2.382      2.026          0          4        640: 51% ━━━━━━────── 87/169 6.4it/s 14.0s<12.8s
[K        2/3      3.45G        2.6      3.853      2.382      2.022          0          4        640: 52% ━━━━━━────── 88/169 5.9it/s 14.2s<13.6s
[K        2/3      3.45G      2.598      3.848      2.384      2.018          0          4        640: 53% ━━━━━━────── 89/169 6.1it/s 14.4s<13.1s
[K        2/3      3.45G      2.601      3.848      2.383      2.016          0          4        640: 53% ━━━━━━────── 90/169 6.8it/s 14.5s<11.6s
[K        2/3      3.45G      2.599      3.847       2.38      2.012          0          4        640: 54% ━━━━━━────── 91/169 6.5it/s 14.7s<12.1s
[K        2/3      3.45G      2.595      3.835      2.376       2.01          0          4        640: 54% ━━━━━━╸───── 92/169 6.8it/s 14.8s<11.3s
[K        2/3      3.45G      2.593      3.826      2.379      2.006          0          4        640: 55% ━━━━━━╸───── 93/169 7.3it/s 14.9s<10.5s
[K        2/3      3.45G       2.59      3.825      2.378      2.004          0          4        640: 56% ━━━━━━╸───── 94/169 6.9it/s 15.1s<10.9s
[K        2/3      3.45G      2.598      3.823      2.388      2.011          0          4        640: 56% ━━━━━━╸───── 95/169 6.4it/s 15.3s<11.5s
[K        2/3      3.45G      2.594      3.819      2.384      2.008          0          4        640: 57% ━━━━━━╸───── 96/169 6.1it/s 15.5s<12.0s
[K        2/3      3.45G      2.586      3.809      2.377      2.004          0          4        640: 57% ━━━━━━╸───── 97/169 6.4it/s 15.6s<11.2s
[K        2/3      3.45G      2.585      3.807      2.376      2.004          0          4        640: 58% ━━━━━━╸───── 98/169 6.0it/s 15.8s<11.8s
[K        2/3      3.45G      2.583        3.8      2.377      2.006          0          4        640: 59% ━━━━━━━───── 99/169 6.6it/s 15.9s<10.6s
[K        2/3      3.45G      2.581      3.792      2.372      2.006          0          4        640: 59% ━━━━━━━───── 100/169 6.1it/s 16.1s<11.3s
[K        2/3      3.45G      2.577      3.792      2.367      2.003          0          4        640: 60% ━━━━━━━───── 101/169 6.2it/s 16.3s<11.0s
[K        2/3      3.45G      2.579      3.797       2.37      2.004          0          4        640: 60% ━━━━━━━───── 102/169 6.8it/s 16.4s<9.8s
[K        2/3      3.45G      2.577      3.794      2.367      2.002          0          4        640: 61% ━━━━━━━───── 103/169 6.3it/s 16.6s<10.4s
[K        2/3      3.45G      2.574      3.794      2.364          2          0          4        640: 62% ━━━━━━━───── 104/169 6.0it/s 16.8s<10.9s
[K        2/3      3.45G      2.573      3.787      2.361          2          0          4        640: 62% ━━━━━━━───── 105/169 5.8it/s 17.0s<11.1s
[K        2/3      3.45G       2.57      3.781      2.358      1.996          0          4        640: 63% ━━━━━━━╸──── 106/169 6.5it/s 17.1s<9.7s
[K        2/3      3.45G       2.57      3.779      2.357      1.995          0          4        640: 63% ━━━━━━━╸──── 107/169 7.2it/s 17.2s<8.7s
[K        2/3      3.45G      2.569      3.775       2.36      1.995          0          4        640: 64% ━━━━━━━╸──── 108/169 7.5it/s 17.4s<8.1s
[K        2/3      3.45G      2.573      3.781      2.368      1.998          0          4        640: 64% ━━━━━━━╸──── 109/169 7.6it/s 17.5s<7.9s
[K        2/3      3.45G      2.572      3.776      2.365      1.998          0          4        640: 65% ━━━━━━━╸──── 110/169 7.2it/s 17.6s<8.2s
[K        2/3      3.45G      2.573       3.77      2.364      1.998          0          4        640: 66% ━━━━━━━╸──── 111/169 7.4it/s 17.8s<7.8s
[K        2/3      3.45G      2.576       3.77      2.366      1.999          0          4        640: 66% ━━━━━━━╸──── 112/169 7.7it/s 17.9s<7.4s
[K        2/3      3.45G      2.575      3.768      2.365      1.998          0          4        640: 67% ━━━━━━━━──── 113/169 7.7it/s 18.0s<7.3s
[K        2/3      3.45G      2.572      3.762      2.362      1.996          0          4        640: 67% ━━━━━━━━──── 114/169 7.0it/s 18.2s<7.8s
[K        2/3      3.45G      2.573      3.762      2.359      1.993          0          4        640: 68% ━━━━━━━━──── 115/169 7.1it/s 18.3s<7.6s
[K        2/3      3.45G      2.572       3.76      2.359       1.99          0          4        640: 69% ━━━━━━━━──── 116/169 7.3it/s 18.5s<7.3s
[K        2/3      3.45G      2.569      3.755      2.356      1.987          0          4        640: 69% ━━━━━━━━──── 117/169 6.8it/s 18.6s<7.6s
[K        2/3      3.45G      2.569      3.747      2.354      1.988          0          4        640: 70% ━━━━━━━━──── 118/169 6.9it/s 18.8s<7.4s
[K        2/3      3.45G      2.569      3.747      2.359       1.99          0          4        640: 70% ━━━━━━━━──── 119/169 6.8it/s 18.9s<7.4s
[K        2/3      3.45G      2.564      3.746      2.353      1.988          0          4        640: 71% ━━━━━━━━╸─── 120/169 7.2it/s 19.1s<6.8s
[K        2/3      3.45G      2.561      3.739      2.351      1.988          0          4        640: 72% ━━━━━━━━╸─── 121/169 7.3it/s 19.2s<6.5s
[K        2/3      3.45G      2.559      3.739      2.349      1.985          0          4        640: 72% ━━━━━━━━╸─── 122/169 6.8it/s 19.4s<6.9s
[K        2/3      3.45G      2.563      3.743      2.351      1.986          0          4        640: 73% ━━━━━━━━╸─── 123/169 7.1it/s 19.5s<6.5s
[K        2/3      3.45G      2.563      3.739       2.35      1.983          0          4        640: 73% ━━━━━━━━╸─── 124/169 6.3it/s 19.7s<7.1s
[K        2/3      3.45G      2.559      3.728      2.346      1.981          0          4        640: 74% ━━━━━━━━╸─── 125/169 6.9it/s 19.8s<6.4s
[K        2/3      3.45G      2.555      3.722      2.342      1.979          0          4        640: 75% ━━━━━━━━╸─── 126/169 5.9it/s 20.1s<7.3s
[K        2/3      3.45G      2.554      3.726      2.343      1.976          0          4        640: 75% ━━━━━━━━━─── 127/169 6.4it/s 20.3s<6.6s
[K        2/3      3.45G      2.555      3.727      2.345      1.975          0          4        640: 76% ━━━━━━━━━─── 128/169 5.9it/s 20.5s<6.9s
[K        2/3      3.45G      2.552      3.717      2.341      1.973          0          4        640: 76% ━━━━━━━━━─── 129/169 6.5it/s 20.6s<6.1s
[K        2/3      3.45G      2.549      3.716      2.338      1.972          0          4        640: 77% ━━━━━━━━━─── 130/169 7.1it/s 20.7s<5.5s
[K        2/3      3.45G      2.549      3.718      2.339      1.971          0          4        640: 78% ━━━━━━━━━─── 131/169 7.2it/s 20.8s<5.3s
[K        2/3      3.45G      2.549       3.72      2.341      1.968          0          4        640: 78% ━━━━━━━━━─── 132/169 6.9it/s 21.0s<5.4s
[K        2/3      3.45G      2.548       3.72       2.34      1.967          0          4        640: 79% ━━━━━━━━━─── 133/169 7.0it/s 21.1s<5.2s
[K        2/3      3.45G      2.547      3.719      2.337      1.965          0          4        640: 79% ━━━━━━━━━╸── 134/169 6.0it/s 21.4s<5.8s
[K        2/3      3.45G      2.546      3.719      2.336      1.963          0          4        640: 80% ━━━━━━━━━╸── 135/169 6.0it/s 21.6s<5.7s
[K        2/3      3.45G      2.546      3.719      2.337      1.964          0          4        640: 80% ━━━━━━━━━╸── 136/169 5.9it/s 21.7s<5.6s
[K        2/3      3.45G      2.544      3.714      2.336      1.962          0          4        640: 81% ━━━━━━━━━╸── 137/169 6.7it/s 21.9s<4.8s
[K        2/3      3.45G       2.54      3.709      2.332      1.961          0          4        640: 82% ━━━━━━━━━╸── 138/169 7.3it/s 22.0s<4.3s
[K        2/3      3.45G      2.539      3.715      2.331       1.96          0          4        640: 82% ━━━━━━━━━╸── 139/169 6.7it/s 22.2s<4.5s
[K        2/3      3.45G      2.535      3.709      2.327      1.957          0          4        640: 83% ━━━━━━━━━╸── 140/169 6.4it/s 22.3s<4.5s
[K        2/3      3.45G      2.533      3.709      2.324      1.956          0          4        640: 83% ━━━━━━━━━━── 141/169 6.5it/s 22.5s<4.3s
[K        2/3      3.45G      2.532      3.709      2.322      1.954          0          4        640: 84% ━━━━━━━━━━── 142/169 5.7it/s 22.7s<4.7s
[K        2/3      3.45G      2.531      3.708      2.321      1.952          0          4        640: 85% ━━━━━━━━━━── 143/169 5.6it/s 22.9s<4.6s
[K        2/3      3.45G      2.531      3.708      2.323      1.953          0          4        640: 85% ━━━━━━━━━━── 144/169 5.4it/s 23.1s<4.6s
[K        2/3      3.45G      2.529      3.704      2.321      1.949          0          4        640: 86% ━━━━━━━━━━── 145/169 6.3it/s 23.3s<3.8s
[K        2/3      3.45G      2.527      3.698      2.318      1.949          0          4        640: 86% ━━━━━━━━━━── 146/169 6.3it/s 23.4s<3.6s
[K        2/3      3.45G      2.525      3.696      2.314      1.946          0          4        640: 87% ━━━━━━━━━━── 147/169 6.5it/s 23.6s<3.4s
[K        2/3      3.45G      2.526      3.701      2.318      1.946          0          4        640: 88% ━━━━━━━━━━╸─ 148/169 6.7it/s 23.7s<3.1s
[K        2/3      3.45G      2.524      3.695      2.318      1.945          0          4        640: 88% ━━━━━━━━━━╸─ 149/169 6.2it/s 23.9s<3.2s
[K        2/3      3.45G      2.524      3.696      2.315      1.944          0          4        640: 89% ━━━━━━━━━━╸─ 150/169 6.0it/s 24.1s<3.2s
[K        2/3      3.45G      2.523      3.695      2.313      1.942          0          4        640: 89% ━━━━━━━━━━╸─ 151/169 6.4it/s 24.2s<2.8s
[K        2/3      3.45G      2.522      3.695      2.312      1.941          0          4        640: 90% ━━━━━━━━━━╸─ 152/169 7.2it/s 24.3s<2.4s
[K        2/3      3.45G      2.523      3.695       2.31      1.941          0          4        640: 91% ━━━━━━━━━━╸─ 153/169 6.4it/s 24.5s<2.5s
[K        2/3      3.45G      2.522      3.692      2.308       1.94          0          4        640: 91% ━━━━━━━━━━╸─ 154/169 6.7it/s 24.7s<2.2s
[K        2/3      3.45G      2.522      3.694      2.309      1.938          0          4        640: 92% ━━━━━━━━━━━─ 155/169 6.2it/s 24.9s<2.3s
[K        2/3      3.45G      2.521       3.69      2.307      1.935          0          4        640: 92% ━━━━━━━━━━━─ 156/169 5.7it/s 25.1s<2.3s
[K        2/3      3.45G      2.518      3.685      2.304      1.936          0          4        640: 93% ━━━━━━━━━━━─ 157/169 5.6it/s 25.3s<2.1s
[K        2/3      3.45G      2.517      3.683      2.302      1.936          0          4        640: 93% ━━━━━━━━━━━─ 158/169 5.6it/s 25.5s<2.0s
[K        2/3      3.45G      2.518      3.681      2.302      1.936          0          4        640: 94% ━━━━━━━━━━━─ 159/169 5.8it/s 25.6s<1.7s
[K        2/3      3.45G      2.518      3.684      2.303      1.935          0          4        640: 95% ━━━━━━━━━━━─ 160/169 6.5it/s 25.7s<1.4s
[K        2/3      3.45G      2.517      3.685      2.301      1.934          0          4        640: 95% ━━━━━━━━━━━─ 161/169 7.0it/s 25.9s<1.1s
[K        2/3      3.45G      2.516       3.68      2.301      1.935          0          4        640: 96% ━━━━━━━━━━━╸ 162/169 7.2it/s 26.0s<1.0s
[K        2/3      3.45G      2.514      3.696      2.299      1.934          0          4        640: 96% ━━━━━━━━━━━╸ 163/169 7.3it/s 26.1s<0.8s
[K        2/3      3.45G      2.513      3.697      2.298      1.934          0          4        640: 97% ━━━━━━━━━━━╸ 164/169 7.7it/s 26.3s<0.6s
[K        2/3      3.45G      2.512      3.699      2.299      1.934          0          4        640: 98% ━━━━━━━━━━━╸ 165/169 7.9it/s 26.4s<0.5s
[K        2/3      3.45G      2.507       3.69      2.296      1.931          0          4        640: 98% ━━━━━━━━━━━╸ 166/169 6.5it/s 26.7s<0.5s
[K        2/3      3.45G      2.505      3.686      2.292       1.93          0          4        640: 99% ━━━━━━━━━━━╸ 167/169 6.0it/s 26.9s<0.3s
[K        2/3      3.45G      2.505      3.683      2.292       1.93          0          4        640: 99% ━━━━━━━━━━━╸ 168/169 6.3it/s 27.0s<0.2s
[K        2/3      3.45G      2.505      3.683      2.292       1.93          0          4        640: 100% ━━━━━━━━━━━━ 169/169 6.3it/s 27.0s

[K                 Class     Images  Instances      Box(P          R      mAP50  mAP50-95)     Mask(P          R      mAP50  mAP50-95): 8% ╸─────────── 2/25 3.1it/s 0.2s<7.5s
[K                 Class     Images  Instances      Box(P          R      mAP50  mAP50-95)     Mask(P          R      mAP50  mAP50-95): 16% ━╸────────── 4/25 4.6it/s 0.4s<4.5s
[K                 Class     Images  Instances      Box(P          R      mAP50  mAP50-95)     Mask(P          R      mAP50  mAP50-95): 24% ━━╸───────── 6/25 7.0it/s 0.6s<2.7s
[K                 Class     Images  Instances      Box(P          R      mAP50  mAP50-95)     Mask(P          R      mAP50  mAP50-95): 32% ━━━╸──────── 8/25 8.0it/s 0.8s<2.1s
[K                 Class     Images  Instances      Box(P          R      mAP50  mAP50-95)     Mask(P          R      mAP50  mAP50-95): 40% ━━━━╸─────── 10/25 8.6it/s 1.0s<1.7s
[K                 Class     Images  Instances      Box(P          R      mAP50  mAP50-95)     Mask(P          R      mAP50  mAP50-95): 48% ━━━━━╸────── 12/25 9.2it/s 1.2s<1.4s
[K                 Class     Images  Instances      Box(P          R      mAP50  mAP50-95)     Mask(P          R      mAP50  mAP50-95): 52% ━━━━━━────── 13/25 9.3it/s 1.3s<1.3s
[K                 Class     Images  Instances      Box(P          R      mAP50  mAP50-95)     Mask(P          R      mAP50  mAP50-95): 60% ━━━━━━━───── 15/25 10.3it/s 1.4s<1.0s
[K                 Class     Images  Instances      Box(P          R      mAP50  mAP50-95)     Mask(P          R      mAP50  mAP50-95): 68% ━━━━━━━━──── 17/25 10.9it/s 1.6s<0.7s
[K                 Class     Images  Instances      Box(P          R      mAP50  mAP50-95)     Mask(P          R      mAP50  mAP50-95): 76% ━━━━━━━━━─── 19/25 10.8it/s 1.8s<0.6s
[K                 Class     Images  Instances      Box(P          R      mAP50  mAP50-95)     Mask(P          R      mAP50  mAP50-95): 80% ━━━━━━━━━╸── 20/25 10.4it/s 1.9s<0.5s
[K                 Class     Images  Instances      Box(P          R      mAP50  mAP50-95)     Mask(P          R      mAP50  mAP50-95): 84% ━━━━━━━━━━── 21/25 9.9it/s 2.0s<0.4s
[K                 Class     Images  Instances      Box(P          R      mAP50  mAP50-95)     Mask(P          R      mAP50  mAP50-95): 92% ━━━━━━━━━━━─ 23/25 10.2it/s 2.2s<0.2s
[K                 Class     Images  Instances      Box(P          R      mAP50  mAP50-95)     Mask(P          R      mAP50  mAP50-95): 96% ━━━━━━━━━━━╸ 24/25 8.0it/s 2.6s<0.1s
[K                 Class     Images  Instances      Box(P          R      mAP50  mAP50-95)     Mask(P          R      mAP50  mAP50-95): 100% ━━━━━━━━━━━━ 25/25 9.6it/s 2.6s
                   all        193       1049      0.604       0.37      0.399      0.194      0.618      0.379      0.407      0.189

      Epoch    GPU_mem   box_loss   seg_loss   cls_loss   dfl_loss   sem_loss  Instances       Size

[K        3/3      3.45G      2.028      2.894      1.847      1.754          0          4        640: 0% ──────────── 0/169  0.1s
[K        3/3      3.45G       2.29       3.22      2.153      1.694          0          4        640: 1% ──────────── 1/169 2.3it/s 0.2s<1:14
[K        3/3      3.45G       2.37      3.375      2.189       1.81          0          4        640: 1% ──────────── 2/169 3.8it/s 0.4s<44.3s
[K        3/3      3.45G      2.369      3.487      2.194      1.837          0          4        640: 2% ──────────── 3/169 4.8it/s 0.5s<34.4s
[K        3/3      3.45G      2.379       3.58      2.217      1.897          0          4        640: 2% ──────────── 4/169 5.5it/s 0.7s<29.8s
[K        3/3      3.45G       2.37      3.529      2.192      1.846          0          4        640: 3% ──────────── 5/169 6.3it/s 0.8s<26.1s
[K        3/3      3.45G      2.434      3.642      2.228      1.835          0          4        640: 4% ──────────── 6/169 6.9it/s 0.9s<23.5s
[K        3/3      3.45G      2.429      3.657      2.229      1.841          0          4        640: 4% ──────────── 7/169 6.9it/s 1.1s<23.4s
[K        3/3      3.45G      2.425       3.61      2.216      1.876          0          4        640: 5% ╸─────────── 8/169 6.2it/s 1.3s<25.8s
[K        3/3      3.45G      2.366      3.521      2.161      1.836          0          4        640: 5% ╸─────────── 9/169 6.1it/s 1.4s<26.3s
[K        3/3      3.45G      2.357      3.498      2.187      1.829          0          4        640: 6% ╸─────────── 10/169 6.3it/s 1.6s<25.2s
[K        3/3      3.45G      2.348      3.515      2.171      1.824          0          4        640: 7% ╸─────────── 11/169 6.2it/s 1.8s<25.6s
[K        3/3      3.45G      2.374        3.5      2.186      1.843          0          4        640: 7% ╸─────────── 12/169 6.7it/s 1.9s<23.3s
[K        3/3      3.45G      2.378        3.5      2.175      1.848          0          4        640: 8% ╸─────────── 13/169 6.5it/s 2.1s<24.0s
[K        3/3      3.45G      2.411      3.545       2.24      1.887          0          4        640: 8% ╸─────────── 14/169 7.2it/s 2.2s<21.4s
[K        3/3      3.45G      2.421      3.579      2.269      1.911          0          4        640: 9% ━─────────── 15/169 7.2it/s 2.3s<21.3s
[K        3/3      3.45G      2.417      3.583       2.26      1.907          0          4        640: 9% ━─────────── 16/169 6.9it/s 2.5s<22.2s
[K        3/3      3.45G      2.405      3.567      2.237      1.904          0          4        640: 10% ━─────────── 17/169 6.9it/s 2.6s<22.0s
[K        3/3      3.45G      2.403      3.556       2.23      1.894          0          4        640: 11% ━─────────── 18/169 7.3it/s 2.7s<20.8s
[K        3/3      3.45G      2.395      3.544      2.225      1.882          0          4        640: 11% ━─────────── 19/169 7.2it/s 2.9s<20.9s
[K        3/3      3.45G      2.383      3.526      2.221      1.877          0          4        640: 12% ━─────────── 20/169 6.4it/s 3.1s<23.4s
[K        3/3      3.45G      2.374      3.523      2.212      1.865          0          4        640: 12% ━─────────── 21/169 6.8it/s 3.2s<21.7s
[K        3/3      3.45G      2.362      3.485      2.207      1.867          0          4        640: 13% ━╸────────── 22/169 7.1it/s 3.4s<20.8s
[K        3/3      3.45G       2.36       3.48      2.199      1.857          0          4        640: 14% ━╸────────── 23/169 7.0it/s 3.5s<20.8s
[K        3/3      3.45G      2.363      3.475        2.2      1.862          0          4        640: 14% ━╸────────── 24/169 7.5it/s 3.6s<19.3s
[K        3/3      3.45G      2.365      3.469      2.197      1.863          0          4        640: 15% ━╸────────── 25/169 6.8it/s 3.8s<21.2s
[K        3/3      3.45G      2.371      3.481       2.23      1.878          0          4        640: 15% ━╸────────── 26/169 6.8it/s 4.0s<20.9s
[K        3/3      3.45G      2.377      3.456      2.245      1.886          0          4        640: 16% ━╸────────── 27/169 6.7it/s 4.1s<21.2s
[K        3/3      3.45G      2.376      3.446      2.236      1.877          0          4        640: 17% ━╸────────── 28/169 6.2it/s 4.3s<22.8s
[K        3/3      3.45G      2.369       3.42       2.23      1.885          0          4        640: 17% ━━────────── 29/169 6.1it/s 4.5s<23.1s
[K        3/3      3.45G      2.363      3.423      2.213      1.872          0          4        640: 18% ━━────────── 30/169 6.6it/s 4.6s<21.1s
[K        3/3      3.45G      2.343      3.388      2.198      1.864          0          4        640: 18% ━━────────── 31/169 6.2it/s 4.8s<22.1s
[K        3/3      3.45G       2.35        3.4      2.197      1.862          0          4        640: 19% ━━────────── 32/169 5.5it/s 5.1s<25.1s
[K        3/3      3.45G      2.339      3.384      2.179      1.858          0          4        640: 20% ━━────────── 33/169 5.0it/s 5.3s<27.2s
[K        3/3      3.45G      2.345      3.398      2.182      1.866          0          4        640: 20% ━━────────── 34/169 5.9it/s 5.5s<22.7s
[K        3/3      3.45G      2.359      3.419      2.191      1.865          0          4        640: 21% ━━────────── 35/169 6.7it/s 5.6s<20.1s
[K        3/3      3.45G      2.359      3.423      2.187      1.856          0          4        640: 21% ━━╸───────── 36/169 6.8it/s 5.7s<19.7s
[K        3/3      3.45G      2.357      3.421      2.186      1.849          0          4        640: 22% ━━╸───────── 37/169 7.2it/s 5.8s<18.4s
[K        3/3      3.45G      2.357      3.408      2.181      1.844          0          4        640: 22% ━━╸───────── 38/169 6.8it/s 6.0s<19.3s
[K        3/3      3.45G      2.356      3.417      2.176      1.843          0          4        640: 23% ━━╸───────── 39/169 6.6it/s 6.2s<19.8s
[K        3/3      3.45G      2.349      3.429      2.172      1.838          0          4        640: 24% ━━╸───────── 40/169 6.6it/s 6.3s<19.4s
[K        3/3      3.45G      2.352      3.426      2.177      1.848          0          4        640: 24% ━━╸───────── 41/169 6.8it/s 6.5s<18.9s
[K        3/3      3.45G      2.339      3.406      2.166      1.838          0          4        640: 25% ━━╸───────── 42/169 6.7it/s 6.6s<18.9s
[K        3/3      3.45G      2.329      3.389      2.152      1.835          0          4        640: 25% ━━━───────── 43/169 6.9it/s 6.8s<18.3s
[K        3/3      3.45G      2.336      3.399      2.158      1.844          0          4        640: 26% ━━━───────── 44/169 6.1it/s 7.0s<20.4s
[K        3/3      3.45G       2.33      3.397      2.149      1.842          0          4        640: 27% ━━━───────── 45/169 6.9it/s 7.1s<18.0s
[K        3/3      3.45G      2.326      3.403      2.143       1.84          0          4        640: 27% ━━━───────── 46/169 7.4it/s 7.2s<16.6s
[K        3/3      3.45G      2.322      3.389      2.137      1.836          0          4        640: 28% ━━━───────── 47/169 7.1it/s 7.4s<17.1s
[K        3/3      3.45G      2.323      3.398      2.137       1.83          0          4        640: 28% ━━━───────── 48/169 7.4it/s 7.5s<16.5s
[K        3/3      3.45G      2.317      3.393       2.13      1.824          0          4        640: 29% ━━━───────── 49/169 6.9it/s 7.7s<17.3s
[K        3/3      3.45G      2.313      3.386      2.125      1.825          0          4        640: 30% ━━━╸──────── 50/169 6.5it/s 7.8s<18.3s
[K        3/3      3.45G      2.316      3.396      2.128      1.822          0          4        640: 30% ━━━╸──────── 51/169 7.1it/s 8.0s<16.5s
[K        3/3      3.45G      2.317        3.4      2.125      1.828          0          4        640: 31% ━━━╸──────── 52/169 7.5it/s 8.1s<15.5s
[K        3/3      3.45G      2.312      3.386      2.122      1.824          0          4        640: 31% ━━━╸──────── 53/169 7.7it/s 8.2s<15.2s
[K        3/3      3.45G       2.31      3.389      2.122      1.826          0          4        640: 32% ━━━╸──────── 54/169 7.8it/s 8.3s<14.7s
[K        3/3      3.45G      2.307      3.389      2.115      1.825          0          4        640: 33% ━━━╸──────── 55/169 7.9it/s 8.4s<14.4s
[K        3/3      3.45G      2.302      3.394      2.114      1.821          0          4        640: 33% ━━━╸──────── 56/169 7.3it/s 8.6s<15.6s
[K        3/3      3.45G        2.3      3.386      2.115       1.82          0          4        640: 34% ━━━━──────── 57/169 6.7it/s 8.8s<16.7s
[K        3/3      3.45G      2.306      3.392      2.119      1.821          0          4        640: 34% ━━━━──────── 58/169 6.7it/s 9.0s<16.6s
[K        3/3      3.45G      2.308      3.392      2.121      1.821          0          4        640: 35% ━━━━──────── 59/169 7.1it/s 9.1s<15.4s
[K        3/3      3.45G        2.3      3.388      2.115      1.819          0          4        640: 36% ━━━━──────── 60/169 7.5it/s 9.2s<14.6s
[K        3/3      3.45G      2.298      3.371      2.113      1.814          0          4        640: 36% ━━━━──────── 61/169 6.9it/s 9.4s<15.6s
[K        3/3      3.45G      2.294      3.369      2.109      1.808          0          4        640: 37% ━━━━──────── 62/169 7.3it/s 9.5s<14.6s
[K        3/3      3.45G      2.291      3.366      2.106      1.805          0          4        640: 37% ━━━━──────── 63/169 6.9it/s 9.7s<15.3s
[K        3/3      3.45G      2.283      3.351      2.097      1.799          0          4        640: 38% ━━━━╸─────── 65/169 7.8it/s 9.9s<13.4s
[K        3/3      3.45G       2.28      3.355      2.094      1.796          0          4        640: 39% ━━━━╸─────── 66/169 7.9it/s 10.0s<13.0s
[K        3/3      3.45G      2.273      3.343      2.089      1.792          0          4        640: 40% ━━━━╸─────── 67/169 7.8it/s 10.1s<13.0s
[K        3/3      3.45G       2.27      3.345      2.086       1.79          0          4        640: 40% ━━━━╸─────── 68/169 8.1it/s 10.2s<12.5s
[K        3/3      3.45G       2.27      3.342      2.089      1.791          0          4        640: 41% ━━━━╸─────── 69/169 8.3it/s 10.4s<12.0s
[K        3/3      3.45G      2.266      3.331      2.086      1.786          0          4        640: 41% ━━━━╸─────── 70/169 7.7it/s 10.5s<12.9s
[K        3/3      3.45G      2.265      3.341      2.087      1.784          0          4        640: 42% ━━━━━─────── 71/169 7.5it/s 10.7s<13.0s
[K        3/3      3.45G      2.259      3.332      2.082      1.779          0          4        640: 43% ━━━━━─────── 72/169 8.0it/s 10.8s<12.2s
[K        3/3      3.45G      2.264      3.332      2.087      1.784          0          4        640: 43% ━━━━━─────── 73/169 8.1it/s 10.9s<11.8s
[K        3/3      3.45G      2.263      3.328      2.084      1.781          0          4        640: 44% ━━━━━─────── 74/169 7.4it/s 11.1s<12.9s
[K        3/3      3.45G      2.265      3.333      2.094      1.782          0          4        640: 44% ━━━━━─────── 75/169 6.9it/s 11.2s<13.7s
[K        3/3      3.45G      2.257      3.325      2.087      1.776          0          4        640: 45% ━━━━━─────── 76/169 7.6it/s 11.3s<12.2s
[K        3/3      3.45G      2.258      3.326      2.089      1.776          0          4        640: 46% ━━━━━─────── 77/169 7.9it/s 11.5s<11.7s
[K        3/3      3.45G      2.258      3.326      2.087      1.779          0          4        640: 46% ━━━━━╸────── 78/169 8.0it/s 11.6s<11.4s
[K        3/3      3.45G      2.258      3.331      2.089      1.777          0          4        640: 47% ━━━━━╸────── 79/169 8.3it/s 11.7s<10.8s
[K        3/3      3.45G      2.254      3.333      2.086      1.776          0          4        640: 47% ━━━━━╸────── 80/169 8.2it/s 11.8s<10.9s
[K        3/3      3.45G       2.25      3.331      2.083      1.773          0          4        640: 48% ━━━━━╸────── 81/169 7.9it/s 12.0s<11.2s
[K        3/3      3.45G      2.249      3.335      2.079      1.773          0          4        640: 49% ━━━━━╸────── 82/169 7.6it/s 12.1s<11.5s
[K        3/3      3.45G      2.247      3.332      2.074      1.772          0          4        640: 49% ━━━━━╸────── 83/169 7.0it/s 12.3s<12.3s
[K        3/3      3.45G      2.239       3.32      2.068       1.77          0          4        640: 50% ━━━━━╸────── 84/169 7.7it/s 12.4s<11.0s
[K        3/3      3.45G       2.24       3.32      2.071       1.77          0          4        640: 50% ━━━━━━────── 85/169 7.0it/s 12.6s<11.9s
[K        3/3      3.45G      2.236      3.318      2.065      1.768          0          4        640: 51% ━━━━━━────── 86/169 6.6it/s 12.7s<12.5s
[K        3/3      3.45G      2.234      3.312      2.063      1.764          0          4        640: 51% ━━━━━━────── 87/169 6.6it/s 12.9s<12.4s
[K        3/3      3.45G      2.231      3.303      2.059      1.761          0          4        640: 52% ━━━━━━────── 88/169 6.4it/s 13.1s<12.6s
[K        3/3      3.45G      2.227      3.301      2.053      1.758          0          4        640: 53% ━━━━━━────── 89/169 6.1it/s 13.3s<13.1s
[K        3/3      3.45G      2.232      3.307      2.061      1.761          0          4        640: 53% ━━━━━━────── 90/169 6.5it/s 13.4s<12.1s
[K        3/3      3.45G      2.228      3.301      2.055       1.76          0          4        640: 54% ━━━━━━────── 91/169 6.3it/s 13.6s<12.4s
[K        3/3      3.45G      2.228      3.303      2.056      1.762          0          4        640: 54% ━━━━━━╸───── 92/169 6.7it/s 13.7s<11.5s
[K        3/3      3.45G      2.227      3.303      2.056      1.766          0          4        640: 55% ━━━━━━╸───── 93/169 6.4it/s 13.9s<11.9s
[K        3/3      3.45G      2.231      3.306      2.057      1.763          0          4        640: 56% ━━━━━━╸───── 94/169 7.0it/s 14.0s<10.7s
[K        3/3      3.45G      2.234      3.308      2.055      1.764          0          4        640: 56% ━━━━━━╸───── 95/169 6.8it/s 14.1s<10.9s
[K        3/3      3.45G      2.238      3.315      2.058      1.768          0          4        640: 57% ━━━━━━╸───── 96/169 7.1it/s 14.3s<10.3s
[K        3/3      3.45G      2.238      3.321      2.056      1.765          0          4        640: 57% ━━━━━━╸───── 97/169 6.3it/s 14.5s<11.5s
[K        3/3      3.45G      2.238      3.318      2.053      1.764          0          4        640: 58% ━━━━━━╸───── 98/169 6.1it/s 14.7s<11.6s
[K        3/3      3.45G      2.237      3.317      2.049      1.762          0          4        640: 59% ━━━━━━━───── 99/169 5.9it/s 14.9s<11.9s
[K        3/3      3.45G      2.237       3.32      2.048      1.761          0          4        640: 59% ━━━━━━━───── 100/169 6.1it/s 15.0s<11.3s
[K        3/3      3.45G      2.237      3.316      2.048      1.763          0          4        640: 60% ━━━━━━━───── 101/169 6.7it/s 15.1s<10.1s
[K        3/3      3.45G      2.242      3.317      2.048      1.764          0          4        640: 60% ━━━━━━━───── 102/169 7.3it/s 15.3s<9.1s
[K        3/3      3.45G      2.244      3.318      2.049      1.763          0          4        640: 61% ━━━━━━━───── 103/169 7.2it/s 15.4s<9.1s
[K        3/3      3.45G      2.242      3.319      2.047      1.762          0          4        640: 62% ━━━━━━━───── 104/169 6.9it/s 15.6s<9.5s
[K        3/3      3.45G      2.241      3.315      2.045      1.761          0          4        640: 62% ━━━━━━━───── 105/169 6.6it/s 15.7s<9.7s
[K        3/3      3.45G      2.241      3.317      2.043      1.759          0          4        640: 63% ━━━━━━━╸──── 106/169 6.0it/s 16.0s<10.5s
[K        3/3      3.45G      2.241      3.314      2.043      1.759          0          4        640: 63% ━━━━━━━╸──── 107/169 6.6it/s 16.1s<9.3s
[K        3/3      3.45G      2.239       3.31      2.041      1.756          0          4        640: 64% ━━━━━━━╸──── 108/169 7.2it/s 16.2s<8.5s
[K        3/3      3.45G      2.238      3.312      2.039      1.755          0          4        640: 64% ━━━━━━━╸──── 109/169 7.6it/s 16.3s<7.9s
[K        3/3      3.45G      2.237      3.315      2.038      1.756          0          4        640: 65% ━━━━━━━╸──── 110/169 7.1it/s 16.5s<8.3s
[K        3/3      3.45G      2.235      3.309      2.035      1.755          0          4        640: 66% ━━━━━━━╸──── 111/169 6.1it/s 16.8s<9.6s
[K        3/3      3.45G      2.237      3.314      2.038      1.758          0          4        640: 66% ━━━━━━━╸──── 112/169 6.3it/s 16.9s<9.0s
[K        3/3      3.45G      2.237      3.314       2.04      1.758          0          4        640: 67% ━━━━━━━━──── 113/169 6.2it/s 17.1s<9.0s
[K        3/3      3.45G      2.233      3.313      2.036      1.757          0          4        640: 67% ━━━━━━━━──── 114/169 6.7it/s 17.2s<8.2s
[K        3/3      3.45G       2.23      3.309      2.036      1.755          0          4        640: 68% ━━━━━━━━──── 115/169 7.2it/s 17.3s<7.5s
[K        3/3      3.45G      2.228      3.311      2.033      1.753          0          4        640: 69% ━━━━━━━━──── 116/169 7.4it/s 17.4s<7.2s
[K        3/3      3.45G      2.228      3.309      2.032      1.753          0          4        640: 69% ━━━━━━━━──── 117/169 7.4it/s 17.6s<7.0s
[K        3/3      3.45G      2.225      3.306       2.03      1.754          0          4        640: 70% ━━━━━━━━──── 118/169 7.1it/s 17.7s<7.2s
[K        3/3      3.45G      2.226       3.31      2.031      1.753          0          4        640: 70% ━━━━━━━━──── 119/169 6.5it/s 17.9s<7.7s
[K        3/3      3.45G      2.231       3.31      2.037      1.756          0          4        640: 71% ━━━━━━━━╸─── 120/169 6.1it/s 18.1s<8.1s
[K        3/3      3.45G      2.229      3.306      2.033      1.755          0          4        640: 72% ━━━━━━━━╸─── 121/169 6.6it/s 18.3s<7.3s
[K        3/3      3.45G      2.228      3.306      2.031      1.755          0          4        640: 72% ━━━━━━━━╸─── 122/169 7.0it/s 18.4s<6.7s
[K        3/3      3.45G      2.229      3.309      2.031      1.756          0          4        640: 73% ━━━━━━━━╸─── 123/169 6.6it/s 18.6s<7.0s
[K        3/3      3.45G      2.228      3.306      2.036      1.755          0          4        640: 73% ━━━━━━━━╸─── 124/169 7.2it/s 18.7s<6.3s
[K        3/3      3.45G      2.231      3.311      2.038      1.755          0          4        640: 74% ━━━━━━━━╸─── 125/169 7.5it/s 18.8s<5.8s
[K        3/3      3.45G       2.23       3.31      2.038      1.757          0          4        640: 75% ━━━━━━━━╸─── 126/169 7.0it/s 19.0s<6.2s
[K        3/3      3.45G      2.228      3.308      2.034      1.754          0          4        640: 75% ━━━━━━━━━─── 127/169 6.6it/s 19.2s<6.4s
[K        3/3      3.45G      2.224        3.3       2.03      1.753          0          4        640: 76% ━━━━━━━━━─── 128/169 6.9it/s 19.3s<5.9s
[K        3/3      3.45G      2.224      3.303      2.029      1.752          0          4        640: 76% ━━━━━━━━━─── 129/169 7.1it/s 19.4s<5.6s
[K        3/3      3.45G      2.223      3.305      2.028      1.752          0          4        640: 77% ━━━━━━━━━─── 130/169 7.1it/s 19.6s<5.5s
[K        3/3      3.45G      2.221      3.304      2.029      1.752          0          4        640: 78% ━━━━━━━━━─── 131/169 6.8it/s 19.7s<5.6s
[K        3/3      3.45G      2.219      3.304      2.029      1.752          0          4        640: 78% ━━━━━━━━━─── 132/169 6.9it/s 19.9s<5.4s
[K        3/3      3.45G      2.219      3.306      2.029      1.753          0          4        640: 79% ━━━━━━━━━─── 133/169 7.3it/s 20.0s<5.0s
[K        3/3      3.45G      2.218      3.307      2.028      1.753          0          4        640: 79% ━━━━━━━━━╸── 134/169 7.4it/s 20.1s<4.7s
[K        3/3      3.45G       2.22      3.304      2.033      1.756          0          4        640: 80% ━━━━━━━━━╸── 135/169 7.6it/s 20.2s<4.5s
[K        3/3      3.45G      2.218      3.299      2.031      1.754          0          4        640: 80% ━━━━━━━━━╸── 136/169 7.3it/s 20.4s<4.5s
[K        3/3      3.45G      2.215      3.296      2.026      1.752          0          4        640: 81% ━━━━━━━━━╸── 137/169 7.7it/s 20.5s<4.1s
[K        3/3      3.45G      2.218      3.303      2.027      1.754          0          4        640: 82% ━━━━━━━━━╸── 138/169 8.1it/s 20.6s<3.8s
[K        3/3      3.45G      2.219      3.304       2.03      1.757          0          4        640: 82% ━━━━━━━━━╸── 139/169 8.4it/s 20.7s<3.6s
[K        3/3      3.45G      2.219      3.306       2.03      1.758          0          4        640: 83% ━━━━━━━━━╸── 140/169 8.4it/s 20.8s<3.4s
[K        3/3      3.45G      2.218      3.307      2.028      1.757          0          4        640: 83% ━━━━━━━━━━── 141/169 7.5it/s 21.0s<3.7s
[K        3/3      3.45G      2.217      3.306      2.028      1.756          0          4        640: 84% ━━━━━━━━━━── 142/169 7.0it/s 21.2s<3.9s
[K        3/3      3.45G      2.218      3.303      2.029      1.758          0          4        640: 85% ━━━━━━━━━━── 143/169 7.6it/s 21.3s<3.4s
[K        3/3      3.45G      2.216      3.302      2.026      1.756          0          4        640: 85% ━━━━━━━━━━── 144/169 7.5it/s 21.4s<3.3s
[K        3/3      3.45G      2.216      3.302      2.027      1.757          0          4        640: 86% ━━━━━━━━━━── 145/169 7.8it/s 21.6s<3.1s
[K        3/3      3.45G      2.215      3.299      2.025      1.757          0          4        640: 86% ━━━━━━━━━━── 146/169 7.9it/s 21.7s<2.9s
[K        3/3      3.45G      2.216      3.301      2.025      1.756          0          4        640: 87% ━━━━━━━━━━── 147/169 7.6it/s 21.8s<2.9s
[K        3/3      3.45G      2.217      3.297      2.026      1.757          0          4        640: 88% ━━━━━━━━━━╸─ 148/169 7.6it/s 22.0s<2.8s
[K        3/3      3.45G      2.215      3.297      2.026      1.757          0          4        640: 88% ━━━━━━━━━━╸─ 149/169 7.2it/s 22.1s<2.8s
[K        3/3      3.45G      2.214      3.293      2.024      1.756          0          4        640: 89% ━━━━━━━━━━╸─ 150/169 6.8it/s 22.3s<2.8s
[K        3/3      3.45G      2.213      3.295      2.024      1.756          0          4        640: 89% ━━━━━━━━━━╸─ 151/169 7.3it/s 22.4s<2.5s
[K        3/3      3.45G      2.218      3.296      2.034       1.76          0          4        640: 90% ━━━━━━━━━━╸─ 152/169 7.1it/s 22.6s<2.4s
[K        3/3      3.45G      2.218      3.298      2.034       1.76          0          4        640: 91% ━━━━━━━━━━╸─ 153/169 7.1it/s 22.7s<2.3s
[K        3/3      3.45G      2.217      3.298      2.032       1.76          0          4        640: 91% ━━━━━━━━━━╸─ 154/169 6.7it/s 22.9s<2.2s
[K        3/3      3.45G      2.216      3.299      2.032       1.76          0          4        640: 92% ━━━━━━━━━━━─ 155/169 6.5it/s 23.0s<2.2s
[K        3/3      3.45G      2.218      3.299      2.035      1.762          0          4        640: 92% ━━━━━━━━━━━─ 156/169 6.3it/s 23.2s<2.1s
[K        3/3      3.45G      2.216      3.299      2.035      1.762          0          4        640: 93% ━━━━━━━━━━━─ 157/169 5.6it/s 23.5s<2.1s
[K        3/3      3.45G      2.215      3.298      2.034      1.761          0          4        640: 93% ━━━━━━━━━━━─ 158/169 5.5it/s 23.7s<2.0s
[K        3/3      3.45G      2.213      3.296      2.032       1.76          0          4        640: 94% ━━━━━━━━━━━─ 159/169 6.3it/s 23.8s<1.6s
[K        3/3      3.45G      2.215      3.302      2.033       1.76          0          4        640: 95% ━━━━━━━━━━━─ 160/169 6.3it/s 23.9s<1.4s
[K        3/3      3.45G      2.213      3.301      2.032      1.758          0          4        640: 95% ━━━━━━━━━━━─ 161/169 6.2it/s 24.1s<1.3s
[K        3/3      3.45G      2.213        3.3      2.029       1.76          0          4        640: 96% ━━━━━━━━━━━╸ 162/169 6.5it/s 24.2s<1.1s
[K        3/3      3.45G      2.212      3.298      2.029      1.759          0          4        640: 96% ━━━━━━━━━━━╸ 163/169 6.5it/s 24.4s<0.9s
[K        3/3      3.45G      2.211        3.3      2.028      1.759          0          4        640: 97% ━━━━━━━━━━━╸ 164/169 6.9it/s 24.5s<0.7s
[K        3/3      3.45G      2.212        3.3      2.028       1.76          0          4        640: 98% ━━━━━━━━━━━╸ 165/169 6.8it/s 24.7s<0.6s
[K        3/3      3.45G      2.209        3.3      2.027      1.759          0          4        640: 98% ━━━━━━━━━━━╸ 166/169 5.7it/s 25.0s<0.5s
[K        3/3      3.45G      2.211      3.298      2.029      1.761          0          4        640: 99% ━━━━━━━━━━━╸ 167/169 6.5it/s 25.1s<0.3s
[K        3/3      3.45G      2.212      3.299       2.03      1.761          0          4        640: 99% ━━━━━━━━━━━╸ 168/169 7.1it/s 25.2s<0.1s
[K        3/3      3.45G      2.212      3.299       2.03      1.761          0          4        640: 100% ━━━━━━━━━━━━ 169/169 6.7it/s 25.2s

[K                 Class     Images  Instances      Box(P          R      mAP50  mAP50-95)     Mask(P          R      mAP50  mAP50-95): 4% ──────────── 1/25 2.2it/s 0.1s<11.1s
[K                 Class     Images  Instances      Box(P          R      mAP50  mAP50-95)     Mask(P          R      mAP50  mAP50-95): 12% ━─────────── 3/25 5.4it/s 0.3s<4.0s
[K                 Class     Images  Instances      Box(P          R      mAP50  mAP50-95)     Mask(P          R      mAP50  mAP50-95): 20% ━━────────── 5/25 8.5it/s 0.4s<2.4s
[K                 Class     Images  Instances      Box(P          R      mAP50  mAP50-95)     Mask(P          R      mAP50  mAP50-95): 28% ━━━───────── 7/25 10.3it/s 0.6s<1.8s
[K                 Class     Images  Instances      Box(P          R      mAP50  mAP50-95)     Mask(P          R      mAP50  mAP50-95): 36% ━━━━──────── 9/25 10.9it/s 0.7s<1.5s
[K                 Class     Images  Instances      Box(P          R      mAP50  mAP50-95)     Mask(P          R      mAP50  mAP50-95): 44% ━━━━━─────── 11/25 11.3it/s 0.9s<1.2s
[K                 Class     Images  Instances      Box(P          R      mAP50  mAP50-95)     Mask(P          R      mAP50  mAP50-95): 52% ━━━━━━────── 13/25 11.5it/s 1.1s<1.0s
[K                 Class     Images  Instances      Box(P          R      mAP50  mAP50-95)     Mask(P          R      mAP50  mAP50-95): 60% ━━━━━━━───── 15/25 12.0it/s 1.2s<0.8s
[K                 Class     Images  Instances      Box(P          R      mAP50  mAP50-95)     Mask(P          R      mAP50  mAP50-95): 68% ━━━━━━━━──── 17/25 12.6it/s 1.3s<0.6s
[K                 Class     Images  Instances      Box(P          R      mAP50  mAP50-95)     Mask(P          R      mAP50  mAP50-95): 76% ━━━━━━━━━─── 19/25 13.1it/s 1.5s<0.5s
[K                 Class     Images  Instances      Box(P          R      mAP50  mAP50-95)     Mask(P          R      mAP50  mAP50-95): 84% ━━━━━━━━━━── 21/25 13.6it/s 1.6s<0.3s
[K                 Class     Images  Instances      Box(P          R      mAP50  mAP50-95)     Mask(P          R      mAP50  mAP50-95): 92% ━━━━━━━━━━━─ 23/25 11.3it/s 2.0s<0.2s
[K                 Class     Images  Instances      Box(P          R      mAP50  mAP50-95)     Mask(P          R      mAP50  mAP50-95): 96% ━━━━━━━━━━━╸ 24/25 8.6it/s 2.4s<0.1s
[K                 Class     Images  Instances      Box(P          R      mAP50  mAP50-95)     Mask(P          R      mAP50  mAP50-95): 100% ━━━━━━━━━━━━ 25/25 10.4it/s 2.4s
                   all        193       1049      0.732      0.374      0.431      0.227      0.732      0.379       0.43      0.222

3 epochs completed in 0.025 hours.
Optimizer stripped from /data/sxq/results/000_anyothers/F50_yolo11-seg-lce_3ep/weights/last.pt, 6.0MB
Optimizer stripped from /data/sxq/results/000_anyothers/F50_yolo11-seg-lce_3ep/weights/best.pt, 6.0MB

Validating /data/sxq/results/000_anyothers/F50_yolo11-seg-lce_3ep/weights/best.pt...
Ultralytics 8.4.60 🚀 Python-3.8.10 torch-1.13.1+cu117 CUDA:0 (NVIDIA GeForce RTX 3090, 24260MiB)
F50_YOLO11-seg-lce summary (fused): 122 layers, 2,838,119 parameters, 0 gradients, 12.3 GFLOPs

[K                 Class     Images  Instances      Box(P          R      mAP50  mAP50-95)     Mask(P          R      mAP50  mAP50-95): 4% ──────────── 1/25 1.6it/s 0.2s<15.2s
[K                 Class     Images  Instances      Box(P          R      mAP50  mAP50-95)     Mask(P          R      mAP50  mAP50-95): 8% ╸─────────── 2/25 1.8it/s 0.6s<12.9s
[K                 Class     Images  Instances      Box(P          R      mAP50  mAP50-95)     Mask(P          R      mAP50  mAP50-95): 12% ━─────────── 3/25 1.7it/s 1.4s<13.3s
[K                 Class     Images  Instances      Box(P          R      mAP50  mAP50-95)     Mask(P          R      mAP50  mAP50-95): 16% ━╸────────── 4/25 2.4it/s 1.6s<8.9s
[K                 Class     Images  Instances      Box(P          R      mAP50  mAP50-95)     Mask(P          R      mAP50  mAP50-95): 20% ━━────────── 5/25 3.0it/s 1.9s<6.8s
[K                 Class     Images  Instances      Box(P          R      mAP50  mAP50-95)     Mask(P          R      mAP50  mAP50-95): 28% ━━━───────── 7/25 5.7it/s 2.0s<3.1s
[K                 Class     Images  Instances      Box(P          R      mAP50  mAP50-95)     Mask(P          R      mAP50  mAP50-95): 36% ━━━━──────── 9/25 8.8it/s 2.1s<1.8s
[K                 Class     Images  Instances      Box(P          R      mAP50  mAP50-95)     Mask(P          R      mAP50  mAP50-95): 44% ━━━━━─────── 11/25 11.3it/s 2.3s<1.2s
[K                 Class     Images  Instances      Box(P          R      mAP50  mAP50-95)     Mask(P          R      mAP50  mAP50-95): 52% ━━━━━━────── 13/25 12.5it/s 2.4s<1.0s
[K                 Class     Images  Instances      Box(P          R      mAP50  mAP50-95)     Mask(P          R      mAP50  mAP50-95): 60% ━━━━━━━───── 15/25 13.2it/s 2.5s<0.8s
[K                 Class     Images  Instances      Box(P          R      mAP50  mAP50-95)     Mask(P          R      mAP50  mAP50-95): 68% ━━━━━━━━──── 17/25 13.0it/s 2.7s<0.6s
[K                 Class     Images  Instances      Box(P          R      mAP50  mAP50-95)     Mask(P          R      mAP50  mAP50-95): 76% ━━━━━━━━━─── 19/25 13.1it/s 2.8s<0.5s
[K                 Class     Images  Instances      Box(P          R      mAP50  mAP50-95)     Mask(P          R      mAP50  mAP50-95): 84% ━━━━━━━━━━── 21/25 13.6it/s 3.0s<0.3s
[K                 Class     Images  Instances      Box(P          R      mAP50  mAP50-95)     Mask(P          R      mAP50  mAP50-95): 92% ━━━━━━━━━━━─ 23/25 11.2it/s 3.3s<0.2s
[K                 Class     Images  Instances      Box(P          R      mAP50  mAP50-95)     Mask(P          R      mAP50  mAP50-95): 96% ━━━━━━━━━━━╸ 24/25 8.5it/s 3.8s<0.1s
[K                 Class     Images  Instances      Box(P          R      mAP50  mAP50-95)     Mask(P          R      mAP50  mAP50-95): 100% ━━━━━━━━━━━━ 25/25 6.5it/s 3.8s
                   all        193       1049      0.728      0.375       0.43      0.226      0.729      0.378      0.429      0.222
Speed: 0.8ms preprocess, 6.5ms inference, 0.0ms loss, 2.2ms postprocess per image
Results saved to [1m/data/sxq/results/000_anyothers/F50_yolo11-seg-lce_3ep[0m
