split,order,image,output,gt_count,pred_count,extra_predictions,missing_predictions,abs_count_diff,max_conf,mean_conf
train,58,E:\mastercode\data\test\images\train\IMG20231120161340_BURST000_COVER.jpg,E:\mastercode\9_archive\low_confidence\train\000058_extra+169_gt36_pred205_IMG20231120161340_BURST000_COVER.jpg,36,205,169,0,169,0.9490941762924194,0.17956704187956524
train,125,E:\mastercode\data\test\images\train\IMG_20260706_100454.jpg,E:\mastercode\9_archive\low_confidence\train\000125_extra+157_gt22_pred179_IMG_20260706_100454.jpg,22,179,157,0,157,0.9442914128303528,0.07587003641288374
train,59,E:\mastercode\data\test\images\train\IMG20231120161340_BURST001.jpg,E:\mastercode\9_archive\low_confidence\train\000059_extra+141_gt27_pred168_IMG20231120161340_BURST001.jpg,27,168,141,0,141,0.9390600919723511,0.19652022874825412
train,81,E:\mastercode\data\test\images\train\IMG20231120172606.jpg,E:\mastercode\9_archive\low_confidence\train\000081_extra+125_gt17_pred142_IMG20231120172606.jpg,17,142,125,0,125,0.9524447917938232,0.126638628916264
train,82,E:\mastercode\data\test\images\train\IMG20231120172611.jpg,E:\mastercode\9_archive\low_confidence\train\000082_extra+99_gt21_pred120_IMG20231120172611.jpg,21,120,99,0,99,0.9436631798744202,0.14542602833826096
train,430,E:\mastercode\data\test\images\train\IMG_20260706_105149.jpg,E:\mastercode\9_archive\low_confidence\train\000430_extra+91_gt23_pred114_IMG_20260706_105149.jpg,23,114,91,0,91,0.8667734861373901,0.10218884262436054
train,476,E:\mastercode\data\test\images\train\IMG_20260706_105623.jpg,E:\mastercode\9_archive\low_confidence\train\000476_extra+88_gt22_pred110_IMG_20260706_105623.jpg,22,110,88,0,88,0.8567193746566772,0.06957750795409083
val,108,E:\mastercode\data\test\images\val\IMG_20260706_105018.jpg,E:\mastercode\9_archive\low_confidence\val\000108_extra+83_gt07_pred90_IMG_20260706_105018.jpg,7,90,83,0,83,0.9338712692260742,0.08211941616609693
train,77,E:\mastercode\data\test\images\train\IMG20231120162013.jpg,E:\mastercode\9_archive\low_confidence\train\000077_extra+77_gt32_pred109_IMG20231120162013.jpg,32,109,77,0,77,0.9521679282188416,0.2982442563297142
train,415,E:\mastercode\data\test\images\train\IMG_20260706_105035.jpg,E:\mastercode\9_archive\low_confidence\train\000415_extra+76_gt12_pred88_IMG_20260706_105035.jpg,12,88,76,0,76,0.8368421792984009,0.05309041958852587
train,343,E:\mastercode\data\test\images\train\IMG_20260706_103910.jpg,E:\mastercode\9_archive\low_confidence\train\000343_extra+75_gt19_pred94_IMG_20260706_103910.jpg,19,94,75,0,75,0.9574517011642456,0.18014014637137346
test,70,E:\mastercode\data\test\images\test\IMG_20260706_105705.jpg,E:\mastercode\9_archive\low_confidence\test\000070_extra+75_gt10_pred85_IMG_20260706_105705.jpg,10,85,75,0,75,0.9420346021652222,0.11750275850953425
train,417,E:\mastercode\data\test\images\train\IMG_20260706_105039.jpg,E:\mastercode\9_archive\low_confidence\train\000417_extra+73_gt08_pred81_IMG_20260706_105039.jpg,8,81,73,0,73,0.9439632892608643,0.05842806063132522
train,15,E:\mastercode\data\test\images\train\IMG20231120160352.jpg,E:\mastercode\9_archive\low_confidence\train\000015_extra+70_gt36_pred106_IMG20231120160352.jpg,36,106,70,0,70,0.9471078515052795,0.2994093014331499
train,54,E:\mastercode\data\test\images\train\IMG20231120161328.jpg,E:\mastercode\9_archive\low_confidence\train\000054_extra+66_gt32_pred98_IMG20231120161328.jpg,32,98,66,0,66,0.9439893960952759,0.3162622893970384
train,297,E:\mastercode\data\test\images\train\IMG_20260706_103451.jpg,E:\mastercode\9_archive\low_confidence\train\000297_extra+65_gt15_pred80_IMG_20260706_103451.jpg,15,80,65,0,65,0.9361598491668701,0.18996495275059716
val,78,E:\mastercode\data\test\images\val\IMG_20260706_103017.jpg,E:\mastercode\9_archive\low_confidence\val\000078_extra+64_gt07_pred71_IMG_20260706_103017.jpg,7,71,64,0,64,0.9008579254150391,0.10034410773553479
train,109,E:\mastercode\data\test\images\train\IMG_20260706_100243.jpg,E:\mastercode\9_archive\low_confidence\train\000109_extra+63_gt11_pred74_IMG_20260706_100243.jpg,11,74,63,0,63,0.9034497737884521,0.09097467851195787
train,306,E:\mastercode\data\test\images\train\IMG_20260706_103533.jpg,E:\mastercode\9_archive\low_confidence\train\000306_extra+62_gt16_pred78_IMG_20260706_103533.jpg,16,78,62,0,62,0.907433271408081,0.15909914881325302
train,439,E:\mastercode\data\test\images\train\IMG_20260706_105254.jpg,E:\mastercode\9_archive\low_confidence\train\000439_extra+62_gt06_pred68_IMG_20260706_105254.jpg,6,68,62,0,62,0.661304771900177,0.04768777318189249
train,161,E:\mastercode\data\test\images\train\IMG_20260706_101012.jpg,E:\mastercode\9_archive\low_confidence\train\000161_extra+60_gt16_pred76_IMG_20260706_101012.jpg,16,76,60,0,60,0.9633311033248901,0.18349829004881413
train,590,E:\mastercode\data\test\images\train\IMG_20260706_111422.jpg,E:\mastercode\9_archive\low_confidence\train\000590_extra+59_gt01_pred60_IMG_20260706_111422.jpg,1,60,59,0,59,0.3043355941772461,0.034681423598279554
train,466,E:\mastercode\data\test\images\train\IMG_20260706_105506.jpg,E:\mastercode\9_archive\low_confidence\train\000466_extra+58_gt14_pred72_IMG_20260706_105506.jpg,14,72,58,0,58,0.9539769887924194,0.17353875752693662
val,126,E:\mastercode\data\test\images\val\IMG_20260706_105408.jpg,E:\mastercode\9_archive\low_confidence\val\000126_extra+57_gt05_pred62_IMG_20260706_105408.jpg,5,62,57,0,57,0.9531100988388062,0.09245550474752823
train,344,E:\mastercode\data\test\images\train\IMG_20260706_103912.jpg,E:\mastercode\9_archive\low_confidence\train\000344_extra+56_gt13_pred69_IMG_20260706_103912.jpg,13,69,56,0,56,0.9439911246299744,0.2087248074349718
val,173,E:\mastercode\data\test\images\val\IMG_20260706_111425.jpg,E:\mastercode\9_archive\low_confidence\val\000173_extra+56_gt14_pred70_IMG_20260706_111425.jpg,14,70,56,0,56,0.2665175795555115,0.03619053844096405
val,59,E:\mastercode\data\test\images\val\IMG_20260706_102114.jpg,E:\mastercode\9_archive\low_confidence\val\000059_extra+55_gt01_pred56_IMG_20260706_102114.jpg,1,56,55,0,55,0.9250224828720093,0.04064812145328948
train,407,E:\mastercode\data\test\images\train\IMG_20260706_104500.jpg,E:\mastercode\9_archive\low_confidence\train\000407_extra+54_gt12_pred66_IMG_20260706_104500.jpg,12,66,54,0,54,0.9137211441993713,0.13977352693451173
val,88,E:\mastercode\data\test\images\val\IMG_20260706_103621.jpg,E:\mastercode\9_archive\low_confidence\val\000088_extra+54_gt09_pred63_IMG_20260706_103621.jpg,9,63,54,0,54,0.8757961988449097,0.08146927869390874
train,575,E:\mastercode\data\test\images\train\IMG_20260706_111212.jpg,E:\mastercode\9_archive\low_confidence\train\000575_extra+54_gt10_pred64_IMG_20260706_111212.jpg,10,64,54,0,54,0.8458392024040222,0.14680931459588464
train,57,E:\mastercode\data\test\images\train\IMG20231120161338.jpg,E:\mastercode\9_archive\low_confidence\train\000057_extra+53_gt22_pred75_IMG20231120161338.jpg,22,75,53,0,53,0.9732032418251038,0.25248315326869486
train,307,E:\mastercode\data\test\images\train\IMG_20260706_103534.jpg,E:\mastercode\9_archive\low_confidence\train\000307_extra+53_gt14_pred67_IMG_20260706_103534.jpg,14,67,53,0,53,0.8918713927268982,0.15414861165709906
train,317,E:\mastercode\data\test\images\train\IMG_20260706_103616.jpg,E:\mastercode\9_archive\low_confidence\train\000317_extra+53_gt03_pred56_IMG_20260706_103616.jpg,3,56,53,0,53,0.7417815923690796,0.04563755924547357
train,16,E:\mastercode\data\test\images\train\IMG20231120160410.jpg,E:\mastercode\9_archive\low_confidence\train\000016_extra+52_gt27_pred79_IMG20231120160410.jpg,27,79,52,0,52,0.958331286907196,0.32246367058044745
train,451,E:\mastercode\data\test\images\train\IMG_20260706_105352.jpg,E:\mastercode\9_archive\low_confidence\train\000451_extra+50_gt10_pred60_IMG_20260706_105352.jpg,10,60,50,0,50,0.9270572066307068,0.09252078134256105
val,172,E:\mastercode\data\test\images\val\IMG_20260706_111407.jpg,E:\mastercode\9_archive\low_confidence\val\000172_extra+50_gt24_pred74_IMG_20260706_111407.jpg,24,74,50,0,50,0.8559356927871704,0.17468329532877416
test,89,E:\mastercode\data\test\images\test\IMG_20260706_111423.jpg,E:\mastercode\9_archive\low_confidence\test\000089_extra+50_gt01_pred51_IMG_20260706_111423.jpg,1,51,50,0,50,0.09086877852678299,0.02338559949295778
train,27,E:\mastercode\data\test\images\train\IMG20231120160730.jpg,E:\mastercode\9_archive\low_confidence\train\000027_extra+49_gt26_pred75_IMG20231120160730.jpg,26,75,49,0,49,0.9472655057907104,0.34611186316857734
train,568,E:\mastercode\data\test\images\train\IMG_20260706_111047.jpg,E:\mastercode\9_archive\low_confidence\train\000568_extra+49_gt01_pred50_IMG_20260706_111047.jpg,1,50,49,0,49,0.9349368810653687,0.044798056781291964
train,259,E:\mastercode\data\test\images\train\IMG_20260706_102941.jpg,E:\mastercode\9_archive\low_confidence\train\000259_extra+49_gt02_pred51_IMG_20260706_102941.jpg,2,51,49,0,49,0.8540682792663574,0.06361517671714811
train,487,E:\mastercode\data\test\images\train\IMG_20260706_105733.jpg,E:\mastercode\9_archive\low_confidence\train\000487_extra+48_gt10_pred58_IMG_20260706_105733.jpg,10,58,48,0,48,0.9067604541778564,0.13067008087668439
train,414,E:\mastercode\data\test\images\train\IMG_20260706_105034.jpg,E:\mastercode\9_archive\low_confidence\train\000414_extra+48_gt05_pred53_IMG_20260706_105034.jpg,5,53,48,0,48,0.8939788937568665,0.06152688205804465
train,460,E:\mastercode\data\test\images\train\IMG_20260706_105433.jpg,E:\mastercode\9_archive\low_confidence\train\000460_extra+47_gt04_pred51_IMG_20260706_105433.jpg,4,51,47,0,47,0.9714474678039551,0.10472003394263048
train,482,E:\mastercode\data\test\images\train\IMG_20260706_105703.jpg,E:\mastercode\9_archive\low_confidence\train\000482_extra+46_gt06_pred52_IMG_20260706_105703.jpg,6,52,46,0,46,0.9411299824714661,0.10602027690038085
train,270,E:\mastercode\data\test\images\train\IMG_20260706_103042.jpg,E:\mastercode\9_archive\low_confidence\train\000270_extra+45_gt06_pred51_IMG_20260706_103042.jpg,6,51,45,0,45,0.9182059168815613,0.15188619428697755
train,6,E:\mastercode\data\test\images\train\IMG20231120154841.jpg,E:\mastercode\9_archive\low_confidence\train\000006_extra+44_gt10_pred54_IMG20231120154841.jpg,10,54,44,0,44,0.9467058181762695,0.20139526391263912
train,323,E:\mastercode\data\test\images\train\IMG_20260706_103710.jpg,E:\mastercode\9_archive\low_confidence\train\000323_extra+44_gt10_pred54_IMG_20260706_103710.jpg,10,54,44,0,44,0.8932578563690186,0.13253955296413214
test,34,E:\mastercode\data\test\images\test\IMG_20260706_102950.jpg,E:\mastercode\9_archive\low_confidence\test\000034_extra+44_gt07_pred51_IMG_20260706_102950.jpg,7,51,44,0,44,0.8906112909317017,0.11606965776459843
val,24,E:\mastercode\data\test\images\val\IMG_20260706_095454.jpg,E:\mastercode\9_archive\low_confidence\val\000024_extra+43_gt07_pred50_IMG_20260706_095454.jpg,7,50,43,0,43,0.1324150413274765,0.022642130237072705
val,109,E:\mastercode\data\test\images\val\IMG_20260706_105114.jpg,E:\mastercode\9_archive\low_confidence\val\000109_extra+41_gt01_pred42_IMG_20260706_105114.jpg,1,42,41,0,41,0.9525706768035889,0.0496486416751785
train,21,E:\mastercode\data\test\images\train\IMG20231120160442.jpg,E:\mastercode\9_archive\low_confidence\train\000021_extra+40_gt23_pred63_IMG20231120160442.jpg,23,63,40,0,40,0.9504671096801758,0.38038067642362816
val,20,E:\mastercode\data\test\images\val\IMG20231120161728.jpg,E:\mastercode\9_archive\low_confidence\val\000020_extra+40_gt23_pred63_IMG20231120161728.jpg,23,63,40,0,40,0.9487963318824768,0.32311789896930493
train,266,E:\mastercode\data\test\images\train\IMG_20260706_103032.jpg,E:\mastercode\9_archive\low_confidence\train\000266_extra+40_gt11_pred51_IMG_20260706_103032.jpg,11,51,40,0,40,0.844278872013092,0.0757435205593413
train,318,E:\mastercode\data\test\images\train\IMG_20260706_103618.jpg,E:\mastercode\9_archive\low_confidence\train\000318_extra+40_gt00_pred40_IMG_20260706_103618.jpg,0,40,40,0,40,0.3841138184070587,0.033624790888279674
train,399,E:\mastercode\data\test\images\train\IMG_20260706_104430.jpg,E:\mastercode\9_archive\low_confidence\train\000399_extra+39_gt10_pred49_IMG_20260706_104430.jpg,10,49,39,0,39,0.9486325979232788,0.17041308041281847
test,71,E:\mastercode\data\test\images\test\IMG_20260706_105707.jpg,E:\mastercode\9_archive\low_confidence\test\000071_extra+38_gt12_pred50_IMG_20260706_105707.jpg,12,50,38,0,38,0.9625109434127808,0.21727186562493445
train,236,E:\mastercode\data\test\images\train\IMG_20260706_102655.jpg,E:\mastercode\9_archive\low_confidence\train\000236_extra+38_gt12_pred50_IMG_20260706_102655.jpg,12,50,38,0,38,0.9415100812911987,0.21534699831157922
train,465,E:\mastercode\data\test\images\train\IMG_20260706_105453.jpg,E:\mastercode\9_archive\low_confidence\train\000465_extra+38_gt03_pred41_IMG_20260706_105453.jpg,3,41,38,0,38,0.9353262186050415,0.08792456575646633
val,8,E:\mastercode\data\test\images\val\IMG20231120160745.jpg,E:\mastercode\9_archive\low_confidence\val\000008_extra+37_gt13_pred50_IMG20231120160745.jpg,13,50,37,0,37,0.953423798084259,0.24035560375079512
train,646,E:\mastercode\data\test\images\train\IMG_20260706_112000.jpg,E:\mastercode\9_archive\low_confidence\train\000646_extra+36_gt04_pred40_IMG_20260706_112000.jpg,4,40,36,0,36,0.9550864100456238,0.1621117578819394
train,55,E:\mastercode\data\test\images\train\IMG20231120161334.jpg,E:\mastercode\9_archive\low_confidence\train\000055_extra+35_gt23_pred58_IMG20231120161334.jpg,23,58,35,0,35,0.9493775367736816,0.37897595634748193
val,110,E:\mastercode\data\test\images\val\IMG_20260706_105119.jpg,E:\mastercode\9_archive\low_confidence\val\000110_extra+35_gt16_pred51_IMG_20260706_105119.jpg,16,51,35,0,35,0.9202525615692139,0.274338287173533
val,181,E:\mastercode\data\test\images\val\IMG_20260706_111732.jpg,E:\mastercode\9_archive\low_confidence\val\000181_extra+35_gt05_pred40_IMG_20260706_111732.jpg,5,40,35,0,35,0.8452745676040649,0.07769462440628558
train,48,E:\mastercode\data\test\images\train\IMG20231120161128.jpg,E:\mastercode\9_archive\low_confidence\train\000048_extra+34_gt26_pred60_IMG20231120161128.jpg,26,60,34,0,34,0.9541935920715332,0.3993075078508506
val,1,E:\mastercode\data\test\images\val\IMG20231120154847.jpg,E:\mastercode\9_archive\low_confidence\val\000001_extra+33_gt04_pred37_IMG20231120154847.jpg,4,37,33,0,33,0.9597148895263672,0.13853389362024293
train,19,E:\mastercode\data\test\images\train\IMG20231120160427.jpg,E:\mastercode\9_archive\low_confidence\train\000019_extra+33_gt21_pred54_IMG20231120160427.jpg,21,54,33,0,33,0.9594535827636719,0.36860942569802757
test,6,E:\mastercode\data\test\images\test\IMG20231120161709.jpg,E:\mastercode\9_archive\low_confidence\test\000006_extra+33_gt16_pred49_IMG20231120161709.jpg,16,49,33,0,33,0.948553204536438,0.29021185695440793
train,257,E:\mastercode\data\test\images\train\IMG_20260706_102928.jpg,E:\mastercode\9_archive\low_confidence\train\000257_extra+33_gt02_pred35_IMG_20260706_102928.jpg,2,35,33,0,33,0.9282197952270508,0.09766718489783151
train,586,E:\mastercode\data\test\images\train\IMG_20260706_111336.jpg,E:\mastercode\9_archive\low_confidence\train\000586_extra+33_gt11_pred44_IMG_20260706_111336.jpg,11,44,33,0,33,0.9279729127883911,0.21802442870102823
train,503,E:\mastercode\data\test\images\train\IMG_20260706_105854.jpg,E:\mastercode\9_archive\low_confidence\train\000503_extra+33_gt03_pred36_IMG_20260706_105854.jpg,3,36,33,0,33,0.7402855157852173,0.07192231849249867
test,53,E:\mastercode\data\test\images\test\IMG_20260706_104126.jpg,E:\mastercode\9_archive\low_confidence\test\000053_extra+32_gt01_pred33_IMG_20260706_104126.jpg,1,33,32,0,32,0.9254244565963745,0.047304595058614556
val,184,E:\mastercode\data\test\images\val\IMG_20260706_111741.jpg,E:\mastercode\9_archive\low_confidence\val\000184_extra+32_gt06_pred38_IMG_20260706_111741.jpg,6,38,32,0,32,0.9238886833190918,0.14507071963070253
test,64,E:\mastercode\data\test\images\test\IMG_20260706_105328.jpg,E:\mastercode\9_archive\low_confidence\test\000064_extra+32_gt06_pred38_IMG_20260706_105328.jpg,6,38,32,0,32,0.9199101328849792,0.11022640201018045
val,5,E:\mastercode\data\test\images\val\IMG20231120160659.jpg,E:\mastercode\9_archive\low_confidence\val\000005_extra+31_gt23_pred54_IMG20231120160659.jpg,23,54,31,0,31,0.9680135846138,0.40442256365592283
train,201,E:\mastercode\data\test\images\train\IMG_20260706_102209.jpg,E:\mastercode\9_archive\low_confidence\train\000201_extra+31_gt07_pred38_IMG_20260706_102209.jpg,7,38,31,0,31,0.9535694718360901,0.17986124508867138
train,308,E:\mastercode\data\test\images\train\IMG_20260706_103541.jpg,E:\mastercode\9_archive\low_confidence\train\000308_extra+30_gt09_pred39_IMG_20260706_103541.jpg,9,39,30,0,30,0.9523444771766663,0.1908659086538813
train,520,E:\mastercode\data\test\images\train\IMG_20260706_110102.jpg,E:\mastercode\9_archive\low_confidence\train\000520_extra+30_gt05_pred35_IMG_20260706_110102.jpg,5,35,30,0,30,0.9505202174186707,0.151608136509146
train,319,E:\mastercode\data\test\images\train\IMG_20260706_103619.jpg,E:\mastercode\9_archive\low_confidence\train\000319_extra+30_gt03_pred33_IMG_20260706_103619.jpg,3,33,30,0,30,0.9241339564323425,0.12301590022715655
train,310,E:\mastercode\data\test\images\train\IMG_20260706_103546.jpg,E:\mastercode\9_archive\low_confidence\train\000310_extra+30_gt19_pred49_IMG_20260706_103546.jpg,19,49,30,0,30,0.917843759059906,0.37857062901769367
train,389,E:\mastercode\data\test\images\train\IMG_20260706_104246.jpg,E:\mastercode\9_archive\low_confidence\train\000389_extra+30_gt02_pred32_IMG_20260706_104246.jpg,2,32,30,0,30,0.7771466374397278,0.10660425006062724
test,10,E:\mastercode\data\test\images\test\IMG20231120162026.jpg,E:\mastercode\9_archive\low_confidence\test\000010_extra+29_gt23_pred52_IMG20231120162026.jpg,23,52,29,0,29,0.9653446078300476,0.4071832078222472
val,17,E:\mastercode\data\test\images\val\IMG20231120161204.jpg,E:\mastercode\9_archive\low_confidence\val\000017_extra+29_gt28_pred57_IMG20231120161204.jpg,28,57,29,0,29,0.9596490263938904,0.41335662470705675
train,56,E:\mastercode\data\test\images\train\IMG20231120161337.jpg,E:\mastercode\9_archive\low_confidence\train\000056_extra+29_gt20_pred49_IMG20231120161337.jpg,20,49,29,0,29,0.9558119177818298,0.3832007985257981
train,37,E:\mastercode\data\test\images\train\IMG20231120161107_BURST005.jpg,E:\mastercode\9_archive\low_confidence\train\000037_extra+29_gt17_pred46_IMG20231120161107_BURST005.jpg,17,46,29,0,29,0.9437970519065857,0.29438006975080655
train,36,E:\mastercode\data\test\images\train\IMG20231120161107_BURST004.jpg,E:\mastercode\9_archive\low_confidence\train\000036_extra+29_gt18_pred47_IMG20231120161107_BURST004.jpg,18,47,29,0,29,0.940337598323822,0.2902935609776289
train,183,E:\mastercode\data\test\images\train\IMG_20260706_101901.jpg,E:\mastercode\9_archive\low_confidence\train\000183_extra+29_gt03_pred32_IMG_20260706_101901.jpg,3,32,29,0,29,0.9395595192909241,0.1192105341469869
train,416,E:\mastercode\data\test\images\train\IMG_20260706_105038.jpg,E:\mastercode\9_archive\low_confidence\train\000416_extra+29_gt06_pred35_IMG_20260706_105038.jpg,6,35,29,0,29,0.9369832873344421,0.11713359089834349
val,43,E:\mastercode\data\test\images\val\IMG_20260706_100500.jpg,E:\mastercode\9_archive\low_confidence\val\000043_extra+29_gt15_pred44_IMG_20260706_100500.jpg,15,44,29,0,29,0.9178778529167175,0.2543763932136988
test,65,E:\mastercode\data\test\images\test\IMG_20260706_105334.jpg,E:\mastercode\9_archive\low_confidence\test\000065_extra+29_gt05_pred34_IMG_20260706_105334.jpg,5,34,29,0,29,0.9051079154014587,0.1432600266793195
train,294,E:\mastercode\data\test\images\train\IMG_20260706_103420.jpg,E:\mastercode\9_archive\low_confidence\train\000294_extra+29_gt09_pred38_IMG_20260706_103420.jpg,9,38,29,0,29,0.8895285129547119,0.17073105594241306
train,374,E:\mastercode\data\test\images\train\IMG_20260706_104131.jpg,E:\mastercode\9_archive\low_confidence\train\000374_extra+29_gt02_pred31_IMG_20260706_104131.jpg,2,31,29,0,29,0.8780105710029602,0.06707553565502167
val,55,E:\mastercode\data\test\images\val\IMG_20260706_101750.jpg,E:\mastercode\9_archive\low_confidence\val\000055_extra+28_gt03_pred31_IMG_20260706_101750.jpg,3,31,28,0,28,0.9648548364639282,0.13147957040177238
val,170,E:\mastercode\data\test\images\val\IMG_20260706_111340.jpg,E:\mastercode\9_archive\low_confidence\val\000170_extra+28_gt10_pred38_IMG_20260706_111340.jpg,10,38,28,0,28,0.9555887579917908,0.27822232846856904
train,75,E:\mastercode\data\test\images\train\IMG20231120161845.jpg,E:\mastercode\9_archive\low_confidence\train\000075_extra+28_gt17_pred45_IMG20231120161845.jpg,17,45,28,0,28,0.9500646591186523,0.37287949708600837
val,94,E:\mastercode\data\test\images\val\IMG_20260706_103913.jpg,E:\mastercode\9_archive\low_confidence\val\000094_extra+28_gt14_pred42_IMG_20260706_103913.jpg,14,42,28,0,28,0.9498810768127441,0.3529597319041689
train,443,E:\mastercode\data\test\images\train\IMG_20260706_105313.jpg,E:\mastercode\9_archive\low_confidence\train\000443_extra+28_gt06_pred34_IMG_20260706_105313.jpg,6,34,28,0,28,0.9498766660690308,0.19411047293311534
train,555,E:\mastercode\data\test\images\train\IMG_20260706_110846.jpg,E:\mastercode\9_archive\low_confidence\train\000555_extra+28_gt10_pred38_IMG_20260706_110846.jpg,10,38,28,0,28,0.9431686401367188,0.12540589628349008
train,76,E:\mastercode\data\test\images\train\IMG20231120161919.jpg,E:\mastercode\9_archive\low_confidence\train\000076_extra+28_gt09_pred37_IMG20231120161919.jpg,9,37,28,0,28,0.9428457617759705,0.20979377896701162
train,518,E:\mastercode\data\test\images\train\IMG_20260706_110058.jpg,E:\mastercode\9_archive\low_confidence\train\000518_extra+28_gt16_pred44_IMG_20260706_110058.jpg,16,44,28,0,28,0.9354003071784973,0.29878562299365347
train,370,E:\mastercode\data\test\images\train\IMG_20260706_104102.jpg,E:\mastercode\9_archive\low_confidence\train\000370_extra+28_gt02_pred30_IMG_20260706_104102.jpg,2,30,28,0,28,0.9336605072021484,0.09985265467936794
train,234,E:\mastercode\data\test\images\train\IMG_20260706_102640.jpg,E:\mastercode\9_archive\low_confidence\train\000234_extra+28_gt14_pred42_IMG_20260706_102640.jpg,14,42,28,0,28,0.9334862232208252,0.2992131553723344
train,83,E:\mastercode\data\test\images\train\IMG20231120172615.jpg,E:\mastercode\9_archive\low_confidence\train\000083_extra+28_gt07_pred35_IMG20231120172615.jpg,7,35,28,0,28,0.9225403666496277,0.1977170219378812
train,432,E:\mastercode\data\test\images\train\IMG_20260706_105205.jpg,E:\mastercode\9_archive\low_confidence\train\000432_extra+27_gt05_pred32_IMG_20260706_105205.jpg,5,32,27,0,27,0.9620494246482849,0.18236609853920527
val,3,E:\mastercode\data\test\images\val\IMG20231120160501.jpg,E:\mastercode\9_archive\low_confidence\val\000003_extra+27_gt17_pred44_IMG20231120160501.jpg,17,44,27,0,27,0.956233024597168,0.3728196646340869
test,91,E:\mastercode\data\test\images\test\IMG_20260706_111508.jpg,E:\mastercode\9_archive\low_confidence\test\000091_extra+27_gt13_pred40_IMG_20260706_111508.jpg,13,40,27,0,27,0.951185941696167,0.332530249399133
val,118,E:\mastercode\data\test\images\val\IMG_20260706_105159.jpg,E:\mastercode\9_archive\low_confidence\val\000118_extra+27_gt14_pred41_IMG_20260706_105159.jpg,14,41,27,0,27,0.9460309743881226,0.291360699071935
train,147,E:\mastercode\data\test\images\train\IMG_20260706_100843.jpg,E:\mastercode\9_archive\low_confidence\train\000147_extra+27_gt08_pred35_IMG_20260706_100843.jpg,8,35,27,0,27,0.945052981376648,0.2049537567421794
val,14,E:\mastercode\data\test\images\val\IMG20231120161107_BURST006.jpg,E:\mastercode\9_archive\low_confidence\val\000014_extra+27_gt17_pred44_IMG20231120161107_BURST006.jpg,17,44,27,0,27,0.9335882663726807,0.3143559938974001
train,79,E:\mastercode\data\test\images\train\IMG20231120162036.jpg,E:\mastercode\9_archive\low_confidence\train\000079_extra+26_gt18_pred44_IMG20231120162036.jpg,18,44,26,0,26,0.9671517610549927,0.3835182331333106
test,51,E:\mastercode\data\test\images\test\IMG_20260706_103908.jpg,E:\mastercode\9_archive\low_confidence\test\000051_extra+26_gt06_pred32_IMG_20260706_103908.jpg,6,32,26,0,26,0.9590408205986023,0.2164457411854528
train,519,E:\mastercode\data\test\images\train\IMG_20260706_110059.jpg,E:\mastercode\9_archive\low_confidence\train\000519_extra+26_gt14_pred40_IMG_20260706_110059.jpg,14,40,26,0,26,0.9566401243209839,0.34279628209769725
train,235,E:\mastercode\data\test\images\train\IMG_20260706_102643.jpg,E:\mastercode\9_archive\low_confidence\train\000235_extra+26_gt12_pred38_IMG_20260706_102643.jpg,12,38,26,0,26,0.9483246803283691,0.28952043721648424
val,4,E:\mastercode\data\test\images\val\IMG20231120160510.jpg,E:\mastercode\9_archive\low_confidence\val\000004_extra+26_gt22_pred48_IMG20231120160510.jpg,22,48,26,0,26,0.9469709992408752,0.43885249093485373
train,438,E:\mastercode\data\test\images\train\IMG_20260706_105253.jpg,E:\mastercode\9_archive\low_confidence\train\000438_extra+26_gt04_pred30_IMG_20260706_105253.jpg,4,30,26,0,26,0.9423419237136841,0.13319160882383585
train,356,E:\mastercode\data\test\images\train\IMG_20260706_104002.jpg,E:\mastercode\9_archive\low_confidence\train\000356_extra+26_gt07_pred33_IMG_20260706_104002.jpg,7,33,26,0,26,0.9412421584129333,0.1021415139125152
test,58,E:\mastercode\data\test\images\test\IMG_20260706_104422.jpg,E:\mastercode\9_archive\low_confidence\test\000058_extra+26_gt03_pred29_IMG_20260706_104422.jpg,3,29,26,0,26,0.917875349521637,0.1844473984092474
val,152,E:\mastercode\data\test\images\val\IMG_20260706_110242.jpg,E:\mastercode\9_archive\low_confidence\val\000152_extra+26_gt05_pred31_IMG_20260706_110242.jpg,5,31,26,0,26,0.9070226550102234,0.16295428739319887
train,345,E:\mastercode\data\test\images\train\IMG_20260706_103915.jpg,E:\mastercode\9_archive\low_confidence\train\000345_extra+26_gt14_pred40_IMG_20260706_103915.jpg,14,40,26,0,26,0.9018071293830872,0.2841331499395892
test,39,E:\mastercode\data\test\images\test\IMG_20260706_103117.jpg,E:\mastercode\9_archive\low_confidence\test\000039_extra+26_gt04_pred30_IMG_20260706_103117.jpg,4,30,26,0,26,0.8833444118499756,0.09692737481867274
train,50,E:\mastercode\data\test\images\train\IMG20231120161257.jpg,E:\mastercode\9_archive\low_confidence\train\000050_extra+25_gt14_pred39_IMG20231120161257.jpg,14,39,25,0,25,0.9581269025802612,0.2752571786300112
train,61,E:\mastercode\data\test\images\train\IMG20231120161349.jpg,E:\mastercode\9_archive\low_confidence\train\000061_extra+25_gt12_pred37_IMG20231120161349.jpg,12,37,25,0,25,0.9563062787055969,0.30430106574518456
train,486,E:\mastercode\data\test\images\train\IMG_20260706_105731.jpg,E:\mastercode\9_archive\low_confidence\train\000486_extra+25_gt08_pred33_IMG_20260706_105731.jpg,8,33,25,0,25,0.947564959526062,0.21220625510834384
train,47,E:\mastercode\data\test\images\train\IMG20231120161112.jpg,E:\mastercode\9_archive\low_confidence\train\000047_extra+25_gt21_pred46_IMG20231120161112.jpg,21,46,25,0,25,0.9469886422157288,0.43131875339895487
train,67,E:\mastercode\data\test\images\train\IMG20231120161719.jpg,E:\mastercode\9_archive\low_confidence\train\000067_extra+25_gt16_pred41_IMG20231120161719.jpg,16,41,25,0,25,0.9411544799804688,0.35826134050219527
train,197,E:\mastercode\data\test\images\train\IMG_20260706_102147.jpg,E:\mastercode\9_archive\low_confidence\train\000197_extra+25_gt06_pred31_IMG_20260706_102147.jpg,6,31,25,0,25,0.9406142830848694,0.19460954988795903
train,46,E:\mastercode\data\test\images\train\IMG20231120161107_BURST018.jpg,E:\mastercode\9_archive\low_confidence\train\000046_extra+25_gt17_pred42_IMG20231120161107_BURST018.jpg,17,42,25,0,25,0.933440625667572,0.39962617177072735
train,413,E:\mastercode\data\test\images\train\IMG_20260706_105030.jpg,E:\mastercode\9_archive\low_confidence\train\000413_extra+25_gt09_pred34_IMG_20260706_105030.jpg,9,34,25,0,25,0.925683856010437,0.0698627436752705
train,52,E:\mastercode\data\test\images\train\IMG20231120161306.jpg,E:\mastercode\9_archive\low_confidence\train\000052_extra+24_gt11_pred35_IMG20231120161306.jpg,11,35,24,0,24,0.9583320021629333,0.32610774742705484
test,2,E:\mastercode\data\test\images\test\IMG20231120160519.jpg,E:\mastercode\9_archive\low_confidence\test\000002_extra+24_gt11_pred35_IMG20231120160519.jpg,11,35,24,0,24,0.9553208947181702,0.3104833388168897
train,384,E:\mastercode\data\test\images\train\IMG_20260706_104206.jpg,E:\mastercode\9_archive\low_confidence\train\000384_extra+24_gt13_pred37_IMG_20260706_104206.jpg,13,37,24,0,24,0.9546293616294861,0.2874232389385233
train,149,E:\mastercode\data\test\images\train\IMG_20260706_100858.jpg,E:\mastercode\9_archive\low_confidence\train\000149_extra+24_gt02_pred26_IMG_20260706_100858.jpg,2,26,24,0,24,0.9500818252563477,0.12826637683722836
train,159,E:\mastercode\data\test\images\train\IMG_20260706_101001.jpg,E:\mastercode\9_archive\low_confidence\train\000159_extra+24_gt08_pred32_IMG_20260706_101001.jpg,8,32,24,0,24,0.9459219574928284,0.19139802004792728
train,450,E:\mastercode\data\test\images\train\IMG_20260706_105350.jpg,E:\mastercode\9_archive\low_confidence\train\000450_extra+24_gt10_pred34_IMG_20260706_105350.jpg,10,34,24,0,24,0.939003586769104,0.29562176323002753
train,418,E:\mastercode\data\test\images\train\IMG_20260706_105043.jpg,E:\mastercode\9_archive\low_confidence\train\000418_extra+24_gt03_pred27_IMG_20260706_105043.jpg,3,27,24,0,24,0.9186850786209106,0.13221711848207093
train,402,E:\mastercode\data\test\images\train\IMG_20260706_104435.jpg,E:\mastercode\9_archive\low_confidence\train\000402_extra+24_gt09_pred33_IMG_20260706_104435.jpg,9,33,24,0,24,0.904441773891449,0.14903609375610496
test,37,E:\mastercode\data\test\images\test\IMG_20260706_103019.jpg,E:\mastercode\9_archive\low_confidence\test\000037_extra+24_gt07_pred31_IMG_20260706_103019.jpg,7,31,24,0,24,0.8794354796409607,0.18562490438982363
test,26,E:\mastercode\data\test\images\test\IMG_20260706_101828.jpg,E:\mastercode\9_archive\low_confidence\test\000026_extra+24_gt02_pred26_IMG_20260706_101828.jpg,2,26,24,0,24,0.8669453263282776,0.08737356265863547
train,24,E:\mastercode\data\test\images\train\IMG20231120160704.jpg,E:\mastercode\9_archive\low_confidence\train\000024_extra+23_gt11_pred34_IMG20231120160704.jpg,11,34,23,0,23,0.957902193069458,0.3177141267258455
train,25,E:\mastercode\data\test\images\train\IMG20231120160707.jpg,E:\mastercode\9_archive\low_confidence\train\000025_extra+23_gt13_pred36_IMG20231120160707.jpg,13,36,23,0,23,0.9575744867324829,0.35490326122898197
train,299,E:\mastercode\data\test\images\train\IMG_20260706_103456.jpg,E:\mastercode\9_archive\low_confidence\train\000299_extra+23_gt04_pred27_IMG_20260706_103456.jpg,4,27,23,0,23,0.9560149908065796,0.1647316605128624
train,620,E:\mastercode\data\test\images\train\IMG_20260706_111617.jpg,E:\mastercode\9_archive\low_confidence\train\000620_extra+23_gt04_pred27_IMG_20260706_111617.jpg,4,27,23,0,23,0.9356024861335754,0.1630574750058629
train,116,E:\mastercode\data\test\images\train\IMG_20260706_100334.jpg,E:\mastercode\9_archive\low_confidence\train\000116_extra+23_gt02_pred25_IMG_20260706_100334.jpg,2,25,23,0,23,0.9118924140930176,0.13564661249518395
train,352,E:\mastercode\data\test\images\train\IMG_20260706_103938.jpg,E:\mastercode\9_archive\low_confidence\train\000352_extra+23_gt02_pred25_IMG_20260706_103938.jpg,2,25,23,0,23,0.903240442276001,0.1366550189629197
train,338,E:\mastercode\data\test\images\train\IMG_20260706_103824.jpg,E:\mastercode\9_archive\low_confidence\train\000338_extra+23_gt01_pred24_IMG_20260706_103824.jpg,1,24,23,0,23,0.8817189335823059,0.08064281948221226
train,285,E:\mastercode\data\test\images\train\IMG_20260706_103327.jpg,E:\mastercode\9_archive\low_confidence\train\000285_extra+23_gt02_pred25_IMG_20260706_103327.jpg,2,25,23,0,23,0.7558010816574097,0.10286966904997825
train,49,E:\mastercode\data\test\images\train\IMG20231120161137.jpg,E:\mastercode\9_archive\low_confidence\train\000049_extra+22_gt07_pred29_IMG20231120161137.jpg,7,29,22,0,22,0.9624332785606384,0.1972964059176116
train,400,E:\mastercode\data\test\images\train\IMG_20260706_104431.jpg,E:\mastercode\9_archive\low_confidence\train\000400_extra+22_gt02_pred24_IMG_20260706_104431.jpg,2,24,22,0,22,0.9564279913902283,0.15727337612770498
train,69,E:\mastercode\data\test\images\train\IMG20231120161739.jpg,E:\mastercode\9_archive\low_confidence\train\000069_extra+22_gt19_pred41_IMG20231120161739.jpg,19,41,22,0,22,0.953973114490509,0.4307369441248295
train,401,E:\mastercode\data\test\images\train\IMG_20260706_104433.jpg,E:\mastercode\9_archive\low_confidence\train\000401_extra+22_gt09_pred31_IMG_20260706_104433.jpg,9,31,22,0,22,0.9434952735900879,0.2563853861703988
val,134,E:\mastercode\data\test\images\val\IMG_20260706_105627.jpg,E:\mastercode\9_archive\low_confidence\val\000134_extra+22_gt05_pred27_IMG_20260706_105627.jpg,5,27,22,0,22,0.9425433874130249,0.20153592620044947
train,45,E:\mastercode\data\test\images\train\IMG20231120161107_BURST017.jpg,E:\mastercode\9_archive\low_confidence\train\000045_extra+22_gt20_pred42_IMG20231120161107_BURST017.jpg,20,42,22,0,22,0.9403843283653259,0.3841615331004418
val,15,E:\mastercode\data\test\images\val\IMG20231120161107_BURST008.jpg,E:\mastercode\9_archive\low_confidence\val\000015_extra+22_gt17_pred39_IMG20231120161107_BURST008.jpg,17,39,22,0,22,0.940021276473999,0.3670581525000624
train,341,E:\mastercode\data\test\images\train\IMG_20260706_103900.jpg,E:\mastercode\9_archive\low_confidence\train\000341_extra+22_gt02_pred24_IMG_20260706_103900.jpg,2,24,22,0,22,0.9161654710769653,0.12342312559485435
train,322,E:\mastercode\data\test\images\train\IMG_20260706_103708.jpg,E:\mastercode\9_archive\low_confidence\train\000322_extra+21_gt09_pred30_IMG_20260706_103708.jpg,9,30,21,0,21,0.9622212052345276,0.2766638042405248
train,598,E:\mastercode\data\test\images\train\IMG_20260706_111503.jpg,E:\mastercode\9_archive\low_confidence\train\000598_extra+21_gt11_pred32_IMG_20260706_111503.jpg,11,32,21,0,21,0.9535822868347168,0.34703545848606154
train,60,E:\mastercode\data\test\images\train\IMG20231120161342.jpg,E:\mastercode\9_archive\low_confidence\train\000060_extra+21_gt18_pred39_IMG20231120161342.jpg,18,39,21,0,21,0.9517579674720764,0.4560395512634363
val,132,E:\mastercode\data\test\images\val\IMG_20260706_105616.jpg,E:\mastercode\9_archive\low_confidence\val\000132_extra+21_gt07_pred28_IMG_20260706_105616.jpg,7,28,21,0,21,0.9453151822090149,0.21898099753473485
train,97,E:\mastercode\data\test\images\train\IMG_20260706_100003.jpg,E:\mastercode\9_archive\low_confidence\train\000097_extra+21_gt08_pred29_IMG_20260706_100003.jpg,8,29,21,0,21,0.9392303228378296,0.3109102389807331
train,41,E:\mastercode\data\test\images\train\IMG20231120161107_BURST011.jpg,E:\mastercode\9_archive\low_confidence\train\000041_extra+21_gt16_pred37_IMG20231120161107_BURST011.jpg,16,37,21,0,21,0.9197452068328857,0.3818030926726154
val,140,E:\mastercode\data\test\images\val\IMG_20260706_105739.jpg,E:\mastercode\9_archive\low_confidence\val\000140_extra+21_gt10_pred31_IMG_20260706_105739.jpg,10,31,21,0,21,0.9067873358726501,0.1619113491127087
test,20,E:\mastercode\data\test\images\test\IMG_20260706_100918.jpg,E:\mastercode\9_archive\low_confidence\test\000020_extra+20_gt04_pred24_IMG_20260706_100918.jpg,4,24,20,0,20,0.9631965756416321,0.17117113006922105
train,7,E:\mastercode\data\test\images\train\IMG20231120155850.jpg,E:\mastercode\9_archive\low_confidence\train\000007_extra+20_gt16_pred36_IMG20231120155850.jpg,16,36,20,0,20,0.962247371673584,0.40324327251356507
train,73,E:\mastercode\data\test\images\train\IMG20231120161836.jpg,E:\mastercode\9_archive\low_confidence\train\000073_extra+20_gt11_pred31_IMG20231120161836.jpg,11,31,20,0,20,0.9546458721160889,0.34179734591875344
train,454,E:\mastercode\data\test\images\train\IMG_20260706_105403.jpg,E:\mastercode\9_archive\low_confidence\train\000454_extra+20_gt04_pred24_IMG_20260706_105403.jpg,4,24,20,0,20,0.9543622136116028,0.18838838526668647
train,238,E:\mastercode\data\test\images\train\IMG_20260706_102702.jpg,E:\mastercode\9_archive\low_confidence\train\000238_extra+20_gt05_pred25_IMG_20260706_102702.jpg,5,25,20,0,20,0.9536393880844116,0.23541397958993912
train,500,E:\mastercode\data\test\images\train\IMG_20260706_105837.jpg,E:\mastercode\9_archive\low_confidence\train\000500_extra+20_gt03_pred23_IMG_20260706_105837.jpg,3,23,20,0,20,0.9516463875770569,0.16811017023966365
val,149,E:\mastercode\data\test\images\val\IMG_20260706_110056.jpg,E:\mastercode\9_archive\low_confidence\val\000149_extra+20_gt04_pred24_IMG_20260706_110056.jpg,4,24,20,0,20,0.9480023980140686,0.16414009810735783
test,1,E:\mastercode\data\test\images\test\IMG20231120155138.jpg,E:\mastercode\9_archive\low_confidence\test\000001_extra+20_gt07_pred27_IMG20231120155138.jpg,7,27,20,0,20,0.9476113319396973,0.2403469453048375
val,96,E:\mastercode\data\test\images\val\IMG_20260706_104057.jpg,E:\mastercode\9_archive\low_confidence\val\000096_extra+20_gt06_pred26_IMG_20260706_104057.jpg,6,26,20,0,20,0.9452335238456726,0.16308183824786773
train,275,E:\mastercode\data\test\images\train\IMG_20260706_103114.jpg,E:\mastercode\9_archive\low_confidence\train\000275_extra+20_gt03_pred23_IMG_20260706_103114.jpg,3,23,20,0,20,0.9449043869972229,0.20178427235425814
train,106,E:\mastercode\data\test\images\train\IMG_20260706_100207.jpg,E:\mastercode\9_archive\low_confidence\train\000106_extra+20_gt07_pred27_IMG_20260706_100207.jpg,7,27,20,0,20,0.943489670753479,0.2524206832189251
train,242,E:\mastercode\data\test\images\train\IMG_20260706_102750.jpg,E:\mastercode\9_archive\low_confidence\train\000242_extra+20_gt04_pred24_IMG_20260706_102750.jpg,4,24,20,0,20,0.9373095035552979,0.20483980890518674
train,619,E:\mastercode\data\test\images\train\IMG_20260706_111615.jpg,E:\mastercode\9_archive\low_confidence\train\000619_extra+20_gt06_pred26_IMG_20260706_111615.jpg,6,26,20,0,20,0.9296786785125732,0.19952146483298677
train,5,E:\mastercode\data\test\images\train\IMG20231120154815.jpg,E:\mastercode\9_archive\low_confidence\train\000005_extra+19_gt12_pred31_IMG20231120154815.jpg,12,31,19,0,19,0.969127893447876,0.35818514050615413
train,17,E:\mastercode\data\test\images\train\IMG20231120160413.jpg,E:\mastercode\9_archive\low_confidence\train\000017_extra+19_gt09_pred28_IMG20231120160413.jpg,9,28,19,0,19,0.9601826667785645,0.327708915308384
val,22,E:\mastercode\data\test\images\val\IMG20231120162100.jpg,E:\mastercode\9_archive\low_confidence\val\000022_extra+19_gt12_pred31_IMG20231120162100.jpg,12,31,19,0,19,0.959122359752655,0.3130387719720602
val,171,E:\mastercode\data\test\images\val\IMG_20260706_111402.jpg,E:\mastercode\9_archive\low_confidence\val\000171_extra+19_gt06_pred25_IMG_20260706_111402.jpg,6,25,19,0,19,0.954858124256134,0.26230891592800615
train,425,E:\mastercode\data\test\images\train\IMG_20260706_105126.jpg,E:\mastercode\9_archive\low_confidence\train\000425_extra+19_gt05_pred24_IMG_20260706_105126.jpg,5,24,19,0,19,0.9547536969184875,0.186654755147174
val,27,E:\mastercode\data\test\images\val\IMG_20260706_095915.jpg,E:\mastercode\9_archive\low_confidence\val\000027_extra+19_gt08_pred27_IMG_20260706_095915.jpg,8,27,19,0,19,0.9493821859359741,0.33247804803842745
train,171,E:\mastercode\data\test\images\train\IMG_20260706_101233.jpg,E:\mastercode\9_archive\low_confidence\train\000171_extra+19_gt03_pred22_IMG_20260706_101233.jpg,3,22,19,0,19,0.9476029872894287,0.14657958355647596
val,13,E:\mastercode\data\test\images\val\IMG20231120161107_BURST003.jpg,E:\mastercode\9_archive\low_confidence\val\000013_extra+19_gt17_pred36_IMG20231120161107_BURST003.jpg,17,36,19,0,19,0.9408186078071594,0.39325995756209725
val,36,E:\mastercode\data\test\images\val\IMG_20260706_100215.jpg,E:\mastercode\9_archive\low_confidence\val\000036_extra+19_gt05_pred24_IMG_20260706_100215.jpg,5,24,19,0,19,0.936468780040741,0.2560043949633837
val,16,E:\mastercode\data\test\images\val\IMG20231120161107_BURST015.jpg,E:\mastercode\9_archive\low_confidence\val\000016_extra+19_gt13_pred32_IMG20231120161107_BURST015.jpg,13,32,19,0,19,0.934932291507721,0.4411598592705559
train,34,E:\mastercode\data\test\images\train\IMG20231120161107_BURST001.jpg,E:\mastercode\9_archive\low_confidence\train\000034_extra+19_gt17_pred36_IMG20231120161107_BURST001.jpg,17,36,19,0,19,0.9245719313621521,0.40082015762002104
train,284,E:\mastercode\data\test\images\train\IMG_20260706_103325.jpg,E:\mastercode\9_archive\low_confidence\train\000284_extra+19_gt03_pred22_IMG_20260706_103325.jpg,3,22,19,0,19,0.8492434620857239,0.1761706036261537
train,80,E:\mastercode\data\test\images\train\IMG20231120162121.jpg,E:\mastercode\9_archive\low_confidence\train\000080_extra+18_gt09_pred27_IMG20231120162121.jpg,9,27,18,0,18,0.9692097306251526,0.3416202859608112
train,421,E:\mastercode\data\test\images\train\IMG_20260706_105105.jpg,E:\mastercode\9_archive\low_confidence\train\000421_extra+18_gt03_pred21_IMG_20260706_105105.jpg,3,21,18,0,18,0.9629384875297546,0.15843749982083127
train,22,E:\mastercode\data\test\images\train\IMG20231120160449.jpg,E:\mastercode\9_archive\low_confidence\train\000022_extra+18_gt24_pred42_IMG20231120160449.jpg,24,42,18,0,18,0.9615940451622009,0.4471320803055451
train,8,E:\mastercode\data\test\images\train\IMG20231120155930.jpg,E:\mastercode\9_archive\low_confidence\train\000008_extra+18_gt13_pred31_IMG20231120155930.jpg,13,31,18,0,18,0.9615607857704163,0.43717524397277063
train,252,E:\mastercode\data\test\images\train\IMG_20260706_102851.jpg,E:\mastercode\9_archive\low_confidence\train\000252_extra+18_gt09_pred27_IMG_20260706_102851.jpg,9,27,18,0,18,0.9586944580078125,0.34440571573321466
train,385,E:\mastercode\data\test\images\train\IMG_20260706_104210.jpg,E:\mastercode\9_archive\low_confidence\train\000385_extra+18_gt07_pred25_IMG_20260706_104210.jpg,7,25,18,0,18,0.9568235874176025,0.22724170114845038
val,145,E:\mastercode\data\test\images\val\IMG_20260706_105947.jpg,E:\mastercode\9_archive\low_confidence\val\000145_extra+18_gt03_pred21_IMG_20260706_105947.jpg,3,21,18,0,18,0.9567787051200867,0.19094928992646082
train,30,E:\mastercode\data\test\images\train\IMG20231120160912.jpg,E:\mastercode\9_archive\low_confidence\train\000030_extra+18_gt20_pred38_IMG20231120160912.jpg,20,38,18,0,18,0.9502732157707214,0.4062175787004985
train,309,E:\mastercode\data\test\images\train\IMG_20260706_103543.jpg,E:\mastercode\9_archive\low_confidence\train\000309_extra+18_gt07_pred25_IMG_20260706_103543.jpg,7,25,18,0,18,0.9493143558502197,0.3038033251464367
train,599,E:\mastercode\data\test\images\train\IMG_20260706_111504.jpg,E:\mastercode\9_archive\low_confidence\train\000599_extra+18_gt11_pred29_IMG_20260706_111504.jpg,11,29,18,0,18,0.9474645853042603,0.3445739607358801
train,348,E:\mastercode\data\test\images\train\IMG_20260706_103925.jpg,E:\mastercode\9_archive\low_confidence\train\000348_extra+18_gt08_pred26_IMG_20260706_103925.jpg,8,26,18,0,18,0.9473053812980652,0.3318279514519068
train,3,E:\mastercode\data\test\images\train\IMG20231120154732.jpg,E:\mastercode\9_archive\low_confidence\train\000003_extra+18_gt10_pred28_IMG20231120154732.jpg,10,28,18,0,18,0.9466374516487122,0.3469430806580931
train,180,E:\mastercode\data\test\images\train\IMG_20260706_101804.jpg,E:\mastercode\9_archive\low_confidence\train\000180_extra+18_gt03_pred21_IMG_20260706_101804.jpg,3,21,18,0,18,0.9415127038955688,0.22970265562513045
val,31,E:\mastercode\data\test\images\val\IMG_20260706_100001.jpg,E:\mastercode\9_archive\low_confidence\val\000031_extra+18_gt01_pred19_IMG_20260706_100001.jpg,1,19,18,0,18,0.9359476566314697,0.0879852112970854
train,560,E:\mastercode\data\test\images\train\IMG_20260706_110913.jpg,E:\mastercode\9_archive\low_confidence\train\000560_extra+18_gt01_pred19_IMG_20260706_110913.jpg,1,19,18,0,18,0.9228670001029968,0.09969746380260117
train,623,E:\mastercode\data\test\images\train\IMG_20260706_111643.jpg,E:\mastercode\9_archive\low_confidence\train\000623_extra+18_gt08_pred26_IMG_20260706_111643.jpg,8,26,18,0,18,0.9209722876548767,0.07395867509051011
test,44,E:\mastercode\data\test\images\test\IMG_20260706_103440.jpg,E:\mastercode\9_archive\low_confidence\test\000044_extra+18_gt02_pred20_IMG_20260706_103440.jpg,2,20,18,0,18,0.9143354296684265,0.1271827838383615
train,139,E:\mastercode\data\test\images\train\IMG_20260706_100642.jpg,E:\mastercode\9_archive\low_confidence\train\000139_extra+18_gt06_pred24_IMG_20260706_100642.jpg,6,24,18,0,18,0.9065539240837097,0.2588286224442224
val,97,E:\mastercode\data\test\images\val\IMG_20260706_104109.jpg,E:\mastercode\9_archive\low_confidence\val\000097_extra+18_gt01_pred19_IMG_20260706_104109.jpg,1,19,18,0,18,0.7417858242988586,0.16867716468282437
train,608,E:\mastercode\data\test\images\train\IMG_20260706_111536.jpg,E:\mastercode\9_archive\low_confidence\train\000608_extra+17_gt11_pred28_IMG_20260706_111536.jpg,11,28,17,0,17,0.9611092805862427,0.414189877620499
val,7,E:\mastercode\data\test\images\val\IMG20231120160725.jpg,E:\mastercode\9_archive\low_confidence\val\000007_extra+17_gt11_pred28_IMG20231120160725.jpg,11,28,17,0,17,0.9567555785179138,0.35002527332731653
train,403,E:\mastercode\data\test\images\train\IMG_20260706_104437.jpg,E:\mastercode\9_archive\low_confidence\train\000403_extra+17_gt01_pred18_IMG_20260706_104437.jpg,1,18,17,0,17,0.9560969471931458,0.07916065238209234
train,29,E:\mastercode\data\test\images\train\IMG20231120160809.jpg,E:\mastercode\9_archive\low_confidence\train\000029_extra+17_gt06_pred23_IMG20231120160809.jpg,6,23,17,0,17,0.9559859037399292,0.27295261605278304
train,326,E:\mastercode\data\test\images\train\IMG_20260706_103728.jpg,E:\mastercode\9_archive\low_confidence\train\000326_extra+17_gt09_pred26_IMG_20260706_103728.jpg,9,26,17,0,17,0.9542513489723206,0.33340576129893845
train,314,E:\mastercode\data\test\images\train\IMG_20260706_103606.jpg,E:\mastercode\9_archive\low_confidence\train\000314_extra+17_gt06_pred23_IMG_20260706_103606.jpg,6,23,17,0,17,0.9534959197044373,0.2664173938253004
val,125,E:\mastercode\data\test\images\val\IMG_20260706_105351_2.jpg,E:\mastercode\9_archive\low_confidence\val\000125_extra+17_gt07_pred24_IMG_20260706_105351_2.jpg,7,24,17,0,17,0.9515597224235535,0.27858106640633196
test,45,E:\mastercode\data\test\images\test\IMG_20260706_103453.jpg,E:\mastercode\9_archive\low_confidence\test\000045_extra+17_gt06_pred23_IMG_20260706_103453.jpg,6,23,17,0,17,0.9513333439826965,0.2965552330664966
train,255,E:\mastercode\data\test\images\train\IMG_20260706_102903.jpg,E:\mastercode\9_archive\low_confidence\train\000255_extra+17_gt02_pred19_IMG_20260706_102903.jpg,2,19,17,0,17,0.9478967189788818,0.13645882664346382
train,271,E:\mastercode\data\test\images\train\IMG_20260706_103047.jpg,E:\mastercode\9_archive\low_confidence\train\000271_extra+17_gt02_pred19_IMG_20260706_103047.jpg,2,19,17,0,17,0.9466677904129028,0.13347699404939226
train,218,E:\mastercode\data\test\images\train\IMG_20260706_102506.jpg,E:\mastercode\9_archive\low_confidence\train\000218_extra+17_gt03_pred20_IMG_20260706_102506.jpg,3,20,17,0,17,0.9431122541427612,0.1917628959286958
train,625,E:\mastercode\data\test\images\train\IMG_20260706_111707.jpg,E:\mastercode\9_archive\low_confidence\train\000625_extra+17_gt05_pred22_IMG_20260706_111707.jpg,5,22,17,0,17,0.9347575902938843,0.2264367236586457
train,40,E:\mastercode\data\test\images\train\IMG20231120161107_BURST010.jpg,E:\mastercode\9_archive\low_confidence\train\000040_extra+17_gt16_pred33_IMG20231120161107_BURST010.jpg,16,33,17,0,17,0.9288978576660156,0.43819462316054286
train,420,E:\mastercode\data\test\images\train\IMG_20260706_105058.jpg,E:\mastercode\9_archive\low_confidence\train\000420_extra+17_gt04_pred21_IMG_20260706_105058.jpg,4,21,17,0,17,0.907243549823761,0.15479405871814206
train,320,E:\mastercode\data\test\images\train\IMG_20260706_103622.jpg,E:\mastercode\9_archive\low_confidence\train\000320_extra+17_gt00_pred17_IMG_20260706_103622.jpg,0,17,17,0,17,0.47525250911712646,0.06479780600570581
train,609,E:\mastercode\data\test\images\train\IMG_20260706_111538.jpg,E:\mastercode\9_archive\low_confidence\train\000609_extra+16_gt11_pred27_IMG_20260706_111538.jpg,11,27,16,0,16,0.971889317035675,0.41376193788730437
test,5,E:\mastercode\data\test\images\test\IMG20231120161558.jpg,E:\mastercode\9_archive\low_confidence\test\000005_extra+16_gt06_pred22_IMG20231120161558.jpg,6,22,16,0,16,0.9700203537940979,0.29060041019693017
train,442,E:\mastercode\data\test\images\train\IMG_20260706_105310.jpg,E:\mastercode\9_archive\low_confidence\train\000442_extra+16_gt03_pred19_IMG_20260706_105310.jpg,3,19,16,0,16,0.9625905752182007,0.17504935020482854
train,463,E:\mastercode\data\test\images\train\IMG_20260706_105442.jpg,E:\mastercode\9_archive\low_confidence\train\000463_extra+16_gt05_pred21_IMG_20260706_105442.jpg,5,21,16,0,16,0.9614342451095581,0.2505358698822203
val,120,E:\mastercode\data\test\images\val\IMG_20260706_105207.jpg,E:\mastercode\9_archive\low_confidence\val\000120_extra+16_gt03_pred19_IMG_20260706_105207.jpg,3,19,16,0,16,0.9589477181434631,0.2333553886335147
test,57,E:\mastercode\data\test\images\test\IMG_20260706_104421.jpg,E:\mastercode\9_archive\low_confidence\test\000057_extra+16_gt03_pred19_IMG_20260706_104421.jpg,3,19,16,0,16,0.9586615562438965,0.20682248924123614
train,32,E:\mastercode\data\test\images\train\IMG20231120161054.jpg,E:\mastercode\9_archive\low_confidence\train\000032_extra+16_gt13_pred29_IMG20231120161054.jpg,13,29,16,0,16,0.9578931927680969,0.3826824989940586
train,592,E:\mastercode\data\test\images\train\IMG_20260706_111450.jpg,E:\mastercode\9_archive\low_confidence\train\000592_extra+16_gt05_pred21_IMG_20260706_111450.jpg,5,21,16,0,16,0.9549425840377808,0.24660910701467878
train,217,E:\mastercode\data\test\images\train\IMG_20260706_102500.jpg,E:\mastercode\9_archive\low_confidence\train\000217_extra+16_gt06_pred22_IMG_20260706_102500.jpg,6,22,16,0,16,0.9529299736022949,0.28873115744103084
train,120,E:\mastercode\data\test\images\train\IMG_20260706_100358.jpg,E:\mastercode\9_archive\low_confidence\train\000120_extra+16_gt05_pred21_IMG_20260706_100358.jpg,5,21,16,0,16,0.9520594477653503,0.2941449193638705
train,18,E:\mastercode\data\test\images\train\IMG20231120160426.jpg,E:\mastercode\9_archive\low_confidence\train\000018_extra+16_gt16_pred32_IMG20231120160426.jpg,16,32,16,0,16,0.9518296718597412,0.47802412215969525
train,110,E:\mastercode\data\test\images\train\IMG_20260706_100249.jpg,E:\mastercode\9_archive\low_confidence\train\000110_extra+16_gt07_pred23_IMG_20260706_100249.jpg,7,23,16,0,16,0.9498085975646973,0.2846789611503482
train,245,E:\mastercode\data\test\images\train\IMG_20260706_102808.jpg,E:\mastercode\9_archive\low_confidence\train\000245_extra+16_gt03_pred19_IMG_20260706_102808.jpg,3,19,16,0,16,0.9459167122840881,0.2049284930291929
val,84,E:\mastercode\data\test\images\val\IMG_20260706_103521.jpg,E:\mastercode\9_archive\low_confidence\val\000084_extra+16_gt05_pred21_IMG_20260706_103521.jpg,5,21,16,0,16,0.9453795552253723,0.16145072034781888
test,66,E:\mastercode\data\test\images\test\IMG_20260706_105431.jpg,E:\mastercode\9_archive\low_confidence\test\000066_extra+16_gt08_pred24_IMG_20260706_105431.jpg,8,24,16,0,16,0.9426460266113281,0.3813491230442499
val,42,E:\mastercode\data\test\images\val\IMG_20260706_100446.jpg,E:\mastercode\9_archive\low_confidence\val\000042_extra+16_gt02_pred18_IMG_20260706_100446.jpg,2,18,16,0,16,0.9417338371276855,0.1549287819200092
train,250,E:\mastercode\data\test\images\train\IMG_20260706_102841.jpg,E:\mastercode\9_archive\low_confidence\train\000250_extra+16_gt04_pred20_IMG_20260706_102841.jpg,4,20,16,0,16,0.9407351613044739,0.25203734189271926
train,178,E:\mastercode\data\test\images\train\IMG_20260706_101759.jpg,E:\mastercode\9_archive\low_confidence\train\000178_extra+16_gt05_pred21_IMG_20260706_101759.jpg,5,21,16,0,16,0.9393265843391418,0.25247688006077496
train,129,E:\mastercode\data\test\images\train\IMG_20260706_100520.jpg,E:\mastercode\9_archive\low_confidence\train\000129_extra+16_gt11_pred27_IMG_20260706_100520.jpg,11,27,16,0,16,0.9386722445487976,0.34715542880197364
val,71,E:\mastercode\data\test\images\val\IMG_20260706_102810.jpg,E:\mastercode\9_archive\low_confidence\val\000071_extra+16_gt04_pred20_IMG_20260706_102810.jpg,4,20,16,0,16,0.9386602640151978,0.15739358328282832
train,43,E:\mastercode\data\test\images\train\IMG20231120161107_BURST014.jpg,E:\mastercode\9_archive\low_confidence\train\000043_extra+16_gt18_pred34_IMG20231120161107_BURST014.jpg,18,34,16,0,16,0.9340102672576904,0.4358434044646428
train,394,E:\mastercode\data\test\images\train\IMG_20260706_104304.jpg,E:\mastercode\9_archive\low_confidence\train\000394_extra+16_gt04_pred20_IMG_20260706_104304.jpg,4,20,16,0,16,0.9338511824607849,0.20528094936162233
test,93,E:\mastercode\data\test\images\test\IMG_20260706_111740.jpg,E:\mastercode\9_archive\low_confidence\test\000093_extra+16_gt07_pred23_IMG_20260706_111740.jpg,7,23,16,0,16,0.9335512518882751,0.25571410904597974
train,33,E:\mastercode\data\test\images\train\IMG20231120161107_BURST000_COVER.jpg,E:\mastercode\9_archive\low_confidence\train\000033_extra+16_gt19_pred35_IMG20231120161107_BURST000_COVER.jpg,19,35,16,0,16,0.9335246682167053,0.40297494402953554
train,382,E:\mastercode\data\test\images\train\IMG_20260706_104152.jpg,E:\mastercode\9_archive\low_confidence\train\000382_extra+16_gt01_pred17_IMG_20260706_104152.jpg,1,17,16,0,16,0.9326296448707581,0.11426739915109732
train,38,E:\mastercode\data\test\images\train\IMG20231120161107_BURST007.jpg,E:\mastercode\9_archive\low_confidence\train\000038_extra+16_gt19_pred35_IMG20231120161107_BURST007.jpg,19,35,16,0,16,0.931244432926178,0.3980792047721999
train,607,E:\mastercode\data\test\images\train\IMG_20260706_111534.jpg,E:\mastercode\9_archive\low_confidence\train\000607_extra+16_gt06_pred22_IMG_20260706_111534.jpg,6,22,16,0,16,0.9188293814659119,0.272826418153603
train,126,E:\mastercode\data\test\images\train\IMG_20260706_100456.jpg,E:\mastercode\9_archive\low_confidence\train\000126_extra+16_gt04_pred20_IMG_20260706_100456.jpg,4,20,16,0,16,0.913727343082428,0.20764609817415475
train,211,E:\mastercode\data\test\images\train\IMG_20260706_102421.jpg,E:\mastercode\9_archive\low_confidence\train\000211_extra+16_gt01_pred17_IMG_20260706_102421.jpg,1,17,16,0,16,0.9004951119422913,0.07932875376632985
train,637,E:\mastercode\data\test\images\train\IMG_20260706_111818.jpg,E:\mastercode\9_archive\low_confidence\train\000637_extra+16_gt01_pred17_IMG_20260706_111818.jpg,1,17,16,0,16,0.8735558390617371,0.07919732946902514
test,38,E:\mastercode\data\test\images\test\IMG_20260706_103031.jpg,E:\mastercode\9_archive\low_confidence\test\000038_extra+16_gt00_pred16_IMG_20260706_103031.jpg,0,16,16,0,16,0.09565723687410355,0.027616129897069186
train,160,E:\mastercode\data\test\images\train\IMG_20260706_101004.jpg,E:\mastercode\9_archive\low_confidence\train\000160_extra+15_gt04_pred19_IMG_20260706_101004.jpg,4,19,15,0,15,0.9686842560768127,0.2007253672927618
test,74,E:\mastercode\data\test\images\test\IMG_20260706_105919.jpg,E:\mastercode\9_archive\low_confidence\test\000074_extra+15_gt02_pred17_IMG_20260706_105919.jpg,2,17,15,0,15,0.9644393920898438,0.16821957154966452
train,488,E:\mastercode\data\test\images\train\IMG_20260706_105743.jpg,E:\mastercode\9_archive\low_confidence\train\000488_extra+15_gt03_pred18_IMG_20260706_105743.jpg,3,18,15,0,15,0.9638150930404663,0.16114354956274232
train,74,E:\mastercode\data\test\images\train\IMG20231120161838.jpg,E:\mastercode\9_archive\low_confidence\train\000074_extra+15_gt12_pred27_IMG20231120161838.jpg,12,27,15,0,15,0.9621540307998657,0.4623455859168812
train,617,E:\mastercode\data\test\images\train\IMG_20260706_111559.jpg,E:\mastercode\9_archive\low_confidence\train\000617_extra+15_gt06_pred21_IMG_20260706_111559.jpg,6,21,15,0,15,0.9590723514556885,0.2843041680753231
test,60,E:\mastercode\data\test\images\test\IMG_20260706_105013.jpg,E:\mastercode\9_archive\low_confidence\test\000060_extra+15_gt04_pred19_IMG_20260706_105013.jpg,4,19,15,0,15,0.9576005935668945,0.21287749648878448
train,198,E:\mastercode\data\test\images\train\IMG_20260706_102151.jpg,E:\mastercode\9_archive\low_confidence\train\000198_extra+15_gt08_pred23_IMG_20260706_102151.jpg,8,23,15,0,15,0.9572467803955078,0.18670764245578778
train,128,E:\mastercode\data\test\images\train\IMG_20260706_100508.jpg,E:\mastercode\9_archive\low_confidence\train\000128_extra+15_gt04_pred19_IMG_20260706_100508.jpg,4,19,15,0,15,0.9552914500236511,0.3143688042305018
val,21,E:\mastercode\data\test\images\val\IMG20231120161953.jpg,E:\mastercode\9_archive\low_confidence\val\000021_extra+15_gt05_pred20_IMG20231120161953.jpg,5,20,15,0,15,0.9529020190238953,0.327958757057786
val,30,E:\mastercode\data\test\images\val\IMG_20260706_095959.jpg,E:\mastercode\9_archive\low_confidence\val\000030_extra+15_gt01_pred16_IMG_20260706_095959.jpg,1,16,15,0,15,0.9505055546760559,0.11293487239163369
test,14,E:\mastercode\data\test\images\test\IMG_20260706_100145.jpg,E:\mastercode\9_archive\low_confidence\test\000014_extra+15_gt03_pred18_IMG_20260706_100145.jpg,3,18,15,0,15,0.9497696757316589,0.2015680390306645
train,441,E:\mastercode\data\test\images\train\IMG_20260706_105309.jpg,E:\mastercode\9_archive\low_confidence\train\000441_extra+15_gt03_pred18_IMG_20260706_105309.jpg,3,18,15,0,15,0.9495433568954468,0.17299709267293414
train,492,E:\mastercode\data\test\images\train\IMG_20260706_105810.jpg,E:\mastercode\9_archive\low_confidence\train\000492_extra+15_gt02_pred17_IMG_20260706_105810.jpg,2,17,15,0,15,0.949250340461731,0.16097809927647605
train,296,E:\mastercode\data\test\images\train\IMG_20260706_103438.jpg,E:\mastercode\9_archive\low_confidence\train\000296_extra+15_gt05_pred20_IMG_20260706_103438.jpg,5,20,15,0,15,0.9473507404327393,0.26814850242808463
val,139,E:\mastercode\data\test\images\val\IMG_20260706_105729.jpg,E:\mastercode\9_archive\low_confidence\val\000139_extra+15_gt04_pred19_IMG_20260706_105729.jpg,4,19,15,0,15,0.9447356462478638,0.23840854145390422
train,68,E:\mastercode\data\test\images\train\IMG20231120161721.jpg,E:\mastercode\9_archive\low_confidence\train\000068_extra+15_gt11_pred26_IMG20231120161721.jpg,11,26,15,0,15,0.942754328250885,0.35415299218864393
test,27,E:\mastercode\data\test\images\test\IMG_20260706_101908.jpg,E:\mastercode\9_archive\low_confidence\test\000027_extra+15_gt05_pred20_IMG_20260706_101908.jpg,5,20,15,0,15,0.9399585127830505,0.12186473314650356
train,203,E:\mastercode\data\test\images\train\IMG_20260706_102223.jpg,E:\mastercode\9_archive\low_confidence\train\000203_extra+15_gt06_pred21_IMG_20260706_102223.jpg,6,21,15,0,15,0.9392402172088623,0.2504828727050197
train,351,E:\mastercode\data\test\images\train\IMG_20260706_103931.jpg,E:\mastercode\9_archive\low_confidence\train\000351_extra+15_gt03_pred18_IMG_20260706_103931.jpg,3,18,15,0,15,0.9383763670921326,0.17380337070466745
train,342,E:\mastercode\data\test\images\train\IMG_20260706_103905.jpg,E:\mastercode\9_archive\low_confidence\train\000342_extra+15_gt01_pred16_IMG_20260706_103905.jpg,1,16,15,0,15,0.9311281442642212,0.0952549006906338
train,636,E:\mastercode\data\test\images\train\IMG_20260706_111814.jpg,E:\mastercode\9_archive\low_confidence\train\000636_extra+15_gt03_pred18_IMG_20260706_111814.jpg,3,18,15,0,15,0.8286716938018799,0.15620505861524078
train,540,E:\mastercode\data\test\images\train\IMG_20260706_110721.jpg,E:\mastercode\9_archive\low_confidence\train\000540_extra+15_gt01_pred16_IMG_20260706_110721.jpg,1,16,15,0,15,0.7619357705116272,0.11545634747017175
train,87,E:\mastercode\data\test\images\train\IMG_20260706_095609.jpg,E:\mastercode\9_archive\low_confidence\train\000087_extra+15_gt00_pred15_IMG_20260706_095609.jpg,0,15,15,0,15,0.2686377763748169,0.04836483107258876
train,244,E:\mastercode\data\test\images\train\IMG_20260706_102800.jpg,E:\mastercode\9_archive\low_confidence\train\000244_extra+14_gt06_pred20_IMG_20260706_102800.jpg,6,20,14,0,14,0.9684832692146301,0.30257925409823655
train,321,E:\mastercode\data\test\images\train\IMG_20260706_103702.jpg,E:\mastercode\9_archive\low_confidence\train\000321_extra+14_gt14_pred28_IMG_20260706_103702.jpg,14,28,14,0,14,0.9674632549285889,0.499940072685214
train,20,E:\mastercode\data\test\images\train\IMG20231120160429.jpg,E:\mastercode\9_archive\low_confidence\train\000020_extra+14_gt18_pred32_IMG20231120160429.jpg,18,32,14,0,14,0.9643200039863586,0.5208986618090421
test,48,E:\mastercode\data\test\images\test\IMG_20260706_103604.jpg,E:\mastercode\9_archive\low_confidence\test\000048_extra+14_gt11_pred25_IMG_20260706_103604.jpg,11,25,14,0,14,0.9632824063301086,0.46460627514868974
train,316,E:\mastercode\data\test\images\train\IMG_20260706_103614.jpg,E:\mastercode\9_archive\low_confidence\train\000316_extra+14_gt06_pred20_IMG_20260706_103614.jpg,6,20,14,0,14,0.9618627429008484,0.28128990055993197
val,10,E:\mastercode\data\test\images\val\IMG20231120160810.jpg,E:\mastercode\9_archive\low_confidence\val\000010_extra+14_gt07_pred21_IMG20231120160810.jpg,7,21,14,0,14,0.9595246911048889,0.27109381024326595
val,188,E:\mastercode\data\test\images\val\IMG_20260706_112007.jpg,E:\mastercode\9_archive\low_confidence\val\000188_extra+14_gt03_pred17_IMG_20260706_112007.jpg,3,17,14,0,14,0.9559513926506042,0.20584945632692644
val,148,E:\mastercode\data\test\images\val\IMG_20260706_110008.jpg,E:\mastercode\9_archive\low_confidence\val\000148_extra+14_gt07_pred21_IMG_20260706_110008.jpg,7,21,14,0,14,0.9545795321464539,0.3184127417792167
train,349,E:\mastercode\data\test\images\train\IMG_20260706_103927.jpg,E:\mastercode\9_archive\low_confidence\train\000349_extra+14_gt04_pred18_IMG_20260706_103927.jpg,4,18,14,0,14,0.9530795812606812,0.2616986570776337
train,459,E:\mastercode\data\test\images\train\IMG_20260706_105429.jpg,E:\mastercode\9_archive\low_confidence\train\000459_extra+14_gt11_pred25_IMG_20260706_105429.jpg,11,25,14,0,14,0.9515269994735718,0.41846371971070767
train,642,E:\mastercode\data\test\images\train\IMG_20260706_111849.jpg,E:\mastercode\9_archive\low_confidence\train\000642_extra+14_gt10_pred24_IMG_20260706_111849.jpg,10,24,14,0,14,0.9510132074356079,0.2776815521453197
train,208,E:\mastercode\data\test\images\train\IMG_20260706_102413.jpg,E:\mastercode\9_archive\low_confidence\train\000208_extra+14_gt04_pred18_IMG_20260706_102413.jpg,4,18,14,0,14,0.9509369134902954,0.2301827808842063
test,16,E:\mastercode\data\test\images\test\IMG_20260706_100313.jpg,E:\mastercode\9_archive\low_confidence\test\000016_extra+14_gt03_pred17_IMG_20260706_100313.jpg,3,17,14,0,14,0.9506588578224182,0.27831940670662064
train,648,E:\mastercode\data\test\images\train\IMG_20260706_112002.jpg,E:\mastercode\9_archive\low_confidence\train\000648_extra+14_gt06_pred20_IMG_20260706_112002.jpg,6,20,14,0,14,0.9505851864814758,0.30141205522231757
train,185,E:\mastercode\data\test\images\train\IMG_20260706_101918.jpg,E:\mastercode\9_archive\low_confidence\train\000185_extra+14_gt02_pred16_IMG_20260706_101918.jpg,2,16,14,0,14,0.949850857257843,0.16475751873804256
test,85,E:\mastercode\data\test\images\test\IMG_20260706_110842.jpg,E:\mastercode\9_archive\low_confidence\test\000085_extra+14_gt06_pred20_IMG_20260706_110842.jpg,6,20,14,0,14,0.9489098787307739,0.2770409063436091
train,168,E:\mastercode\data\test\images\train\IMG_20260706_101218.jpg,E:\mastercode\9_archive\low_confidence\train\000168_extra+14_gt03_pred17_IMG_20260706_101218.jpg,3,17,14,0,14,0.9460430145263672,0.17088201028459213
train,615,E:\mastercode\data\test\images\train\IMG_20260706_111556.jpg,E:\mastercode\9_archive\low_confidence\train\000615_extra+14_gt06_pred20_IMG_20260706_111556.jpg,6,20,14,0,14,0.9454730153083801,0.30706624654121695
train,473,E:\mastercode\data\test\images\train\IMG_20260706_105536.jpg,E:\mastercode\9_archive\low_confidence\train\000473_extra+14_gt05_pred19_IMG_20260706_105536.jpg,5,19,14,0,14,0.9438773393630981,0.2305829184325902
val,53,E:\mastercode\data\test\images\val\IMG_20260706_101706.jpg,E:\mastercode\9_archive\low_confidence\val\000053_extra+14_gt01_pred15_IMG_20260706_101706.jpg,1,15,14,0,14,0.9437258243560791,0.10545987573762734
train,381,E:\mastercode\data\test\images\train\IMG_20260706_104149.jpg,E:\mastercode\9_archive\low_confidence\train\000381_extra+14_gt03_pred17_IMG_20260706_104149.jpg,3,17,14,0,14,0.9434689879417419,0.20375340010094292
val,9,E:\mastercode\data\test\images\val\IMG20231120160803.jpg,E:\mastercode\9_archive\low_confidence\val\000009_extra+14_gt03_pred17_IMG20231120160803.jpg,3,17,14,0,14,0.9413354396820068,0.1909634634742842
val,79,E:\mastercode\data\test\images\val\IMG_20260706_103137.jpg,E:\mastercode\9_archive\low_confidence\val\000079_extra+14_gt03_pred17_IMG_20260706_103137.jpg,3,17,14,0,14,0.9381051063537598,0.16551194920697632
val,122,E:\mastercode\data\test\images\val\IMG_20260706_105300.jpg,E:\mastercode\9_archive\low_confidence\val\000122_extra+14_gt10_pred24_IMG_20260706_105300.jpg,10,24,14,0,14,0.9366821646690369,0.36834051421222586
train,104,E:\mastercode\data\test\images\train\IMG_20260706_100137.jpg,E:\mastercode\9_archive\low_confidence\train\000104_extra+14_gt09_pred23_IMG_20260706_100137.jpg,9,23,14,0,14,0.9343195557594299,0.37119838664227206
train,647,E:\mastercode\data\test\images\train\IMG_20260706_112001.jpg,E:\mastercode\9_archive\low_confidence\train\000647_extra+14_gt03_pred17_IMG_20260706_112001.jpg,3,17,14,0,14,0.9269177913665771,0.19180731311002197
train,611,E:\mastercode\data\test\images\train\IMG_20260706_111541.jpg,E:\mastercode\9_archive\low_confidence\train\000611_extra+14_gt07_pred21_IMG_20260706_111541.jpg,7,21,14,0,14,0.9256536960601807,0.30164031342913705
val,89,E:\mastercode\data\test\images\val\IMG_20260706_103735.jpg,E:\mastercode\9_archive\low_confidence\val\000089_extra+14_gt02_pred16_IMG_20260706_103735.jpg,2,16,14,0,14,0.9231783747673035,0.19782280386425555
train,366,E:\mastercode\data\test\images\train\IMG_20260706_104044.jpg,E:\mastercode\9_archive\low_confidence\train\000366_extra+14_gt01_pred15_IMG_20260706_104044.jpg,1,15,14,0,14,0.9153302311897278,0.08838312526543936
test,83,E:\mastercode\data\test\images\test\IMG_20260706_110318.jpg,E:\mastercode\9_archive\low_confidence\test\000083_extra+14_gt06_pred20_IMG_20260706_110318.jpg,6,20,14,0,14,0.9102910757064819,0.278028229996562
train,405,E:\mastercode\data\test\images\train\IMG_20260706_104448.jpg,E:\mastercode\9_archive\low_confidence\train\000405_extra+14_gt02_pred16_IMG_20260706_104448.jpg,2,16,14,0,14,0.8878255486488342,0.14408287138212472
train,437,E:\mastercode\data\test\images\train\IMG_20260706_105241.jpg,E:\mastercode\9_archive\low_confidence\train\000437_extra+14_gt02_pred16_IMG_20260706_105241.jpg,2,16,14,0,14,0.8840441107749939,0.14567763649392873
train,527,E:\mastercode\data\test\images\train\IMG_20260706_110252.jpg,E:\mastercode\9_archive\low_confidence\train\000527_extra+13_gt03_pred16_IMG_20260706_110252.jpg,3,16,13,0,13,0.9739238619804382,0.20585993654094636
train,23,E:\mastercode\data\test\images\train\IMG20231120160655.jpg,E:\mastercode\9_archive\low_confidence\train\000023_extra+13_gt16_pred29_IMG20231120160655.jpg,16,29,13,0,13,0.9718186259269714,0.542273365731897
train,253,E:\mastercode\data\test\images\train\IMG_20260706_102855.jpg,E:\mastercode\9_archive\low_confidence\train\000253_extra+13_gt10_pred23_IMG_20260706_102855.jpg,10,23,13,0,13,0.964769721031189,0.3050323180935305
train,505,E:\mastercode\data\test\images\train\IMG_20260706_105916.jpg,E:\mastercode\9_archive\low_confidence\train\000505_extra+13_gt02_pred15_IMG_20260706_105916.jpg,2,15,13,0,13,0.9623386859893799,0.15135618125398953
val,80,E:\mastercode\data\test\images\val\IMG_20260706_103214.jpg,E:\mastercode\9_archive\low_confidence\val\000080_extra+13_gt03_pred16_IMG_20260706_103214.jpg,3,16,13,0,13,0.9602855443954468,0.20407859340775758
train,251,E:\mastercode\data\test\images\train\IMG_20260706_102850.jpg,E:\mastercode\9_archive\low_confidence\train\000251_extra+13_gt11_pred24_IMG_20260706_102850.jpg,11,24,13,0,13,0.959680438041687,0.3715585971949622
val,40,E:\mastercode\data\test\images\val\IMG_20260706_100408.jpg,E:\mastercode\9_archive\low_confidence\val\000040_extra+13_gt10_pred23_IMG_20260706_100408.jpg,10,23,13,0,13,0.9595674872398376,0.3812428025690758
train,262,E:\mastercode\data\test\images\train\IMG_20260706_103005.jpg,E:\mastercode\9_archive\low_confidence\train\000262_extra+13_gt02_pred15_IMG_20260706_103005.jpg,2,15,13,0,13,0.9595212936401367,0.18698542223622402
val,92,E:\mastercode\data\test\images\val\IMG_20260706_103815.jpg,E:\mastercode\9_archive\low_confidence\val\000092_extra+13_gt07_pred20_IMG_20260706_103815.jpg,7,20,13,0,13,0.9561282992362976,0.32526533943600955
val,86,E:\mastercode\data\test\images\val\IMG_20260706_103550.jpg,E:\mastercode\9_archive\low_confidence\val\000086_extra+13_gt07_pred20_IMG_20260706_103550.jpg,7,20,13,0,13,0.9555416107177734,0.3105524855200201
train,93,E:\mastercode\data\test\images\train\IMG_20260706_095808.jpg,E:\mastercode\9_archive\low_confidence\train\000093_extra+13_gt05_pred18_IMG_20260706_095808.jpg,5,18,13,0,13,0.9554709792137146,0.22049303663273653
train,628,E:\mastercode\data\test\images\train\IMG_20260706_111720.jpg,E:\mastercode\9_archive\low_confidence\train\000628_extra+13_gt03_pred16_IMG_20260706_111720.jpg,3,16,13,0,13,0.9544032216072083,0.2563389912247658
val,32,E:\mastercode\data\test\images\val\IMG_20260706_100019.jpg,E:\mastercode\9_archive\low_confidence\val\000032_extra+13_gt03_pred16_IMG_20260706_100019.jpg,3,16,13,0,13,0.9529473781585693,0.18056808825349435
train,510,E:\mastercode\data\test\images\train\IMG_20260706_105945.jpg,E:\mastercode\9_archive\low_confidence\train\000510_extra+13_gt08_pred21_IMG_20260706_105945.jpg,8,21,13,0,13,0.9506644606590271,0.36142825925101835
train,117,E:\mastercode\data\test\images\train\IMG_20260706_100340.jpg,E:\mastercode\9_archive\low_confidence\train\000117_extra+13_gt07_pred20_IMG_20260706_100340.jpg,7,20,13,0,13,0.9491835236549377,0.31065481193363664
train,534,E:\mastercode\data\test\images\train\IMG_20260706_110329.jpg,E:\mastercode\9_archive\low_confidence\train\000534_extra+13_gt04_pred17_IMG_20260706_110329.jpg,4,17,13,0,13,0.9468309879302979,0.1396919821443803
train,96,E:\mastercode\data\test\images\train\IMG_20260706_095848.jpg,E:\mastercode\9_archive\low_confidence\train\000096_extra+13_gt02_pred15_IMG_20260706_095848.jpg,2,15,13,0,13,0.9435338973999023,0.20152743527044853
train,461,E:\mastercode\data\test\images\train\IMG_20260706_105436.jpg,E:\mastercode\9_archive\low_confidence\train\000461_extra+13_gt05_pred18_IMG_20260706_105436.jpg,5,18,13,0,13,0.9426014423370361,0.35892983168984455
val,34,E:\mastercode\data\test\images\val\IMG_20260706_100101.jpg,E:\mastercode\9_archive\low_confidence\val\000034_extra+13_gt02_pred15_IMG_20260706_100101.jpg,2,15,13,0,13,0.9400429725646973,0.14339892696589232
train,377,E:\mastercode\data\test\images\train\IMG_20260706_104141.jpg,E:\mastercode\9_archive\low_confidence\train\000377_extra+13_gt04_pred17_IMG_20260706_104141.jpg,4,17,13,0,13,0.9382745623588562,0.25319184384801807
train,35,E:\mastercode\data\test\images\train\IMG20231120161107_BURST002.jpg,E:\mastercode\9_archive\low_confidence\train\000035_extra+13_gt18_pred31_IMG20231120161107_BURST002.jpg,18,31,13,0,13,0.9366946220397949,0.4560012510947643
train,44,E:\mastercode\data\test\images\train\IMG20231120161107_BURST016.jpg,E:\mastercode\9_archive\low_confidence\train\000044_extra+13_gt17_pred30_IMG20231120161107_BURST016.jpg,17,30,13,0,13,0.9360373020172119,0.4643182336352766
train,85,E:\mastercode\data\test\images\train\IMG_20260706_095525.jpg,E:\mastercode\9_archive\low_confidence\train\000085_extra+13_gt01_pred14_IMG_20260706_095525.jpg,1,14,13,0,13,0.9331378936767578,0.11519006180710026
test,22,E:\mastercode\data\test\images\test\IMG_20260706_101051.jpg,E:\mastercode\9_archive\low_confidence\test\000022_extra+13_gt05_pred18_IMG_20260706_101051.jpg,5,18,13,0,13,0.9230948686599731,0.28091964875865316
val,33,E:\mastercode\data\test\images\val\IMG_20260706_100053.jpg,E:\mastercode\9_archive\low_confidence\val\000033_extra+13_gt06_pred19_IMG_20260706_100053.jpg,6,19,13,0,13,0.9156290888786316,0.25922157090941544
train,622,E:\mastercode\data\test\images\train\IMG_20260706_111640.jpg,E:\mastercode\9_archive\low_confidence\train\000622_extra+13_gt02_pred15_IMG_20260706_111640.jpg,2,15,13,0,13,0.9120730757713318,0.18050479236990213
val,150,E:\mastercode\data\test\images\val\IMG_20260706_110103.jpg,E:\mastercode\9_archive\low_confidence\val\000150_extra+13_gt02_pred15_IMG_20260706_110103.jpg,2,15,13,0,13,0.8857504725456238,0.1969594764833649
train,102,E:\mastercode\data\test\images\train\IMG_20260706_100122.jpg,E:\mastercode\9_archive\low_confidence\train\000102_extra+13_gt01_pred14_IMG_20260706_100122.jpg,1,14,13,0,13,0.8767560124397278,0.09104676990370665
train,288,E:\mastercode\data\test\images\train\IMG_20260706_103339.jpg,E:\mastercode\9_archive\low_confidence\train\000288_extra+13_gt04_pred17_IMG_20260706_103339.jpg,4,17,13,0,13,0.7631969451904297,0.10512219232452266
train,595,E:\mastercode\data\test\images\train\IMG_20260706_111457.jpg,E:\mastercode\9_archive\low_confidence\train\000595_extra+12_gt01_pred13_IMG_20260706_111457.jpg,1,13,12,0,12,0.9992256164550781,0.10968633741140366
train,325,E:\mastercode\data\test\images\train\IMG_20260706_103724.jpg,E:\mastercode\9_archive\low_confidence\train\000325_extra+12_gt03_pred15_IMG_20260706_103724.jpg,3,15,12,0,12,0.9639418721199036,0.22715546643982332
train,64,E:\mastercode\data\test\images\train\IMG20231120161543.jpg,E:\mastercode\9_archive\low_confidence\train\000064_extra+12_gt02_pred14_IMG20231120161543.jpg,2,14,12,0,12,0.9610866904258728,0.17368871864995786
val,93,E:\mastercode\data\test\images\val\IMG_20260706_103855.jpg,E:\mastercode\9_archive\low_confidence\val\000093_extra+12_gt03_pred15_IMG_20260706_103855.jpg,3,15,12,0,12,0.9597387313842773,0.26962856551011405
val,12,E:\mastercode\data\test\images\val\IMG20231120160949.jpg,E:\mastercode\9_archive\low_confidence\val\000012_extra+12_gt08_pred20_IMG20231120160949.jpg,8,20,12,0,12,0.9594134092330933,0.4629012400750071
val,87,E:\mastercode\data\test\images\val\IMG_20260706_103607.jpg,E:\mastercode\9_archive\low_confidence\val\000087_extra+12_gt06_pred18_IMG_20260706_103607.jpg,6,18,12,0,12,0.9583858847618103,0.3228727434761822
train,651,E:\mastercode\data\test\images\train\IMG_20260706_112010.jpg,E:\mastercode\9_archive\low_confidence\train\000651_extra+12_gt04_pred16_IMG_20260706_112010.jpg,4,16,12,0,12,0.9583324790000916,0.2629265981959179
train,154,E:\mastercode\data\test\images\train\IMG_20260706_100923.jpg,E:\mastercode\9_archive\low_confidence\train\000154_extra+12_gt06_pred18_IMG_20260706_100923.jpg,6,18,12,0,12,0.9578878283500671,0.28173328780879575
train,563,E:\mastercode\data\test\images\train\IMG_20260706_110955.jpg,E:\mastercode\9_archive\low_confidence\train\000563_extra+12_gt01_pred13_IMG_20260706_110955.jpg,1,13,12,0,12,0.9578769207000732,0.15926606186593956
train,311,E:\mastercode\data\test\images\train\IMG_20260706_103552.jpg,E:\mastercode\9_archive\low_confidence\train\000311_extra+12_gt09_pred21_IMG_20260706_103552.jpg,9,21,12,0,12,0.9573312997817993,0.41186864407999174
test,88,E:\mastercode\data\test\images\test\IMG_20260706_111007.jpg,E:\mastercode\9_archive\low_confidence\test\000088_extra+12_gt06_pred18_IMG_20260706_111007.jpg,6,18,12,0,12,0.9545655250549316,0.19078239193186164
val,63,E:\mastercode\data\test\images\val\IMG_20260706_102525.jpg,E:\mastercode\9_archive\low_confidence\val\000063_extra+12_gt01_pred13_IMG_20260706_102525.jpg,1,13,12,0,12,0.9534607529640198,0.13749711659665292
train,363,E:\mastercode\data\test\images\train\IMG_20260706_104033.jpg,E:\mastercode\9_archive\low_confidence\train\000363_extra+12_gt01_pred13_IMG_20260706_104033.jpg,1,13,12,0,12,0.9526042342185974,0.09886860876129223
train,455,E:\mastercode\data\test\images\train\IMG_20260706_105405.jpg,E:\mastercode\9_archive\low_confidence\train\000455_extra+12_gt07_pred19_IMG_20260706_105405.jpg,7,19,12,0,12,0.9525905847549438,0.35993169449073703
train,566,E:\mastercode\data\test\images\train\IMG_20260706_111009.jpg,E:\mastercode\9_archive\low_confidence\train\000566_extra+12_gt03_pred15_IMG_20260706_111009.jpg,3,15,12,0,12,0.9514557719230652,0.14346614585568507
train,206,E:\mastercode\data\test\images\train\IMG_20260706_102341.jpg,E:\mastercode\9_archive\low_confidence\train\000206_extra+12_gt01_pred13_IMG_20260706_102341.jpg,1,13,12,0,12,0.9513629674911499,0.15404743823007896
train,516,E:\mastercode\data\test\images\train\IMG_20260706_110029.jpg,E:\mastercode\9_archive\low_confidence\train\000516_extra+12_gt03_pred15_IMG_20260706_110029.jpg,3,15,12,0,12,0.9497433304786682,0.24479533868531386
train,246,E:\mastercode\data\test\images\train\IMG_20260706_102809.jpg,E:\mastercode\9_archive\low_confidence\train\000246_extra+12_gt04_pred16_IMG_20260706_102809.jpg,4,16,12,0,12,0.9496981501579285,0.19739459943957627
test,77,E:\mastercode\data\test\images\test\IMG_20260706_110003.jpg,E:\mastercode\9_archive\low_confidence\test\000077_extra+12_gt05_pred17_IMG_20260706_110003.jpg,5,17,12,0,12,0.9490913152694702,0.29381271161358147
train,336,E:\mastercode\data\test\images\train\IMG_20260706_103818.jpg,E:\mastercode\9_archive\low_confidence\train\000336_extra+12_gt07_pred19_IMG_20260706_103818.jpg,7,19,12,0,12,0.9482434391975403,0.3721510219926897
train,613,E:\mastercode\data\test\images\train\IMG_20260706_111548.jpg,E:\mastercode\9_archive\low_confidence\train\000613_extra+12_gt02_pred14_IMG_20260706_111548.jpg,2,14,12,0,12,0.9481204748153687,0.17562474576490267
test,25,E:\mastercode\data\test\images\test\IMG_20260706_101809.jpg,E:\mastercode\9_archive\low_confidence\test\000025_extra+12_gt03_pred15_IMG_20260706_101809.jpg,3,15,12,0,12,0.9477460384368896,0.23982670058806738
train,98,E:\mastercode\data\test\images\train\IMG_20260706_100009.jpg,E:\mastercode\9_archive\low_confidence\train\000098_extra+12_gt08_pred20_IMG_20260706_100009.jpg,8,20,12,0,12,0.9459619522094727,0.3233474257402122
train,495,E:\mastercode\data\test\images\train\IMG_20260706_105819.jpg,E:\mastercode\9_archive\low_confidence\train\000495_extra+12_gt02_pred14_IMG_20260706_105819.jpg,2,14,12,0,12,0.9440122246742249,0.18948665873280593
train,39,E:\mastercode\data\test\images\train\IMG20231120161107_BURST009.jpg,E:\mastercode\9_archive\low_confidence\train\000039_extra+12_gt18_pred30_IMG20231120161107_BURST009.jpg,18,30,12,0,12,0.9430822134017944,0.4669368374782304
train,118,E:\mastercode\data\test\images\train\IMG_20260706_100345.jpg,E:\mastercode\9_archive\low_confidence\train\000118_extra+12_gt04_pred16_IMG_20260706_100345.jpg,4,16,12,0,12,0.9425047636032104,0.25599876686464995
train,591,E:\mastercode\data\test\images\train\IMG_20260706_111437.jpg,E:\mastercode\9_archive\low_confidence\train\000591_extra+12_gt01_pred13_IMG_20260706_111437.jpg,1,13,12,0,12,0.9419949054718018,0.11570411232801583
val,54,E:\mastercode\data\test\images\val\IMG_20260706_101717.jpg,E:\mastercode\9_archive\low_confidence\val\000054_extra+12_gt06_pred18_IMG_20260706_101717.jpg,6,18,12,0,12,0.9390844702720642,0.31049749596665305
val,142,E:\mastercode\data\test\images\val\IMG_20260706_105758.jpg,E:\mastercode\9_archive\low_confidence\val\000142_extra+12_gt06_pred18_IMG_20260706_105758.jpg,6,18,12,0,12,0.9388025403022766,0.2703626513895061
test,7,E:\mastercode\data\test\images\test\IMG20231120161723.jpg,E:\mastercode\9_archive\low_confidence\test\000007_extra+12_gt11_pred23_IMG20231120161723.jpg,11,23,12,0,12,0.9362806081771851,0.44976219733286166
val,46,E:\mastercode\data\test\images\val\IMG_20260706_100825.jpg,E:\mastercode\9_archive\low_confidence\val\000046_extra+12_gt01_pred13_IMG_20260706_100825.jpg,1,13,12,0,12,0.9356796741485596,0.1083066649018572
train,539,E:\mastercode\data\test\images\train\IMG_20260706_110719.jpg,E:\mastercode\9_archive\low_confidence\train\000539_extra+12_gt03_pred15_IMG_20260706_110719.jpg,3,15,12,0,12,0.930364191532135,0.23317036616305511
val,137,E:\mastercode\data\test\images\val\IMG_20260706_105714.jpg,E:\mastercode\9_archive\low_confidence\val\000137_extra+12_gt04_pred16_IMG_20260706_105714.jpg,4,16,12,0,12,0.9285481572151184,0.24240189348347485
train,445,E:\mastercode\data\test\images\train\IMG_20260706_105338.jpg,E:\mastercode\9_archive\low_confidence\train\000445_extra+12_gt05_pred17_IMG_20260706_105338.jpg,5,17,12,0,12,0.9276842474937439,0.2648718665518305
train,101,E:\mastercode\data\test\images\train\IMG_20260706_100045.jpg,E:\mastercode\9_archive\low_confidence\train\000101_extra+12_gt02_pred14_IMG_20260706_100045.jpg,2,14,12,0,12,0.9267506003379822,0.14884548374850834
test,3,E:\mastercode\data\test\images\test\IMG20231120161107_BURST012.jpg,E:\mastercode\9_archive\low_confidence\test\000003_extra+12_gt17_pred29_IMG20231120161107_BURST012.jpg,17,29,12,0,12,0.925042450428009,0.4783849487530774
train,452,E:\mastercode\data\test\images\train\IMG_20260706_105354.jpg,E:\mastercode\9_archive\low_confidence\train\000452_extra+12_gt04_pred16_IMG_20260706_105354.jpg,4,16,12,0,12,0.9155846834182739,0.20873129548272118
train,435,E:\mastercode\data\test\images\train\IMG_20260706_105229.jpg,E:\mastercode\9_archive\low_confidence\train\000435_extra+12_gt01_pred13_IMG_20260706_105229.jpg,1,13,12,0,12,0.910523533821106,0.10170002210025604
test,23,E:\mastercode\data\test\images\test\IMG_20260706_101203.jpg,E:\mastercode\9_archive\low_confidence\test\000023_extra+12_gt03_pred15_IMG_20260706_101203.jpg,3,15,12,0,12,0.9042046666145325,0.19907579825570185
train,361,E:\mastercode\data\test\images\train\IMG_20260706_104021.jpg,E:\mastercode\9_archive\low_confidence\train\000361_extra+11_gt02_pred13_IMG_20260706_104021.jpg,2,13,11,0,11,0.9665628671646118,0.17640514256289372
val,144,E:\mastercode\data\test\images\val\IMG_20260706_105820.jpg,E:\mastercode\9_archive\low_confidence\val\000144_extra+11_gt02_pred13_IMG_20260706_105820.jpg,2,13,11,0,11,0.9659348130226135,0.1629842837842611
test,49,E:\mastercode\data\test\images\test\IMG_20260706_103705.jpg,E:\mastercode\9_archive\low_confidence\test\000049_extra+11_gt10_pred21_IMG_20260706_103705.jpg,10,21,11,0,11,0.96535325050354,0.4857758678318489
val,107,E:\mastercode\data\test\images\val\IMG_20260706_104508.jpg,E:\mastercode\9_archive\low_confidence\val\000107_extra+11_gt08_pred19_IMG_20260706_104508.jpg,8,19,11,0,11,0.9648331999778748,0.3642940178121391
train,477,E:\mastercode\data\test\images\train\IMG_20260706_105629.jpg,E:\mastercode\9_archive\low_confidence\train\000477_extra+11_gt05_pred16_IMG_20260706_105629.jpg,5,16,11,0,11,0.9645405411720276,0.3016167184105143
test,12,E:\mastercode\data\test\images\test\IMG_20260706_100025.jpg,E:\mastercode\9_archive\low_confidence\test\000012_extra+11_gt06_pred17_IMG_20260706_100025.jpg,6,17,11,0,11,0.9638996720314026,0.33044943136765675
train,423,E:\mastercode\data\test\images\train\IMG_20260706_105123.jpg,E:\mastercode\9_archive\low_confidence\train\000423_extra+11_gt10_pred21_IMG_20260706_105123.jpg,10,21,11,0,11,0.9623866081237793,0.442699733988515
train,593,E:\mastercode\data\test\images\train\IMG_20260706_111451.jpg,E:\mastercode\9_archive\low_confidence\train\000593_extra+11_gt05_pred16_IMG_20260706_111451.jpg,5,16,11,0,11,0.9615652561187744,0.3126711109653115
val,112,E:\mastercode\data\test\images\val\IMG_20260706_105136.jpg,E:\mastercode\9_archive\low_confidence\val\000112_extra+11_gt06_pred17_IMG_20260706_105136.jpg,6,17,11,0,11,0.9612412452697754,0.3262776687522145
test,43,E:\mastercode\data\test\images\test\IMG_20260706_103356.jpg,E:\mastercode\9_archive\low_confidence\test\000043_extra+11_gt03_pred14_IMG_20260706_103356.jpg,3,14,11,0,11,0.9610409140586853,0.17688317171164922
train,650,E:\mastercode\data\test\images\train\IMG_20260706_112008.jpg,E:\mastercode\9_archive\low_confidence\train\000650_extra+11_gt02_pred13_IMG_20260706_112008.jpg,2,13,11,0,11,0.9602144360542297,0.2109102843902432
train,11,E:\mastercode\data\test\images\train\IMG20231120160249.jpg,E:\mastercode\9_archive\low_confidence\train\000011_extra+11_gt15_pred26_IMG20231120160249.jpg,15,26,11,0,11,0.9578002691268921,0.4676395243105407
train,508,E:\mastercode\data\test\images\train\IMG_20260706_105942.jpg,E:\mastercode\9_archive\low_confidence\train\000508_extra+11_gt07_pred18_IMG_20260706_105942.jpg,7,18,11,0,11,0.9558894038200378,0.38470448460429907
train,111,E:\mastercode\data\test\images\train\IMG_20260706_100303.jpg,E:\mastercode\9_archive\low_confidence\train\000111_extra+11_gt07_pred18_IMG_20260706_100303.jpg,7,18,11,0,11,0.95307457447052,0.35021080381961334
train,484,E:\mastercode\data\test\images\train\IMG_20260706_105724.jpg,E:\mastercode\9_archive\low_confidence\train\000484_extra+11_gt05_pred16_IMG_20260706_105724.jpg,5,16,11,0,11,0.950744092464447,0.26839853456476703
train,53,E:\mastercode\data\test\images\train\IMG20231120161315.jpg,E:\mastercode\9_archive\low_confidence\train\000053_extra+11_gt07_pred18_IMG20231120161315.jpg,7,18,11,0,11,0.9501707553863525,0.36161154094669556
train,223,E:\mastercode\data\test\images\train\IMG_20260706_102536.jpg,E:\mastercode\9_archive\low_confidence\train\000223_extra+11_gt04_pred15_IMG_20260706_102536.jpg,4,15,11,0,11,0.9495160579681396,0.2765768319989244
train,408,E:\mastercode\data\test\images\train\IMG_20260706_104503.jpg,E:\mastercode\9_archive\low_confidence\train\000408_extra+11_gt03_pred14_IMG_20260706_104503.jpg,3,14,11,0,11,0.9492038488388062,0.22330646715792163
val,38,E:\mastercode\data\test\images\val\IMG_20260706_100229.jpg,E:\mastercode\9_archive\low_confidence\val\000038_extra+11_gt01_pred12_IMG_20260706_100229.jpg,1,12,11,0,11,0.948985755443573,0.19133218990949294
train,199,E:\mastercode\data\test\images\train\IMG_20260706_102200.jpg,E:\mastercode\9_archive\low_confidence\train\000199_extra+11_gt01_pred12_IMG_20260706_102200.jpg,1,12,11,0,11,0.9489825367927551,0.12519288179464638
test,28,E:\mastercode\data\test\images\test\IMG_20260706_102250.jpg,E:\mastercode\9_archive\low_confidence\test\000028_extra+11_gt02_pred13_IMG_20260706_102250.jpg,2,13,11,0,11,0.9480944871902466,0.1251353807030962
val,133,E:\mastercode\data\test\images\val\IMG_20260706_105625.jpg,E:\mastercode\9_archive\low_confidence\val\000133_extra+11_gt07_pred18_IMG_20260706_105625.jpg,7,18,11,0,11,0.9476640820503235,0.30992385527739924
train,216,E:\mastercode\data\test\images\train\IMG_20260706_102451.jpg,E:\mastercode\9_archive\low_confidence\train\000216_extra+11_gt06_pred17_IMG_20260706_102451.jpg,6,17,11,0,11,0.9461047053337097,0.2981573556385496
train,10,E:\mastercode\data\test\images\train\IMG20231120160247.jpg,E:\mastercode\9_archive\low_confidence\train\000010_extra+11_gt15_pred26_IMG20231120160247.jpg,15,26,11,0,11,0.9459455013275146,0.5177024654470957
train,207,E:\mastercode\data\test\images\train\IMG_20260706_102408.jpg,E:\mastercode\9_archive\low_confidence\train\000207_extra+11_gt02_pred13_IMG_20260706_102408.jpg,2,13,11,0,11,0.9452295899391174,0.16272006692508093
train,373,E:\mastercode\data\test\images\train\IMG_20260706_104125.jpg,E:\mastercode\9_archive\low_confidence\train\000373_extra+11_gt03_pred14_IMG_20260706_104125.jpg,3,14,11,0,11,0.9445244669914246,0.24024714276726758
train,453,E:\mastercode\data\test\images\train\IMG_20260706_105356.jpg,E:\mastercode\9_archive\low_confidence\train\000453_extra+11_gt07_pred18_IMG_20260706_105356.jpg,7,18,11,0,11,0.9407957196235657,0.36994447264199454
train,521,E:\mastercode\data\test\images\train\IMG_20260706_110107.jpg,E:\mastercode\9_archive\low_confidence\train\000521_extra+11_gt03_pred14_IMG_20260706_110107.jpg,3,14,11,0,11,0.939923882484436,0.20581606096987212
train,293,E:\mastercode\data\test\images\train\IMG_20260706_103418.jpg,E:\mastercode\9_archive\low_confidence\train\000293_extra+11_gt06_pred17_IMG_20260706_103418.jpg,6,17,11,0,11,0.9393861889839172,0.3005822635091403
test,15,E:\mastercode\data\test\images\test\IMG_20260706_100211.jpg,E:\mastercode\9_archive\low_confidence\test\000015_extra+11_gt04_pred15_IMG_20260706_100211.jpg,4,15,11,0,11,0.93937087059021,0.2628517997140686
test,36,E:\mastercode\data\test\images\test\IMG_20260706_103013.jpg,E:\mastercode\9_archive\low_confidence\test\000036_extra+11_gt07_pred18_IMG_20260706_103013.jpg,7,18,11,0,11,0.9390375018119812,0.37315874914121294
train,103,E:\mastercode\data\test\images\train\IMG_20260706_100132.jpg,E:\mastercode\9_archive\low_confidence\train\000103_extra+11_gt03_pred14_IMG_20260706_100132.jpg,3,14,11,0,11,0.9344860315322876,0.22881234723276325
train,86,E:\mastercode\data\test\images\train\IMG_20260706_095525_1.jpg,E:\mastercode\9_archive\low_confidence\train\000086_extra+11_gt01_pred12_IMG_20260706_095525_1.jpg,1,12,11,0,11,0.9342271685600281,0.13417615989844003
val,111,E:\mastercode\data\test\images\val\IMG_20260706_105135.jpg,E:\mastercode\9_archive\low_confidence\val\000111_extra+11_gt02_pred13_IMG_20260706_105135.jpg,2,13,11,0,11,0.9335519075393677,0.17020645572875553
train,561,E:\mastercode\data\test\images\train\IMG_20260706_110914.jpg,E:\mastercode\9_archive\low_confidence\train\000561_extra+11_gt02_pred13_IMG_20260706_110914.jpg,2,13,11,0,11,0.9329555034637451,0.15632155093436056
train,494,E:\mastercode\data\test\images\train\IMG_20260706_105815.jpg,E:\mastercode\9_archive\low_confidence\train\000494_extra+11_gt03_pred14_IMG_20260706_105815.jpg,3,14,11,0,11,0.9246217012405396,0.22878758955214704
train,189,E:\mastercode\data\test\images\train\IMG_20260706_101944.jpg,E:\mastercode\9_archive\low_confidence\train\000189_extra+11_gt02_pred13_IMG_20260706_101944.jpg,2,13,11,0,11,0.9163888692855835,0.2267340371528497
train,387,E:\mastercode\data\test\images\train\IMG_20260706_104217.jpg,E:\mastercode\9_archive\low_confidence\train\000387_extra+11_gt02_pred13_IMG_20260706_104217.jpg,2,13,11,0,11,0.914979875087738,0.21904350444674492
val,167,E:\mastercode\data\test\images\val\IMG_20260706_111308.jpg,E:\mastercode\9_archive\low_confidence\val\000167_extra+11_gt08_pred19_IMG_20260706_111308.jpg,8,19,11,0,11,0.9067351818084717,0.27400506322125073
val,123,E:\mastercode\data\test\images\val\IMG_20260706_105336.jpg,E:\mastercode\9_archive\low_confidence\val\000123_extra+11_gt06_pred17_IMG_20260706_105336.jpg,6,17,11,0,11,0.8997889161109924,0.3027837901540539
train,367,E:\mastercode\data\test\images\train\IMG_20260706_104050.jpg,E:\mastercode\9_archive\low_confidence\train\000367_extra+11_gt02_pred13_IMG_20260706_104050.jpg,2,13,11,0,11,0.8905840516090393,0.2228302164719655
train,94,E:\mastercode\data\test\images\train\IMG_20260706_095811.jpg,E:\mastercode\9_archive\low_confidence\train\000094_extra+11_gt03_pred14_IMG_20260706_095811.jpg,3,14,11,0,11,0.8841539621353149,0.22164803836494684
train,137,E:\mastercode\data\test\images\train\IMG_20260706_100636.jpg,E:\mastercode\9_archive\low_confidence\train\000137_extra+10_gt05_pred15_IMG_20260706_100636.jpg,5,15,10,0,10,0.9665447473526001,0.30960816542307534
val,19,E:\mastercode\data\test\images\val\IMG20231120161638.jpg,E:\mastercode\9_archive\low_confidence\val\000019_extra+10_gt06_pred16_IMG20231120161638.jpg,6,16,10,0,10,0.9645703434944153,0.35769555548904464
train,105,E:\mastercode\data\test\images\train\IMG_20260706_100150.jpg,E:\mastercode\9_archive\low_confidence\train\000105_extra+10_gt09_pred19_IMG_20260706_100150.jpg,9,19,10,0,10,0.9645520448684692,0.4333489289213168
train,12,E:\mastercode\data\test\images\train\IMG20231120160320.jpg,E:\mastercode\9_archive\low_confidence\train\000012_extra+10_gt12_pred22_IMG20231120160320.jpg,12,22,10,0,10,0.9642489552497864,0.47503856057301164
train,337,E:\mastercode\data\test\images\train\IMG_20260706_103822.jpg,E:\mastercode\9_archive\low_confidence\train\000337_extra+10_gt01_pred11_IMG_20260706_103822.jpg,1,11,10,0,10,0.9634316563606262,0.16097457562996584
val,127,E:\mastercode\data\test\images\val\IMG_20260706_105439.jpg,E:\mastercode\9_archive\low_confidence\val\000127_extra+10_gt01_pred11_IMG_20260706_105439.jpg,1,11,10,0,10,0.9623468518257141,0.12577258981764317
train,78,E:\mastercode\data\test\images\train\IMG20231120162020.jpg,E:\mastercode\9_archive\low_confidence\train\000078_extra+10_gt08_pred18_IMG20231120162020.jpg,8,18,10,0,10,0.9603887796401978,0.4424774890455107
train,274,E:\mastercode\data\test\images\train\IMG_20260706_103110.jpg,E:\mastercode\9_archive\low_confidence\train\000274_extra+10_gt03_pred13_IMG_20260706_103110.jpg,3,13,10,0,10,0.9597405195236206,0.2735861213877797
train,509,E:\mastercode\data\test\images\train\IMG_20260706_105943.jpg,E:\mastercode\9_archive\low_confidence\train\000509_extra+10_gt07_pred17_IMG_20260706_105943.jpg,7,17,10,0,10,0.957991898059845,0.4472701312864528
train,88,E:\mastercode\data\test\images\train\IMG_20260706_095659.jpg,E:\mastercode\9_archive\low_confidence\train\000088_extra+10_gt01_pred11_IMG_20260706_095659.jpg,1,11,10,0,10,0.9571334719657898,0.14660698243162848
val,95,E:\mastercode\data\test\images\val\IMG_20260706_103916.jpg,E:\mastercode\9_archive\low_confidence\val\000095_extra+10_gt04_pred14_IMG_20260706_103916.jpg,4,14,10,0,10,0.9557749032974243,0.310403374822012
val,23,E:\mastercode\data\test\images\val\IMG20231120162105.jpg,E:\mastercode\9_archive\low_confidence\val\000023_extra+10_gt10_pred20_IMG20231120162105.jpg,10,20,10,0,10,0.9546371102333069,0.44009157964028417
train,427,E:\mastercode\data\test\images\train\IMG_20260706_105130.jpg,E:\mastercode\9_archive\low_confidence\train\000427_extra+10_gt06_pred16_IMG_20260706_105130.jpg,6,16,10,0,10,0.9546334743499756,0.42146940919337794
val,50,E:\mastercode\data\test\images\val\IMG_20260706_101007.jpg,E:\mastercode\9_archive\low_confidence\val\000050_extra+10_gt06_pred16_IMG_20260706_101007.jpg,6,16,10,0,10,0.9545960426330566,0.3791738048312254
val,11,E:\mastercode\data\test\images\val\IMG20231120160906.jpg,E:\mastercode\9_archive\low_confidence\val\000011_extra+10_gt10_pred20_IMG20231120160906.jpg,10,20,10,0,10,0.9532960653305054,0.5030932976398617
train,479,E:\mastercode\data\test\images\train\IMG_20260706_105637.jpg,E:\mastercode\9_archive\low_confidence\train\000479_extra+10_gt01_pred11_IMG_20260706_105637.jpg,1,11,10,0,10,0.9526317119598389,0.11543350167233836
val,119,E:\mastercode\data\test\images\val\IMG_20260706_105203.jpg,E:\mastercode\9_archive\low_confidence\val\000119_extra+10_gt07_pred17_IMG_20260706_105203.jpg,7,17,10,0,10,0.9518637657165527,0.4203031864017248
train,124,E:\mastercode\data\test\images\train\IMG_20260706_100452.jpg,E:\mastercode\9_archive\low_confidence\train\000124_extra+10_gt04_pred14_IMG_20260706_100452.jpg,4,14,10,0,10,0.951464831829071,0.2742861072931971
train,286,E:\mastercode\data\test\images\train\IMG_20260706_103334.jpg,E:\mastercode\9_archive\low_confidence\train\000286_extra+10_gt01_pred11_IMG_20260706_103334.jpg,1,11,10,0,10,0.9508194327354431,0.14846900884400716
train,272,E:\mastercode\data\test\images\train\IMG_20260706_103055.jpg,E:\mastercode\9_archive\low_confidence\train\000272_extra+10_gt04_pred14_IMG_20260706_103055.jpg,4,14,10,0,10,0.9496733546257019,0.2889805660982217
test,35,E:\mastercode\data\test\images\test\IMG_20260706_103007.jpg,E:\mastercode\9_archive\low_confidence\test\000035_extra+10_gt03_pred13_IMG_20260706_103007.jpg,3,13,10,0,10,0.9482924342155457,0.21650023192453843
train,241,E:\mastercode\data\test\images\train\IMG_20260706_102748.jpg,E:\mastercode\9_archive\low_confidence\train\000241_extra+10_gt02_pred12_IMG_20260706_102748.jpg,2,12,10,0,10,0.9473601579666138,0.17958307887117067
val,18,E:\mastercode\data\test\images\val\IMG20231120161515.jpg,E:\mastercode\9_archive\low_confidence\val\000018_extra+10_gt08_pred18_IMG20231120161515.jpg,8,18,10,0,10,0.9472948908805847,0.44672990642074084
train,99,E:\mastercode\data\test\images\train\IMG_20260706_100031.jpg,E:\mastercode\9_archive\low_confidence\train\000099_extra+10_gt02_pred12_IMG_20260706_100031.jpg,2,12,10,0,10,0.943608820438385,0.17013816015484431
train,576,E:\mastercode\data\test\images\train\IMG_20260706_111214.jpg,E:\mastercode\9_archive\low_confidence\train\000576_extra+10_gt06_pred16_IMG_20260706_111214.jpg,6,16,10,0,10,0.9412826299667358,0.4347416812670417
train,380,E:\mastercode\data\test\images\train\IMG_20260706_104146.jpg,E:\mastercode\9_archive\low_confidence\train\000380_extra+10_gt06_pred16_IMG_20260706_104146.jpg,6,16,10,0,10,0.9398888945579529,0.2782461364986375
train,411,E:\mastercode\data\test\images\train\IMG_20260706_104514.jpg,E:\mastercode\9_archive\low_confidence\train\000411_extra+10_gt02_pred12_IMG_20260706_104514.jpg,2,12,10,0,10,0.9389994740486145,0.21430551547867557
train,573,E:\mastercode\data\test\images\train\IMG_20260706_111205.jpg,E:\mastercode\9_archive\low_confidence\train\000573_extra+10_gt02_pred12_IMG_20260706_111205.jpg,2,12,10,0,10,0.9384097456932068,0.17829178289199868
test,32,E:\mastercode\data\test\images\test\IMG_20260706_102751.jpg,E:\mastercode\9_archive\low_confidence\test\000032_extra+10_gt04_pred14_IMG_20260706_102751.jpg,4,14,10,0,10,0.936051607131958,0.3079928218919252
train,291,E:\mastercode\data\test\images\train\IMG_20260706_103412.jpg,E:\mastercode\9_archive\low_confidence\train\000291_extra+10_gt01_pred11_IMG_20260706_103412.jpg,1,11,10,0,10,0.9353932738304138,0.14409918473525482
train,13,E:\mastercode\data\test\images\train\IMG20231120160329.jpg,E:\mastercode\9_archive\low_confidence\train\000013_extra+10_gt10_pred20_IMG20231120160329.jpg,10,20,10,0,10,0.9350482821464539,0.44453852288424966
val,135,E:\mastercode\data\test\images\val\IMG_20260706_105647.jpg,E:\mastercode\9_archive\low_confidence\val\000135_extra+10_gt02_pred12_IMG_20260706_105647.jpg,2,12,10,0,10,0.9350136518478394,0.27832781298396486
train,42,E:\mastercode\data\test\images\train\IMG20231120161107_BURST013.jpg,E:\mastercode\9_archive\low_confidence\train\000042_extra+10_gt19_pred29_IMG20231120161107_BURST013.jpg,19,29,10,0,10,0.9297889471054077,0.4863673097871501
test,19,E:\mastercode\data\test\images\test\IMG_20260706_100517.jpg,E:\mastercode\9_archive\low_confidence\test\000019_extra+10_gt07_pred17_IMG_20260706_100517.jpg,7,17,10,0,10,0.9291045665740967,0.2430448048912427
train,376,E:\mastercode\data\test\images\train\IMG_20260706_104137.jpg,E:\mastercode\9_archive\low_confidence\train\000376_extra+10_gt02_pred12_IMG_20260706_104137.jpg,2,12,10,0,10,0.9276454448699951,0.16696762301338217
train,571,E:\mastercode\data\test\images\train\IMG_20260706_111156.jpg,E:\mastercode\9_archive\low_confidence\train\000571_extra+10_gt01_pred11_IMG_20260706_111156.jpg,1,11,10,0,10,0.9249550700187683,0.11523956974798982
train,191,E:\mastercode\data\test\images\train\IMG_20260706_101949.jpg,E:\mastercode\9_archive\low_confidence\train\000191_extra+10_gt02_pred12_IMG_20260706_101949.jpg,2,12,10,0,10,0.9144709706306458,0.17777071155918142
train,204,E:\mastercode\data\test\images\train\IMG_20260706_102229.jpg,E:\mastercode\9_archive\low_confidence\train\000204_extra+10_gt03_pred13_IMG_20260706_102229.jpg,3,13,10,0,10,0.9083619117736816,0.2880530348764016
train,396,E:\mastercode\data\test\images\train\IMG_20260706_104328.jpg,E:\mastercode\9_archive\low_confidence\train\000396_extra+10_gt03_pred13_IMG_20260706_104328.jpg,3,13,10,0,10,0.9062899351119995,0.24684763205452606
train,536,E:\mastercode\data\test\images\train\IMG_20260706_110341.jpg,E:\mastercode\9_archive\low_confidence\train\000536_extra+10_gt04_pred14_IMG_20260706_110341.jpg,4,14,10,0,10,0.8920584321022034,0.21849394097392047
train,268,E:\mastercode\data\test\images\train\IMG_20260706_103034_1.jpg,E:\mastercode\9_archive\low_confidence\train\000268_extra+10_gt01_pred11_IMG_20260706_103034_1.jpg,1,11,10,0,10,0.8634688854217529,0.1349853129041466
train,84,E:\mastercode\data\test\images\train\IMG_20260706_095458.jpg,E:\mastercode\9_archive\low_confidence\train\000084_extra+10_gt00_pred10_IMG_20260706_095458.jpg,0,10,10,0,10,0.09063899517059326,0.03684570398181677
train,279,E:\mastercode\data\test\images\train\IMG_20260706_103134.jpg,E:\mastercode\9_archive\low_confidence\train\000279_extra+09_gt03_pred12_IMG_20260706_103134.jpg,3,12,9,0,9,0.9684728980064392,0.28538117720745504
train,70,E:\mastercode\data\test\images\train\IMG20231120161746.jpg,E:\mastercode\9_archive\low_confidence\train\000070_extra+09_gt06_pred15_IMG20231120161746.jpg,6,15,9,0,9,0.9629181623458862,0.40405756582816443
train,462,E:\mastercode\data\test\images\train\IMG_20260706_105437.jpg,E:\mastercode\9_archive\low_confidence\train\000462_extra+09_gt05_pred14_IMG_20260706_105437.jpg,5,14,9,0,9,0.962770402431488,0.3898672377025442
test,81,E:\mastercode\data\test\images\test\IMG_20260706_110109.jpg,E:\mastercode\9_archive\low_confidence\test\000081_extra+09_gt03_pred12_IMG_20260706_110109.jpg,3,12,9,0,9,0.962350606918335,0.2646031073915462
train,315,E:\mastercode\data\test\images\train\IMG_20260706_103610.jpg,E:\mastercode\9_archive\low_confidence\train\000315_extra+09_gt04_pred13_IMG_20260706_103610.jpg,4,13,9,0,9,0.9620049595832825,0.3455774276875533
test,72,E:\mastercode\data\test\images\test\IMG_20260706_105722.jpg,E:\mastercode\9_archive\low_confidence\test\000072_extra+09_gt01_pred10_IMG_20260706_105722.jpg,1,10,9,0,9,0.9619916677474976,0.1177275707013905
train,164,E:\mastercode\data\test\images\train\IMG_20260706_101059.jpg,E:\mastercode\9_archive\low_confidence\train\000164_extra+09_gt04_pred13_IMG_20260706_101059.jpg,4,13,9,0,9,0.9616667032241821,0.2982011670963122
train,606,E:\mastercode\data\test\images\train\IMG_20260706_111527.jpg,E:\mastercode\9_archive\low_confidence\train\000606_extra+09_gt04_pred13_IMG_20260706_111527.jpg,4,13,9,0,9,0.9613559246063232,0.3099623674956652
train,172,E:\mastercode\data\test\images\train\IMG_20260706_101714.jpg,E:\mastercode\9_archive\low_confidence\train\000172_extra+09_gt04_pred13_IMG_20260706_101714.jpg,4,13,9,0,9,0.9612951874732971,0.3099063106167775
val,69,E:\mastercode\data\test\images\val\IMG_20260706_102700.jpg,E:\mastercode\9_archive\low_confidence\val\000069_extra+09_gt06_pred15_IMG_20260706_102700.jpg,6,15,9,0,9,0.95997554063797,0.3296695842718085
val,124,E:\mastercode\data\test\images\val\IMG_20260706_105351.jpg,E:\mastercode\9_archive\low_confidence\val\000124_extra+09_gt03_pred12_IMG_20260706_105351.jpg,3,12,9,0,9,0.9568449258804321,0.2648671731973688
train,526,E:\mastercode\data\test\images\train\IMG_20260706_110245.jpg,E:\mastercode\9_archive\low_confidence\train\000526_extra+09_gt07_pred16_IMG_20260706_110245.jpg,7,16,9,0,9,0.956202507019043,0.38786205503856763
train,626,E:\mastercode\data\test\images\train\IMG_20260706_111713.jpg,E:\mastercode\9_archive\low_confidence\train\000626_extra+09_gt02_pred11_IMG_20260706_111713.jpg,2,11,9,0,9,0.9556580781936646,0.2347791071303866
test,55,E:\mastercode\data\test\images\test\IMG_20260706_104355.jpg,E:\mastercode\9_archive\low_confidence\test\000055_extra+09_gt01_pred10_IMG_20260706_104355.jpg,1,10,9,0,9,0.9543851017951965,0.1643670104444027
train,177,E:\mastercode\data\test\images\train\IMG_20260706_101755.jpg,E:\mastercode\9_archive\low_confidence\train\000177_extra+09_gt07_pred16_IMG_20260706_101755.jpg,7,16,9,0,9,0.9539634585380554,0.40871312835952267
train,612,E:\mastercode\data\test\images\train\IMG_20260706_111543.jpg,E:\mastercode\9_archive\low_confidence\train\000612_extra+09_gt10_pred19_IMG_20260706_111543.jpg,10,19,9,0,9,0.953782320022583,0.39856199317268637
train,123,E:\mastercode\data\test\images\train\IMG_20260706_100449.jpg,E:\mastercode\9_archive\low_confidence\train\000123_extra+09_gt07_pred16_IMG_20260706_100449.jpg,7,16,9,0,9,0.9535448551177979,0.37345802830532193
train,428,E:\mastercode\data\test\images\train\IMG_20260706_105134.jpg,E:\mastercode\9_archive\low_confidence\train\000428_extra+09_gt07_pred16_IMG_20260706_105134.jpg,7,16,9,0,9,0.9528039693832397,0.411214382678736
train,133,E:\mastercode\data\test\images\train\IMG_20260706_100627.jpg,E:\mastercode\9_archive\low_confidence\train\000133_extra+09_gt14_pred23_IMG_20260706_100627.jpg,14,23,9,0,9,0.9522111415863037,0.5787210326803767
train,1,E:\mastercode\data\test\images\train\IMG20231120154707.jpg,E:\mastercode\9_archive\low_confidence\train\000001_extra+09_gt06_pred15_IMG20231120154707.jpg,6,15,9,0,9,0.951689600944519,0.4231545244033138
train,89,E:\mastercode\data\test\images\train\IMG_20260706_095713.jpg,E:\mastercode\9_archive\low_confidence\train\000089_extra+09_gt02_pred11_IMG_20260706_095713.jpg,2,11,9,0,9,0.9510319828987122,0.19126333872025664
test,52,E:\mastercode\data\test\images\test\IMG_20260706_103952.jpg,E:\mastercode\9_archive\low_confidence\test\000052_extra+09_gt07_pred16_IMG_20260706_103952.jpg,7,16,9,0,9,0.9508049488067627,0.4079853244475089
train,498,E:\mastercode\data\test\images\train\IMG_20260706_105828.jpg,E:\mastercode\9_archive\low_confidence\train\000498_extra+09_gt02_pred11_IMG_20260706_105828.jpg,2,11,9,0,9,0.9499644637107849,0.21356545701961627
train,186,E:\mastercode\data\test\images\train\IMG_20260706_101929.jpg,E:\mastercode\9_archive\low_confidence\train\000186_extra+09_gt09_pred18_IMG_20260706_101929.jpg,9,18,9,0,9,0.9492579698562622,0.29544754507434035
val,128,E:\mastercode\data\test\images\val\IMG_20260706_105445.jpg,E:\mastercode\9_archive\low_confidence\val\000128_extra+09_gt02_pred11_IMG_20260706_105445.jpg,2,11,9,0,9,0.9487908482551575,0.3013176556507295
test,92,E:\mastercode\data\test\images\test\IMG_20260706_111725.jpg,E:\mastercode\9_archive\low_confidence\test\000092_extra+09_gt03_pred12_IMG_20260706_111725.jpg,3,12,9,0,9,0.9487164616584778,0.27290610363706946
train,446,E:\mastercode\data\test\images\train\IMG_20260706_105340.jpg,E:\mastercode\9_archive\low_confidence\train\000446_extra+09_gt03_pred12_IMG_20260706_105340.jpg,3,12,9,0,9,0.9453290700912476,0.3109152838587761
test,87,E:\mastercode\data\test\images\test\IMG_20260706_110904.jpg,E:\mastercode\9_archive\low_confidence\test\000087_extra+09_gt02_pred11_IMG_20260706_110904.jpg,2,11,9,0,9,0.9445233941078186,0.19663029037077318
train,282,E:\mastercode\data\test\images\train\IMG_20260706_103318.jpg,E:\mastercode\9_archive\low_confidence\train\000282_extra+09_gt05_pred14_IMG_20260706_103318.jpg,5,14,9,0,9,0.9440158605575562,0.324617264592754
val,68,E:\mastercode\data\test\images\val\IMG_20260706_102624.jpg,E:\mastercode\9_archive\low_confidence\val\000068_extra+09_gt02_pred11_IMG_20260706_102624.jpg,2,11,9,0,9,0.943250834941864,0.1968412221494046
train,95,E:\mastercode\data\test\images\train\IMG_20260706_095819.jpg,E:\mastercode\9_archive\low_confidence\train\000095_extra+09_gt01_pred10_IMG_20260706_095819.jpg,1,10,9,0,9,0.9431483745574951,0.12334464425221085
train,447,E:\mastercode\data\test\images\train\IMG_20260706_105343.jpg,E:\mastercode\9_archive\low_confidence\train\000447_extra+09_gt03_pred12_IMG_20260706_105343.jpg,3,12,9,0,9,0.9427487850189209,0.2505252796690911
val,81,E:\mastercode\data\test\images\val\IMG_20260706_103233.jpg,E:\mastercode\9_archive\low_confidence\val\000081_extra+09_gt02_pred11_IMG_20260706_103233.jpg,2,11,9,0,9,0.942567765712738,0.19647017798640512
val,155,E:\mastercode\data\test\images\val\IMG_20260706_110333.jpg,E:\mastercode\9_archive\low_confidence\val\000155_extra+09_gt02_pred11_IMG_20260706_110333.jpg,2,11,9,0,9,0.9422745108604431,0.18769024828956885
train,360,E:\mastercode\data\test\images\train\IMG_20260706_104020.jpg,E:\mastercode\9_archive\low_confidence\train\000360_extra+09_gt03_pred12_IMG_20260706_104020.jpg,3,12,9,0,9,0.939062237739563,0.23720945208333433
train,280,E:\mastercode\data\test\images\train\IMG_20260706_103142.jpg,E:\mastercode\9_archive\low_confidence\train\000280_extra+09_gt06_pred15_IMG_20260706_103142.jpg,6,15,9,0,9,0.9385400414466858,0.23077783367286125
train,276,E:\mastercode\data\test\images\train\IMG_20260706_103122.jpg,E:\mastercode\9_archive\low_confidence\train\000276_extra+09_gt03_pred12_IMG_20260706_103122.jpg,3,12,9,0,9,0.9379035830497742,0.2812037401211758
test,80,E:\mastercode\data\test\images\test\IMG_20260706_110100.jpg,E:\mastercode\9_archive\low_confidence\test\000080_extra+09_gt06_pred15_IMG_20260706_110100.jpg,6,15,9,0,9,0.9377195239067078,0.38445164697865647
train,100,E:\mastercode\data\test\images\train\IMG_20260706_100042.jpg,E:\mastercode\9_archive\low_confidence\train\000100_extra+09_gt01_pred10_IMG_20260706_100042.jpg,1,10,9,0,9,0.9351361393928528,0.17529863975942134
train,357,E:\mastercode\data\test\images\train\IMG_20260706_104007.jpg,E:\mastercode\9_archive\low_confidence\train\000357_extra+09_gt04_pred13_IMG_20260706_104007.jpg,4,13,9,0,9,0.9347295761108398,0.3797605844357839
train,657,E:\mastercode\data\test\images\train\IMG_20260706_112041.jpg,E:\mastercode\9_archive\low_confidence\train\000657_extra+09_gt01_pred10_IMG_20260706_112041.jpg,1,10,9,0,9,0.9335492253303528,0.12000722093507647
train,469,E:\mastercode\data\test\images\train\IMG_20260706_105521.jpg,E:\mastercode\9_archive\low_confidence\train\000469_extra+09_gt11_pred20_IMG_20260706_105521.jpg,11,20,9,0,9,0.9323548078536987,0.21853979527950287
train,328,E:\mastercode\data\test\images\train\IMG_20260706_103732.jpg,E:\mastercode\9_archive\low_confidence\train\000328_extra+09_gt01_pred10_IMG_20260706_103732.jpg,1,10,9,0,9,0.9322963953018188,0.16867956705391407
train,631,E:\mastercode\data\test\images\train\IMG_20260706_111727.jpg,E:\mastercode\9_archive\low_confidence\train\000631_extra+09_gt01_pred10_IMG_20260706_111727.jpg,1,10,9,0,9,0.9319862723350525,0.12260274095460773
train,248,E:\mastercode\data\test\images\train\IMG_20260706_102826.jpg,E:\mastercode\9_archive\low_confidence\train\000248_extra+09_gt03_pred12_IMG_20260706_102826.jpg,3,12,9,0,9,0.930600643157959,0.25108705220433575
train,90,E:\mastercode\data\test\images\train\IMG_20260706_095734.jpg,E:\mastercode\9_archive\low_confidence\train\000090_extra+09_gt01_pred10_IMG_20260706_095734.jpg,1,10,9,0,9,0.924839437007904,0.13901746943593024
val,183,E:\mastercode\data\test\images\val\IMG_20260706_111739.jpg,E:\mastercode\9_archive\low_confidence\val\000183_extra+09_gt04_pred13_IMG_20260706_111739.jpg,4,13,9,0,9,0.9149816036224365,0.33895898202004343
train,379,E:\mastercode\data\test\images\train\IMG_20260706_104145.jpg,E:\mastercode\9_archive\low_confidence\train\000379_extra+09_gt04_pred13_IMG_20260706_104145.jpg,4,13,9,0,9,0.9022932648658752,0.2744222443837386
val,106,E:\mastercode\data\test\images\val\IMG_20260706_104450.jpg,E:\mastercode\9_archive\low_confidence\val\000106_extra+09_gt05_pred14_IMG_20260706_104450.jpg,5,14,9,0,9,0.8669549822807312,0.31075102982244324
train,565,E:\mastercode\data\test\images\train\IMG_20260706_111001.jpg,E:\mastercode\9_archive\low_confidence\train\000565_extra+09_gt01_pred10_IMG_20260706_111001.jpg,1,10,9,0,9,0.8356435894966125,0.16302609005942942
val,102,E:\mastercode\data\test\images\val\IMG_20260706_104334.jpg,E:\mastercode\9_archive\low_confidence\val\000102_extra+09_gt01_pred10_IMG_20260706_104334.jpg,1,10,9,0,9,0.8202590346336365,0.10752031477168203
train,604,E:\mastercode\data\test\images\train\IMG_20260706_111519.jpg,E:\mastercode\9_archive\low_confidence\train\000604_extra+08_gt02_pred10_IMG_20260706_111519.jpg,2,10,8,0,8,0.978633463382721,0.2561372368596494
train,72,E:\mastercode\data\test\images\train\IMG20231120161752.jpg,E:\mastercode\9_archive\low_confidence\train\000072_extra+08_gt06_pred14_IMG20231120161752.jpg,6,14,8,0,8,0.9662982225418091,0.4389638070549284
train,141,E:\mastercode\data\test\images\train\IMG_20260706_100747.jpg,E:\mastercode\9_archive\low_confidence\train\000141_extra+08_gt04_pred12_IMG_20260706_100747.jpg,4,12,8,0,8,0.9661604762077332,0.33799109988225
test,8,E:\mastercode\data\test\images\test\IMG20231120161741.jpg,E:\mastercode\9_archive\low_confidence\test\000008_extra+08_gt07_pred15_IMG20231120161741.jpg,7,15,8,0,8,0.9631538987159729,0.46970378135641416
test,69,E:\mastercode\data\test\images\test\IMG_20260706_105634.jpg,E:\mastercode\9_archive\low_confidence\test\000069_extra+08_gt01_pred09_IMG_20260706_105634.jpg,1,9,8,0,8,0.9628168344497681,0.18185067425171533
test,47,E:\mastercode\data\test\images\test\IMG_20260706_103602.jpg,E:\mastercode\9_archive\low_confidence\test\000047_extra+08_gt10_pred18_IMG_20260706_103602.jpg,10,18,8,0,8,0.9621317982673645,0.4577515899307198
train,26,E:\mastercode\data\test\images\train\IMG20231120160712.jpg,E:\mastercode\9_archive\low_confidence\train\000026_extra+08_gt03_pred11_IMG20231120160712.jpg,3,11,8,0,8,0.9614905714988708,0.32861113133416936
train,174,E:\mastercode\data\test\images\train\IMG_20260706_101731.jpg,E:\mastercode\9_archive\low_confidence\train\000174_extra+08_gt02_pred10_IMG_20260706_101731.jpg,2,10,8,0,8,0.9609310626983643,0.2205878342501819
val,146,E:\mastercode\data\test\images\val\IMG_20260706_105955.jpg,E:\mastercode\9_archive\low_confidence\val\000146_extra+08_gt02_pred10_IMG_20260706_105955.jpg,2,10,8,0,8,0.9607108235359192,0.2527200902812183
val,76,E:\mastercode\data\test\images\val\IMG_20260706_102952.jpg,E:\mastercode\9_archive\low_confidence\val\000076_extra+08_gt04_pred12_IMG_20260706_102952.jpg,4,12,8,0,8,0.9604088068008423,0.32709141991411644
train,433,E:\mastercode\data\test\images\train\IMG_20260706_105212.jpg,E:\mastercode\9_archive\low_confidence\train\000433_extra+08_gt01_pred09_IMG_20260706_105212.jpg,1,9,8,0,8,0.95972740650177,0.15013401241352162
train,205,E:\mastercode\data\test\images\train\IMG_20260706_102231.jpg,E:\mastercode\9_archive\low_confidence\train\000205_extra+08_gt02_pred10_IMG_20260706_102231.jpg,2,10,8,0,8,0.959549605846405,0.25503782713785766
train,409,E:\mastercode\data\test\images\train\IMG_20260706_104506.jpg,E:\mastercode\9_archive\low_confidence\train\000409_extra+08_gt06_pred14_IMG_20260706_104506.jpg,6,14,8,0,8,0.9592460989952087,0.4114512382740421
train,226,E:\mastercode\data\test\images\train\IMG_20260706_102543.jpg,E:\mastercode\9_archive\low_confidence\train\000226_extra+08_gt01_pred09_IMG_20260706_102543.jpg,1,9,8,0,8,0.9591209292411804,0.1732462460382117
train,629,E:\mastercode\data\test\images\train\IMG_20260706_111722.jpg,E:\mastercode\9_archive\low_confidence\train\000629_extra+08_gt02_pred10_IMG_20260706_111722.jpg,2,10,8,0,8,0.9589730501174927,0.21526784216985106
val,6,E:\mastercode\data\test\images\val\IMG20231120160709.jpg,E:\mastercode\9_archive\low_confidence\val\000006_extra+08_gt07_pred15_IMG20231120160709.jpg,7,15,8,0,8,0.9578330516815186,0.49234203714877367
train,158,E:\mastercode\data\test\images\train\IMG_20260706_100958.jpg,E:\mastercode\9_archive\low_confidence\train\000158_extra+08_gt01_pred09_IMG_20260706_100958.jpg,1,9,8,0,8,0.9575240612030029,0.1539473994117644
train,329,E:\mastercode\data\test\images\train\IMG_20260706_103738.jpg,E:\mastercode\9_archive\low_confidence\train\000329_extra+08_gt05_pred13_IMG_20260706_103738.jpg,5,13,8,0,8,0.9575238823890686,0.39912740219957554
train,298,E:\mastercode\data\test\images\train\IMG_20260706_103454.jpg,E:\mastercode\9_archive\low_confidence\train\000298_extra+08_gt04_pred12_IMG_20260706_103454.jpg,4,12,8,0,8,0.9569063782691956,0.32378371556599933
train,412,E:\mastercode\data\test\images\train\IMG_20260706_105015.jpg,E:\mastercode\9_archive\low_confidence\train\000412_extra+08_gt04_pred12_IMG_20260706_105015.jpg,4,12,8,0,8,0.9567027688026428,0.33537468896247447
train,2,E:\mastercode\data\test\images\train\IMG20231120154730.jpg,E:\mastercode\9_archive\low_confidence\train\000002_extra+08_gt09_pred17_IMG20231120154730.jpg,9,17,8,0,8,0.9565381407737732,0.5136312420534737
train,574,E:\mastercode\data\test\images\train\IMG_20260706_111210.jpg,E:\mastercode\9_archive\low_confidence\train\000574_extra+08_gt01_pred09_IMG_20260706_111210.jpg,1,9,8,0,8,0.9563112258911133,0.20163074135780334
train,229,E:\mastercode\data\test\images\train\IMG_20260706_102603.jpg,E:\mastercode\9_archive\low_confidence\train\000229_extra+08_gt02_pred10_IMG_20260706_102603.jpg,2,10,8,0,8,0.9560938477516174,0.21199429100379347
train,474,E:\mastercode\data\test\images\train\IMG_20260706_105538.jpg,E:\mastercode\9_archive\low_confidence\train\000474_extra+08_gt03_pred11_IMG_20260706_105538.jpg,3,11,8,0,8,0.9556966423988342,0.26791392351416027
test,13,E:\mastercode\data\test\images\test\IMG_20260706_100141.jpg,E:\mastercode\9_archive\low_confidence\test\000013_extra+08_gt08_pred16_IMG_20260706_100141.jpg,8,16,8,0,8,0.9548226594924927,0.48747153155272827
train,143,E:\mastercode\data\test\images\train\IMG_20260706_100755.jpg,E:\mastercode\9_archive\low_confidence\train\000143_extra+08_gt03_pred11_IMG_20260706_100755.jpg,3,11,8,0,8,0.9528260231018066,0.302241531454704
val,129,E:\mastercode\data\test\images\val\IMG_20260706_105447.jpg,E:\mastercode\9_archive\low_confidence\val\000129_extra+08_gt02_pred10_IMG_20260706_105447.jpg,2,10,8,0,8,0.9524718523025513,0.19153210697695613
val,98,E:\mastercode\data\test\images\val\IMG_20260706_104128.jpg,E:\mastercode\9_archive\low_confidence\val\000098_extra+08_gt02_pred10_IMG_20260706_104128.jpg,2,10,8,0,8,0.9513835906982422,0.21913697086274625
train,230,E:\mastercode\data\test\images\train\IMG_20260706_102609.jpg,E:\mastercode\9_archive\low_confidence\train\000230_extra+08_gt05_pred13_IMG_20260706_102609.jpg,5,13,8,0,8,0.9489789009094238,0.3926480163891728
train,200,E:\mastercode\data\test\images\train\IMG_20260706_102202.jpg,E:\mastercode\9_archive\low_confidence\train\000200_extra+08_gt01_pred09_IMG_20260706_102202.jpg,1,9,8,0,8,0.9485766887664795,0.19886592961847782
train,395,E:\mastercode\data\test\images\train\IMG_20260706_104312.jpg,E:\mastercode\9_archive\low_confidence\train\000395_extra+08_gt01_pred09_IMG_20260706_104312.jpg,1,9,8,0,8,0.9485623240470886,0.14297005699740517
train,305,E:\mastercode\data\test\images\train\IMG_20260706_103517.jpg,E:\mastercode\9_archive\low_confidence\train\000305_extra+08_gt02_pred10_IMG_20260706_103517.jpg,2,10,8,0,8,0.9478040337562561,0.2140586633235216
test,30,E:\mastercode\data\test\images\test\IMG_20260706_102605.jpg,E:\mastercode\9_archive\low_confidence\test\000030_extra+08_gt06_pred14_IMG_20260706_102605.jpg,6,14,8,0,8,0.9427828192710876,0.43261611295331803
val,104,E:\mastercode\data\test\images\val\IMG_20260706_104403.jpg,E:\mastercode\9_archive\low_confidence\val\000104_extra+08_gt02_pred10_IMG_20260706_104403.jpg,2,10,8,0,8,0.9391534924507141,0.18849025117233395
train,456,E:\mastercode\data\test\images\train\IMG_20260706_105406.jpg,E:\mastercode\9_archive\low_confidence\train\000456_extra+08_gt06_pred14_IMG_20260706_105406.jpg,6,14,8,0,8,0.9385370016098022,0.35959176665970255
train,468,E:\mastercode\data\test\images\train\IMG_20260706_105518.jpg,E:\mastercode\9_archive\low_confidence\train\000468_extra+08_gt02_pred10_IMG_20260706_105518.jpg,2,10,8,0,8,0.932788074016571,0.2178422413766384
test,67,E:\mastercode\data\test\images\test\IMG_20260706_105510.jpg,E:\mastercode\9_archive\low_confidence\test\000067_extra+08_gt02_pred10_IMG_20260706_105510.jpg,2,10,8,0,8,0.9325364232063293,0.23655702946707607
val,163,E:\mastercode\data\test\images\val\IMG_20260706_110923.jpg,E:\mastercode\9_archive\low_confidence\val\000163_extra+08_gt01_pred09_IMG_20260706_110923.jpg,1,9,8,0,8,0.9320708513259888,0.14869921747595072
train,378,E:\mastercode\data\test\images\train\IMG_20260706_104144.jpg,E:\mastercode\9_archive\low_confidence\train\000378_extra+08_gt02_pred10_IMG_20260706_104144.jpg,2,10,8,0,8,0.9320656061172485,0.2336988658644259
train,340,E:\mastercode\data\test\images\train\IMG_20260706_103852.jpg,E:\mastercode\9_archive\low_confidence\train\000340_extra+08_gt02_pred10_IMG_20260706_103852.jpg,2,10,8,0,8,0.9297466278076172,0.2305668218061328
train,422,E:\mastercode\data\test\images\train\IMG_20260706_105108.jpg,E:\mastercode\9_archive\low_confidence\train\000422_extra+08_gt01_pred09_IMG_20260706_105108.jpg,1,9,8,0,8,0.9284572005271912,0.12646714804901016
val,113,E:\mastercode\data\test\images\val\IMG_20260706_105141.jpg,E:\mastercode\9_archive\low_confidence\val\000113_extra+08_gt03_pred11_IMG_20260706_105141.jpg,3,11,8,0,8,0.928341805934906,0.2894378762522882
train,643,E:\mastercode\data\test\images\train\IMG_20260706_111856.jpg,E:\mastercode\9_archive\low_confidence\train\000643_extra+08_gt01_pred09_IMG_20260706_111856.jpg,1,9,8,0,8,0.9255932569503784,0.12414045435272986
train,265,E:\mastercode\data\test\images\train\IMG_20260706_103026.jpg,E:\mastercode\9_archive\low_confidence\train\000265_extra+08_gt01_pred09_IMG_20260706_103026.jpg,1,9,8,0,8,0.9147686958312988,0.12497178682436545
train,278,E:\mastercode\data\test\images\train\IMG_20260706_103128.jpg,E:\mastercode\9_archive\low_confidence\train\000278_extra+08_gt01_pred09_IMG_20260706_103128.jpg,1,9,8,0,8,0.9087700247764587,0.15053590635458627
train,249,E:\mastercode\data\test\images\train\IMG_20260706_102832.jpg,E:\mastercode\9_archive\low_confidence\train\000249_extra+08_gt01_pred09_IMG_20260706_102832.jpg,1,9,8,0,8,0.9067667722702026,0.13643447982354295
test,42,E:\mastercode\data\test\images\test\IMG_20260706_103240.jpg,E:\mastercode\9_archive\low_confidence\test\000042_extra+08_gt01_pred09_IMG_20260706_103240.jpg,1,9,8,0,8,0.8963011503219604,0.12478416764901744
train,194,E:\mastercode\data\test\images\train\IMG_20260706_102039.jpg,E:\mastercode\9_archive\low_confidence\train\000194_extra+08_gt02_pred10_IMG_20260706_102039.jpg,2,10,8,0,8,0.8604758381843567,0.2163065874017775
train,639,E:\mastercode\data\test\images\train\IMG_20260706_111825.jpg,E:\mastercode\9_archive\low_confidence\train\000639_extra+07_gt01_pred08_IMG_20260706_111825.jpg,1,8,7,0,7,0.9980948567390442,0.14351586974225938
val,154,E:\mastercode\data\test\images\val\IMG_20260706_110259.jpg,E:\mastercode\9_archive\low_confidence\val\000154_extra+07_gt02_pred09_IMG_20260706_110259.jpg,2,9,7,0,7,0.9788269996643066,0.2291258480399847
train,263,E:\mastercode\data\test\images\train\IMG_20260706_103010.jpg,E:\mastercode\9_archive\low_confidence\train\000263_extra+07_gt04_pred11_IMG_20260706_103010.jpg,4,11,7,0,7,0.9729278087615967,0.39862003389068623
test,76,E:\mastercode\data\test\images\test\IMG_20260706_105954.jpg,E:\mastercode\9_archive\low_confidence\test\000076_extra+07_gt02_pred09_IMG_20260706_105954.jpg,2,9,7,0,7,0.9637279510498047,0.27031787753933006
train,440,E:\mastercode\data\test\images\train\IMG_20260706_105304.jpg,E:\mastercode\9_archive\low_confidence\train\000440_extra+07_gt06_pred13_IMG_20260706_105304.jpg,6,13,7,0,7,0.9629335403442383,0.428963582103069
train,559,E:\mastercode\data\test\images\train\IMG_20260706_110910.jpg,E:\mastercode\9_archive\low_confidence\train\000559_extra+07_gt02_pred09_IMG_20260706_110910.jpg,2,9,7,0,7,0.9622000455856323,0.2342116435368856
train,112,E:\mastercode\data\test\images\train\IMG_20260706_100308.jpg,E:\mastercode\9_archive\low_confidence\train\000112_extra+07_gt04_pred11_IMG_20260706_100308.jpg,4,11,7,0,7,0.961529552936554,0.3528007183393294
train,66,E:\mastercode\data\test\images\train\IMG20231120161626.jpg,E:\mastercode\9_archive\low_confidence\train\000066_extra+07_gt10_pred17_IMG20231120161626.jpg,10,17,7,0,7,0.9615219831466675,0.5507714978474028
train,51,E:\mastercode\data\test\images\train\IMG20231120161302.jpg,E:\mastercode\9_archive\low_confidence\train\000051_extra+07_gt04_pred11_IMG20231120161302.jpg,4,11,7,0,7,0.9611468315124512,0.38083243784918025
train,515,E:\mastercode\data\test\images\train\IMG_20260706_110021.jpg,E:\mastercode\9_archive\low_confidence\train\000515_extra+07_gt08_pred15_IMG_20260706_110021.jpg,8,15,7,0,7,0.9604616761207581,0.4433031938970089
train,429,E:\mastercode\data\test\images\train\IMG_20260706_105138.jpg,E:\mastercode\9_archive\low_confidence\train\000429_extra+07_gt03_pred10_IMG_20260706_105138.jpg,3,10,7,0,7,0.9603258967399597,0.30169380279257896
val,157,E:\mastercode\data\test\images\val\IMG_20260706_110743.jpg,E:\mastercode\9_archive\low_confidence\val\000157_extra+07_gt02_pred09_IMG_20260706_110743.jpg,2,9,7,0,7,0.9597817659378052,0.2737854602229264
test,54,E:\mastercode\data\test\images\test\IMG_20260706_104241.jpg,E:\mastercode\9_archive\low_confidence\test\000054_extra+07_gt03_pred10_IMG_20260706_104241.jpg,3,10,7,0,7,0.9597015380859375,0.3090271596796811
train,544,E:\mastercode\data\test\images\train\IMG_20260706_110809.jpg,E:\mastercode\9_archive\low_confidence\train\000544_extra+07_gt03_pred10_IMG_20260706_110809.jpg,3,10,7,0,7,0.9596625566482544,0.39721863716840744
train,28,E:\mastercode\data\test\images\train\IMG20231120160759.jpg,E:\mastercode\9_archive\low_confidence\train\000028_extra+07_gt09_pred16_IMG20231120160759.jpg,9,16,7,0,7,0.9591928720474243,0.5283210439956747
test,56,E:\mastercode\data\test\images\test\IMG_20260706_104409.jpg,E:\mastercode\9_archive\low_confidence\test\000056_extra+07_gt02_pred09_IMG_20260706_104409.jpg,2,9,7,0,7,0.9591566920280457,0.2668609595340159
train,273,E:\mastercode\data\test\images\train\IMG_20260706_103107.jpg,E:\mastercode\9_archive\low_confidence\train\000273_extra+07_gt03_pred10_IMG_20260706_103107.jpg,3,10,7,0,7,0.958606481552124,0.2966951445676386
train,31,E:\mastercode\data\test\images\train\IMG20231120161029.jpg,E:\mastercode\9_archive\low_confidence\train\000031_extra+07_gt13_pred20_IMG20231120161029.jpg,13,20,7,0,7,0.9581660628318787,0.572820404311642
train,175,E:\mastercode\data\test\images\train\IMG_20260706_101748.jpg,E:\mastercode\9_archive\low_confidence\train\000175_extra+07_gt03_pred10_IMG_20260706_101748.jpg,3,10,7,0,7,0.9576799869537354,0.3906137221492827
train,546,E:\mastercode\data\test\images\train\IMG_20260706_110815.jpg,E:\mastercode\9_archive\low_confidence\train\000546_extra+07_gt01_pred08_IMG_20260706_110815.jpg,1,8,7,0,7,0.9570867419242859,0.1716426203493029
train,214,E:\mastercode\data\test\images\train\IMG_20260706_102446.jpg,E:\mastercode\9_archive\low_confidence\train\000214_extra+07_gt08_pred15_IMG_20260706_102446.jpg,8,15,7,0,7,0.9562495946884155,0.4849826626479626
train,312,E:\mastercode\data\test\images\train\IMG_20260706_103553.jpg,E:\mastercode\9_archive\low_confidence\train\000312_extra+07_gt02_pred09_IMG_20260706_103553.jpg,2,9,7,0,7,0.9561997056007385,0.23097575124767092
val,159,E:\mastercode\data\test\images\val\IMG_20260706_110905.jpg,E:\mastercode\9_archive\low_confidence\val\000159_extra+07_gt03_pred10_IMG_20260706_110905.jpg,3,10,7,0,7,0.9559708833694458,0.34410401079803704
train,152,E:\mastercode\data\test\images\train\IMG_20260706_100912.jpg,E:\mastercode\9_archive\low_confidence\train\000152_extra+07_gt01_pred08_IMG_20260706_100912.jpg,1,8,7,0,7,0.9555454254150391,0.1832517288858071
train,624,E:\mastercode\data\test\images\train\IMG_20260706_111705.jpg,E:\mastercode\9_archive\low_confidence\train\000624_extra+07_gt01_pred08_IMG_20260706_111705.jpg,1,8,7,0,7,0.9553117752075195,0.15438786626327783
train,485,E:\mastercode\data\test\images\train\IMG_20260706_105730.jpg,E:\mastercode\9_archive\low_confidence\train\000485_extra+07_gt02_pred09_IMG_20260706_105730.jpg,2,9,7,0,7,0.9552280306816101,0.3174963329608242
train,151,E:\mastercode\data\test\images\train\IMG_20260706_100910.jpg,E:\mastercode\9_archive\low_confidence\train\000151_extra+07_gt03_pred10_IMG_20260706_100910.jpg,3,10,7,0,7,0.9549848437309265,0.4242652431130409
train,538,E:\mastercode\data\test\images\train\IMG_20260706_110713.jpg,E:\mastercode\9_archive\low_confidence\train\000538_extra+07_gt05_pred12_IMG_20260706_110713.jpg,5,12,7,0,7,0.954706072807312,0.42773564578965306
train,618,E:\mastercode\data\test\images\train\IMG_20260706_111601.jpg,E:\mastercode\9_archive\low_confidence\train\000618_extra+07_gt03_pred10_IMG_20260706_111601.jpg,3,10,7,0,7,0.9522609114646912,0.27278464417904613
train,444,E:\mastercode\data\test\images\train\IMG_20260706_105319.jpg,E:\mastercode\9_archive\low_confidence\train\000444_extra+07_gt02_pred09_IMG_20260706_105319.jpg,2,9,7,0,7,0.952104389667511,0.2452405889829
val,61,E:\mastercode\data\test\images\val\IMG_20260706_102423.jpg,E:\mastercode\9_archive\low_confidence\val\000061_extra+07_gt01_pred08_IMG_20260706_102423.jpg,1,8,7,0,7,0.9516128301620483,0.19893164397217333
train,150,E:\mastercode\data\test\images\train\IMG_20260706_100907.jpg,E:\mastercode\9_archive\low_confidence\train\000150_extra+07_gt02_pred09_IMG_20260706_100907.jpg,2,9,7,0,7,0.9511057138442993,0.23881362202680773
train,478,E:\mastercode\data\test\images\train\IMG_20260706_105630.jpg,E:\mastercode\9_archive\low_confidence\train\000478_extra+07_gt02_pred09_IMG_20260706_105630.jpg,2,9,7,0,7,0.9507697224617004,0.2291537926842769
train,645,E:\mastercode\data\test\images\train\IMG_20260706_111954.jpg,E:\mastercode\9_archive\low_confidence\train\000645_extra+07_gt01_pred08_IMG_20260706_111954.jpg,1,8,7,0,7,0.950031042098999,0.15182474022731185
train,558,E:\mastercode\data\test\images\train\IMG_20260706_110908.jpg,E:\mastercode\9_archive\low_confidence\train\000558_extra+07_gt06_pred13_IMG_20260706_110908.jpg,6,13,7,0,7,0.9491454362869263,0.44557382660703015
test,33,E:\mastercode\data\test\images\test\IMG_20260706_102803.jpg,E:\mastercode\9_archive\low_confidence\test\000033_extra+07_gt02_pred09_IMG_20260706_102803.jpg,2,9,7,0,7,0.9490235447883606,0.23479058427943122
train,269,E:\mastercode\data\test\images\train\IMG_20260706_103039.jpg,E:\mastercode\9_archive\low_confidence\train\000269_extra+07_gt02_pred09_IMG_20260706_103039.jpg,2,9,7,0,7,0.948388397693634,0.23166791732526487
train,578,E:\mastercode\data\test\images\train\IMG_20260706_111224.jpg,E:\mastercode\9_archive\low_confidence\train\000578_extra+07_gt02_pred09_IMG_20260706_111224.jpg,2,9,7,0,7,0.9472975730895996,0.23992101868821514
val,37,E:\mastercode\data\test\images\val\IMG_20260706_100225.jpg,E:\mastercode\9_archive\low_confidence\val\000037_extra+07_gt03_pred10_IMG_20260706_100225.jpg,3,10,7,0,7,0.945980429649353,0.34515898041427134
train,616,E:\mastercode\data\test\images\train\IMG_20260706_111557.jpg,E:\mastercode\9_archive\low_confidence\train\000616_extra+07_gt06_pred13_IMG_20260706_111557.jpg,6,13,7,0,7,0.9453397989273071,0.4276553585122411
train,190,E:\mastercode\data\test\images\train\IMG_20260706_101947.jpg,E:\mastercode\9_archive\low_confidence\train\000190_extra+07_gt04_pred11_IMG_20260706_101947.jpg,4,11,7,0,7,0.9448352456092834,0.413164428435266
test,41,E:\mastercode\data\test\images\test\IMG_20260706_103228.jpg,E:\mastercode\9_archive\low_confidence\test\000041_extra+07_gt03_pred10_IMG_20260706_103228.jpg,3,10,7,0,7,0.9444489479064941,0.30574592780321835
train,390,E:\mastercode\data\test\images\train\IMG_20260706_104249.jpg,E:\mastercode\9_archive\low_confidence\train\000390_extra+07_gt03_pred10_IMG_20260706_104249.jpg,3,10,7,0,7,0.9388313293457031,0.22447194391861558
train,332,E:\mastercode\data\test\images\train\IMG_20260706_103753.jpg,E:\mastercode\9_archive\low_confidence\train\000332_extra+07_gt02_pred09_IMG_20260706_103753.jpg,2,9,7,0,7,0.9387739300727844,0.2155378738211261
train,132,E:\mastercode\data\test\images\train\IMG_20260706_100539.jpg,E:\mastercode\9_archive\low_confidence\train\000132_extra+07_gt03_pred10_IMG_20260706_100539.jpg,3,10,7,0,7,0.9382937550544739,0.29018092527985573
train,131,E:\mastercode\data\test\images\train\IMG_20260706_100537.jpg,E:\mastercode\9_archive\low_confidence\train\000131_extra+07_gt02_pred09_IMG_20260706_100537.jpg,2,9,7,0,7,0.9378947019577026,0.23108721214036146
val,160,E:\mastercode\data\test\images\val\IMG_20260706_110911.jpg,E:\mastercode\9_archive\low_confidence\val\000160_extra+07_gt06_pred13_IMG_20260706_110911.jpg,6,13,7,0,7,0.9371033310890198,0.42172297563117284
train,289,E:\mastercode\data\test\images\train\IMG_20260706_103348.jpg,E:\mastercode\9_archive\low_confidence\train\000289_extra+07_gt03_pred10_IMG_20260706_103348.jpg,3,10,7,0,7,0.9299609065055847,0.28020456098020075
train,333,E:\mastercode\data\test\images\train\IMG_20260706_103805.jpg,E:\mastercode\9_archive\low_confidence\train\000333_extra+07_gt03_pred10_IMG_20260706_103805.jpg,3,10,7,0,7,0.9277542233467102,0.3151847394183278
train,630,E:\mastercode\data\test\images\train\IMG_20260706_111723.jpg,E:\mastercode\9_archive\low_confidence\train\000630_extra+07_gt01_pred08_IMG_20260706_111723.jpg,1,8,7,0,7,0.9261001944541931,0.16171239025425166
train,656,E:\mastercode\data\test\images\train\IMG_20260706_112036.jpg,E:\mastercode\9_archive\low_confidence\train\000656_extra+07_gt02_pred09_IMG_20260706_112036.jpg,2,9,7,0,7,0.9260213375091553,0.2640102505683899
train,635,E:\mastercode\data\test\images\train\IMG_20260706_111813.jpg,E:\mastercode\9_archive\low_confidence\train\000635_extra+07_gt01_pred08_IMG_20260706_111813.jpg,1,8,7,0,7,0.925575852394104,0.13498700060881674
val,99,E:\mastercode\data\test\images\val\IMG_20260706_104201.jpg,E:\mastercode\9_archive\low_confidence\val\000099_extra+07_gt01_pred08_IMG_20260706_104201.jpg,1,8,7,0,7,0.9220836162567139,0.22166797192767262
test,59,E:\mastercode\data\test\images\test\IMG_20260706_104954.jpg,E:\mastercode\9_archive\low_confidence\test\000059_extra+07_gt01_pred08_IMG_20260706_104954.jpg,1,8,7,0,7,0.9215774536132812,0.14305603201501071
train,501,E:\mastercode\data\test\images\train\IMG_20260706_105840.jpg,E:\mastercode\9_archive\low_confidence\train\000501_extra+07_gt01_pred08_IMG_20260706_105840.jpg,1,8,7,0,7,0.915838360786438,0.14191852160729468
train,457,E:\mastercode\data\test\images\train\IMG_20260706_105412.jpg,E:\mastercode\9_archive\low_confidence\train\000457_extra+07_gt01_pred08_IMG_20260706_105412.jpg,1,8,7,0,7,0.8922887444496155,0.16867515165358782
train,493,E:\mastercode\data\test\images\train\IMG_20260706_105814.jpg,E:\mastercode\9_archive\low_confidence\train\000493_extra+07_gt02_pred09_IMG_20260706_105814.jpg,2,9,7,0,7,0.8576346039772034,0.3204267904576328
val,161,E:\mastercode\data\test\images\val\IMG_20260706_110917.jpg,E:\mastercode\9_archive\low_confidence\val\000161_extra+07_gt02_pred09_IMG_20260706_110917.jpg,2,9,7,0,7,0.8527462482452393,0.1618682915965716
train,531,E:\mastercode\data\test\images\train\IMG_20260706_110315.jpg,E:\mastercode\9_archive\low_confidence\train\000531_extra+07_gt00_pred07_IMG_20260706_110315.jpg,0,7,7,0,7,0.6227302551269531,0.1272364633956126
train,202,E:\mastercode\data\test\images\train\IMG_20260706_102219.jpg,E:\mastercode\9_archive\low_confidence\train\000202_extra+07_gt00_pred07_IMG_20260706_102219.jpg,0,7,7,0,7,0.17255447804927826,0.04671182084296431
train,355,E:\mastercode\data\test\images\train\IMG_20260706_103949.jpg,E:\mastercode\9_archive\low_confidence\train\000355_extra+06_gt01_pred07_IMG_20260706_103949.jpg,1,7,6,0,6,0.9995326995849609,0.2833532158817564
train,398,E:\mastercode\data\test\images\train\IMG_20260706_104357.jpg,E:\mastercode\9_archive\low_confidence\train\000398_extra+06_gt02_pred08_IMG_20260706_104357.jpg,2,8,6,0,6,0.9651449918746948,0.26048103137873113
val,48,E:\mastercode\data\test\images\val\IMG_20260706_100929.jpg,E:\mastercode\9_archive\low_confidence\val\000048_extra+06_gt01_pred07_IMG_20260706_100929.jpg,1,7,6,0,6,0.9649789333343506,0.17379213443824224
val,44,E:\mastercode\data\test\images\val\IMG_20260706_100522.jpg,E:\mastercode\9_archive\low_confidence\val\000044_extra+06_gt05_pred11_IMG_20260706_100522.jpg,5,11,6,0,6,0.9644321799278259,0.43606206300583755
train,62,E:\mastercode\data\test\images\train\IMG20231120161415.jpg,E:\mastercode\9_archive\low_confidence\train\000062_extra+06_gt09_pred15_IMG20231120161415.jpg,9,15,6,0,6,0.9630399942398071,0.5258858878165483
val,29,E:\mastercode\data\test\images\val\IMG_20260706_095955.jpg,E:\mastercode\9_archive\low_confidence\val\000029_extra+06_gt03_pred09_IMG_20260706_095955.jpg,3,9,6,0,6,0.9626148343086243,0.37489746645506883
test,75,E:\mastercode\data\test\images\test\IMG_20260706_105931.jpg,E:\mastercode\9_archive\low_confidence\test\000075_extra+06_gt01_pred07_IMG_20260706_105931.jpg,1,7,6,0,6,0.9616742730140686,0.16554339003882237
train,182,E:\mastercode\data\test\images\train\IMG_20260706_101820.jpg,E:\mastercode\9_archive\low_confidence\train\000182_extra+06_gt02_pred08_IMG_20260706_101820.jpg,2,8,6,0,6,0.9610950946807861,0.26525613118428737
train,652,E:\mastercode\data\test\images\train\IMG_20260706_112010_2.jpg,E:\mastercode\9_archive\low_confidence\train\000652_extra+06_gt03_pred09_IMG_20260706_112010_2.jpg,3,9,6,0,6,0.961024820804596,0.3367661571957999
train,144,E:\mastercode\data\test\images\train\IMG_20260706_100801.jpg,E:\mastercode\9_archive\low_confidence\train\000144_extra+06_gt02_pred08_IMG_20260706_100801.jpg,2,8,6,0,6,0.9605110883712769,0.3948652730323374
train,71,E:\mastercode\data\test\images\train\IMG20231120161748.jpg,E:\mastercode\9_archive\low_confidence\train\000071_extra+06_gt06_pred12_IMG20231120161748.jpg,6,12,6,0,6,0.9601914286613464,0.5203849671718975
train,467,E:\mastercode\data\test\images\train\IMG_20260706_105513.jpg,E:\mastercode\9_archive\low_confidence\train\000467_extra+06_gt03_pred09_IMG_20260706_105513.jpg,3,9,6,0,6,0.9601871967315674,0.3903169964129726
train,260,E:\mastercode\data\test\images\train\IMG_20260706_103000.jpg,E:\mastercode\9_archive\low_confidence\train\000260_extra+06_gt08_pred14_IMG_20260706_103000.jpg,8,14,6,0,6,0.9590451717376709,0.3631932609049337
train,496,E:\mastercode\data\test\images\train\IMG_20260706_105822.jpg,E:\mastercode\9_archive\low_confidence\train\000496_extra+06_gt02_pred08_IMG_20260706_105822.jpg,2,8,6,0,6,0.9589187502861023,0.17897431866731495
train,601,E:\mastercode\data\test\images\train\IMG_20260706_111509.jpg,E:\mastercode\9_archive\low_confidence\train\000601_extra+06_gt08_pred14_IMG_20260706_111509.jpg,8,14,6,0,6,0.9587531685829163,0.5575850454292127
test,78,E:\mastercode\data\test\images\test\IMG_20260706_110026.jpg,E:\mastercode\9_archive\low_confidence\test\000078_extra+06_gt05_pred11_IMG_20260706_110026.jpg,5,11,6,0,6,0.9578278064727783,0.44580624252557755
train,188,E:\mastercode\data\test\images\train\IMG_20260706_101940.jpg,E:\mastercode\9_archive\low_confidence\train\000188_extra+06_gt01_pred07_IMG_20260706_101940.jpg,1,7,6,0,6,0.9565829634666443,0.15320618290986335
val,141,E:\mastercode\data\test\images\val\IMG_20260706_105741.jpg,E:\mastercode\9_archive\low_confidence\val\000141_extra+06_gt05_pred11_IMG_20260706_105741.jpg,5,11,6,0,6,0.95647794008255,0.40331567417491565
val,39,E:\mastercode\data\test\images\val\IMG_20260706_100251.jpg,E:\mastercode\9_archive\low_confidence\val\000039_extra+06_gt03_pred09_IMG_20260706_100251.jpg,3,9,6,0,6,0.9563629031181335,0.3263910798769858
train,504,E:\mastercode\data\test\images\train\IMG_20260706_105857.jpg,E:\mastercode\9_archive\low_confidence\train\000504_extra+06_gt01_pred07_IMG_20260706_105857.jpg,1,7,6,0,6,0.9561675190925598,0.1908185855884637
train,243,E:\mastercode\data\test\images\train\IMG_20260706_102756.jpg,E:\mastercode\9_archive\low_confidence\train\000243_extra+06_gt02_pred08_IMG_20260706_102756.jpg,2,8,6,0,6,0.9553075432777405,0.24996592558454722
train,354,E:\mastercode\data\test\images\train\IMG_20260706_103942.jpg,E:\mastercode\9_archive\low_confidence\train\000354_extra+06_gt02_pred08_IMG_20260706_103942.jpg,2,8,6,0,6,0.9550842642784119,0.2094330188119784
val,187,E:\mastercode\data\test\images\val\IMG_20260706_111952.jpg,E:\mastercode\9_archive\low_confidence\val\000187_extra+06_gt03_pred09_IMG_20260706_111952.jpg,3,9,6,0,6,0.9550091028213501,0.2301934947156244
test,50,E:\mastercode\data\test\images\test\IMG_20260706_103721.jpg,E:\mastercode\9_archive\low_confidence\test\000050_extra+06_gt09_pred15_IMG_20260706_103721.jpg,9,15,6,0,6,0.9548693895339966,0.5188284231349826
train,300,E:\mastercode\data\test\images\train\IMG_20260706_103458.jpg,E:\mastercode\9_archive\low_confidence\train\000300_extra+06_gt07_pred13_IMG_20260706_103458.jpg,7,13,6,0,6,0.9545806050300598,0.41409187269612
train,426,E:\mastercode\data\test\images\train\IMG_20260706_105128.jpg,E:\mastercode\9_archive\low_confidence\train\000426_extra+06_gt03_pred09_IMG_20260706_105128.jpg,3,9,6,0,6,0.9539188742637634,0.3247119795737995
train,522,E:\mastercode\data\test\images\train\IMG_20260706_110111.jpg,E:\mastercode\9_archive\low_confidence\train\000522_extra+06_gt05_pred11_IMG_20260706_110111.jpg,5,11,6,0,6,0.9538384079933167,0.451973382383585
train,557,E:\mastercode\data\test\images\train\IMG_20260706_110907.jpg,E:\mastercode\9_archive\low_confidence\train\000557_extra+06_gt04_pred10_IMG_20260706_110907.jpg,4,10,6,0,6,0.9536867737770081,0.4276635521091521
test,62,E:\mastercode\data\test\images\test\IMG_20260706_105133.jpg,E:\mastercode\9_archive\low_confidence\test\000062_extra+06_gt09_pred15_IMG_20260706_105133.jpg,9,15,6,0,6,0.9533810019493103,0.5458102395758033
val,66,E:\mastercode\data\test\images\val\IMG_20260706_102617.jpg,E:\mastercode\9_archive\low_confidence\val\000066_extra+06_gt03_pred09_IMG_20260706_102617.jpg,3,9,6,0,6,0.9533020257949829,0.37329943519499564
train,507,E:\mastercode\data\test\images\train\IMG_20260706_105920_1.jpg,E:\mastercode\9_archive\low_confidence\train\000507_extra+06_gt01_pred07_IMG_20260706_105920_1.jpg,1,7,6,0,6,0.9524899125099182,0.16447100016687596
train,579,E:\mastercode\data\test\images\train\IMG_20260706_111235.jpg,E:\mastercode\9_archive\low_confidence\train\000579_extra+06_gt06_pred12_IMG_20260706_111235.jpg,6,12,6,0,6,0.9514772891998291,0.44777258136309683
train,346,E:\mastercode\data\test\images\train\IMG_20260706_103921.jpg,E:\mastercode\9_archive\low_confidence\train\000346_extra+06_gt07_pred13_IMG_20260706_103921.jpg,7,13,6,0,6,0.9514032602310181,0.4881241681913917
val,138,E:\mastercode\data\test\images\val\IMG_20260706_105716.jpg,E:\mastercode\9_archive\low_confidence\val\000138_extra+06_gt02_pred08_IMG_20260706_105716.jpg,2,8,6,0,6,0.9514032602310181,0.24974524008575827
train,551,E:\mastercode\data\test\images\train\IMG_20260706_110839.jpg,E:\mastercode\9_archive\low_confidence\train\000551_extra+06_gt02_pred08_IMG_20260706_110839.jpg,2,8,6,0,6,0.9511522054672241,0.19656295061577111
val,117,E:\mastercode\data\test\images\val\IMG_20260706_105157.jpg,E:\mastercode\9_archive\low_confidence\val\000117_extra+06_gt02_pred08_IMG_20260706_105157.jpg,2,8,6,0,6,0.9505952000617981,0.2215006910264492
train,431,E:\mastercode\data\test\images\train\IMG_20260706_105155.jpg,E:\mastercode\9_archive\low_confidence\train\000431_extra+06_gt03_pred09_IMG_20260706_105155.jpg,3,9,6,0,6,0.9502290487289429,0.30303822416398263
train,350,E:\mastercode\data\test\images\train\IMG_20260706_103929.jpg,E:\mastercode\9_archive\low_confidence\train\000350_extra+06_gt01_pred07_IMG_20260706_103929.jpg,1,7,6,0,6,0.9498640894889832,0.20265386546296732
train,222,E:\mastercode\data\test\images\train\IMG_20260706_102534.jpg,E:\mastercode\9_archive\low_confidence\train\000222_extra+06_gt04_pred10_IMG_20260706_102534.jpg,4,10,6,0,6,0.9495278000831604,0.39114608997479083
train,548,E:\mastercode\data\test\images\train\IMG_20260706_110827_1.jpg,E:\mastercode\9_archive\low_confidence\train\000548_extra+06_gt07_pred13_IMG_20260706_110827_1.jpg,7,13,6,0,6,0.9484965801239014,0.4430597951778999
train,121,E:\mastercode\data\test\images\train\IMG_20260706_100433.jpg,E:\mastercode\9_archive\low_confidence\train\000121_extra+06_gt08_pred14_IMG_20260706_100433.jpg,8,14,6,0,6,0.948365330696106,0.5010790207556316
train,220,E:\mastercode\data\test\images\train\IMG_20260706_102521.jpg,E:\mastercode\9_archive\low_confidence\train\000220_extra+06_gt02_pred08_IMG_20260706_102521.jpg,2,8,6,0,6,0.9480288624763489,0.2530204162467271
val,2,E:\mastercode\data\test\images\val\IMG20231120154925.jpg,E:\mastercode\9_archive\low_confidence\val\000002_extra+06_gt04_pred10_IMG20231120154925.jpg,4,10,6,0,6,0.9479260444641113,0.4111276359297335
train,481,E:\mastercode\data\test\images\train\IMG_20260706_105642.jpg,E:\mastercode\9_archive\low_confidence\train\000481_extra+06_gt02_pred08_IMG_20260706_105642.jpg,2,8,6,0,6,0.9478039741516113,0.248341036378406
val,77,E:\mastercode\data\test\images\val\IMG_20260706_103012.jpg,E:\mastercode\9_archive\low_confidence\val\000077_extra+06_gt06_pred12_IMG_20260706_103012.jpg,6,12,6,0,6,0.946326494216919,0.48190069617703557
train,556,E:\mastercode\data\test\images\train\IMG_20260706_110855.jpg,E:\mastercode\9_archive\low_confidence\train\000556_extra+06_gt01_pred07_IMG_20260706_110855.jpg,1,7,6,0,6,0.9454915523529053,0.15900326733078277
train,231,E:\mastercode\data\test\images\train\IMG_20260706_102612.jpg,E:\mastercode\9_archive\low_confidence\train\000231_extra+06_gt01_pred07_IMG_20260706_102612.jpg,1,7,6,0,6,0.9439395070075989,0.1800080637580582
val,70,E:\mastercode\data\test\images\val\IMG_20260706_102716.jpg,E:\mastercode\9_archive\low_confidence\val\000070_extra+06_gt02_pred08_IMG_20260706_102716.jpg,2,8,6,0,6,0.9438912868499756,0.31483750755432993
train,424,E:\mastercode\data\test\images\train\IMG_20260706_105124.jpg,E:\mastercode\9_archive\low_confidence\train\000424_extra+06_gt05_pred11_IMG_20260706_105124.jpg,5,11,6,0,6,0.9436962008476257,0.4246805990114808
val,82,E:\mastercode\data\test\images\val\IMG_20260706_103427.jpg,E:\mastercode\9_archive\low_confidence\val\000082_extra+06_gt02_pred08_IMG_20260706_103427.jpg,2,8,6,0,6,0.9436551928520203,0.263389878324233
train,92,E:\mastercode\data\test\images\train\IMG_20260706_095801.jpg,E:\mastercode\9_archive\low_confidence\train\000092_extra+06_gt04_pred10_IMG_20260706_095801.jpg,4,10,6,0,6,0.9435417652130127,0.37691700672730805
train,583,E:\mastercode\data\test\images\train\IMG_20260706_111257.jpg,E:\mastercode\9_archive\low_confidence\train\000583_extra+06_gt02_pred08_IMG_20260706_111257.jpg,2,8,6,0,6,0.9428415298461914,0.24455995729658753
train,535,E:\mastercode\data\test\images\train\IMG_20260706_110334.jpg,E:\mastercode\9_archive\low_confidence\train\000535_extra+06_gt01_pred07_IMG_20260706_110334.jpg,1,7,6,0,6,0.9401107430458069,0.1574462227789419
val,41,E:\mastercode\data\test\images\val\IMG_20260706_100441.jpg,E:\mastercode\9_archive\low_confidence\val\000041_extra+06_gt01_pred07_IMG_20260706_100441.jpg,1,7,6,0,6,0.9390431046485901,0.1572724012658
train,362,E:\mastercode\data\test\images\train\IMG_20260706_104023.jpg,E:\mastercode\9_archive\low_confidence\train\000362_extra+06_gt01_pred07_IMG_20260706_104023.jpg,1,7,6,0,6,0.9371196627616882,0.1759224903902837
train,633,E:\mastercode\data\test\images\train\IMG_20260706_111800.jpg,E:\mastercode\9_archive\low_confidence\train\000633_extra+06_gt01_pred07_IMG_20260706_111800.jpg,1,7,6,0,6,0.9368321895599365,0.15063169345791852
train,107,E:\mastercode\data\test\images\train\IMG_20260706_100220.jpg,E:\mastercode\9_archive\low_confidence\train\000107_extra+06_gt05_pred11_IMG_20260706_100220.jpg,5,11,6,0,6,0.9367024898529053,0.4305819651450623
train,550,E:\mastercode\data\test\images\train\IMG_20260706_110836.jpg,E:\mastercode\9_archive\low_confidence\train\000550_extra+06_gt02_pred08_IMG_20260706_110836.jpg,2,8,6,0,6,0.9361501336097717,0.2604602408828214
train,537,E:\mastercode\data\test\images\train\IMG_20260706_110346.jpg,E:\mastercode\9_archive\low_confidence\train\000537_extra+06_gt01_pred07_IMG_20260706_110346.jpg,1,7,6,0,6,0.9351900219917297,0.15826580819806882
train,232,E:\mastercode\data\test\images\train\IMG_20260706_102614.jpg,E:\mastercode\9_archive\low_confidence\train\000232_extra+06_gt02_pred08_IMG_20260706_102614.jpg,2,8,6,0,6,0.9342564940452576,0.2204509995644912
val,156,E:\mastercode\data\test\images\val\IMG_20260706_110339.jpg,E:\mastercode\9_archive\low_confidence\val\000156_extra+06_gt02_pred08_IMG_20260706_110339.jpg,2,8,6,0,6,0.9341070055961609,0.24714413832407445
train,371,E:\mastercode\data\test\images\train\IMG_20260706_104107.jpg,E:\mastercode\9_archive\low_confidence\train\000371_extra+06_gt02_pred08_IMG_20260706_104107.jpg,2,8,6,0,6,0.9324979782104492,0.39537818217650056
val,115,E:\mastercode\data\test\images\val\IMG_20260706_105143.jpg,E:\mastercode\9_archive\low_confidence\val\000115_extra+06_gt02_pred08_IMG_20260706_105143.jpg,2,8,6,0,6,0.9319449663162231,0.22062266082502902
train,219,E:\mastercode\data\test\images\train\IMG_20260706_102512.jpg,E:\mastercode\9_archive\low_confidence\train\000219_extra+06_gt01_pred07_IMG_20260706_102512.jpg,1,7,6,0,6,0.9282699823379517,0.14873227822993482
train,287,E:\mastercode\data\test\images\train\IMG_20260706_103337.jpg,E:\mastercode\9_archive\low_confidence\train\000287_extra+06_gt01_pred07_IMG_20260706_103337.jpg,1,7,6,0,6,0.9255218505859375,0.1609178056408252
val,153,E:\mastercode\data\test\images\val\IMG_20260706_110251.jpg,E:\mastercode\9_archive\low_confidence\val\000153_extra+06_gt04_pred10_IMG_20260706_110251.jpg,4,10,6,0,6,0.9241024851799011,0.39417566135525706
train,397,E:\mastercode\data\test\images\train\IMG_20260706_104352.jpg,E:\mastercode\9_archive\low_confidence\train\000397_extra+06_gt01_pred07_IMG_20260706_104352.jpg,1,7,6,0,6,0.9207321405410767,0.15930037000881775
val,60,E:\mastercode\data\test\images\val\IMG_20260706_102237.jpg,E:\mastercode\9_archive\low_confidence\val\000060_extra+06_gt02_pred08_IMG_20260706_102237.jpg,2,8,6,0,6,0.9143268465995789,0.2545994189567864
train,365,E:\mastercode\data\test\images\train\IMG_20260706_104042.jpg,E:\mastercode\9_archive\low_confidence\train\000365_extra+06_gt01_pred07_IMG_20260706_104042.jpg,1,7,6,0,6,0.9128928780555725,0.18359142688236066
train,659,E:\mastercode\data\test\images\train\IMG_20260706_112116.jpg,E:\mastercode\9_archive\low_confidence\train\000659_extra+06_gt01_pred07_IMG_20260706_112116.jpg,1,7,6,0,6,0.9075269103050232,0.15121044285063232
train,196,E:\mastercode\data\test\images\train\IMG_20260706_102048.jpg,E:\mastercode\9_archive\low_confidence\train\000196_extra+06_gt01_pred07_IMG_20260706_102048.jpg,1,7,6,0,6,0.9028007388114929,0.1558445326185652
train,577,E:\mastercode\data\test\images\train\IMG_20260706_111217.jpg,E:\mastercode\9_archive\low_confidence\train\000577_extra+06_gt04_pred10_IMG_20260706_111217.jpg,4,10,6,0,6,0.8915003538131714,0.3728111834265292
train,490,E:\mastercode\data\test\images\train\IMG_20260706_105755.jpg,E:\mastercode\9_archive\low_confidence\train\000490_extra+06_gt01_pred07_IMG_20260706_105755.jpg,1,7,6,0,6,0.8887954354286194,0.23830523355198757
val,180,E:\mastercode\data\test\images\val\IMG_20260706_111730.jpg,E:\mastercode\9_archive\low_confidence\val\000180_extra+06_gt01_pred07_IMG_20260706_111730.jpg,1,7,6,0,6,0.8854452967643738,0.20058301437113965
train,359,E:\mastercode\data\test\images\train\IMG_20260706_104017.jpg,E:\mastercode\9_archive\low_confidence\train\000359_extra+06_gt01_pred07_IMG_20260706_104017.jpg,1,7,6,0,6,0.8813009262084961,0.17030352633446455
train,267,E:\mastercode\data\test\images\train\IMG_20260706_103033.jpg,E:\mastercode\9_archive\low_confidence\train\000267_extra+06_gt00_pred06_IMG_20260706_103033.jpg,0,6,6,0,6,0.032573625445365906,0.019636692789693672
train,313,E:\mastercode\data\test\images\train\IMG_20260706_103556.jpg,E:\mastercode\9_archive\low_confidence\train\000313_extra+05_gt05_pred10_IMG_20260706_103556.jpg,5,10,5,0,5,0.9827227592468262,0.5154298939742148
train,195,E:\mastercode\data\test\images\train\IMG_20260706_102043.jpg,E:\mastercode\9_archive\low_confidence\train\000195_extra+05_gt01_pred06_IMG_20260706_102043.jpg,1,6,5,0,5,0.9779297709465027,0.19360680102060238
train,585,E:\mastercode\data\test\images\train\IMG_20260706_111335.jpg,E:\mastercode\9_archive\low_confidence\train\000585_extra+05_gt08_pred13_IMG_20260706_111335.jpg,8,13,5,0,5,0.9662032127380371,0.45232584098210704
val,73,E:\mastercode\data\test\images\val\IMG_20260706_102821_1.jpg,E:\mastercode\9_archive\low_confidence\val\000073_extra+05_gt04_pred09_IMG_20260706_102821_1.jpg,4,9,5,0,5,0.9660153985023499,0.48612524413814145
train,353,E:\mastercode\data\test\images\train\IMG_20260706_103940.jpg,E:\mastercode\9_archive\low_confidence\train\000353_extra+05_gt04_pred09_IMG_20260706_103940.jpg,4,9,5,0,5,0.9658568501472473,0.4278155477303598
val,83,E:\mastercode\data\test\images\val\IMG_20260706_103514.jpg,E:\mastercode\9_archive\low_confidence\val\000083_extra+05_gt01_pred06_IMG_20260706_103514.jpg,1,6,5,0,5,0.9655491709709167,0.20943464152514935
train,130,E:\mastercode\data\test\images\train\IMG_20260706_100524.jpg,E:\mastercode\9_archive\low_confidence\train\000130_extra+05_gt06_pred11_IMG_20260706_100524.jpg,6,11,5,0,5,0.9646878242492676,0.36156914036043664
train,179,E:\mastercode\data\test\images\train\IMG_20260706_101802.jpg,E:\mastercode\9_archive\low_confidence\train\000179_extra+05_gt03_pred08_IMG_20260706_101802.jpg,3,8,5,0,5,0.9643232226371765,0.3540207096375525
val,65,E:\mastercode\data\test\images\val\IMG_20260706_102607.jpg,E:\mastercode\9_archive\low_confidence\val\000065_extra+05_gt03_pred08_IMG_20260706_102607.jpg,3,8,5,0,5,0.9630373120307922,0.37249127589166164
val,147,E:\mastercode\data\test\images\val\IMG_20260706_110007.jpg,E:\mastercode\9_archive\low_confidence\val\000147_extra+05_gt03_pred08_IMG_20260706_110007.jpg,3,8,5,0,5,0.9629209041595459,0.3817791234469041
train,483,E:\mastercode\data\test\images\train\IMG_20260706_105712.jpg,E:\mastercode\9_archive\low_confidence\train\000483_extra+05_gt03_pred08_IMG_20260706_105712.jpg,3,8,5,0,5,0.9628252387046814,0.3380497272592038
test,82,E:\mastercode\data\test\images\test\IMG_20260706_110244.jpg,E:\mastercode\9_archive\low_confidence\test\000082_extra+05_gt05_pred10_IMG_20260706_110244.jpg,5,10,5,0,5,0.9625446200370789,0.5477183836512267
val,28,E:\mastercode\data\test\images\val\IMG_20260706_095918.jpg,E:\mastercode\9_archive\low_confidence\val\000028_extra+05_gt01_pred06_IMG_20260706_095918.jpg,1,6,5,0,5,0.9616916179656982,0.20215683337301016
test,63,E:\mastercode\data\test\images\test\IMG_20260706_105151.jpg,E:\mastercode\9_archive\low_confidence\test\000063_extra+05_gt04_pred09_IMG_20260706_105151.jpg,4,9,5,0,5,0.9611326456069946,0.5161617563830482
train,543,E:\mastercode\data\test\images\train\IMG_20260706_110738.jpg,E:\mastercode\9_archive\low_confidence\train\000543_extra+05_gt01_pred06_IMG_20260706_110738.jpg,1,6,5,0,5,0.9608732461929321,0.1869961153715849
val,162,E:\mastercode\data\test\images\val\IMG_20260706_110921.jpg,E:\mastercode\9_archive\low_confidence\val\000162_extra+05_gt02_pred07_IMG_20260706_110921.jpg,2,7,5,0,5,0.9607908129692078,0.3415097687393427
train,237,E:\mastercode\data\test\images\train\IMG_20260706_102658.jpg,E:\mastercode\9_archive\low_confidence\train\000237_extra+05_gt07_pred12_IMG_20260706_102658.jpg,7,12,5,0,5,0.9590303897857666,0.44262513401918113
train,552,E:\mastercode\data\test\images\train\IMG_20260706_110841.jpg,E:\mastercode\9_archive\low_confidence\train\000552_extra+05_gt04_pred09_IMG_20260706_110841.jpg,4,9,5,0,5,0.9589762091636658,0.4194730905195077
train,140,E:\mastercode\data\test\images\train\IMG_20260706_100745.jpg,E:\mastercode\9_archive\low_confidence\train\000140_extra+05_gt05_pred10_IMG_20260706_100745.jpg,5,10,5,0,5,0.9586586952209473,0.4791590479202569
val,25,E:\mastercode\data\test\images\val\IMG_20260706_095647.jpg,E:\mastercode\9_archive\low_confidence\val\000025_extra+05_gt05_pred10_IMG_20260706_095647.jpg,5,10,5,0,5,0.9586198329925537,0.4092801340855658
val,103,E:\mastercode\data\test\images\val\IMG_20260706_104400.jpg,E:\mastercode\9_archive\low_confidence\val\000103_extra+05_gt03_pred08_IMG_20260706_104400.jpg,3,8,5,0,5,0.9578027725219727,0.3691249890252948
train,142,E:\mastercode\data\test\images\train\IMG_20260706_100754.jpg,E:\mastercode\9_archive\low_confidence\train\000142_extra+05_gt02_pred07_IMG_20260706_100754.jpg,2,7,5,0,5,0.957460343837738,0.37127021327614784
train,136,E:\mastercode\data\test\images\train\IMG_20260706_100633.jpg,E:\mastercode\9_archive\low_confidence\train\000136_extra+05_gt07_pred12_IMG_20260706_100633.jpg,7,12,5,0,5,0.9568250775337219,0.4913748123993476
train,113,E:\mastercode\data\test\images\train\IMG_20260706_100319.jpg,E:\mastercode\9_archive\low_confidence\train\000113_extra+05_gt01_pred06_IMG_20260706_100319.jpg,1,6,5,0,5,0.9564516544342041,0.18605169948811331
test,17,E:\mastercode\data\test\images\test\IMG_20260706_100401.jpg,E:\mastercode\9_archive\low_confidence\test\000017_extra+05_gt09_pred14_IMG_20260706_100401.jpg,9,14,5,0,5,0.9563369154930115,0.4789220876326518
train,404,E:\mastercode\data\test\images\train\IMG_20260706_104438.jpg,E:\mastercode\9_archive\low_confidence\train\000404_extra+05_gt01_pred06_IMG_20260706_104438.jpg,1,6,5,0,5,0.9563195109367371,0.24454002097869912
test,29,E:\mastercode\data\test\images\test\IMG_20260706_102503.jpg,E:\mastercode\9_archive\low_confidence\test\000029_extra+05_gt07_pred12_IMG_20260706_102503.jpg,7,12,5,0,5,0.9561886787414551,0.5427861693315208
train,545,E:\mastercode\data\test\images\train\IMG_20260706_110810.jpg,E:\mastercode\9_archive\low_confidence\train\000545_extra+05_gt04_pred09_IMG_20260706_110810.jpg,4,9,5,0,5,0.9559052586555481,0.4512678358910812
val,64,E:\mastercode\data\test\images\val\IMG_20260706_102549.jpg,E:\mastercode\9_archive\low_confidence\val\000064_extra+05_gt01_pred06_IMG_20260706_102549.jpg,1,6,5,0,5,0.9557681679725647,0.2842420842498541
train,187,E:\mastercode\data\test\images\train\IMG_20260706_101933.jpg,E:\mastercode\9_archive\low_confidence\train\000187_extra+05_gt02_pred07_IMG_20260706_101933.jpg,2,7,5,0,5,0.9549940824508667,0.2824840069349323
val,121,E:\mastercode\data\test\images\val\IMG_20260706_105227.jpg,E:\mastercode\9_archive\low_confidence\val\000121_extra+05_gt02_pred07_IMG_20260706_105227.jpg,2,7,5,0,5,0.9541981816291809,0.3044820379998003
train,513,E:\mastercode\data\test\images\train\IMG_20260706_110010.jpg,E:\mastercode\9_archive\low_confidence\train\000513_extra+05_gt03_pred08_IMG_20260706_110010.jpg,3,8,5,0,5,0.9536538124084473,0.41203653591219336
train,324,E:\mastercode\data\test\images\train\IMG_20260706_103722.jpg,E:\mastercode\9_archive\low_confidence\train\000324_extra+05_gt05_pred10_IMG_20260706_103722.jpg,5,10,5,0,5,0.9532882571220398,0.47666490050032734
val,90,E:\mastercode\data\test\images\val\IMG_20260706_103743.jpg,E:\mastercode\9_archive\low_confidence\val\000090_extra+05_gt04_pred09_IMG_20260706_103743.jpg,4,9,5,0,5,0.952268660068512,0.30067636217508054
test,86,E:\mastercode\data\test\images\test\IMG_20260706_110902.jpg,E:\mastercode\9_archive\low_confidence\test\000086_extra+05_gt01_pred06_IMG_20260706_110902.jpg,1,6,5,0,5,0.9521922469139099,0.22507575573399663
train,156,E:\mastercode\data\test\images\train\IMG_20260706_100944.jpg,E:\mastercode\9_archive\low_confidence\train\000156_extra+05_gt01_pred06_IMG_20260706_100944.jpg,1,6,5,0,5,0.9517979025840759,0.19833568390458822
train,233,E:\mastercode\data\test\images\train\IMG_20260706_102623.jpg,E:\mastercode\9_archive\low_confidence\train\000233_extra+05_gt03_pred08_IMG_20260706_102623.jpg,3,8,5,0,5,0.9516889452934265,0.3632253659889102
test,4,E:\mastercode\data\test\images\test\IMG20231120161248.jpg,E:\mastercode\9_archive\low_confidence\test\000004_extra+05_gt08_pred13_IMG20231120161248.jpg,8,13,5,0,5,0.9515337347984314,0.5641034049196885
train,386,E:\mastercode\data\test\images\train\IMG_20260706_104212.jpg,E:\mastercode\9_archive\low_confidence\train\000386_extra+05_gt03_pred08_IMG_20260706_104212.jpg,3,8,5,0,5,0.9514698386192322,0.2658243376063183
train,228,E:\mastercode\data\test\images\train\IMG_20260706_102602.jpg,E:\mastercode\9_archive\low_confidence\train\000228_extra+05_gt02_pred07_IMG_20260706_102602.jpg,2,7,5,0,5,0.9514185786247253,0.29716446051107986
train,549,E:\mastercode\data\test\images\train\IMG_20260706_110835.jpg,E:\mastercode\9_archive\low_confidence\train\000549_extra+05_gt02_pred07_IMG_20260706_110835.jpg,2,7,5,0,5,0.9502915143966675,0.38154664382870707
train,410,E:\mastercode\data\test\images\train\IMG_20260706_104510.jpg,E:\mastercode\9_archive\low_confidence\train\000410_extra+05_gt04_pred09_IMG_20260706_104510.jpg,4,9,5,0,5,0.9498775601387024,0.46400126804494196
train,302,E:\mastercode\data\test\images\train\IMG_20260706_103508.jpg,E:\mastercode\9_archive\low_confidence\train\000302_extra+05_gt04_pred09_IMG_20260706_103508.jpg,4,9,5,0,5,0.9497921466827393,0.3916642570661174
train,434,E:\mastercode\data\test\images\train\IMG_20260706_105226.jpg,E:\mastercode\9_archive\low_confidence\train\000434_extra+05_gt05_pred10_IMG_20260706_105226.jpg,5,10,5,0,5,0.949457585811615,0.4633061908185482
train,122,E:\mastercode\data\test\images\train\IMG_20260706_100436.jpg,E:\mastercode\9_archive\low_confidence\train\000122_extra+05_gt05_pred10_IMG_20260706_100436.jpg,5,10,5,0,5,0.948490560054779,0.4739826599135995
test,90,E:\mastercode\data\test\images\test\IMG_20260706_111500.jpg,E:\mastercode\9_archive\low_confidence\test\000090_extra+05_gt03_pred08_IMG_20260706_111500.jpg,3,8,5,0,5,0.9483820199966431,0.3872454478405416
train,127,E:\mastercode\data\test\images\train\IMG_20260706_100504.jpg,E:\mastercode\9_archive\low_confidence\train\000127_extra+05_gt13_pred18_IMG_20260706_100504.jpg,13,18,5,0,5,0.9483397006988525,0.6195949513154725
val,35,E:\mastercode\data\test\images\val\IMG_20260706_100156.jpg,E:\mastercode\9_archive\low_confidence\val\000035_extra+05_gt03_pred08_IMG_20260706_100156.jpg,3,8,5,0,5,0.9479659199714661,0.38251504756044596
train,292,E:\mastercode\data\test\images\train\IMG_20260706_103415.jpg,E:\mastercode\9_archive\low_confidence\train\000292_extra+05_gt01_pred06_IMG_20260706_103415.jpg,1,6,5,0,5,0.9476953744888306,0.34937765588983893
val,166,E:\mastercode\data\test\images\val\IMG_20260706_111241.jpg,E:\mastercode\9_archive\low_confidence\val\000166_extra+05_gt05_pred10_IMG_20260706_111241.jpg,5,10,5,0,5,0.9475088119506836,0.3744735996238887
train,181,E:\mastercode\data\test\images\train\IMG_20260706_101814.jpg,E:\mastercode\9_archive\low_confidence\train\000181_extra+05_gt04_pred09_IMG_20260706_101814.jpg,4,9,5,0,5,0.9474099278450012,0.5597617466830545
train,281,E:\mastercode\data\test\images\train\IMG_20260706_103316.jpg,E:\mastercode\9_archive\low_confidence\train\000281_extra+05_gt02_pred07_IMG_20260706_103316.jpg,2,7,5,0,5,0.9471136927604675,0.4287956024387053
train,388,E:\mastercode\data\test\images\train\IMG_20260706_104243.jpg,E:\mastercode\9_archive\low_confidence\train\000388_extra+05_gt02_pred07_IMG_20260706_104243.jpg,2,7,5,0,5,0.9466944336891174,0.3049670195739184
train,472,E:\mastercode\data\test\images\train\IMG_20260706_105534.jpg,E:\mastercode\9_archive\low_confidence\train\000472_extra+05_gt02_pred07_IMG_20260706_105534.jpg,2,7,5,0,5,0.9459777474403381,0.2315769609329956
train,347,E:\mastercode\data\test\images\train\IMG_20260706_103924.jpg,E:\mastercode\9_archive\low_confidence\train\000347_extra+05_gt07_pred12_IMG_20260706_103924.jpg,7,12,5,0,5,0.9457646608352661,0.5745890138981243
train,653,E:\mastercode\data\test\images\train\IMG_20260706_112015.jpg,E:\mastercode\9_archive\low_confidence\train\000653_extra+05_gt03_pred08_IMG_20260706_112015.jpg,3,8,5,0,5,0.9456663131713867,0.48335193609818816
test,68,E:\mastercode\data\test\images\test\IMG_20260706_105614.jpg,E:\mastercode\9_archive\low_confidence\test\000068_extra+05_gt05_pred10_IMG_20260706_105614.jpg,5,10,5,0,5,0.9455859661102295,0.49061958733946087
train,290,E:\mastercode\data\test\images\train\IMG_20260706_103402.jpg,E:\mastercode\9_archive\low_confidence\train\000290_extra+05_gt01_pred06_IMG_20260706_103402.jpg,1,6,5,0,5,0.9450891017913818,0.2435583882033825
train,358,E:\mastercode\data\test\images\train\IMG_20260706_104012.jpg,E:\mastercode\9_archive\low_confidence\train\000358_extra+05_gt03_pred08_IMG_20260706_104012.jpg,3,8,5,0,5,0.9431657791137695,0.3603864716133103
train,224,E:\mastercode\data\test\images\train\IMG_20260706_102539.jpg,E:\mastercode\9_archive\low_confidence\train\000224_extra+05_gt02_pred07_IMG_20260706_102539.jpg,2,7,5,0,5,0.9410248398780823,0.33430532099945204
train,480,E:\mastercode\data\test\images\train\IMG_20260706_105639.jpg,E:\mastercode\9_archive\low_confidence\train\000480_extra+05_gt01_pred06_IMG_20260706_105639.jpg,1,6,5,0,5,0.9409777522087097,0.18961938237771392
train,658,E:\mastercode\data\test\images\train\IMG_20260706_112114.jpg,E:\mastercode\9_archive\low_confidence\train\000658_extra+05_gt01_pred06_IMG_20260706_112114.jpg,1,6,5,0,5,0.9400364756584167,0.18984470376744866
train,448,E:\mastercode\data\test\images\train\IMG_20260706_105345.jpg,E:\mastercode\9_archive\low_confidence\train\000448_extra+05_gt01_pred06_IMG_20260706_105345.jpg,1,6,5,0,5,0.9393283724784851,0.24035445507615805
val,130,E:\mastercode\data\test\images\val\IMG_20260706_105457.jpg,E:\mastercode\9_archive\low_confidence\val\000130_extra+05_gt02_pred07_IMG_20260706_105457.jpg,2,7,5,0,5,0.9389868378639221,0.27846480001296314
test,40,E:\mastercode\data\test\images\test\IMG_20260706_103220.jpg,E:\mastercode\9_archive\low_confidence\test\000040_extra+05_gt01_pred06_IMG_20260706_103220.jpg,1,6,5,0,5,0.9378687143325806,0.26740779417256516
train,240,E:\mastercode\data\test\images\train\IMG_20260706_102724.jpg,E:\mastercode\9_archive\low_confidence\train\000240_extra+05_gt04_pred09_IMG_20260706_102724.jpg,4,9,5,0,5,0.9374319314956665,0.4922693839503659
val,45,E:\mastercode\data\test\images\val\IMG_20260706_100806.jpg,E:\mastercode\9_archive\low_confidence\val\000045_extra+05_gt06_pred11_IMG_20260706_100806.jpg,6,11,5,0,5,0.935849130153656,0.5195243099535053
train,115,E:\mastercode\data\test\images\train\IMG_20260706_100329.jpg,E:\mastercode\9_archive\low_confidence\train\000115_extra+05_gt03_pred08_IMG_20260706_100329.jpg,3,8,5,0,5,0.9338343739509583,0.35733469435945153
train,587,E:\mastercode\data\test\images\train\IMG_20260706_111345.jpg,E:\mastercode\9_archive\low_confidence\train\000587_extra+05_gt01_pred06_IMG_20260706_111345.jpg,1,6,5,0,5,0.9331318736076355,0.18538073993598422
test,94,E:\mastercode\data\test\images\test\IMG_20260706_111744.jpg,E:\mastercode\9_archive\low_confidence\test\000094_extra+05_gt03_pred08_IMG_20260706_111744.jpg,3,8,5,0,5,0.9313297271728516,0.3497651929501444
train,567,E:\mastercode\data\test\images\train\IMG_20260706_111029.jpg,E:\mastercode\9_archive\low_confidence\train\000567_extra+05_gt02_pred07_IMG_20260706_111029.jpg,2,7,5,0,5,0.9312031865119934,0.26245109869965483
train,334,E:\mastercode\data\test\images\train\IMG_20260706_103807.jpg,E:\mastercode\9_archive\low_confidence\train\000334_extra+05_gt02_pred07_IMG_20260706_103807.jpg,2,7,5,0,5,0.9269988536834717,0.33915157270218643
train,372,E:\mastercode\data\test\images\train\IMG_20260706_104110.jpg,E:\mastercode\9_archive\low_confidence\train\000372_extra+05_gt04_pred09_IMG_20260706_104110.jpg,4,9,5,0,5,0.9228801727294922,0.3658935215531124
train,157,E:\mastercode\data\test\images\train\IMG_20260706_100951.jpg,E:\mastercode\9_archive\low_confidence\train\000157_extra+05_gt03_pred08_IMG_20260706_100951.jpg,3,8,5,0,5,0.9203937649726868,0.34069628827273846
train,632,E:\mastercode\data\test\images\train\IMG_20260706_111751.jpg,E:\mastercode\9_archive\low_confidence\train\000632_extra+05_gt01_pred06_IMG_20260706_111751.jpg,1,6,5,0,5,0.9191333055496216,0.17890552741785845
train,114,E:\mastercode\data\test\images\train\IMG_20260706_100322.jpg,E:\mastercode\9_archive\low_confidence\train\000114_extra+05_gt04_pred09_IMG_20260706_100322.jpg,4,9,5,0,5,0.9166695475578308,0.3293266056312455
train,517,E:\mastercode\data\test\images\train\IMG_20260706_110050.jpg,E:\mastercode\9_archive\low_confidence\train\000517_extra+05_gt01_pred06_IMG_20260706_110050.jpg,1,6,5,0,5,0.9141190052032471,0.18064016615971923
train,524,E:\mastercode\data\test\images\train\IMG_20260706_110130.jpg,E:\mastercode\9_archive\low_confidence\train\000524_extra+05_gt01_pred06_IMG_20260706_110130.jpg,1,6,5,0,5,0.9045708179473877,0.1808516561674575
val,168,E:\mastercode\data\test\images\val\IMG_20260706_111324.jpg,E:\mastercode\9_archive\low_confidence\val\000168_extra+05_gt00_pred05_IMG_20260706_111324.jpg,0,5,5,0,5,0.0863419771194458,0.03497679345309734
train,641,E:\mastercode\data\test\images\train\IMG_20260706_111846.jpg,E:\mastercode\9_archive\low_confidence\train\000641_extra+04_gt02_pred06_IMG_20260706_111846.jpg,2,6,4,0,4,0.9779646396636963,0.34687903911496204
train,502,E:\mastercode\data\test\images\train\IMG_20260706_105844.jpg,E:\mastercode\9_archive\low_confidence\train\000502_extra+04_gt01_pred05_IMG_20260706_105844.jpg,1,5,4,0,4,0.970291793346405,0.24966978915035726
train,581,E:\mastercode\data\test\images\train\IMG_20260706_111242.jpg,E:\mastercode\9_archive\low_confidence\train\000581_extra+04_gt04_pred08_IMG_20260706_111242.jpg,4,8,4,0,4,0.9693887233734131,0.4206950245425105
train,135,E:\mastercode\data\test\images\train\IMG_20260706_100631.jpg,E:\mastercode\9_archive\low_confidence\train\000135_extra+04_gt03_pred07_IMG_20260706_100631.jpg,3,7,4,0,4,0.9666404128074646,0.42403205058404375
train,138,E:\mastercode\data\test\images\train\IMG_20260706_100640.jpg,E:\mastercode\9_archive\low_confidence\train\000138_extra+04_gt03_pred07_IMG_20260706_100640.jpg,3,7,4,0,4,0.9653780460357666,0.4236350800575955
val,136,E:\mastercode\data\test\images\val\IMG_20260706_105709.jpg,E:\mastercode\9_archive\low_confidence\val\000136_extra+04_gt03_pred07_IMG_20260706_105709.jpg,3,7,4,0,4,0.9651117920875549,0.4062114902106779
val,100,E:\mastercode\data\test\images\val\IMG_20260706_104208.jpg,E:\mastercode\9_archive\low_confidence\val\000100_extra+04_gt04_pred08_IMG_20260706_104208.jpg,4,8,4,0,4,0.9649729132652283,0.4801384930033237
train,108,E:\mastercode\data\test\images\train\IMG_20260706_100238.jpg,E:\mastercode\9_archive\low_confidence\train\000108_extra+04_gt02_pred06_IMG_20260706_100238.jpg,2,6,4,0,4,0.9636295437812805,0.338304933005323
train,497,E:\mastercode\data\test\images\train\IMG_20260706_105824.jpg,E:\mastercode\9_archive\low_confidence\train\000497_extra+04_gt01_pred05_IMG_20260706_105824.jpg,1,5,4,0,4,0.9611899852752686,0.21361663825809957
train,4,E:\mastercode\data\test\images\train\IMG20231120154748.jpg,E:\mastercode\9_archive\low_confidence\train\000004_extra+04_gt05_pred09_IMG20231120154748.jpg,5,9,4,0,4,0.9605858325958252,0.5255252319491572
val,116,E:\mastercode\data\test\images\val\IMG_20260706_105152.jpg,E:\mastercode\9_archive\low_confidence\val\000116_extra+04_gt03_pred07_IMG_20260706_105152.jpg,3,7,4,0,4,0.9589815735816956,0.4328454615814345
train,523,E:\mastercode\data\test\images\train\IMG_20260706_110112.jpg,E:\mastercode\9_archive\low_confidence\train\000523_extra+04_gt02_pred06_IMG_20260706_110112.jpg,2,6,4,0,4,0.9583525061607361,0.3386973862846692
train,475,E:\mastercode\data\test\images\train\IMG_20260706_105554.jpg,E:\mastercode\9_archive\low_confidence\train\000475_extra+04_gt03_pred07_IMG_20260706_105554.jpg,3,7,4,0,4,0.9578354358673096,0.36330192083758966
train,63,E:\mastercode\data\test\images\train\IMG20231120161526.jpg,E:\mastercode\9_archive\low_confidence\train\000063_extra+04_gt06_pred10_IMG20231120161526.jpg,6,10,4,0,4,0.9576525092124939,0.572128850966692
val,114,E:\mastercode\data\test\images\val\IMG_20260706_105142.jpg,E:\mastercode\9_archive\low_confidence\val\000114_extra+04_gt02_pred06_IMG_20260706_105142.jpg,2,6,4,0,4,0.956877589225769,0.3370198824753364
train,209,E:\mastercode\data\test\images\train\IMG_20260706_102416.jpg,E:\mastercode\9_archive\low_confidence\train\000209_extra+04_gt04_pred08_IMG_20260706_102416.jpg,4,8,4,0,4,0.9566213488578796,0.5368828580249101
train,146,E:\mastercode\data\test\images\train\IMG_20260706_100839.jpg,E:\mastercode\9_archive\low_confidence\train\000146_extra+04_gt01_pred05_IMG_20260706_100839.jpg,1,5,4,0,4,0.9565895199775696,0.24434223417192696
train,193,E:\mastercode\data\test\images\train\IMG_20260706_102012.jpg,E:\mastercode\9_archive\low_confidence\train\000193_extra+04_gt01_pred05_IMG_20260706_102012.jpg,1,5,4,0,4,0.9549944400787354,0.30327102169394493
train,163,E:\mastercode\data\test\images\train\IMG_20260706_101047.jpg,E:\mastercode\9_archive\low_confidence\train\000163_extra+04_gt01_pred05_IMG_20260706_101047.jpg,1,5,4,0,4,0.9541692733764648,0.20760263912379742
val,67,E:\mastercode\data\test\images\val\IMG_20260706_102621.jpg,E:\mastercode\9_archive\low_confidence\val\000067_extra+04_gt02_pred06_IMG_20260706_102621.jpg,2,6,4,0,4,0.9541166424751282,0.41006118105724454
train,570,E:\mastercode\data\test\images\train\IMG_20260706_111148.jpg,E:\mastercode\9_archive\low_confidence\train\000570_extra+04_gt03_pred07_IMG_20260706_111148.jpg,3,7,4,0,4,0.9541109204292297,0.424248082430235
train,264,E:\mastercode\data\test\images\train\IMG_20260706_103024.jpg,E:\mastercode\9_archive\low_confidence\train\000264_extra+04_gt05_pred09_IMG_20260706_103024.jpg,5,9,4,0,4,0.9523866176605225,0.5317644884602891
train,449,E:\mastercode\data\test\images\train\IMG_20260706_105348.jpg,E:\mastercode\9_archive\low_confidence\train\000449_extra+04_gt09_pred13_IMG_20260706_105348.jpg,9,13,4,0,4,0.9513325691223145,0.6243329765991523
val,178,E:\mastercode\data\test\images\val\IMG_20260706_111619.jpg,E:\mastercode\9_archive\low_confidence\val\000178_extra+04_gt03_pred07_IMG_20260706_111619.jpg,3,7,4,0,4,0.9498493671417236,0.4600928391196898
train,491,E:\mastercode\data\test\images\train\IMG_20260706_105807.jpg,E:\mastercode\9_archive\low_confidence\train\000491_extra+04_gt01_pred05_IMG_20260706_105807.jpg,1,5,4,0,4,0.9494657516479492,0.20801202952861786
val,182,E:\mastercode\data\test\images\val\IMG_20260706_111734.jpg,E:\mastercode\9_archive\low_confidence\val\000182_extra+04_gt03_pred07_IMG_20260706_111734.jpg,3,7,4,0,4,0.948866069316864,0.4120776082522103
train,436,E:\mastercode\data\test\images\train\IMG_20260706_105235.jpg,E:\mastercode\9_archive\low_confidence\train\000436_extra+04_gt02_pred06_IMG_20260706_105235.jpg,2,6,4,0,4,0.9476795196533203,0.32664990704506636
train,588,E:\mastercode\data\test\images\train\IMG_20260706_111403.jpg,E:\mastercode\9_archive\low_confidence\train\000588_extra+04_gt06_pred10_IMG_20260706_111403.jpg,6,10,4,0,4,0.9475311636924744,0.30911438949406145
train,303,E:\mastercode\data\test\images\train\IMG_20260706_103510.jpg,E:\mastercode\9_archive\low_confidence\train\000303_extra+04_gt04_pred08_IMG_20260706_103510.jpg,4,8,4,0,4,0.9449732899665833,0.4013407595921308
val,101,E:\mastercode\data\test\images\val\IMG_20260706_104236.jpg,E:\mastercode\9_archive\low_confidence\val\000101_extra+04_gt03_pred07_IMG_20260706_104236.jpg,3,7,4,0,4,0.9444698095321655,0.4129011488652655
train,227,E:\mastercode\data\test\images\train\IMG_20260706_102554.jpg,E:\mastercode\9_archive\low_confidence\train\000227_extra+04_gt01_pred05_IMG_20260706_102554.jpg,1,5,4,0,4,0.9441556930541992,0.2081291563808918
val,75,E:\mastercode\data\test\images\val\IMG_20260706_102923.jpg,E:\mastercode\9_archive\low_confidence\val\000075_extra+04_gt01_pred05_IMG_20260706_102923.jpg,1,5,4,0,4,0.9435572624206543,0.20404835809022187
train,512,E:\mastercode\data\test\images\train\IMG_20260706_110004.jpg,E:\mastercode\9_archive\low_confidence\train\000512_extra+04_gt04_pred08_IMG_20260706_110004.jpg,4,8,4,0,4,0.9432536959648132,0.4735951330512762
train,392,E:\mastercode\data\test\images\train\IMG_20260706_104253.jpg,E:\mastercode\9_archive\low_confidence\train\000392_extra+04_gt01_pred05_IMG_20260706_104253.jpg,1,5,4,0,4,0.9415189623832703,0.20386748500168322
val,52,E:\mastercode\data\test\images\val\IMG_20260706_101238.jpg,E:\mastercode\9_archive\low_confidence\val\000052_extra+04_gt01_pred05_IMG_20260706_101238.jpg,1,5,4,0,4,0.9398724436759949,0.21671402249485255
train,499,E:\mastercode\data\test\images\train\IMG_20260706_105831.jpg,E:\mastercode\9_archive\low_confidence\train\000499_extra+04_gt01_pred05_IMG_20260706_105831.jpg,1,5,4,0,4,0.9346956014633179,0.21667400803416967
train,383,E:\mastercode\data\test\images\train\IMG_20260706_104159.jpg,E:\mastercode\9_archive\low_confidence\train\000383_extra+04_gt04_pred08_IMG_20260706_104159.jpg,4,8,4,0,4,0.9320323467254639,0.4665822903625667
train,391,E:\mastercode\data\test\images\train\IMG_20260706_104251.jpg,E:\mastercode\9_archive\low_confidence\train\000391_extra+04_gt02_pred06_IMG_20260706_104251.jpg,2,6,4,0,4,0.9297512173652649,0.3244033067797621
train,525,E:\mastercode\data\test\images\train\IMG_20260706_110238.jpg,E:\mastercode\9_archive\low_confidence\train\000525_extra+04_gt02_pred06_IMG_20260706_110238.jpg,2,6,4,0,4,0.9225615859031677,0.3245159536600113
train,541,E:\mastercode\data\test\images\train\IMG_20260706_110724.jpg,E:\mastercode\9_archive\low_confidence\train\000541_extra+04_gt03_pred07_IMG_20260706_110724.jpg,3,7,4,0,4,0.9218112826347351,0.4213936938238995
train,225,E:\mastercode\data\test\images\train\IMG_20260706_102541.jpg,E:\mastercode\9_archive\low_confidence\train\000225_extra+04_gt01_pred05_IMG_20260706_102541.jpg,1,5,4,0,4,0.9166894555091858,0.22421003729104996
train,162,E:\mastercode\data\test\images\train\IMG_20260706_101018.jpg,E:\mastercode\9_archive\low_confidence\train\000162_extra+04_gt01_pred05_IMG_20260706_101018.jpg,1,5,4,0,4,0.9083475470542908,0.200756461545825
train,553,E:\mastercode\data\test\images\train\IMG_20260706_110843.jpg,E:\mastercode\9_archive\low_confidence\train\000553_extra+04_gt02_pred06_IMG_20260706_110843.jpg,2,6,4,0,4,0.9015581011772156,0.32564802731697756
val,56,E:\mastercode\data\test\images\val\IMG_20260706_101824.jpg,E:\mastercode\9_archive\low_confidence\val\000056_extra+04_gt02_pred06_IMG_20260706_101824.jpg,2,6,4,0,4,0.8962910771369934,0.2971243232799073
train,256,E:\mastercode\data\test\images\train\IMG_20260706_102921.jpg,E:\mastercode\9_archive\low_confidence\train\000256_extra+04_gt02_pred06_IMG_20260706_102921.jpg,2,6,4,0,4,0.894495964050293,0.36180900565038127
train,393,E:\mastercode\data\test\images\train\IMG_20260706_104259.jpg,E:\mastercode\9_archive\low_confidence\train\000393_extra+04_gt02_pred06_IMG_20260706_104259.jpg,2,6,4,0,4,0.8257448077201843,0.382142904214561
train,597,E:\mastercode\data\test\images\train\IMG_20260706_111501.jpg,E:\mastercode\9_archive\low_confidence\train\000597_extra+04_gt00_pred04_IMG_20260706_111501.jpg,0,4,4,0,4,0.6185770630836487,0.2339261081069708
train,134,E:\mastercode\data\test\images\train\IMG_20260706_100629.jpg,E:\mastercode\9_archive\low_confidence\train\000134_extra+03_gt06_pred09_IMG_20260706_100629.jpg,6,9,3,0,3,0.9706643223762512,0.6395476291783981
train,600,E:\mastercode\data\test\images\train\IMG_20260706_111506.jpg,E:\mastercode\9_archive\low_confidence\train\000600_extra+03_gt04_pred07_IMG_20260706_111506.jpg,4,7,3,0,3,0.9670645594596863,0.6201079080679587
train,470,E:\mastercode\data\test\images\train\IMG_20260706_105524.jpg,E:\mastercode\9_archive\low_confidence\train\000470_extra+03_gt01_pred04_IMG_20260706_105524.jpg,1,4,3,0,3,0.9652239680290222,0.25643907953053713
train,532,E:\mastercode\data\test\images\train\IMG_20260706_110320.jpg,E:\mastercode\9_archive\low_confidence\train\000532_extra+03_gt01_pred04_IMG_20260706_110320.jpg,1,4,3,0,3,0.9652209877967834,0.4451570068486035
train,215,E:\mastercode\data\test\images\train\IMG_20260706_102448.jpg,E:\mastercode\9_archive\low_confidence\train\000215_extra+03_gt04_pred07_IMG_20260706_102448.jpg,4,7,3,0,3,0.9640181064605713,0.54600931477866
train,155,E:\mastercode\data\test\images\train\IMG_20260706_100937.jpg,E:\mastercode\9_archive\low_confidence\train\000155_extra+03_gt01_pred04_IMG_20260706_100937.jpg,1,4,3,0,3,0.9639788866043091,0.2613066148478538
val,58,E:\mastercode\data\test\images\val\IMG_20260706_101838.jpg,E:\mastercode\9_archive\low_confidence\val\000058_extra+03_gt01_pred04_IMG_20260706_101838.jpg,1,4,3,0,3,0.963787317276001,0.25197495706379414
train,514,E:\mastercode\data\test\images\train\IMG_20260706_110018.jpg,E:\mastercode\9_archive\low_confidence\train\000514_extra+03_gt02_pred05_IMG_20260706_110018.jpg,2,5,3,0,3,0.9630581140518188,0.43428039383143185
test,79,E:\mastercode\data\test\images\test\IMG_20260706_110027.jpg,E:\mastercode\9_archive\low_confidence\test\000079_extra+03_gt04_pred07_IMG_20260706_110027.jpg,4,7,3,0,3,0.9618666172027588,0.5380497247512851
train,471,E:\mastercode\data\test\images\train\IMG_20260706_105532.jpg,E:\mastercode\9_archive\low_confidence\train\000471_extra+03_gt02_pred05_IMG_20260706_105532.jpg,2,5,3,0,3,0.9604218602180481,0.4040910109877586
val,26,E:\mastercode\data\test\images\val\IMG_20260706_095742.jpg,E:\mastercode\9_archive\low_confidence\val\000026_extra+03_gt01_pred04_IMG_20260706_095742.jpg,1,4,3,0,3,0.9600964188575745,0.2918155053630471
train,603,E:\mastercode\data\test\images\train\IMG_20260706_111513.jpg,E:\mastercode\9_archive\low_confidence\train\000603_extra+03_gt04_pred07_IMG_20260706_111513.jpg,4,7,3,0,3,0.9600751996040344,0.5917673387697765
train,184,E:\mastercode\data\test\images\train\IMG_20260706_101913.jpg,E:\mastercode\9_archive\low_confidence\train\000184_extra+03_gt01_pred04_IMG_20260706_101913.jpg,1,4,3,0,3,0.9594513773918152,0.29645940009504557
val,91,E:\mastercode\data\test\images\val\IMG_20260706_103813.jpg,E:\mastercode\9_archive\low_confidence\val\000091_extra+03_gt03_pred06_IMG_20260706_103813.jpg,3,6,3,0,3,0.9593339562416077,0.7469619431843361
train,192,E:\mastercode\data\test\images\train\IMG_20260706_102006.jpg,E:\mastercode\9_archive\low_confidence\train\000192_extra+03_gt01_pred04_IMG_20260706_102006.jpg,1,4,3,0,3,0.959240734577179,0.43299091095104814
train,464,E:\mastercode\data\test\images\train\IMG_20260706_105450.jpg,E:\mastercode\9_archive\low_confidence\train\000464_extra+03_gt02_pred05_IMG_20260706_105450.jpg,2,5,3,0,3,0.959080159664154,0.3923076244071126
test,9,E:\mastercode\data\test\images\test\IMG20231120161750.jpg,E:\mastercode\9_archive\low_confidence\test\000009_extra+03_gt08_pred11_IMG20231120161750.jpg,8,11,3,0,3,0.9580191373825073,0.6443285944617607
train,173,E:\mastercode\data\test\images\train\IMG_20260706_101719.jpg,E:\mastercode\9_archive\low_confidence\train\000173_extra+03_gt03_pred06_IMG_20260706_101719.jpg,3,6,3,0,3,0.9574065804481506,0.4655841579660773
train,542,E:\mastercode\data\test\images\train\IMG_20260706_110726.jpg,E:\mastercode\9_archive\low_confidence\train\000542_extra+03_gt02_pred05_IMG_20260706_110726.jpg,2,5,3,0,3,0.9573222398757935,0.3853037657216191
train,580,E:\mastercode\data\test\images\train\IMG_20260706_111236.jpg,E:\mastercode\9_archive\low_confidence\train\000580_extra+03_gt02_pred05_IMG_20260706_111236.jpg,2,5,3,0,3,0.9560176134109497,0.39550059419125316
train,170,E:\mastercode\data\test\images\train\IMG_20260706_101225.jpg,E:\mastercode\9_archive\low_confidence\train\000170_extra+03_gt01_pred04_IMG_20260706_101225.jpg,1,4,3,0,3,0.9559383988380432,0.24835341004654765
train,533,E:\mastercode\data\test\images\train\IMG_20260706_110322.jpg,E:\mastercode\9_archive\low_confidence\train\000533_extra+03_gt01_pred04_IMG_20260706_110322.jpg,1,4,3,0,3,0.9559141993522644,0.2689183880575001
val,164,E:\mastercode\data\test\images\val\IMG_20260706_110940.jpg,E:\mastercode\9_archive\low_confidence\val\000164_extra+03_gt02_pred05_IMG_20260706_110940.jpg,2,5,3,0,3,0.954652726650238,0.3985236035659909
train,596,E:\mastercode\data\test\images\train\IMG_20260706_111459.jpg,E:\mastercode\9_archive\low_confidence\train\000596_extra+03_gt07_pred10_IMG_20260706_111459.jpg,7,10,3,0,3,0.9545251131057739,0.7307785222306847
train,327,E:\mastercode\data\test\images\train\IMG_20260706_103730.jpg,E:\mastercode\9_archive\low_confidence\train\000327_extra+03_gt08_pred11_IMG_20260706_103730.jpg,8,11,3,0,3,0.9544342160224915,0.20082772794094952
train,634,E:\mastercode\data\test\images\train\IMG_20260706_111809.jpg,E:\mastercode\9_archive\low_confidence\train\000634_extra+03_gt10_pred13_IMG_20260706_111809.jpg,10,13,3,0,3,0.9541762471199036,0.33572912280662703
test,73,E:\mastercode\data\test\images\test\IMG_20260706_105846.jpg,E:\mastercode\9_archive\low_confidence\test\000073_extra+03_gt02_pred05_IMG_20260706_105846.jpg,2,5,3,0,3,0.9540728330612183,0.39058238416910174
train,210,E:\mastercode\data\test\images\train\IMG_20260706_102417.jpg,E:\mastercode\9_archive\low_confidence\train\000210_extra+03_gt03_pred06_IMG_20260706_102417.jpg,3,6,3,0,3,0.9538278579711914,0.5329240787153443
train,247,E:\mastercode\data\test\images\train\IMG_20260706_102818.jpg,E:\mastercode\9_archive\low_confidence\train\000247_extra+03_gt05_pred08_IMG_20260706_102818.jpg,5,8,3,0,3,0.9536687731742859,0.479516209801659
train,254,E:\mastercode\data\test\images\train\IMG_20260706_102900.jpg,E:\mastercode\9_archive\low_confidence\train\000254_extra+03_gt05_pred08_IMG_20260706_102900.jpg,5,8,3,0,3,0.9533262252807617,0.5928008833434433
val,175,E:\mastercode\data\test\images\val\IMG_20260706_111533.jpg,E:\mastercode\9_archive\low_confidence\val\000175_extra+03_gt04_pred07_IMG_20260706_111533.jpg,4,7,3,0,3,0.9522519111633301,0.4139786409214139
train,221,E:\mastercode\data\test\images\train\IMG_20260706_102530.jpg,E:\mastercode\9_archive\low_confidence\train\000221_extra+03_gt02_pred05_IMG_20260706_102530.jpg,2,5,3,0,3,0.9503211975097656,0.40701522435992954
val,131,E:\mastercode\data\test\images\val\IMG_20260706_105526.jpg,E:\mastercode\9_archive\low_confidence\val\000131_extra+03_gt01_pred04_IMG_20260706_105526.jpg,1,4,3,0,3,0.9500172734260559,0.27625912660732865
train,364,E:\mastercode\data\test\images\train\IMG_20260706_104036.jpg,E:\mastercode\9_archive\low_confidence\train\000364_extra+03_gt01_pred04_IMG_20260706_104036.jpg,1,4,3,0,3,0.9490655064582825,0.25202250527217984
train,419,E:\mastercode\data\test\images\train\IMG_20260706_105053.jpg,E:\mastercode\9_archive\low_confidence\train\000419_extra+03_gt01_pred04_IMG_20260706_105053.jpg,1,4,3,0,3,0.9488710165023804,0.24983537080697715
test,46,E:\mastercode\data\test\images\test\IMG_20260706_103501.jpg,E:\mastercode\9_archive\low_confidence\test\000046_extra+03_gt01_pred04_IMG_20260706_103501.jpg,1,4,3,0,3,0.9488523602485657,0.2763927262276411
val,151,E:\mastercode\data\test\images\val\IMG_20260706_110132.jpg,E:\mastercode\9_archive\low_confidence\val\000151_extra+03_gt01_pred04_IMG_20260706_110132.jpg,1,4,3,0,3,0.948576033115387,0.2533449924085289
val,72,E:\mastercode\data\test\images\val\IMG_20260706_102820.jpg,E:\mastercode\9_archive\low_confidence\val\000072_extra+03_gt06_pred09_IMG_20260706_102820.jpg,6,9,3,0,3,0.9478720426559448,0.6242626891988847
val,186,E:\mastercode\data\test\images\val\IMG_20260706_111811.jpg,E:\mastercode\9_archive\low_confidence\val\000186_extra+03_gt02_pred05_IMG_20260706_111811.jpg,2,5,3,0,3,0.9474932551383972,0.4993055421859026
train,368,E:\mastercode\data\test\images\train\IMG_20260706_104056.jpg,E:\mastercode\9_archive\low_confidence\train\000368_extra+03_gt04_pred07_IMG_20260706_104056.jpg,4,7,3,0,3,0.9472181797027588,0.5515250925506864
train,614,E:\mastercode\data\test\images\train\IMG_20260706_111551.jpg,E:\mastercode\9_archive\low_confidence\train\000614_extra+03_gt01_pred04_IMG_20260706_111551.jpg,1,4,3,0,3,0.9467437863349915,0.25641324813477695
train,169,E:\mastercode\data\test\images\train\IMG_20260706_101222.jpg,E:\mastercode\9_archive\low_confidence\train\000169_extra+03_gt03_pred06_IMG_20260706_101222.jpg,3,6,3,0,3,0.9458756446838379,0.45925514586269855
val,143,E:\mastercode\data\test\images\val\IMG_20260706_105801.jpg,E:\mastercode\9_archive\low_confidence\val\000143_extra+03_gt01_pred04_IMG_20260706_105801.jpg,1,4,3,0,3,0.945685625076294,0.2581123714335263
val,51,E:\mastercode\data\test\images\val\IMG_20260706_101230.jpg,E:\mastercode\9_archive\low_confidence\val\000051_extra+03_gt01_pred04_IMG_20260706_101230.jpg,1,4,3,0,3,0.9450006484985352,0.24800551240332425
test,31,E:\mastercode\data\test\images\test\IMG_20260706_102627.jpg,E:\mastercode\9_archive\low_confidence\test\000031_extra+03_gt06_pred09_IMG_20260706_102627.jpg,6,9,3,0,3,0.9435029029846191,0.532423895266321
train,654,E:\mastercode\data\test\images\train\IMG_20260706_112018.jpg,E:\mastercode\9_archive\low_confidence\train\000654_extra+03_gt05_pred08_IMG_20260706_112018.jpg,5,8,3,0,3,0.9416214823722839,0.5841773638967425
train,239,E:\mastercode\data\test\images\train\IMG_20260706_102717.jpg,E:\mastercode\9_archive\low_confidence\train\000239_extra+03_gt01_pred04_IMG_20260706_102717.jpg,1,4,3,0,3,0.9412533640861511,0.42064581834711134
train,304,E:\mastercode\data\test\images\train\IMG_20260706_103512.jpg,E:\mastercode\9_archive\low_confidence\train\000304_extra+03_gt02_pred05_IMG_20260706_103512.jpg,2,5,3,0,3,0.9405830502510071,0.3872155353426933
train,261,E:\mastercode\data\test\images\train\IMG_20260706_103004.jpg,E:\mastercode\9_archive\low_confidence\train\000261_extra+03_gt03_pred06_IMG_20260706_103004.jpg,3,6,3,0,3,0.9384640455245972,0.4689974528737366
train,589,E:\mastercode\data\test\images\train\IMG_20260706_111411.jpg,E:\mastercode\9_archive\low_confidence\train\000589_extra+03_gt02_pred05_IMG_20260706_111411.jpg,2,5,3,0,3,0.9383225440979004,0.37953051887452605
test,18,E:\mastercode\data\test\images\test\IMG_20260706_100428.jpg,E:\mastercode\9_archive\low_confidence\test\000018_extra+03_gt01_pred04_IMG_20260706_100428.jpg,1,4,3,0,3,0.937950611114502,0.2669184512924403
val,185,E:\mastercode\data\test\images\val\IMG_20260706_111747.jpg,E:\mastercode\9_archive\low_confidence\val\000185_extra+03_gt01_pred04_IMG_20260706_111747.jpg,1,4,3,0,3,0.9350112080574036,0.25522292079403996
test,11,E:\mastercode\data\test\images\test\IMG_20260706_095828.jpg,E:\mastercode\9_archive\low_confidence\test\000011_extra+03_gt01_pred04_IMG_20260706_095828.jpg,1,4,3,0,3,0.9316869974136353,0.30764064798131585
train,375,E:\mastercode\data\test\images\train\IMG_20260706_104134.jpg,E:\mastercode\9_archive\low_confidence\train\000375_extra+03_gt01_pred04_IMG_20260706_104134.jpg,1,4,3,0,3,0.9237240552902222,0.3541169606614858
train,369,E:\mastercode\data\test\images\train\IMG_20260706_104101.jpg,E:\mastercode\9_archive\low_confidence\train\000369_extra+03_gt02_pred05_IMG_20260706_104101.jpg,2,5,3,0,3,0.9134795665740967,0.3688893809914589
train,584,E:\mastercode\data\test\images\train\IMG_20260706_111325.jpg,E:\mastercode\9_archive\low_confidence\train\000584_extra+03_gt01_pred04_IMG_20260706_111325.jpg,1,4,3,0,3,0.28434938192367554,0.15372222010046244
train,277,E:\mastercode\data\test\images\train\IMG_20260706_103125.jpg,E:\mastercode\9_archive\low_confidence\train\000277_extra+03_gt00_pred03_IMG_20260706_103125.jpg,0,3,3,0,3,0.036663707345724106,0.021339699315528076
train,530,E:\mastercode\data\test\images\train\IMG_20260706_110310.jpg,E:\mastercode\9_archive\low_confidence\train\000530_extra+02_gt02_pred04_IMG_20260706_110310.jpg,2,4,2,0,2,0.975416898727417,0.6430733748711646
train,489,E:\mastercode\data\test\images\train\IMG_20260706_105750.jpg,E:\mastercode\9_archive\low_confidence\train\000489_extra+02_gt01_pred03_IMG_20260706_105750.jpg,1,3,2,0,2,0.9697166085243225,0.34102779626846313
train,621,E:\mastercode\data\test\images\train\IMG_20260706_111625.jpg,E:\mastercode\9_archive\low_confidence\train\000621_extra+02_gt04_pred06_IMG_20260706_111625.jpg,4,6,2,0,2,0.9689304232597351,0.6279708830018839
train,331,E:\mastercode\data\test\images\train\IMG_20260706_103750.jpg,E:\mastercode\9_archive\low_confidence\train\000331_extra+02_gt05_pred07_IMG_20260706_103750.jpg,5,7,2,0,2,0.9655877351760864,0.4628784212150744
train,9,E:\mastercode\data\test\images\train\IMG20231120160118.jpg,E:\mastercode\9_archive\low_confidence\train\000009_extra+02_gt06_pred08_IMG20231120160118.jpg,6,8,2,0,2,0.9646478891372681,0.7088980674743652
train,335,E:\mastercode\data\test\images\train\IMG_20260706_103809.jpg,E:\mastercode\9_archive\low_confidence\train\000335_extra+02_gt01_pred03_IMG_20260706_103809.jpg,1,3,2,0,2,0.9638106822967529,0.33584159798920155
train,582,E:\mastercode\data\test\images\train\IMG_20260706_111255.jpg,E:\mastercode\9_archive\low_confidence\train\000582_extra+02_gt05_pred07_IMG_20260706_111255.jpg,5,7,2,0,2,0.9633886218070984,0.6521151600671666
train,528,E:\mastercode\data\test\images\train\IMG_20260706_110256.jpg,E:\mastercode\9_archive\low_confidence\train\000528_extra+02_gt01_pred03_IMG_20260706_110256.jpg,1,3,2,0,2,0.962996780872345,0.3297845246270299
val,47,E:\mastercode\data\test\images\val\IMG_20260706_100854.jpg,E:\mastercode\9_archive\low_confidence\val\000047_extra+02_gt02_pred04_IMG_20260706_100854.jpg,2,4,2,0,2,0.9616141319274902,0.4943257747218013
train,511,E:\mastercode\data\test\images\train\IMG_20260706_110001.jpg,E:\mastercode\9_archive\low_confidence\train\000511_extra+02_gt02_pred04_IMG_20260706_110001.jpg,2,4,2,0,2,0.9610053300857544,0.48544863029383123
val,169,E:\mastercode\data\test\images\val\IMG_20260706_111338.jpg,E:\mastercode\9_archive\low_confidence\val\000169_extra+02_gt04_pred06_IMG_20260706_111338.jpg,4,6,2,0,2,0.95912104845047,0.6411269873691102
train,167,E:\mastercode\data\test\images\train\IMG_20260706_101144.jpg,E:\mastercode\9_archive\low_confidence\train\000167_extra+02_gt02_pred04_IMG_20260706_101144.jpg,2,4,2,0,2,0.9579223990440369,0.4886334231123328
val,177,E:\mastercode\data\test\images\val\IMG_20260706_111603.jpg,E:\mastercode\9_archive\low_confidence\val\000177_extra+02_gt03_pred05_IMG_20260706_111603.jpg,3,5,2,0,2,0.9573560953140259,0.549864525347948
train,605,E:\mastercode\data\test\images\train\IMG_20260706_111524.jpg,E:\mastercode\9_archive\low_confidence\train\000605_extra+02_gt02_pred04_IMG_20260706_111524.jpg,2,4,2,0,2,0.9543300867080688,0.47248539701104164
train,627,E:\mastercode\data\test\images\train\IMG_20260706_111715.jpg,E:\mastercode\9_archive\low_confidence\train\000627_extra+02_gt01_pred03_IMG_20260706_111715.jpg,1,3,2,0,2,0.9534354209899902,0.32971159275621176
train,283,E:\mastercode\data\test\images\train\IMG_20260706_103322.jpg,E:\mastercode\9_archive\low_confidence\train\000283_extra+02_gt02_pred04_IMG_20260706_103322.jpg,2,4,2,0,2,0.953309178352356,0.4753787284716964
train,547,E:\mastercode\data\test\images\train\IMG_20260706_110826.jpg,E:\mastercode\9_archive\low_confidence\train\000547_extra+02_gt05_pred07_IMG_20260706_110826.jpg,5,7,2,0,2,0.953295886516571,0.6632207067949432
train,14,E:\mastercode\data\test\images\train\IMG20231120160335.jpg,E:\mastercode\9_archive\low_confidence\train\000014_extra+02_gt06_pred08_IMG20231120160335.jpg,6,8,2,0,2,0.9520020484924316,0.6732689484488219
train,258,E:\mastercode\data\test\images\train\IMG_20260706_102938.jpg,E:\mastercode\9_archive\low_confidence\train\000258_extra+02_gt02_pred04_IMG_20260706_102938.jpg,2,4,2,0,2,0.9513441324234009,0.4839962529949844
val,165,E:\mastercode\data\test\images\val\IMG_20260706_111238.jpg,E:\mastercode\9_archive\low_confidence\val\000165_extra+02_gt02_pred04_IMG_20260706_111238.jpg,2,4,2,0,2,0.950872004032135,0.42135148006491363
val,85,E:\mastercode\data\test\images\val\IMG_20260706_103530.jpg,E:\mastercode\9_archive\low_confidence\val\000085_extra+02_gt03_pred05_IMG_20260706_103530.jpg,3,5,2,0,2,0.9492692351341248,0.59762122631073
test,24,E:\mastercode\data\test\images\test\IMG_20260706_101220.jpg,E:\mastercode\9_archive\low_confidence\test\000024_extra+02_gt03_pred05_IMG_20260706_101220.jpg,3,5,2,0,2,0.9486497640609741,0.5675186606124043
train,649,E:\mastercode\data\test\images\train\IMG_20260706_112006.jpg,E:\mastercode\9_archive\low_confidence\train\000649_extra+02_gt03_pred05_IMG_20260706_112006.jpg,3,5,2,0,2,0.9480974674224854,0.5866922393441201
train,165,E:\mastercode\data\test\images\train\IMG_20260706_101111.jpg,E:\mastercode\9_archive\low_confidence\train\000165_extra+02_gt01_pred03_IMG_20260706_101111.jpg,1,3,2,0,2,0.9475790858268738,0.3296130932867527
train,572,E:\mastercode\data\test\images\train\IMG_20260706_111202.jpg,E:\mastercode\9_archive\low_confidence\train\000572_extra+02_gt02_pred04_IMG_20260706_111202.jpg,2,4,2,0,2,0.9458223581314087,0.2518631159327924
train,610,E:\mastercode\data\test\images\train\IMG_20260706_111540.jpg,E:\mastercode\9_archive\low_confidence\train\000610_extra+02_gt05_pred07_IMG_20260706_111540.jpg,5,7,2,0,2,0.9456406235694885,0.6372490484001381
train,640,E:\mastercode\data\test\images\train\IMG_20260706_111833.jpg,E:\mastercode\9_archive\low_confidence\train\000640_extra+02_gt02_pred04_IMG_20260706_111833.jpg,2,4,2,0,2,0.9449048042297363,0.4795523174107075
train,119,E:\mastercode\data\test\images\train\IMG_20260706_100352.jpg,E:\mastercode\9_archive\low_confidence\train\000119_extra+02_gt07_pred09_IMG_20260706_100352.jpg,7,9,2,0,2,0.9409710168838501,0.36618047010981375
train,562,E:\mastercode\data\test\images\train\IMG_20260706_110948.jpg,E:\mastercode\9_archive\low_confidence\train\000562_extra+02_gt03_pred05_IMG_20260706_110948.jpg,3,5,2,0,2,0.9408815503120422,0.4504308583214879
train,295,E:\mastercode\data\test\images\train\IMG_20260706_103429.jpg,E:\mastercode\9_archive\low_confidence\train\000295_extra+02_gt01_pred03_IMG_20260706_103429.jpg,1,3,2,0,2,0.9407597780227661,0.3490474944313367
val,105,E:\mastercode\data\test\images\val\IMG_20260706_104420.jpg,E:\mastercode\9_archive\low_confidence\val\000105_extra+02_gt02_pred04_IMG_20260706_104420.jpg,2,4,2,0,2,0.9388142824172974,0.5939540090039372
val,62,E:\mastercode\data\test\images\val\IMG_20260706_102457.jpg,E:\mastercode\9_archive\low_confidence\val\000062_extra+02_gt01_pred03_IMG_20260706_102457.jpg,1,3,2,0,2,0.93876051902771,0.3487848751246929
train,644,E:\mastercode\data\test\images\train\IMG_20260706_111951.jpg,E:\mastercode\9_archive\low_confidence\train\000644_extra+02_gt03_pred05_IMG_20260706_111951.jpg,3,5,2,0,2,0.9368348717689514,0.5637699197977781
train,212,E:\mastercode\data\test\images\train\IMG_20260706_102435.jpg,E:\mastercode\9_archive\low_confidence\train\000212_extra+02_gt02_pred04_IMG_20260706_102435.jpg,2,4,2,0,2,0.9355427622795105,0.47543905628845096
train,569,E:\mastercode\data\test\images\train\IMG_20260706_111049.jpg,E:\mastercode\9_archive\low_confidence\train\000569_extra+02_gt01_pred03_IMG_20260706_111049.jpg,1,3,2,0,2,0.9226834774017334,0.32603284157812595
train,564,E:\mastercode\data\test\images\train\IMG_20260706_110956.jpg,E:\mastercode\9_archive\low_confidence\train\000564_extra+02_gt01_pred03_IMG_20260706_110956.jpg,1,3,2,0,2,0.914897084236145,0.3134463941678405
train,638,E:\mastercode\data\test\images\train\IMG_20260706_111822.jpg,E:\mastercode\9_archive\low_confidence\train\000638_extra+02_gt01_pred03_IMG_20260706_111822.jpg,1,3,2,0,2,0.9037783145904541,0.3203225741162896
train,458,E:\mastercode\data\test\images\train\IMG_20260706_105415.jpg,E:\mastercode\9_archive\low_confidence\train\000458_extra+02_gt02_pred04_IMG_20260706_105415.jpg,2,4,2,0,2,0.9012275338172913,0.473559794947505
test,61,E:\mastercode\data\test\images\test\IMG_20260706_105048.jpg,E:\mastercode\9_archive\low_confidence\test\000061_extra+02_gt02_pred04_IMG_20260706_105048.jpg,2,4,2,0,2,0.7370967864990234,0.2711666626855731
train,655,E:\mastercode\data\test\images\train\IMG_20260706_112022.jpg,E:\mastercode\9_archive\low_confidence\train\000655_extra+02_gt00_pred02_IMG_20260706_112022.jpg,0,2,2,0,2,0.1864265650510788,0.1073207426816225
train,301,E:\mastercode\data\test\images\train\IMG_20260706_103503.jpg,E:\mastercode\9_archive\low_confidence\train\000301_extra+01_gt01_pred02_IMG_20260706_103503.jpg,1,2,1,0,1,0.982650101184845,0.5323144420981407
train,594,E:\mastercode\data\test\images\train\IMG_20260706_111453.jpg,E:\mastercode\9_archive\low_confidence\train\000594_extra+01_gt02_pred03_IMG_20260706_111453.jpg,2,3,1,0,1,0.9739907383918762,0.6530377936239044
val,179,E:\mastercode\data\test\images\val\IMG_20260706_111628.jpg,E:\mastercode\9_archive\low_confidence\val\000179_extra+01_gt01_pred02_IMG_20260706_111628.jpg,1,2,1,0,1,0.9718353748321533,0.49241083953529596
train,65,E:\mastercode\data\test\images\train\IMG20231120161606.jpg,E:\mastercode\9_archive\low_confidence\train\000065_extra+01_gt07_pred08_IMG20231120161606.jpg,7,8,1,0,1,0.9683005213737488,0.41383945231791586
val,158,E:\mastercode\data\test\images\val\IMG_20260706_110808.jpg,E:\mastercode\9_archive\low_confidence\val\000158_extra+01_gt04_pred05_IMG_20260706_110808.jpg,4,5,1,0,1,0.9664766788482666,0.758810143917799
train,529,E:\mastercode\data\test\images\train\IMG_20260706_110302.jpg,E:\mastercode\9_archive\low_confidence\train\000529_extra+01_gt01_pred02_IMG_20260706_110302.jpg,1,2,1,0,1,0.9643813967704773,0.49042156618088484
train,145,E:\mastercode\data\test\images\train\IMG_20260706_100819.jpg,E:\mastercode\9_archive\low_confidence\train\000145_extra+01_gt01_pred02_IMG_20260706_100819.jpg,1,2,1,0,1,0.9627468585968018,0.4888903652317822
train,91,E:\mastercode\data\test\images\train\IMG_20260706_095754.jpg,E:\mastercode\9_archive\low_confidence\train\000091_extra+01_gt01_pred02_IMG_20260706_095754.jpg,1,2,1,0,1,0.9623727798461914,0.5093614384531975
train,153,E:\mastercode\data\test\images\train\IMG_20260706_100920.jpg,E:\mastercode\9_archive\low_confidence\train\000153_extra+01_gt01_pred02_IMG_20260706_100920.jpg,1,2,1,0,1,0.9597444534301758,0.48519059317186475
val,57,E:\mastercode\data\test\images\val\IMG_20260706_101837.jpg,E:\mastercode\9_archive\low_confidence\val\000057_extra+01_gt02_pred03_IMG_20260706_101837.jpg,2,3,1,0,1,0.9576248526573181,0.6486483265956243
val,74,E:\mastercode\data\test\images\val\IMG_20260706_102905.jpg,E:\mastercode\9_archive\low_confidence\val\000074_extra+01_gt03_pred04_IMG_20260706_102905.jpg,3,4,1,0,1,0.9528315663337708,0.4565459666773677
train,166,E:\mastercode\data\test\images\train\IMG_20260706_101139.jpg,E:\mastercode\9_archive\low_confidence\train\000166_extra+01_gt01_pred02_IMG_20260706_101139.jpg,1,2,1,0,1,0.9522975087165833,0.4877703236415982
train,330,E:\mastercode\data\test\images\train\IMG_20260706_103740.jpg,E:\mastercode\9_archive\low_confidence\train\000330_extra+01_gt04_pred05_IMG_20260706_103740.jpg,4,5,1,0,1,0.9518668055534363,0.7534143283963204
test,21,E:\mastercode\data\test\images\test\IMG_20260706_101037.jpg,E:\mastercode\9_archive\low_confidence\test\000021_extra+01_gt03_pred04_IMG_20260706_101037.jpg,3,4,1,0,1,0.9485315084457397,0.5679080579429865
train,213,E:\mastercode\data\test\images\train\IMG_20260706_102438.jpg,E:\mastercode\9_archive\low_confidence\train\000213_extra+01_gt02_pred03_IMG_20260706_102438.jpg,2,3,1,0,1,0.9474081993103027,0.6326835000266632
train,406,E:\mastercode\data\test\images\train\IMG_20260706_104454.jpg,E:\mastercode\9_archive\low_confidence\train\000406_extra+01_gt03_pred04_IMG_20260706_104454.jpg,3,4,1,0,1,0.9471372365951538,0.6068586739711463
train,339,E:\mastercode\data\test\images\train\IMG_20260706_103827.jpg,E:\mastercode\9_archive\low_confidence\train\000339_extra+01_gt01_pred02_IMG_20260706_103827.jpg,1,2,1,0,1,0.94198077917099,0.4812985798344016
train,554,E:\mastercode\data\test\images\train\IMG_20260706_110845.jpg,E:\mastercode\9_archive\low_confidence\train\000554_extra+01_gt02_pred03_IMG_20260706_110845.jpg,2,3,1,0,1,0.9330022931098938,0.6414660612742106
val,49,E:\mastercode\data\test\images\val\IMG_20260706_100932.jpg,E:\mastercode\9_archive\low_confidence\val\000049_extra+01_gt01_pred02_IMG_20260706_100932.jpg,1,2,1,0,1,0.9246463179588318,0.48279188200831413
val,174,E:\mastercode\data\test\images\val\IMG_20260706_111455.jpg,E:\mastercode\9_archive\low_confidence\val\000174_extra+00_gt01_pred01_IMG_20260706_111455.jpg,1,1,0,0,0,0.9748090505599976,0.9748090505599976
train,148,E:\mastercode\data\test\images\train\IMG_20260706_100852.jpg,E:\mastercode\9_archive\low_confidence\train\000148_extra+00_gt02_pred02_IMG_20260706_100852.jpg,2,2,0,0,0,0.9649458527565002,0.9399440586566925
train,506,E:\mastercode\data\test\images\train\IMG_20260706_105917.jpg,E:\mastercode\9_archive\low_confidence\train\000506_extra+00_gt02_pred02_IMG_20260706_105917.jpg,2,2,0,0,0,0.9596163034439087,0.9579453468322754
train,176,E:\mastercode\data\test\images\train\IMG_20260706_101753.jpg,E:\mastercode\9_archive\low_confidence\train\000176_extra+00_gt04_pred04_IMG_20260706_101753.jpg,4,4,0,0,0,0.9552952647209167,0.9243993610143661
val,176,E:\mastercode\data\test\images\val\IMG_20260706_111537.jpg,E:\mastercode\9_archive\low_confidence\val\000176_extra+00_gt03_pred03_IMG_20260706_111537.jpg,3,3,0,0,0,0.9537538886070251,0.8963825702667236
train,602,E:\mastercode\data\test\images\train\IMG_20260706_111511.jpg,E:\mastercode\9_archive\low_confidence\train\000602_extra+00_gt03_pred03_IMG_20260706_111511.jpg,3,3,0,0,0,0.9439482092857361,0.6290935665989915
test,84,E:\mastercode\data\test\images\test\IMG_20260706_110756.jpg,E:\mastercode\9_archive\low_confidence\test\000084_extra+00_gt02_pred02_IMG_20260706_110756.jpg,2,2,0,0,0,0.9164369106292725,0.9141553044319153
