image,min_side_640,max_side_640,min_side_native,size_bin,v_inst,v_bg,dv,a_contrast,blur_var
train/IMG_0000.jpg,30.42,35.0,97.3,16-32px,74.9,159.5,-84.7,5.59,1305.4
train/IMG_0000.jpg,40.42,44.17,129.3,32-64px,97.1,128.6,-31.4,0.34,1721.5
train/IMG_0000.jpg,24.58,28.75,78.7,16-32px,106.1,141.1,-35.0,1.25,1052.4
train/IMG_0000.jpg,22.92,23.75,73.3,16-32px,84.0,89.8,-5.8,0.04,748.1
train/IMG_0000.jpg,21.67,46.67,69.3,16-32px,48.7,118.0,-69.2,1.02,210.7
train/IMG_0000.jpg,14.17,18.33,45.3,<16px,83.8,90.2,-6.4,1.11,313.5
train/IMG_0000.jpg,13.75,26.25,44.0,<16px,102.8,136.5,-33.8,7.44,719.1
train/IMG_0000.jpg,27.08,30.0,86.7,16-32px,82.8,85.8,-3.0,3.06,2093.2
train/IMG_0000.jpg,19.58,27.08,62.7,16-32px,36.4,85.1,-48.7,1.4,490.1
train/IMG_0000.jpg,16.25,25.42,52.0,16-32px,42.6,83.5,-40.9,1.81,768.6
train/IMG_0000.jpg,25.83,29.58,82.7,16-32px,63.0,74.3,-11.3,6.4,1071.6
train/IMG_0000.jpg,26.25,26.67,84.0,16-32px,88.0,75.0,13.0,5.21,1781.5
train/IMG_0000.jpg,20.0,20.83,64.0,16-32px,23.7,47.2,-23.5,0.16,154.5
train/IMG_0000.jpg,19.17,20.42,61.3,16-32px,25.8,38.3,-12.5,0.81,105.9
train/IMG_0000.jpg,15.0,17.92,48.0,<16px,18.7,53.0,-34.3,3.29,91.7
train/IMG_0000.jpg,17.5,19.58,56.0,16-32px,24.4,43.2,-18.9,1.37,340.7
train/IMG_0000.jpg,39.17,42.92,125.3,32-64px,90.1,82.6,7.5,9.66,893.6
train/IMG_0000.jpg,55.0,57.08,176.0,32-64px,156.9,104.3,52.6,3.91,1246.0
train/IMG_0000.jpg,33.75,40.42,108.0,32-64px,116.9,117.0,-0.1,0.83,1321.2
train/IMG_0000.jpg,35.83,36.25,114.7,32-64px,29.1,87.2,-58.1,2.1,1954.0
train/IMG_0000.jpg,48.33,50.42,154.7,32-64px,79.0,71.5,7.5,3.86,511.8
train/IMG_0000.jpg,18.75,19.17,60.0,16-32px,43.3,114.1,-70.8,4.81,380.4
train/IMG_0000.jpg,15.83,17.08,50.7,<16px,39.0,114.6,-75.6,2.55,336.1
train/IMG_0000.jpg,9.58,11.67,30.7,<16px,115.0,63.3,51.7,4.81,25.4
train/IMG_0000.jpg,8.33,11.25,26.7,<16px,129.4,130.4,-1.0,2.51,25.6
train/IMG_0000.jpg,7.92,8.33,25.3,<16px,124.4,88.6,35.8,4.21,7.3
train/IMG_0000.jpg,6.25,9.17,20.0,<16px,84.9,89.0,-4.1,1.1,6.7
train/IMG_0000.jpg,7.5,9.58,24.0,<16px,75.3,72.9,2.4,2.76,4.9
train/IMG_0000.jpg,7.92,7.92,25.3,<16px,111.5,130.3,-18.7,2.09,25.3
train/IMG_0000.jpg,8.75,11.67,28.0,<16px,154.8,167.7,-12.8,6.72,62.7
train/IMG_0000.jpg,10.42,12.5,33.3,<16px,199.0,166.2,32.9,3.54,137.3
train/IMG_0000.jpg,8.33,9.17,26.7,<16px,155.0,86.3,68.6,3.61,17.9
train/IMG_0000.jpg,46.67,53.33,149.3,32-64px,88.7,126.6,-37.9,1.01,148.9
train/IMG_0000.jpg,21.25,30.42,68.0,16-32px,87.2,119.3,-32.1,2.91,382.7
train/IMG_0000.jpg,9.17,10.0,29.3,<16px,150.0,157.5,-7.5,0.84,22.6
train/IMG_0000.jpg,9.58,10.42,30.7,<16px,143.5,151.8,-8.3,0.78,33.1
train/IMG_0000.jpg,7.08,7.92,22.7,<16px,137.1,131.6,5.6,3.33,9.7
train/IMG_0000.jpg,7.92,21.25,25.3,<16px,31.0,78.6,-47.6,3.35,204.3
train/IMG_0000.jpg,9.17,21.25,29.3,<16px,34.3,42.0,-7.8,0.18,56.6
train/IMG_0000.jpg,10.83,14.17,34.7,<16px,33.8,106.5,-72.7,1.73,119.8
train/IMG_0000.jpg,14.58,51.25,46.7,<16px,69.3,97.4,-28.2,0.13,149.4
train/IMG_0000.jpg,9.58,10.83,30.7,<16px,222.4,131.5,90.9,0.61,23.4
train/IMG_0000.jpg,17.5,21.67,56.0,16-32px,63.5,139.2,-75.7,1.25,164.5
train/IMG_0000.jpg,19.58,29.58,62.7,16-32px,24.8,73.9,-49.1,0.82,713.2
train/IMG_0001.jpg,45.42,46.67,145.3,32-64px,113.4,136.7,-23.3,0.09,2622.9
train/IMG_0001.jpg,127.92,131.67,409.3,64-128px,137.0,123.0,13.9,2.66,3944.6
train/IMG_0001.jpg,40.0,40.42,128.0,32-64px,82.6,115.3,-32.8,6.31,1792.6
train/IMG_0001.jpg,39.17,42.08,125.3,32-64px,56.8,106.7,-49.9,1.51,655.9
train/IMG_0001.jpg,32.92,33.75,105.3,32-64px,51.8,121.9,-70.0,7.58,414.7
train/IMG_0001.jpg,27.5,39.17,88.0,16-32px,88.0,108.8,-20.8,1.53,1014.3
train/IMG_0001.jpg,12.5,22.08,40.0,<16px,195.7,140.7,55.0,1.24,220.7
train/IMG_0001.jpg,16.67,24.58,53.3,16-32px,169.6,125.1,44.5,1.65,226.4
train/IMG_0001.jpg,22.5,30.42,72.0,16-32px,171.8,141.9,29.9,1.65,455.6
train/IMG_0001.jpg,9.17,13.75,29.3,<16px,135.1,162.5,-27.4,1.45,41.7
train/IMG_0001.jpg,6.25,12.92,20.0,<16px,63.8,134.6,-70.9,3.1,13.1
train/IMG_0001.jpg,20.42,24.17,65.3,16-32px,59.2,124.8,-65.6,1.0,108.2
train/IMG_0001.jpg,20.83,23.33,66.7,16-32px,212.3,133.0,79.3,2.45,421.2
train/IMG_0001.jpg,22.92,27.5,73.3,16-32px,153.8,165.4,-11.6,0.15,1148.2
train/IMG_0001.jpg,24.17,24.58,77.3,16-32px,151.9,146.4,5.5,1.43,473.0
train/IMG_0001.jpg,17.92,39.58,57.3,16-32px,180.6,168.2,12.4,5.5,2374.3
train/IMG_0001.jpg,15.42,17.08,49.3,<16px,139.3,140.9,-1.7,4.36,72.6
train/IMG_0001.jpg,8.75,12.92,28.0,<16px,201.0,118.4,82.5,2.45,21.2
train/IMG_0001.jpg,12.5,15.0,40.0,<16px,117.3,139.2,-22.0,2.82,137.4
train/IMG_0001.jpg,11.67,13.75,37.3,<16px,77.5,170.7,-93.2,1.57,65.9
train/IMG_0001.jpg,9.58,10.42,30.7,<16px,160.0,167.3,-7.3,0.42,13.9
train/IMG_0001.jpg,12.08,12.08,38.7,<16px,120.0,140.5,-20.5,0.52,35.9
train/IMG_0001.jpg,10.0,11.25,32.0,<16px,98.2,120.4,-22.2,0.91,14.3
train/IMG_0001.jpg,7.5,15.42,24.0,<16px,124.7,196.0,-71.3,1.99,42.2
train/IMG_0001.jpg,29.58,50.42,94.7,16-32px,85.3,95.9,-10.5,7.45,1104.1
train/IMG_0001.jpg,7.5,12.08,24.0,<16px,39.6,64.3,-24.6,1.11,25.1
train/IMG_0001.jpg,10.42,22.08,33.3,<16px,44.5,68.9,-24.4,0.25,86.7
train/IMG_0001.jpg,58.33,92.5,186.7,32-64px,64.5,117.7,-53.3,5.34,2028.0
train/IMG_0001.jpg,11.67,14.17,37.3,<16px,169.4,116.7,52.7,1.69,33.3
train/IMG_0002.jpg,52.5,57.5,168.0,32-64px,85.4,127.0,-41.6,3.8,1823.5
train/IMG_0002.jpg,62.5,63.33,200.0,32-64px,77.1,93.6,-16.5,1.2,2318.0
train/IMG_0002.jpg,35.42,36.67,113.3,32-64px,75.9,95.6,-19.7,2.46,131.3
train/IMG_0002.jpg,42.92,45.0,137.3,32-64px,107.5,108.8,-1.2,4.81,238.3
train/IMG_0002.jpg,81.67,85.0,261.3,64-128px,102.6,107.8,-5.3,0.12,4383.6
train/IMG_0002.jpg,35.0,38.33,112.0,32-64px,144.5,119.6,24.9,2.85,213.1
train/IMG_0002.jpg,30.42,32.5,97.3,16-32px,54.8,98.5,-43.7,1.1,111.4
train/IMG_0002.jpg,64.17,72.92,205.3,64-128px,62.1,88.8,-26.7,1.42,2687.3
train/IMG_0002.jpg,54.58,55.83,174.7,32-64px,80.0,107.7,-27.7,4.92,890.1
train/IMG_0002.jpg,34.58,36.67,110.7,32-64px,64.5,53.3,11.2,2.67,49.7
train/IMG_0002.jpg,23.33,27.92,74.7,16-32px,53.7,90.0,-36.3,0.92,28.8
train/IMG_0002.jpg,27.08,28.33,86.7,16-32px,32.3,88.6,-56.3,3.34,273.9
train/IMG_0002.jpg,36.25,36.67,116.0,32-64px,62.9,93.4,-30.5,2.4,127.8
train/IMG_0002.jpg,22.5,26.67,72.0,16-32px,90.3,100.0,-9.8,2.68,125.5
train/IMG_0003.jpg,4.17,5.83,20.0,<16px,114.4,113.4,1.0,0.65,9.2
train/IMG_0003.jpg,7.08,7.08,34.0,<16px,93.0,91.8,1.2,1.12,22.6
train/IMG_0003.jpg,7.08,7.5,34.0,<16px,72.5,108.2,-35.7,2.62,35.7
train/IMG_0003.jpg,5.83,7.5,28.0,<16px,64.1,116.1,-52.1,1.67,19.0
train/IMG_0003.jpg,5.0,5.0,24.0,<16px,54.3,68.6,-14.3,2.96,6.2
train/IMG_0003.jpg,3.75,5.0,18.0,<16px,55.4,51.9,3.5,0.04,2.4
train/IMG_0003.jpg,3.33,3.75,16.0,<16px,44.8,45.5,-0.7,0.01,2.1
train/IMG_0005.jpg,51.67,52.5,248.0,32-64px,111.1,126.1,-14.9,2.39,6418.9
train/IMG_0006.jpg,52.08,52.08,250.0,32-64px,110.2,125.4,-15.2,2.42,5756.7
train/IMG_0007.jpg,77.08,77.08,370.0,64-128px,134.5,128.4,6.2,0.8,5764.7
train/IMG_0007.jpg,56.25,58.75,270.0,32-64px,94.6,107.6,-12.9,1.69,4810.8
train/IMG_0007.jpg,42.92,48.75,206.0,32-64px,112.0,129.0,-17.0,9.98,624.8
train/IMG_0007.jpg,33.33,35.83,160.0,32-64px,70.1,124.0,-53.9,0.27,73.7
train/IMG_0007.jpg,30.83,66.25,148.0,16-32px,105.2,92.8,12.4,5.4,1208.8
train/IMG_0007.jpg,23.75,45.42,114.0,16-32px,39.9,104.9,-65.0,5.74,667.2
train/IMG_0008.jpg,70.0,74.17,336.0,64-128px,113.3,141.2,-28.0,3.09,4305.0
train/IMG_0009.jpg,50.42,62.92,242.0,32-64px,82.6,134.6,-52.0,0.61,4818.7
train/IMG_0009.jpg,63.33,73.33,304.0,32-64px,108.8,167.4,-58.5,5.79,9231.8
train/IMG_0010.jpg,58.75,64.17,282.0,32-64px,91.2,112.3,-21.1,1.22,6262.7
train/IMG_0011.jpg,58.33,58.75,280.0,32-64px,78.5,85.3,-6.8,3.73,847.7
train/IMG_0017.jpg,62.08,63.75,298.0,32-64px,90.3,153.8,-63.5,0.68,7434.5
train/IMG_0020.jpg,151.67,152.5,728.0,>=128px,129.9,168.2,-38.2,2.99,11436.9
train/IMG_0026.jpg,80.83,86.25,388.0,64-128px,160.1,137.8,22.3,2.26,5802.2
train/IMG_0026.jpg,16.25,25.83,78.0,16-32px,57.7,128.3,-70.6,2.97,14.2
train/IMG_0026.jpg,71.67,78.75,344.0,64-128px,98.3,124.6,-26.3,0.99,3872.4
train/IMG_0027.jpg,100.42,103.33,482.0,64-128px,170.6,138.6,32.0,4.14,3426.3
train/IMG_0027.jpg,44.58,55.0,214.0,32-64px,167.7,127.3,40.4,6.84,8040.7
train/IMG_0027.jpg,45.42,45.83,218.0,32-64px,65.5,77.8,-12.3,0.07,296.7
train/IMG_0027.jpg,28.33,49.58,136.0,16-32px,94.7,120.0,-25.2,2.16,5340.7
train/IMG_0027.jpg,21.67,32.5,104.0,16-32px,36.8,110.2,-73.4,5.1,1742.7
train/IMG_0027.jpg,30.83,40.42,148.0,16-32px,157.5,114.0,43.5,6.07,1499.0
train/IMG_0029.jpg,66.25,72.92,318.0,64-128px,122.5,142.8,-20.3,2.84,5910.2
train/IMG_0031.jpg,37.08,37.5,178.0,32-64px,88.2,57.9,30.4,3.17,2371.0
train/IMG_0031.jpg,31.25,37.08,150.0,16-32px,103.3,149.5,-46.2,3.15,3507.3
train/IMG_0031.jpg,35.83,36.67,172.0,32-64px,54.1,115.6,-61.5,2.37,2805.5
train/IMG_0031.jpg,20.83,22.92,100.0,16-32px,98.2,148.3,-50.1,6.53,776.7
train/IMG_0031.jpg,25.83,26.67,124.0,16-32px,99.7,144.9,-45.2,4.69,1048.2
train/IMG_0031.jpg,8.75,10.0,42.0,<16px,89.0,100.8,-11.8,2.1,27.3
train/IMG_0035.jpg,34.58,46.25,166.0,32-64px,100.5,106.6,-6.1,0.71,2240.1
train/IMG_0035.jpg,44.58,44.58,214.0,32-64px,96.4,79.8,16.6,5.45,5520.1
train/IMG_0035.jpg,47.92,49.17,230.0,32-64px,137.6,164.3,-26.7,6.61,9638.6
train/IMG_0035.jpg,33.33,36.67,160.0,32-64px,69.2,122.7,-53.5,2.31,2950.1
train/IMG_0035.jpg,36.67,37.5,176.0,32-64px,64.1,122.6,-58.5,2.33,2594.7
train/IMG_0035.jpg,45.0,45.42,216.0,32-64px,135.3,152.9,-17.6,6.03,8314.0
train/IMG_0035.jpg,42.5,52.92,204.0,32-64px,82.4,101.2,-18.8,0.39,1277.2
train/IMG_0035.jpg,18.33,34.17,88.0,16-32px,51.3,145.8,-94.5,7.18,823.5
train/IMG_0035.jpg,30.42,32.5,146.0,16-32px,83.1,187.8,-104.6,14.2,1236.4
train/IMG_0036.jpg,72.5,76.25,348.0,64-128px,150.3,121.7,28.6,1.69,8423.2
train/IMG_0036.jpg,74.58,81.67,358.0,64-128px,122.7,128.9,-6.3,4.9,10219.8
train/IMG_0036.jpg,45.42,48.33,218.0,32-64px,68.6,124.4,-55.8,1.55,3105.6
train/IMG_0036.jpg,50.83,52.5,244.0,32-64px,98.5,107.8,-9.3,0.97,5017.1
train/IMG_0036.jpg,47.5,52.5,228.0,32-64px,128.4,122.0,6.4,0.96,4179.7
train/IMG_0036.jpg,54.17,59.58,260.0,32-64px,124.0,127.1,-3.1,1.35,5878.5
train/IMG_0036.jpg,39.58,46.25,190.0,32-64px,102.3,97.2,5.1,0.98,4022.7
train/IMG_0036.jpg,30.42,52.92,146.0,16-32px,112.2,120.8,-8.6,3.52,2368.0
train/IMG_0037.jpg,98.75,105.42,474.0,64-128px,143.5,112.2,31.3,5.85,11430.2
train/IMG_0037.jpg,118.33,129.17,568.0,64-128px,162.3,145.3,17.0,10.72,15376.4
train/IMG_0037.jpg,63.75,90.42,306.0,32-64px,104.7,159.3,-54.6,1.17,12951.9
train/IMG_0039.jpg,52.08,53.33,250.0,32-64px,141.7,129.3,12.4,9.19,5349.3
train/IMG_0039.jpg,47.08,49.58,226.0,32-64px,96.7,53.7,43.0,4.95,2519.9
train/IMG_0039.jpg,35.42,44.17,170.0,32-64px,54.4,59.2,-4.8,0.04,924.2
train/IMG_0042.jpg,19.17,32.92,92.0,16-32px,95.2,151.3,-56.1,0.37,445.5
train/IMG_0042.jpg,36.25,45.83,174.0,32-64px,140.4,154.4,-14.0,1.85,4405.5
train/IMG_0042.jpg,35.0,35.83,168.0,32-64px,114.6,136.8,-22.2,2.23,3701.7
train/IMG_0042.jpg,59.17,62.5,284.0,32-64px,88.4,102.0,-13.6,1.13,3860.4
train/IMG_0042.jpg,45.0,48.75,216.0,32-64px,77.0,144.3,-67.4,2.89,3577.2
train/IMG_0044.jpg,58.33,62.08,280.0,32-64px,103.4,127.4,-24.0,1.85,5823.7
train/IMG_0044.jpg,53.33,64.17,256.0,32-64px,61.4,128.4,-67.1,4.78,4263.4
train/IMG_0044.jpg,65.0,68.33,312.0,64-128px,132.2,147.6,-15.3,7.37,8009.3
train/IMG_0044.jpg,21.25,22.92,102.0,16-32px,117.1,137.1,-20.0,2.2,1080.3
train/IMG_0044.jpg,6.25,6.25,30.0,<16px,96.7,133.5,-36.8,2.83,3.0
train/IMG_0045.jpg,66.67,68.75,320.0,64-128px,74.3,97.9,-23.5,1.44,3413.5
train/IMG_0046.jpg,127.92,129.17,614.0,64-128px,134.4,129.3,5.1,2.86,12064.4
train/IMG_0046.jpg,122.08,125.0,586.0,64-128px,131.6,109.6,22.0,4.4,14724.8
train/IMG_0047.jpg,40.42,40.83,194.0,32-64px,109.3,114.0,-4.8,0.43,5164.2
train/IMG_0047.jpg,11.25,11.25,54.0,<16px,75.5,179.5,-103.9,5.21,59.4
train/IMG_0047.jpg,10.0,10.0,48.0,<16px,82.7,132.2,-49.6,4.52,40.9
train/IMG_0047.jpg,12.5,13.33,60.0,<16px,132.4,127.7,4.7,2.15,100.2
train/IMG_0047.jpg,5.42,8.33,26.0,<16px,99.6,143.1,-43.5,5.2,11.9
train/IMG_0047.jpg,9.17,13.33,44.0,<16px,111.9,175.2,-63.4,3.43,163.4
train/IMG_0047.jpg,10.0,10.83,48.0,<16px,88.9,80.0,8.9,3.09,14.2
train/IMG_0047.jpg,10.0,11.25,48.0,<16px,115.1,115.0,0.1,0.33,32.0
train/IMG_0047.jpg,7.5,7.92,36.0,<16px,59.6,97.8,-38.1,2.1,13.7
train/IMG_0047.jpg,4.17,4.58,20.0,<16px,93.7,156.0,-62.3,1.39,4.5
train/IMG_0047.jpg,7.08,7.5,34.0,<16px,117.4,110.9,6.6,0.36,7.9
train/IMG_0048.jpg,26.67,38.33,128.0,16-32px,95.3,150.5,-55.2,4.91,1630.4
train/IMG_0048.jpg,56.25,57.08,270.0,32-64px,87.4,105.6,-18.2,0.41,2535.2
train/IMG_0048.jpg,33.33,38.33,160.0,32-64px,144.1,141.1,3.1,1.41,877.8
train/IMG_0048.jpg,13.75,57.08,66.0,<16px,93.4,101.2,-7.8,0.72,935.4
train/IMG_0048.jpg,71.67,72.08,344.0,64-128px,135.4,101.1,34.3,1.56,8034.4
train/IMG_0048.jpg,43.75,46.25,210.0,32-64px,102.4,132.1,-29.6,2.19,1367.9
train/IMG_0048.jpg,55.83,64.17,268.0,32-64px,147.1,106.3,40.8,1.91,7316.2
train/IMG_0049.jpg,102.92,108.33,494.0,64-128px,138.6,95.4,43.2,3.3,8691.0
train/IMG_0049.jpg,85.42,89.17,410.0,64-128px,136.2,114.4,21.9,0.42,13024.8
train/IMG_0049.jpg,57.08,60.0,274.0,32-64px,105.1,129.7,-24.6,2.47,3265.9
train/IMG_0050.jpg,80.42,80.83,386.0,64-128px,131.7,123.4,8.3,0.23,11815.4
train/IMG_0050.jpg,68.33,69.58,328.0,64-128px,128.8,103.7,25.1,3.03,7252.0
train/IMG_0050.jpg,45.42,47.08,218.0,32-64px,79.7,100.8,-21.1,2.09,550.4
train/IMG_0050.jpg,40.83,44.17,196.0,32-64px,125.7,165.7,-40.0,3.27,803.2
train/IMG_0050.jpg,31.25,31.25,150.0,16-32px,52.4,91.6,-39.2,2.84,59.6
train/IMG_0050.jpg,33.75,33.75,162.0,32-64px,69.2,132.7,-63.5,4.98,368.1
train/IMG_0050.jpg,25.83,27.08,124.0,16-32px,68.8,146.3,-77.5,0.78,143.2
train/IMG_0051.jpg,71.67,74.58,344.0,64-128px,109.2,98.6,10.6,0.95,8006.7
train/IMG_0051.jpg,46.67,47.08,224.0,32-64px,64.4,129.0,-64.6,1.04,1551.6
train/IMG_0051.jpg,27.92,38.75,134.0,16-32px,77.1,116.0,-38.9,1.16,1588.9
train/IMG_0051.jpg,97.5,98.33,468.0,64-128px,124.5,95.0,29.5,2.19,9479.8
train/IMG_0053.jpg,77.5,81.25,372.0,64-128px,119.8,103.7,16.1,5.93,13141.2
train/IMG_0054.jpg,58.75,87.5,282.0,32-64px,134.4,136.8,-2.5,0.98,12170.2
train/IMG_0054.jpg,55.42,104.58,266.0,32-64px,84.5,97.0,-12.5,0.23,4611.0
train/IMG_0054.jpg,18.75,64.58,90.0,16-32px,123.6,129.4,-5.7,1.45,1360.1
train/IMG_0054.jpg,52.08,56.67,250.0,32-64px,53.6,131.2,-77.5,4.27,2176.4
train/IMG_0056.jpg,37.92,42.08,182.0,32-64px,71.5,128.1,-56.5,3.67,2628.6
train/IMG_0056.jpg,27.5,27.92,132.0,16-32px,107.3,134.2,-27.0,1.13,1433.1
train/IMG_0057.jpg,41.25,50.83,198.0,32-64px,162.4,148.9,13.5,5.26,4984.5
train/IMG_0057.jpg,31.67,40.42,152.0,16-32px,151.0,139.8,11.1,4.06,4816.2
train/IMG_0057.jpg,51.25,54.58,246.0,32-64px,93.3,133.8,-40.5,3.78,4303.6
train/IMG_0057.jpg,52.08,52.92,250.0,32-64px,121.7,78.4,43.3,3.02,3646.1
train/IMG_0057.jpg,47.92,51.25,230.0,32-64px,132.1,113.5,18.5,8.81,4530.9
train/IMG_0057.jpg,60.42,63.33,290.0,32-64px,157.8,137.2,20.5,4.27,2793.8
train/IMG_0057.jpg,27.92,28.75,134.0,16-32px,88.6,170.9,-82.2,3.71,796.5
train/IMG_0058.jpg,40.83,41.25,196.0,32-64px,137.8,153.6,-15.8,4.18,7212.4
train/IMG_0058.jpg,57.5,58.75,276.0,32-64px,128.3,106.5,21.8,2.73,6413.6
train/IMG_0058.jpg,40.83,44.58,196.0,32-64px,91.9,133.0,-41.1,3.62,2050.4
train/IMG_0058.jpg,9.58,9.58,46.0,<16px,99.7,150.5,-50.8,1.01,16.9
train/IMG_0059.jpg,52.5,59.17,252.0,32-64px,102.5,123.9,-21.4,2.48,6704.7
train/IMG_0059.jpg,51.25,55.0,246.0,32-64px,142.1,172.8,-30.7,3.14,7781.6
train/IMG_0059.jpg,41.25,61.25,198.0,32-64px,55.7,108.7,-53.0,2.73,3922.5
train/IMG_0059.jpg,20.42,31.25,98.0,16-32px,54.6,115.9,-61.3,5.42,1255.9
train/IMG_0059.jpg,3.33,5.83,16.0,<16px,122.6,122.5,0.2,1.44,11.8
train/IMG_0059.jpg,2.92,5.0,14.0,<16px,139.4,94.2,45.2,1.13,5.4
train/IMG_0059.jpg,10.0,15.0,48.0,<16px,151.8,107.3,44.4,2.15,285.6
train/IMG_0060.jpg,44.58,52.92,214.0,32-64px,110.3,77.7,32.6,3.88,2420.4
train/IMG_0060.jpg,58.75,60.83,282.0,32-64px,122.2,109.5,12.7,0.63,4624.4
train/IMG_0060.jpg,50.83,51.67,244.0,32-64px,133.4,127.2,6.3,2.16,8407.4
train/IMG_0060.jpg,46.25,48.33,222.0,32-64px,107.4,110.9,-3.5,0.27,4379.5
train/IMG_0060.jpg,28.75,29.58,138.0,16-32px,100.9,111.9,-11.1,4.23,515.3
train/IMG_0060.jpg,15.83,30.0,76.0,<16px,88.8,146.4,-57.6,3.11,574.5
train/IMG_0061.jpg,42.08,58.33,202.0,32-64px,87.5,111.1,-23.6,2.17,3854.4
train/IMG_0061.jpg,25.42,30.0,122.0,16-32px,85.4,96.3,-10.9,1.45,1444.3
train/IMG_0061.jpg,42.5,59.58,204.0,32-64px,114.3,90.2,24.1,3.84,3995.2
train/IMG_0061.jpg,69.58,71.25,334.0,64-128px,132.2,109.6,22.6,3.04,5974.9
train/IMG_0061.jpg,43.33,49.17,208.0,32-64px,159.4,139.2,20.2,0.33,5635.3
train/IMG_0061.jpg,64.17,71.67,308.0,64-128px,96.2,105.1,-8.9,0.1,4716.5
train/IMG_0061.jpg,49.58,51.25,238.0,32-64px,71.6,79.0,-7.4,4.56,517.2
train/IMG_0061.jpg,50.0,60.42,240.0,32-64px,97.2,138.9,-41.7,3.5,4540.6
train/IMG_0061.jpg,71.25,72.92,342.0,64-128px,106.0,161.0,-55.0,2.69,9002.8
train/IMG_0062.jpg,77.92,78.33,374.0,64-128px,123.9,148.2,-24.2,0.23,3319.9
train/IMG_0062.jpg,51.25,64.58,246.0,32-64px,61.2,120.8,-59.6,3.93,2503.7
train/IMG_0062.jpg,70.83,78.33,340.0,64-128px,100.1,109.7,-9.6,1.01,3574.6
train/IMG_0062.jpg,71.67,71.67,344.0,64-128px,67.0,96.3,-29.3,1.32,2101.9
train/IMG_0062.jpg,53.75,58.75,258.0,32-64px,98.2,99.2,-1.0,0.96,5519.1
train/IMG_0062.jpg,61.25,62.5,294.0,32-64px,71.5,104.9,-33.4,1.15,2938.4
train/IMG_0062.jpg,63.75,63.75,306.0,32-64px,60.2,74.7,-14.5,0.06,1533.9
train/IMG_0062.jpg,26.67,34.17,128.0,16-32px,47.7,58.6,-10.9,1.61,29.9
train/IMG_0062.jpg,18.75,25.83,90.0,16-32px,35.3,46.8,-11.5,0.09,10.4
train/IMG_0062.jpg,30.83,37.92,148.0,16-32px,59.5,118.3,-58.8,2.99,1199.5
train/IMG_0062.jpg,10.42,10.83,50.0,<16px,119.8,110.4,9.4,0.62,14.4
train/IMG_0062.jpg,8.75,9.17,42.0,<16px,91.8,118.8,-27.0,1.01,5.5
train/IMG_0062.jpg,5.83,7.08,28.0,<16px,72.0,73.4,-1.4,1.15,1.8
train/IMG_0062.jpg,8.33,10.0,40.0,<16px,84.8,89.8,-5.0,0.82,2.4
train/IMG_0062.jpg,8.75,10.42,42.0,<16px,77.1,86.0,-8.8,0.72,4.3
train/IMG_0062.jpg,6.25,6.67,30.0,<16px,88.9,111.7,-22.8,1.19,3.9
train/IMG_0062.jpg,7.92,10.0,38.0,<16px,89.7,69.3,20.4,1.73,2.8
train/IMG_0062.jpg,10.0,10.83,48.0,<16px,87.8,86.7,1.0,0.64,2.7
train/IMG_0062.jpg,7.92,12.08,38.0,<16px,92.2,99.0,-6.8,1.06,4.7
train/IMG_0062.jpg,8.33,9.58,40.0,<16px,97.9,102.1,-4.2,0.92,3.1
train/IMG_0062.jpg,5.42,7.92,26.0,<16px,76.8,94.1,-17.3,1.01,2.3
train/IMG_0062.jpg,5.42,7.5,26.0,<16px,67.2,100.1,-32.9,0.72,2.5
train/IMG_0063.jpg,54.17,55.42,260.0,32-64px,165.8,174.8,-9.0,0.64,7701.3
train/IMG_0065.jpg,62.08,64.17,298.0,32-64px,149.8,181.8,-32.0,0.86,4436.5
train/IMG_0065.jpg,35.0,36.67,168.0,32-64px,161.9,135.9,26.0,10.79,314.0
train/IMG_0065.jpg,16.67,23.75,80.0,16-32px,161.7,170.5,-8.8,1.4,75.5
train/IMG_0065.jpg,36.25,37.5,174.0,32-64px,138.4,123.7,14.7,1.57,265.2
train/IMG_0065.jpg,26.67,28.75,128.0,16-32px,167.0,168.6,-1.5,0.14,300.2
train/IMG_0066.jpg,64.58,65.42,310.0,64-128px,150.3,173.7,-23.4,3.42,4536.4
train/IMG_0068.jpg,65.42,68.33,314.0,64-128px,162.2,172.8,-10.6,1.6,3043.4
train/IMG_0068.jpg,32.92,32.92,158.0,32-64px,128.0,154.1,-26.1,1.24,2862.2
train/IMG_0068.jpg,33.33,33.75,160.0,32-64px,112.0,128.6,-16.5,0.92,1614.8
train/IMG_0068.jpg,35.0,37.5,168.0,32-64px,131.2,132.1,-0.9,2.01,3012.1
train/IMG_0068.jpg,28.33,34.58,136.0,16-32px,174.0,150.6,23.4,5.35,2585.9
train/IMG_0068.jpg,58.75,63.33,282.0,32-64px,130.3,145.7,-15.4,0.75,6365.6
train/IMG_0068.jpg,35.0,38.33,168.0,32-64px,168.3,194.5,-26.2,4.69,2647.8
train/IMG_0069.jpg,65.83,66.67,316.0,64-128px,132.7,150.2,-17.5,1.7,8338.0
train/IMG_0069.jpg,42.92,55.0,206.0,32-64px,94.9,129.1,-34.3,1.51,5260.7
train/IMG_0069.jpg,70.83,71.25,340.0,64-128px,137.8,105.1,32.8,3.45,11687.5
train/IMG_0069.jpg,32.92,41.67,158.0,32-64px,96.5,131.3,-34.8,2.79,982.7
train/IMG_0070.jpg,54.17,55.42,260.0,32-64px,104.5,170.9,-66.3,5.85,11226.4
train/IMG_0070.jpg,12.5,12.92,60.0,<16px,143.5,166.0,-22.5,1.97,51.4
train/IMG_0070.jpg,11.67,15.0,56.0,<16px,165.0,175.8,-10.8,0.88,54.1
train/IMG_0070.jpg,10.0,10.83,48.0,<16px,146.8,174.0,-27.2,4.89,40.5
train/IMG_0070.jpg,8.33,9.58,40.0,<16px,159.9,159.4,0.4,0.43,9.9
train/IMG_0070.jpg,9.58,10.42,46.0,<16px,142.8,164.0,-21.2,0.64,15.5
train/IMG_0070.jpg,9.17,10.0,44.0,<16px,139.7,176.5,-36.8,3.94,29.3
train/IMG_0070.jpg,8.33,9.17,40.0,<16px,123.2,170.2,-47.0,0.18,14.0
train/IMG_0070.jpg,8.75,9.17,42.0,<16px,157.8,173.2,-15.5,0.5,24.3
train/IMG_0070.jpg,7.5,9.58,36.0,<16px,129.0,180.1,-51.1,2.14,32.1
train/IMG_0070.jpg,7.92,7.92,38.0,<16px,117.3,151.7,-34.4,1.34,13.1
train/IMG_0070.jpg,6.67,8.33,32.0,<16px,100.0,164.0,-64.0,0.96,12.3
train/IMG_0070.jpg,7.08,7.5,34.0,<16px,143.5,180.1,-36.6,0.8,6.5
train/IMG_0070.jpg,6.25,7.08,30.0,<16px,140.1,176.0,-35.9,1.07,13.1
train/IMG_0070.jpg,7.5,7.5,36.0,<16px,105.0,122.1,-17.2,1.65,13.0
train/IMG_0070.jpg,5.42,9.17,26.0,<16px,80.7,122.8,-42.1,0.13,9.7
train/IMG_0070.jpg,5.83,6.67,28.0,<16px,115.2,180.4,-65.2,4.12,10.3
train/IMG_0070.jpg,6.25,8.75,30.0,<16px,118.1,136.2,-18.2,1.63,5.3
train/IMG_0070.jpg,6.25,7.92,30.0,<16px,87.4,113.1,-25.7,2.89,8.0
train/IMG_0070.jpg,6.67,7.92,32.0,<16px,116.3,124.1,-7.8,2.83,6.4
train/IMG_0070.jpg,8.75,9.58,42.0,<16px,152.9,141.5,11.4,0.03,22.6
train/IMG_0070.jpg,6.67,7.5,32.0,<16px,153.0,184.3,-31.3,0.08,5.6
train/IMG_0070.jpg,22.5,30.0,108.0,16-32px,78.2,180.2,-102.1,5.23,868.6
train/IMG_0070.jpg,9.17,10.0,44.0,<16px,163.1,168.7,-5.5,2.17,33.1
train/IMG_0070.jpg,5.0,6.67,24.0,<16px,108.0,127.5,-19.5,0.36,5.1
train/IMG_0070.jpg,7.08,7.5,34.0,<16px,121.3,143.3,-21.9,0.28,6.1
train/IMG_0070.jpg,5.83,7.5,28.0,<16px,120.4,190.3,-69.9,1.96,13.3
train/IMG_0070.jpg,4.17,5.83,20.0,<16px,162.9,192.7,-29.8,0.07,5.0
train/IMG_0070.jpg,7.92,8.33,38.0,<16px,163.9,213.4,-49.5,1.64,21.2
train/IMG_0071.jpg,56.25,60.0,270.0,32-64px,105.9,166.1,-60.2,2.54,7937.2
train/IMG_0071.jpg,57.08,65.42,274.0,32-64px,132.7,160.2,-27.5,1.34,2765.9
train/IMG_0071.jpg,26.25,26.67,126.0,16-32px,118.2,154.3,-36.1,1.13,136.6
train/IMG_0071.jpg,18.75,19.58,90.0,16-32px,129.4,106.3,23.1,4.08,50.7
train/IMG_0071.jpg,29.58,57.08,142.0,16-32px,94.2,163.1,-69.0,6.36,4043.2
train/IMG_0072.jpg,50.83,53.33,244.0,32-64px,136.7,156.9,-20.2,0.13,1703.0
train/IMG_0072.jpg,46.25,50.0,222.0,32-64px,150.8,138.9,11.9,7.45,6350.6
train/IMG_0072.jpg,12.92,32.92,62.0,<16px,77.5,146.8,-69.3,4.48,1229.2
train/IMG_0072.jpg,29.17,41.25,140.0,16-32px,78.4,160.5,-82.1,1.63,3876.1
train/IMG_0072.jpg,38.75,40.83,186.0,32-64px,141.7,167.1,-25.4,2.62,5567.0
train/IMG_0072.jpg,25.83,32.92,124.0,16-32px,161.9,184.4,-22.5,0.01,3871.4
train/IMG_0072.jpg,25.83,26.67,124.0,16-32px,149.5,146.5,3.0,2.83,1229.8
train/IMG_0072.jpg,18.75,20.83,90.0,16-32px,97.0,132.6,-35.7,0.45,293.9
train/IMG_0072.jpg,24.58,27.5,118.0,16-32px,161.0,184.1,-23.1,4.01,700.9
train/IMG_0072.jpg,37.5,37.5,180.0,32-64px,125.8,198.7,-72.9,1.25,3889.7
train/IMG_0072.jpg,14.17,27.92,68.0,<16px,146.4,179.3,-32.9,4.35,1878.6
train/IMG_0072.jpg,12.5,12.92,60.0,<16px,105.2,172.9,-67.7,4.26,334.6
train/IMG_0072.jpg,11.67,11.67,56.0,<16px,144.8,180.9,-36.1,1.34,183.1
train/IMG_0072.jpg,28.33,67.92,136.0,16-32px,135.8,170.2,-34.4,1.13,183.0
train/IMG_0072.jpg,11.25,12.08,54.0,<16px,88.3,137.3,-49.0,1.1,97.8
train/IMG_0073.jpg,48.75,55.42,234.0,32-64px,174.8,158.8,15.9,4.83,9640.3
train/IMG_0073.jpg,55.0,56.67,264.0,32-64px,167.8,125.3,42.6,3.07,9226.8
train/IMG_0073.jpg,53.75,56.67,258.0,32-64px,134.4,99.1,35.4,5.57,8014.5
train/IMG_0073.jpg,32.08,55.83,154.0,32-64px,100.0,116.9,-17.0,2.38,4192.9
train/IMG_0073.jpg,25.42,36.25,122.0,16-32px,57.9,142.1,-84.2,6.68,3295.1
train/IMG_0073.jpg,42.92,43.75,206.0,32-64px,150.4,161.5,-11.1,4.15,6750.2
train/IMG_0073.jpg,34.58,36.25,166.0,32-64px,131.8,161.0,-29.1,1.93,3606.1
train/IMG_0073.jpg,47.08,48.33,226.0,32-64px,153.3,158.5,-5.2,5.42,5197.0
train/IMG_0073.jpg,24.17,25.42,116.0,16-32px,110.6,140.6,-30.0,2.6,625.0
train/IMG_0073.jpg,15.0,30.42,72.0,<16px,146.1,158.5,-12.3,7.09,1808.9
train/IMG_0073.jpg,40.83,46.25,196.0,32-64px,102.0,189.9,-87.9,3.64,4031.3
train/IMG_0073.jpg,38.75,48.75,186.0,32-64px,87.8,175.1,-87.3,3.99,3473.1
train/IMG_0073.jpg,29.17,31.25,140.0,16-32px,128.1,161.0,-33.0,0.77,2472.9
train/IMG_0074.jpg,62.08,67.92,298.0,32-64px,154.3,199.6,-45.3,3.39,8915.5
train/IMG_0074.jpg,16.67,20.83,80.0,16-32px,140.0,181.0,-41.1,1.65,288.5
train/IMG_0074.jpg,27.5,57.5,132.0,16-32px,131.6,183.9,-52.3,2.04,1726.4
train/IMG_0074.jpg,34.17,46.67,164.0,32-64px,82.1,158.0,-75.8,1.94,2708.0
train/IMG_0074.jpg,19.58,22.92,94.0,16-32px,155.1,166.3,-11.2,2.1,1160.8
train/IMG_0074.jpg,10.0,15.0,48.0,<16px,121.5,166.5,-45.0,1.13,155.6
train/IMG_0074.jpg,6.25,6.67,30.0,<16px,159.0,178.4,-19.4,0.23,10.9
train/IMG_0074.jpg,7.08,12.5,34.0,<16px,124.4,173.6,-49.2,1.64,54.6
train/IMG_0074.jpg,26.25,31.25,126.0,16-32px,138.5,159.6,-21.1,1.85,373.1
train/IMG_0074.jpg,15.0,27.92,72.0,<16px,79.8,168.8,-89.0,2.38,154.1
train/IMG_0076.jpg,51.67,52.92,248.0,32-64px,164.0,179.5,-15.5,3.95,8414.5
train/IMG_0076.jpg,17.5,20.0,84.0,16-32px,121.1,181.9,-60.8,3.59,431.4
train/IMG_0076.jpg,27.92,29.17,134.0,16-32px,159.9,172.4,-12.5,2.53,932.0
train/IMG_0076.jpg,38.33,38.33,184.0,32-64px,128.7,181.9,-53.2,0.71,4365.9
train/IMG_0076.jpg,31.67,52.08,152.0,16-32px,147.8,184.5,-36.7,0.24,3394.3
train/IMG_0076.jpg,48.33,60.42,232.0,32-64px,155.2,188.4,-33.2,2.17,7379.9
train/IMG_0076.jpg,54.17,56.67,260.0,32-64px,151.7,137.1,14.6,0.99,8816.9
train/IMG_0076.jpg,40.0,48.75,192.0,32-64px,172.4,175.2,-2.8,0.18,6513.8
train/IMG_0076.jpg,38.75,42.92,186.0,32-64px,153.1,182.1,-28.9,1.72,4634.3
train/IMG_0076.jpg,22.5,37.08,108.0,16-32px,178.6,141.6,37.1,6.6,354.8
train/IMG_0076.jpg,10.0,10.0,48.0,<16px,210.7,135.6,75.1,4.11,28.3
train/IMG_0077.jpg,114.17,122.5,548.0,64-128px,149.5,177.9,-28.3,2.28,5824.7
train/IMG_0077.jpg,89.58,97.92,430.0,64-128px,128.8,170.8,-41.9,1.02,1943.4
train/IMG_0077.jpg,76.67,77.5,368.0,64-128px,119.7,141.6,-21.9,0.82,1039.5
train/IMG_0077.jpg,45.83,49.17,220.0,32-64px,110.1,176.3,-66.3,4.63,514.5
train/IMG_0077.jpg,110.42,112.92,530.0,64-128px,159.1,189.7,-30.6,0.87,2138.8
train/IMG_0080.jpg,46.67,47.92,224.0,32-64px,132.2,129.1,3.1,2.38,3711.8
train/IMG_0080.jpg,52.08,63.75,250.0,32-64px,163.4,149.9,13.5,2.55,2460.5
train/IMG_0080.jpg,44.58,44.58,214.0,32-64px,140.2,156.6,-16.4,1.78,2719.0
train/IMG_0083.jpg,103.75,107.92,498.0,64-128px,176.2,151.4,24.8,13.19,7331.0
train/IMG_0083.jpg,127.5,137.08,612.0,64-128px,172.1,176.5,-4.4,2.62,4055.8
train/IMG_0083.jpg,79.58,81.67,382.0,64-128px,171.0,139.8,31.2,11.63,926.5
train/IMG_0084.jpg,77.08,80.83,370.0,64-128px,178.3,137.0,41.4,8.88,3144.5
train/IMG_0084.jpg,100.83,102.5,484.0,64-128px,166.4,146.3,20.2,4.65,6967.2
train/IMG_0084.jpg,15.83,24.17,76.0,<16px,43.5,130.8,-87.4,8.29,443.7
train/IMG_0084.jpg,43.75,68.75,210.0,32-64px,196.0,161.1,35.0,1.44,4062.5
train/IMG_0084.jpg,64.17,70.0,308.0,64-128px,107.7,131.2,-23.5,1.48,694.3
train/IMG_0084.jpg,60.83,64.58,292.0,32-64px,118.2,93.8,24.4,3.41,356.6
train/IMG_0084.jpg,57.08,65.83,274.0,32-64px,108.6,109.5,-0.9,0.05,641.7
train/IMG_0085.jpg,110.0,111.67,528.0,64-128px,150.8,170.6,-19.8,8.08,2002.1
train/IMG_0085.jpg,144.17,147.92,692.0,>=128px,155.5,130.9,24.7,6.11,6599.3
train/IMG_0085.jpg,55.0,73.75,264.0,32-64px,122.0,137.9,-15.9,0.8,794.5
train/IMG_0085.jpg,20.0,43.33,96.0,16-32px,78.3,111.6,-33.3,0.08,57.1
train/IMG_0085.jpg,39.58,59.58,190.0,32-64px,119.3,152.2,-32.9,1.06,172.9
train/IMG_0086.jpg,110.0,126.67,528.0,64-128px,179.6,171.2,8.4,10.08,6586.9
train/IMG_0086.jpg,135.83,175.83,652.0,>=128px,187.9,166.4,21.6,4.03,2509.6
train/IMG_0086.jpg,86.25,87.5,414.0,64-128px,178.3,160.3,18.0,13.23,921.4
train/IMG_0087.jpg,25.42,43.75,122.0,16-32px,190.2,190.3,-0.1,1.61,476.5
train/IMG_0087.jpg,60.0,65.0,288.0,32-64px,143.7,175.1,-31.4,1.18,2420.8
train/IMG_0087.jpg,35.0,60.83,168.0,32-64px,176.3,180.5,-4.2,5.29,147.5
train/IMG_0087.jpg,41.67,50.42,200.0,32-64px,159.3,198.1,-38.8,2.95,1023.1
train/IMG_0087.jpg,35.0,43.75,168.0,32-64px,171.8,163.9,8.0,2.09,75.3
train/IMG_0087.jpg,27.08,34.58,130.0,16-32px,164.4,167.7,-3.3,4.49,118.7
train/IMG_0088.jpg,106.25,107.5,510.0,64-128px,172.3,143.6,28.6,4.95,4500.8
train/IMG_0088.jpg,82.5,86.67,396.0,64-128px,179.3,119.8,59.5,8.31,5531.0
train/IMG_0088.jpg,86.67,87.5,416.0,64-128px,140.1,155.2,-15.1,3.31,8079.9
train/IMG_0088.jpg,58.33,65.83,280.0,32-64px,115.9,173.5,-57.6,3.01,4532.8
train/IMG_0088.jpg,34.17,37.92,164.0,32-64px,154.1,163.0,-8.9,1.56,284.8
train/IMG_0089.jpg,81.67,88.33,392.0,64-128px,190.6,158.3,32.2,9.97,11007.5
train/IMG_0089.jpg,92.08,92.5,442.0,64-128px,186.4,170.8,15.6,6.79,14056.0
train/IMG_0089.jpg,60.0,62.08,288.0,32-64px,144.4,140.9,3.6,6.16,681.9
train/IMG_0089.jpg,77.08,81.25,370.0,64-128px,179.9,144.4,35.5,2.73,3132.8
train/IMG_0090.jpg,89.58,91.67,430.0,64-128px,189.0,157.4,31.6,3.25,6630.5
train/IMG_0090.jpg,89.17,90.42,428.0,64-128px,159.3,132.2,27.1,3.7,5849.1
train/IMG_0091.jpg,107.08,108.33,514.0,64-128px,165.8,202.9,-37.1,2.24,10500.6
train/IMG_0091.jpg,88.75,92.5,426.0,64-128px,174.3,132.6,41.7,3.24,11828.1
train/IMG_0091.jpg,27.5,37.08,132.0,16-32px,155.5,181.1,-25.5,1.33,787.5
train/IMG_0091.jpg,29.58,43.75,142.0,16-32px,118.0,122.7,-4.7,0.47,732.6
train/IMG_0092.jpg,102.5,104.58,492.0,64-128px,173.4,167.8,5.6,1.54,415.5
train/IMG_0092.jpg,106.25,112.5,510.0,64-128px,155.0,164.1,-9.1,5.65,2816.9
train/IMG_0092.jpg,15.83,55.83,76.0,<16px,122.0,116.4,5.7,1.33,55.1
train/IMG_0092.jpg,37.08,72.08,178.0,32-64px,120.6,179.1,-58.6,3.09,1008.6
train/IMG_0095.jpg,59.58,66.67,286.0,32-64px,138.5,142.1,-3.5,0.8,10980.0
train/IMG_0098.jpg,131.67,133.75,632.0,>=128px,175.9,162.1,13.7,0.16,10307.3
train/IMG_0098.jpg,45.83,82.08,220.0,32-64px,155.5,149.1,6.4,7.5,806.0
train/IMG_0099.jpg,140.83,143.75,676.0,>=128px,178.9,164.8,14.1,0.55,8977.9
train/IMG_0099.jpg,75.42,90.0,362.0,64-128px,159.7,154.0,5.6,8.11,1274.1
train/IMG_0101.jpg,149.58,150.42,718.0,>=128px,131.0,145.6,-14.6,1.59,5392.8
train/IMG_0101.jpg,135.83,142.92,652.0,>=128px,120.5,100.2,20.3,8.26,3141.6
train/IMG_0103.jpg,88.75,92.5,426.0,64-128px,119.7,134.4,-14.7,4.2,3758.3
train/IMG_0103.jpg,31.25,64.17,150.0,16-32px,117.0,116.8,0.2,1.29,1001.2
train/IMG_0104.jpg,98.75,101.25,474.0,64-128px,127.4,92.9,34.5,10.61,8071.5
train/IMG_0104.jpg,40.0,52.5,192.0,32-64px,99.9,170.3,-70.5,4.24,3488.9
train/IMG_0104.jpg,38.75,47.5,186.0,32-64px,132.2,154.3,-22.1,4.11,2336.2
train/IMG_0104.jpg,19.17,30.83,92.0,16-32px,99.0,188.5,-89.5,3.77,648.2
train/IMG_0105.jpg,102.92,109.58,494.0,64-128px,180.4,160.5,19.9,8.64,7271.2
train/IMG_0106.jpg,75.42,90.83,362.0,64-128px,137.0,140.7,-3.8,1.91,4192.0
train/IMG_0106.jpg,85.42,89.17,410.0,64-128px,160.3,157.8,2.4,4.94,8827.8
train/IMG_0106.jpg,16.25,33.33,78.0,16-32px,183.6,172.0,11.6,0.41,2098.1
train/IMG_0106.jpg,36.25,66.67,174.0,32-64px,114.7,165.0,-50.3,0.99,4461.3
train/IMG_0106.jpg,30.83,46.67,148.0,16-32px,184.7,157.9,26.8,5.91,2722.5
train/IMG_0106.jpg,21.25,38.75,102.0,16-32px,160.1,156.2,3.9,3.04,706.2
train/IMG_0107.jpg,87.92,92.92,422.0,64-128px,170.1,132.7,37.4,6.28,7909.2
train/IMG_0109.jpg,141.25,147.08,678.0,>=128px,155.9,170.7,-14.8,1.06,13211.7
train/IMG_0111.jpg,44.17,47.08,212.0,32-64px,119.1,136.6,-17.5,0.09,3595.5
train/IMG_0111.jpg,38.75,42.08,186.0,32-64px,91.0,155.4,-64.4,4.25,1591.0
train/IMG_0111.jpg,53.33,65.42,256.0,32-64px,113.3,159.8,-46.4,4.17,5414.9
train/IMG_0112.jpg,82.5,83.33,396.0,64-128px,161.4,175.5,-14.1,1.45,7077.5
train/IMG_0113.jpg,76.25,77.08,366.0,64-128px,115.6,171.3,-55.7,2.87,8525.4
train/IMG_0113.jpg,52.08,52.92,250.0,32-64px,122.2,165.2,-43.0,2.48,15742.9
train/IMG_0113.jpg,62.92,67.08,302.0,32-64px,89.3,113.9,-24.6,1.45,5844.4
train/IMG_0113.jpg,43.75,50.0,210.0,32-64px,79.5,143.0,-63.5,3.52,4008.5
train/IMG_0113.jpg,33.75,46.67,162.0,32-64px,56.3,150.2,-93.9,4.51,3841.7
train/IMG_0113.jpg,11.25,22.92,54.0,<16px,72.7,141.2,-68.5,6.8,404.3
train/IMG_0113.jpg,8.75,21.25,42.0,<16px,168.7,152.3,16.4,2.83,328.2
train/IMG_0113.jpg,23.33,23.33,112.0,16-32px,66.6,152.1,-85.5,0.62,1129.5
train/IMG_0115.jpg,91.25,94.58,438.0,64-128px,111.5,79.2,32.3,2.77,8188.3
train/IMG_0115.jpg,80.0,85.0,384.0,64-128px,121.3,103.2,18.1,2.58,10870.5
train/IMG_0115.jpg,72.08,80.0,346.0,64-128px,109.6,122.5,-12.9,0.08,15367.7
train/IMG_0115.jpg,38.75,40.42,186.0,32-64px,133.3,137.8,-4.5,2.16,1228.7
train/IMG_0115.jpg,76.25,85.42,366.0,64-128px,94.3,112.2,-17.9,0.55,1775.6
train/IMG_0115.jpg,18.33,39.58,88.0,16-32px,136.1,160.7,-24.6,1.46,149.5
train/IMG_0118.jpg,73.75,78.75,354.0,64-128px,159.6,168.9,-9.3,0.16,13888.6
train/IMG_0118.jpg,28.33,56.67,136.0,16-32px,142.7,177.2,-34.6,4.5,3326.9
train/IMG_0118.jpg,51.67,56.67,248.0,32-64px,122.1,136.2,-14.0,0.69,6873.9
train/IMG_0119.jpg,67.08,70.0,322.0,64-128px,102.8,121.9,-19.0,2.87,5164.3
train/IMG_0122.jpg,90.0,96.67,432.0,64-128px,107.4,95.6,11.8,0.53,11639.1
train/IMG_0123.jpg,111.25,112.5,534.0,64-128px,163.7,150.0,13.7,1.05,11307.8
train/IMG_0124.jpg,82.5,90.83,396.0,64-128px,151.7,183.8,-32.1,0.19,9506.9
train/IMG_0124.jpg,83.33,86.25,400.0,64-128px,155.1,148.1,7.0,10.88,9508.9
train/IMG_0126.jpg,60.0,62.5,288.0,32-64px,118.8,133.6,-14.8,7.24,5671.5
train/IMG_0126.jpg,31.25,37.92,150.0,16-32px,109.6,111.0,-1.5,1.27,3557.7
train/IMG_0126.jpg,22.92,37.08,110.0,16-32px,95.5,124.7,-29.2,4.45,837.8
train/IMG_0130.jpg,62.5,65.42,300.0,32-64px,169.8,133.2,36.6,8.99,4460.5
train/IMG_0132.jpg,48.75,57.08,234.0,32-64px,106.1,148.2,-42.1,1.94,4557.5
train/IMG_0133.jpg,78.33,81.25,376.0,64-128px,60.2,140.8,-80.6,4.56,4277.4
train/IMG_0135.jpg,30.0,63.75,144.0,16-32px,53.9,140.9,-87.0,5.38,912.9
train/IMG_0135.jpg,54.58,77.08,262.0,32-64px,145.5,174.7,-29.2,1.7,2670.8
train/IMG_0135.jpg,90.0,96.67,432.0,64-128px,85.0,119.1,-34.1,0.7,5988.1
train/IMG_0135.jpg,75.0,110.0,360.0,64-128px,124.8,129.6,-4.9,1.25,4479.3
train/IMG_0135.jpg,73.33,80.0,352.0,64-128px,112.4,139.1,-26.7,3.64,1659.9
train/IMG_0135.jpg,50.0,69.17,240.0,32-64px,64.6,145.1,-80.5,4.73,6373.5
train/IMG_0136.jpg,36.25,38.75,174.0,32-64px,110.1,142.5,-32.4,0.48,5126.6
train/IMG_0136.jpg,82.08,90.42,394.0,64-128px,118.2,137.0,-18.8,0.14,11284.1
train/IMG_0136.jpg,33.75,45.83,162.0,32-64px,91.9,145.7,-53.8,1.61,643.1
train/IMG_0137.jpg,122.92,129.17,590.0,64-128px,106.0,92.9,13.1,2.02,9102.2
train/IMG_0137.jpg,128.75,130.0,618.0,>=128px,124.3,130.0,-5.7,3.25,12387.6
train/IMG_0138.jpg,70.83,81.67,340.0,64-128px,139.1,165.9,-26.9,6.95,7666.3
train/IMG_0138.jpg,109.17,110.83,524.0,64-128px,148.1,154.8,-6.7,8.78,10898.9
train/IMG_0138.jpg,94.17,98.75,452.0,64-128px,98.2,127.5,-29.3,0.7,10871.2
train/IMG_0138.jpg,44.58,66.25,214.0,32-64px,141.4,143.6,-2.2,4.97,6407.5
train/IMG_0139.jpg,118.75,118.75,570.0,64-128px,127.2,142.4,-15.2,6.73,6638.7
train/IMG_0139.jpg,97.08,100.42,466.0,64-128px,119.2,154.0,-34.8,8.49,9512.4
train/IMG_0139.jpg,68.75,117.92,330.0,64-128px,102.6,149.6,-47.0,3.53,4785.7
train/IMG_0139.jpg,29.58,72.08,142.0,16-32px,95.9,156.2,-60.3,4.27,3323.1
train/IMG_0140.jpg,149.17,156.25,716.0,>=128px,131.6,150.9,-19.3,3.89,14422.7
train/IMG_0140.jpg,141.67,145.83,680.0,>=128px,102.4,103.4,-0.9,1.72,6174.1
train/IMG_0140.jpg,65.83,70.83,316.0,64-128px,193.3,144.2,49.1,4.78,1970.1
train/IMG_0140.jpg,61.25,68.33,294.0,32-64px,146.1,159.7,-13.6,4.9,1903.0
train/IMG_0141.jpg,60.42,61.25,290.0,32-64px,124.3,135.9,-11.6,3.68,8974.2
train/IMG_0141.jpg,54.58,58.33,262.0,32-64px,129.9,143.6,-13.7,10.53,10636.8
train/IMG_0141.jpg,80.83,89.58,388.0,64-128px,127.8,130.7,-2.9,3.37,9536.5
train/IMG_0141.jpg,32.5,56.67,156.0,32-64px,109.5,150.1,-40.6,3.14,4145.3
train/IMG_0141.jpg,17.92,47.5,86.0,16-32px,140.4,121.5,18.9,3.07,3224.3
train/IMG_0141.jpg,30.42,33.75,146.0,16-32px,85.0,132.4,-47.4,0.69,4827.4
train/IMG_0141.jpg,71.67,79.17,344.0,64-128px,78.8,120.3,-41.5,1.42,5949.5
train/IMG_0143.jpg,95.0,95.83,456.0,64-128px,127.3,99.7,27.7,6.1,7714.9
train/IMG_0143.jpg,12.08,28.75,58.0,<16px,171.6,217.2,-45.6,4.51,415.9
train/IMG_0143.jpg,115.0,121.25,552.0,64-128px,147.3,146.3,1.0,0.27,5210.3
train/IMG_0144.jpg,58.75,62.08,282.0,32-64px,142.9,124.2,18.7,3.62,8927.7
train/IMG_0144.jpg,60.83,64.58,292.0,32-64px,128.1,135.3,-7.3,1.51,6242.0
train/IMG_0144.jpg,44.17,47.08,212.0,32-64px,120.0,131.8,-11.9,1.55,6495.8
train/IMG_0144.jpg,9.17,16.25,44.0,<16px,202.2,123.7,78.5,2.54,62.1
train/IMG_0144.jpg,8.33,21.25,40.0,<16px,125.9,115.4,10.5,3.8,61.0
train/IMG_0145.jpg,94.58,104.58,454.0,64-128px,123.4,131.0,-7.6,2.76,7750.5
train/IMG_0145.jpg,70.42,73.33,338.0,64-128px,67.1,101.5,-34.5,1.61,1833.6
train/IMG_0145.jpg,22.92,28.75,110.0,16-32px,100.6,143.0,-42.4,2.77,35.8
train/IMG_0147.jpg,98.75,105.0,474.0,64-128px,141.1,128.8,12.3,3.8,8003.8
train/IMG_0147.jpg,81.25,81.67,390.0,64-128px,102.8,126.7,-23.9,3.77,4274.8
train/IMG_0148.jpg,30.0,57.08,144.0,16-32px,117.4,110.9,6.5,4.17,1919.0
train/IMG_0148.jpg,44.58,55.0,214.0,32-64px,47.3,90.1,-42.8,0.32,911.6
train/IMG_0149.jpg,23.33,27.08,112.0,16-32px,87.0,102.6,-15.7,1.24,1280.7
train/IMG_0149.jpg,20.42,23.75,98.0,16-32px,144.9,132.9,12.0,1.28,2374.1
train/IMG_0150.jpg,92.92,94.58,446.0,64-128px,146.7,150.5,-3.8,1.64,742.2
train/IMG_0150.jpg,52.92,55.0,254.0,32-64px,77.9,143.9,-66.0,4.81,5373.1
train/IMG_0152.jpg,46.25,49.17,222.0,32-64px,152.0,98.1,53.9,8.66,5223.3
train/IMG_0152.jpg,19.58,20.83,94.0,16-32px,153.9,158.4,-4.5,1.87,121.7
train/IMG_0152.jpg,14.58,14.58,70.0,<16px,102.8,70.1,32.7,5.27,8.4
train/IMG_0153.jpg,57.92,57.92,278.0,32-64px,112.5,132.2,-19.7,0.11,2926.2
train/IMG_0153.jpg,36.25,37.08,174.0,32-64px,91.1,131.5,-40.4,1.45,1250.8
train/IMG_0153.jpg,48.75,54.17,234.0,32-64px,86.8,89.9,-3.2,1.18,853.3
train/IMG_0153.jpg,22.5,35.0,108.0,16-32px,130.4,165.6,-35.2,4.37,999.5
train/IMG_0153.jpg,12.5,22.92,60.0,<16px,94.1,153.1,-59.0,3.42,56.4
train/IMG_0155.jpg,81.67,96.67,392.0,64-128px,167.3,131.1,36.3,6.37,3831.8
train/IMG_0155.jpg,71.25,82.5,342.0,64-128px,156.9,142.0,14.8,6.93,4608.8
train/IMG_0156.jpg,57.92,60.42,278.0,32-64px,154.1,153.3,0.8,3.19,6289.3
train/IMG_0156.jpg,48.75,49.58,234.0,32-64px,154.6,117.0,37.6,3.88,11074.3
train/IMG_0156.jpg,47.5,50.0,228.0,32-64px,126.8,90.2,36.6,5.76,7273.3
train/IMG_0156.jpg,41.25,48.33,198.0,32-64px,127.1,121.0,6.1,5.23,5699.3
train/IMG_0156.jpg,13.33,19.58,64.0,<16px,202.2,204.0,-1.8,2.7,425.6
train/IMG_0156.jpg,30.0,46.67,144.0,16-32px,124.8,160.0,-35.2,0.62,3141.2
train/IMG_0156.jpg,37.92,43.33,182.0,32-64px,188.6,162.3,26.4,3.24,6502.2
train/IMG_0156.jpg,13.33,22.08,64.0,<16px,134.8,162.1,-27.2,0.1,342.9
train/IMG_0156.jpg,16.67,17.5,80.0,16-32px,80.6,185.9,-105.4,0.29,559.6
train/IMG_0156.jpg,12.92,17.92,62.0,<16px,118.2,203.0,-84.8,1.09,108.0
train/IMG_0156.jpg,15.42,15.42,74.0,<16px,105.7,202.1,-96.4,1.47,279.3
train/IMG_0157.jpg,57.08,58.33,274.0,32-64px,105.5,118.3,-12.9,0.05,1426.3
train/IMG_0157.jpg,92.08,95.0,442.0,64-128px,132.7,162.8,-30.1,1.42,5835.8
train/IMG_0159.jpg,77.92,94.58,374.0,64-128px,165.1,151.9,13.3,0.99,1980.9
train/IMG_0159.jpg,32.08,95.42,154.0,32-64px,161.6,104.7,56.9,3.63,2712.3
train/IMG_0159.jpg,14.58,16.25,70.0,<16px,126.8,156.5,-29.7,3.46,7.2
train/IMG_0159.jpg,13.33,17.92,64.0,<16px,123.6,126.5,-2.8,0.18,11.0
train/IMG_0159.jpg,14.58,16.25,70.0,<16px,160.8,121.4,39.4,0.25,10.5
train/IMG_0160.jpg,66.67,70.83,320.0,64-128px,123.6,113.1,10.5,1.91,6290.2
train/IMG_0160.jpg,61.67,69.17,296.0,32-64px,95.3,76.4,18.8,4.43,4152.2
train/IMG_0160.jpg,27.92,33.75,134.0,16-32px,162.5,164.8,-2.3,5.68,327.8
train/IMG_0160.jpg,33.33,38.75,160.0,32-64px,98.3,166.9,-68.6,1.75,479.6
train/IMG_0161.jpg,25.83,32.5,124.0,16-32px,104.0,112.1,-8.1,6.78,943.6
train/IMG_0161.jpg,29.17,34.17,140.0,16-32px,46.5,91.1,-44.6,2.48,887.9
train/IMG_0162.jpg,84.17,88.33,404.0,64-128px,137.1,141.4,-4.2,0.71,6451.4
train/IMG_0164.jpg,19.58,37.08,94.0,16-32px,39.1,110.8,-71.6,2.96,568.6
train/IMG_0164.jpg,31.25,32.5,150.0,16-32px,99.7,135.3,-35.6,3.66,2485.7
train/IMG_0165.jpg,191.25,196.25,918.0,>=128px,132.7,153.9,-21.2,2.05,5676.5
train/IMG_0166.jpg,38.75,39.17,186.0,32-64px,108.7,144.4,-35.7,0.93,7361.3
train/IMG_0170.jpg,63.75,66.67,306.0,32-64px,119.7,119.9,-0.2,3.24,4881.3
train/IMG_0172.jpg,47.92,50.42,230.0,32-64px,57.5,102.1,-44.6,3.7,2942.1
train/IMG_0172.jpg,30.83,54.17,148.0,16-32px,113.0,125.4,-12.4,1.76,3373.5
train/IMG_0172.jpg,21.25,32.92,102.0,16-32px,41.8,147.4,-105.6,10.36,1723.9
train/IMG_0172.jpg,18.33,25.83,88.0,16-32px,89.5,147.6,-58.1,1.86,1429.2
train/IMG_0172.jpg,15.83,16.67,76.0,<16px,61.4,119.5,-58.1,5.84,429.3
train/IMG_0172.jpg,67.92,68.75,326.0,64-128px,109.4,114.6,-5.2,0.89,7532.1
train/IMG_0172.jpg,76.25,80.0,366.0,64-128px,107.9,116.2,-8.3,1.73,6731.9
train/IMG_0174.jpg,64.17,64.17,308.0,64-128px,96.0,98.5,-2.5,1.58,6479.9
train/IMG_0174.jpg,29.17,42.5,140.0,16-32px,85.5,150.8,-65.3,6.27,4093.3
train/IMG_0174.jpg,28.75,30.0,138.0,16-32px,88.3,125.5,-37.2,2.73,2312.0
train/IMG_0174.jpg,29.58,32.92,142.0,16-32px,64.1,91.0,-26.9,3.46,2051.5
train/IMG_0174.jpg,46.67,51.25,224.0,32-64px,122.0,148.1,-26.0,2.09,11898.4
train/IMG_0174.jpg,18.75,29.58,90.0,16-32px,91.4,180.1,-88.7,4.9,1176.3
train/IMG_0175.jpg,66.25,77.5,318.0,64-128px,86.5,146.6,-60.1,2.85,3719.6
train/IMG_0175.jpg,67.92,68.75,326.0,64-128px,90.4,120.4,-30.0,3.15,5802.8
train/IMG_0175.jpg,59.58,62.92,286.0,32-64px,98.2,119.1,-20.9,0.53,7651.5
train/IMG_0179.jpg,102.08,105.0,490.0,64-128px,105.3,155.9,-50.6,1.04,8393.8
train/IMG_0180.jpg,58.75,59.17,282.0,32-64px,51.9,103.4,-51.5,0.34,2946.8
train/IMG_0180.jpg,18.75,27.08,90.0,16-32px,96.5,124.9,-28.3,0.62,1903.8
train/IMG_0182.jpg,139.17,145.42,668.0,>=128px,134.1,116.8,17.4,1.37,14960.2
train/IMG_0182.jpg,74.17,75.0,356.0,64-128px,74.4,114.7,-40.3,5.18,614.0
train/IMG_0182.jpg,78.75,85.0,378.0,64-128px,75.0,119.9,-44.9,4.98,1144.1
train/IMG_0182.jpg,32.5,35.83,156.0,32-64px,60.1,113.3,-53.2,1.18,372.8
train/IMG_0183.jpg,41.25,42.5,198.0,32-64px,81.9,149.6,-67.6,6.89,126.8
train/IMG_0183.jpg,112.08,123.33,538.0,64-128px,99.7,135.2,-35.5,5.13,9855.3
train/IMG_0183.jpg,109.58,110.0,526.0,64-128px,100.5,129.9,-29.3,6.44,8070.6
train/IMG_0185.jpg,72.92,73.75,350.0,64-128px,76.8,81.6,-4.8,4.7,3949.1
train/IMG_0186.jpg,45.0,56.67,216.0,32-64px,96.2,140.2,-44.0,6.7,3247.6
train/IMG_0186.jpg,45.83,48.33,220.0,32-64px,105.6,118.5,-12.9,6.37,930.1
train/IMG_0188.jpg,63.33,65.0,304.0,32-64px,82.4,128.4,-46.0,5.08,3303.5
train/IMG_0188.jpg,70.83,72.08,340.0,64-128px,111.1,124.3,-13.1,3.49,5886.3
train/IMG_0188.jpg,58.33,58.75,280.0,32-64px,88.8,99.9,-11.0,5.62,2098.6
train/IMG_0188.jpg,40.42,43.75,194.0,32-64px,66.9,70.7,-3.8,4.79,338.3
train/IMG_0188.jpg,40.0,44.17,192.0,32-64px,73.2,117.9,-44.8,3.66,817.2
train/IMG_0188.jpg,33.75,41.25,162.0,32-64px,79.4,86.7,-7.3,2.86,692.4
train/IMG_0188.jpg,26.25,32.92,126.0,16-32px,52.4,77.5,-25.1,3.47,85.3
train/IMG_0188.jpg,10.83,20.83,52.0,<16px,24.5,75.7,-51.2,0.12,12.0
train/IMG_0189.jpg,95.83,106.67,460.0,64-128px,101.9,82.8,19.0,6.53,5083.3
train/IMG_0189.jpg,56.67,59.17,272.0,32-64px,81.2,79.6,1.5,7.64,318.8
train/IMG_0189.jpg,57.08,60.83,274.0,32-64px,84.6,129.8,-45.2,5.21,607.5
train/IMG_0189.jpg,57.08,62.5,274.0,32-64px,79.4,99.7,-20.3,4.9,1001.9
train/IMG_0190.jpg,37.92,79.58,182.0,32-64px,132.3,147.6,-15.3,3.45,2055.6
train/IMG_0190.jpg,49.58,51.25,238.0,32-64px,50.5,143.5,-93.0,8.92,1196.0
train/IMG_0190.jpg,37.08,79.17,178.0,32-64px,130.8,149.3,-18.6,3.48,2097.2
train/IMG_0190.jpg,32.5,48.75,156.0,32-64px,74.3,100.3,-26.0,4.83,533.3
train/IMG_0190.jpg,54.58,61.25,262.0,32-64px,57.0,117.9,-60.9,5.05,1563.9
train/IMG_0190.jpg,53.75,59.17,258.0,32-64px,81.8,131.2,-49.3,0.65,613.7
train/IMG_0193.jpg,86.67,89.58,416.0,64-128px,85.1,116.2,-31.1,8.17,243.5
train/IMG_0193.jpg,25.42,75.0,122.0,16-32px,36.2,93.4,-57.2,5.82,195.4
train/IMG_0193.jpg,104.58,112.92,502.0,64-128px,123.4,132.0,-8.6,3.01,1902.4
train/IMG_0193.jpg,47.5,53.33,228.0,32-64px,70.0,120.0,-50.0,2.96,58.2
train/IMG_0193.jpg,42.5,54.58,204.0,32-64px,80.9,87.8,-6.9,2.61,39.7
train/IMG_0193.jpg,81.67,83.75,392.0,64-128px,92.3,103.9,-11.5,6.01,370.4
train/IMG_0193.jpg,51.25,57.08,246.0,32-64px,70.5,85.5,-15.0,4.79,87.0
train/IMG_0194.jpg,54.58,55.83,262.0,32-64px,90.4,116.6,-26.2,10.19,4364.7
train/IMG_0194.jpg,47.5,70.42,228.0,32-64px,81.4,165.9,-84.5,7.96,2502.6
train/IMG_0194.jpg,36.25,37.92,174.0,32-64px,65.8,104.4,-38.6,0.27,775.3
train/IMG_0194.jpg,22.92,51.25,110.0,16-32px,73.0,124.4,-51.3,1.64,323.5
train/IMG_0194.jpg,20.83,28.33,100.0,16-32px,49.6,81.4,-31.9,1.2,27.9
train/IMG_0194.jpg,19.58,25.0,94.0,16-32px,63.7,131.7,-68.0,1.2,1011.2
train/IMG_0194.jpg,19.58,25.0,94.0,16-32px,61.9,131.5,-69.6,1.11,891.2
train/IMG_0194.jpg,9.17,21.67,44.0,<16px,41.8,143.9,-102.1,1.44,168.4
train/IMG_0195.jpg,42.92,43.75,206.0,32-64px,122.0,154.0,-32.1,4.29,3126.2
train/IMG_0198.jpg,71.67,74.58,344.0,64-128px,90.1,107.8,-17.7,4.72,2941.7
train/IMG_0198.jpg,70.42,76.25,338.0,64-128px,66.5,96.8,-30.4,1.15,2466.6
train/IMG_0199.jpg,103.33,105.0,496.0,64-128px,136.0,128.3,7.7,8.14,8720.7
train/IMG_0199.jpg,52.92,103.33,254.0,32-64px,126.2,124.7,1.5,5.88,2731.3
train/IMG_0199.jpg,79.58,82.08,382.0,64-128px,73.0,102.2,-29.2,3.0,3489.6
train/IMG_0199.jpg,74.58,106.25,358.0,64-128px,77.6,113.8,-36.2,1.0,2685.8
train/IMG_0201.jpg,64.17,67.08,308.0,64-128px,147.2,136.4,10.7,7.1,3686.9
train/IMG_0201.jpg,71.25,71.25,342.0,64-128px,124.5,140.1,-15.6,7.22,6379.8
train/IMG_0201.jpg,44.17,56.25,212.0,32-64px,151.5,131.6,19.9,7.4,2057.7
train/IMG_0201.jpg,25.42,28.75,122.0,16-32px,146.3,194.1,-47.8,2.07,1002.2
train/IMG_0201.jpg,16.67,18.75,80.0,16-32px,72.6,138.4,-65.7,3.2,132.0
train/IMG_0201.jpg,9.58,31.67,46.0,<16px,138.3,153.5,-15.2,4.26,168.4
train/IMG_0202.jpg,37.92,41.25,182.0,32-64px,133.8,97.2,36.6,4.92,136.8
train/IMG_0203.jpg,94.58,107.92,454.0,64-128px,147.5,131.2,16.3,8.98,4373.1
train/IMG_0204.jpg,65.83,67.08,316.0,64-128px,189.6,113.4,76.2,11.89,946.9
train/IMG_0205.jpg,96.25,98.33,462.0,64-128px,105.8,143.2,-37.4,0.15,6288.3
train/IMG_0207.jpg,42.08,45.42,202.0,32-64px,84.9,159.7,-74.8,2.87,841.2
train/IMG_0207.jpg,112.08,112.08,538.0,64-128px,112.9,106.2,6.7,4.27,4299.3
train/IMG_0208.jpg,39.17,40.83,188.0,32-64px,127.7,183.6,-56.0,1.84,5485.4
train/IMG_0208.jpg,55.83,56.67,268.0,32-64px,99.1,89.1,10.0,2.48,3476.8
train/IMG_0208.jpg,39.58,39.58,190.0,32-64px,96.5,105.8,-9.3,3.04,3282.4
train/IMG_0208.jpg,35.42,43.33,170.0,32-64px,98.2,85.0,13.2,3.82,1486.8
train/IMG_0208.jpg,32.5,35.0,156.0,32-64px,96.9,130.7,-33.9,1.48,3532.7
train/IMG_0208.jpg,19.17,23.33,92.0,16-32px,124.5,196.0,-71.5,0.74,1502.7
train/IMG_0209.jpg,79.58,81.67,382.0,64-128px,116.2,114.7,1.5,2.77,7249.7
train/IMG_0209.jpg,55.0,60.0,264.0,32-64px,122.8,98.5,24.4,5.39,4811.2
train/IMG_0209.jpg,63.33,64.17,304.0,32-64px,136.5,166.1,-29.6,3.38,1666.7
train/IMG_0210.jpg,70.0,71.67,336.0,64-128px,134.8,189.6,-54.8,0.64,4418.8
train/IMG_0210.jpg,51.25,57.08,246.0,32-64px,115.4,162.1,-46.7,1.0,4083.1
train/IMG_0210.jpg,63.75,65.42,306.0,32-64px,122.2,139.7,-17.5,4.03,4811.5
train/IMG_0210.jpg,31.67,32.5,152.0,16-32px,124.4,192.1,-67.7,0.48,1540.6
train/IMG_0210.jpg,23.33,50.42,112.0,16-32px,111.2,122.9,-11.7,3.07,276.4
train/IMG_0211.jpg,61.67,65.0,296.0,32-64px,129.2,144.7,-15.5,6.49,2562.6
train/IMG_0213.jpg,42.5,42.5,204.0,32-64px,116.6,93.1,23.4,8.4,2399.4
train/IMG_0213.jpg,60.42,62.08,290.0,32-64px,124.9,132.6,-7.7,11.39,5635.9
train/IMG_0213.jpg,34.58,41.25,166.0,32-64px,148.7,137.6,11.1,6.16,2793.9
train/IMG_0214.jpg,89.58,90.42,430.0,64-128px,123.7,138.8,-15.1,14.97,568.7
train/IMG_0214.jpg,61.67,66.67,296.0,32-64px,122.9,137.6,-14.6,5.2,142.1
train/IMG_0215.jpg,71.25,72.5,342.0,64-128px,130.5,128.4,2.1,9.53,573.7
train/IMG_0215.jpg,67.08,75.42,322.0,64-128px,150.6,125.7,25.0,8.7,1081.7
train/IMG_0215.jpg,74.17,84.58,356.0,64-128px,125.8,156.2,-30.4,5.07,816.1
train/IMG_0217.jpg,62.5,65.42,300.0,32-64px,115.3,126.5,-11.1,3.64,2169.1
train/IMG_0217.jpg,24.58,25.83,118.0,16-32px,61.8,110.1,-48.3,3.3,173.1
train/IMG_0217.jpg,55.42,63.33,266.0,32-64px,162.3,102.1,60.2,9.35,1423.5
train/IMG_0217.jpg,35.0,93.33,168.0,32-64px,103.5,153.8,-50.3,10.91,1556.9
train/IMG_0217.jpg,36.25,46.25,174.0,32-64px,58.8,115.6,-56.8,0.91,975.6
train/IMG_0217.jpg,21.25,27.92,102.0,16-32px,121.8,166.8,-45.0,8.13,26.2
train/IMG_0217.jpg,17.5,22.92,84.0,16-32px,68.3,82.5,-14.2,2.47,5.9
train/IMG_0218.jpg,48.75,49.17,234.0,32-64px,141.6,127.4,14.2,4.2,1512.8
train/IMG_0218.jpg,31.67,31.67,152.0,16-32px,130.5,153.5,-23.0,12.72,1216.6
train/IMG_0218.jpg,33.75,35.83,162.0,32-64px,117.3,127.0,-9.8,10.54,1267.4
train/IMG_0218.jpg,32.5,32.5,156.0,32-64px,62.2,94.6,-32.5,5.14,1393.0
train/IMG_0218.jpg,37.92,38.33,182.0,32-64px,150.3,141.9,8.4,11.82,3886.0
train/IMG_0218.jpg,22.92,31.67,110.0,16-32px,122.1,156.5,-34.4,0.34,1461.6
train/IMG_0218.jpg,32.5,35.0,156.0,32-64px,84.5,87.1,-2.5,5.58,882.4
train/IMG_0218.jpg,23.33,27.5,112.0,16-32px,57.7,75.3,-17.6,0.01,315.8
train/IMG_0218.jpg,27.5,31.67,132.0,16-32px,58.4,91.6,-33.1,1.74,889.2
train/IMG_0218.jpg,26.25,27.08,126.0,16-32px,99.5,81.1,18.4,3.47,283.3
train/IMG_0218.jpg,22.5,30.0,108.0,16-32px,85.0,97.8,-12.8,3.68,295.8
train/IMG_0218.jpg,11.25,15.42,54.0,<16px,69.9,50.8,19.2,1.53,154.8
train/IMG_0218.jpg,20.42,32.92,98.0,16-32px,108.6,167.2,-58.6,6.21,2229.1
train/IMG_0218.jpg,15.0,35.42,72.0,<16px,74.2,83.4,-9.2,1.33,560.4
train/IMG_0219.jpg,47.92,50.42,230.0,32-64px,145.4,156.8,-11.4,8.1,4935.1
train/IMG_0219.jpg,44.58,45.0,214.0,32-64px,110.4,161.1,-50.6,4.97,5601.7
train/IMG_0219.jpg,25.0,28.33,120.0,16-32px,96.9,162.6,-65.7,1.48,966.2
train/IMG_0219.jpg,35.0,38.33,168.0,32-64px,75.2,69.6,5.6,0.95,2110.0
train/IMG_0219.jpg,30.83,33.75,148.0,16-32px,91.3,104.2,-13.0,9.6,2387.6
train/IMG_0219.jpg,16.67,25.42,80.0,16-32px,87.0,142.6,-55.6,0.43,787.4
train/IMG_0219.jpg,25.0,26.25,120.0,16-32px,37.5,98.9,-61.4,5.99,519.9
train/IMG_0219.jpg,33.33,39.58,160.0,32-64px,70.4,89.9,-19.5,4.69,977.0
train/IMG_0219.jpg,33.75,37.5,162.0,32-64px,95.8,72.6,23.1,5.39,860.1
train/IMG_0219.jpg,25.83,30.42,124.0,16-32px,79.8,95.7,-15.9,0.1,468.2
train/IMG_0219.jpg,31.67,37.92,152.0,16-32px,53.3,92.1,-38.7,0.02,831.6
train/IMG_0219.jpg,31.67,40.42,152.0,16-32px,67.4,81.5,-14.1,1.05,1282.3
train/IMG_0222.jpg,123.75,129.17,594.0,64-128px,117.8,140.8,-22.9,1.91,2434.0
train/IMG_0222.jpg,112.92,113.75,542.0,64-128px,150.0,107.9,42.1,4.0,3192.8
train/IMG_0222.jpg,112.08,114.17,538.0,64-128px,107.7,100.6,7.1,3.78,1928.0
train/IMG_0222.jpg,49.58,79.17,238.0,32-64px,125.1,101.3,23.8,4.16,1550.5
train/IMG_0222.jpg,61.67,80.0,296.0,32-64px,96.0,136.3,-40.2,0.49,3492.9
train/IMG_0222.jpg,27.92,78.33,134.0,16-32px,85.3,70.6,14.7,0.42,1319.4
train/IMG_0223.jpg,117.92,127.92,566.0,64-128px,87.1,115.7,-28.7,2.63,2575.9
train/IMG_0223.jpg,75.0,84.17,360.0,64-128px,50.5,87.9,-37.4,5.27,1645.5
train/IMG_0223.jpg,58.75,81.67,282.0,32-64px,68.2,111.7,-43.5,1.59,3316.1
train/IMG_0223.jpg,98.75,110.0,474.0,64-128px,142.7,164.1,-21.5,3.28,5917.0
train/IMG_0223.jpg,52.5,120.83,252.0,32-64px,189.1,186.5,2.6,1.07,3902.4
train/IMG_0225.jpg,103.33,106.25,496.0,64-128px,88.5,156.2,-67.8,7.36,885.9
train/IMG_0226.jpg,55.0,57.08,264.0,32-64px,98.0,161.1,-63.1,6.28,3602.9
train/IMG_0226.jpg,72.08,72.5,346.0,64-128px,99.6,121.5,-22.0,0.75,3980.4
train/IMG_0226.jpg,62.08,65.0,298.0,32-64px,90.6,119.4,-28.8,4.85,3878.2
train/IMG_0226.jpg,44.58,45.42,214.0,32-64px,79.3,79.7,-0.4,7.33,1218.2
train/IMG_0227.jpg,68.33,75.0,328.0,64-128px,122.6,140.6,-17.9,1.61,5626.1
train/IMG_0227.jpg,26.25,29.17,126.0,16-32px,65.3,120.9,-55.6,0.86,1967.1
train/IMG_0228.jpg,52.92,64.17,254.0,32-64px,74.3,147.8,-73.4,0.27,3431.3
train/IMG_0228.jpg,8.75,37.08,42.0,<16px,63.0,107.7,-44.7,2.16,338.5
train/IMG_0228.jpg,54.58,70.0,262.0,32-64px,91.9,129.8,-37.9,4.85,5794.2
train/IMG_0228.jpg,30.0,33.33,144.0,16-32px,41.1,114.3,-73.2,0.64,1391.3
train/IMG_0230.jpg,70.83,73.33,340.0,64-128px,142.5,124.3,18.2,0.97,8207.2
train/IMG_0230.jpg,47.08,47.5,226.0,32-64px,61.1,134.5,-73.5,5.09,1878.9
train/IMG_0231.jpg,63.75,65.0,306.0,32-64px,141.9,114.4,27.5,3.42,6325.9
train/IMG_0231.jpg,84.17,87.08,404.0,64-128px,137.0,138.6,-1.6,0.02,6694.2
train/IMG_0231.jpg,66.25,67.92,318.0,64-128px,141.0,135.8,5.3,0.55,5425.5
train/IMG_0231.jpg,71.25,73.33,342.0,64-128px,126.6,121.2,5.4,1.32,6449.0
train/IMG_0231.jpg,47.92,47.92,230.0,32-64px,72.9,100.1,-27.3,5.37,928.4
train/IMG_0231.jpg,48.75,52.92,234.0,32-64px,110.9,158.3,-47.4,2.21,2093.2
train/IMG_0232.jpg,52.5,53.75,252.0,32-64px,146.7,145.1,1.5,3.55,4898.9
train/IMG_0232.jpg,65.42,67.5,314.0,64-128px,138.6,123.9,14.7,2.03,7190.8
train/IMG_0233.jpg,37.08,40.83,178.0,32-64px,139.2,101.8,37.4,2.73,8444.7
train/IMG_0233.jpg,37.5,38.33,180.0,32-64px,77.3,74.8,2.5,0.3,2674.8
train/IMG_0233.jpg,72.92,74.58,350.0,64-128px,134.1,174.1,-40.0,3.51,6358.8
train/IMG_0233.jpg,12.92,17.08,62.0,<16px,88.7,113.5,-24.8,4.08,442.3
train/IMG_0233.jpg,16.67,18.33,80.0,16-32px,123.5,156.1,-32.6,5.33,463.5
train/IMG_0233.jpg,8.75,9.17,42.0,<16px,67.3,68.4,-1.1,3.16,8.2
train/IMG_0233.jpg,8.33,11.67,40.0,<16px,73.9,62.4,11.5,1.87,10.0
train/IMG_0233.jpg,8.75,9.17,42.0,<16px,94.1,76.1,18.1,1.93,3.2
train/IMG_0234.jpg,42.5,42.92,204.0,32-64px,87.8,85.9,1.8,0.49,3522.8
train/IMG_0234.jpg,71.25,72.5,342.0,64-128px,126.4,166.9,-40.5,3.0,5582.6
train/IMG_0234.jpg,13.33,15.42,64.0,<16px,108.6,121.9,-13.3,3.63,235.7
train/IMG_0234.jpg,12.5,15.83,60.0,<16px,44.8,71.8,-26.9,1.97,47.4
train/IMG_0235.jpg,50.83,57.08,244.0,32-64px,149.0,108.3,40.7,2.7,8375.1
train/IMG_0235.jpg,54.17,55.0,260.0,32-64px,86.7,89.3,-2.6,0.43,3217.8
train/IMG_0235.jpg,16.67,17.08,80.0,16-32px,92.6,143.7,-51.1,5.92,181.7
train/IMG_0235.jpg,8.75,10.83,42.0,<16px,80.7,62.6,18.2,2.04,3.1
train/IMG_0237.jpg,97.08,127.08,466.0,64-128px,137.8,148.2,-10.4,0.35,12038.0
train/IMG_0237.jpg,60.83,76.25,292.0,32-64px,152.8,195.7,-42.8,3.75,6497.2
train/IMG_0237.jpg,111.25,135.0,534.0,64-128px,141.6,120.9,20.7,1.4,6565.1
train/IMG_0237.jpg,52.92,66.25,254.0,32-64px,122.9,129.0,-6.1,2.06,916.1
train/IMG_0237.jpg,69.17,69.58,332.0,64-128px,110.1,105.6,4.4,3.12,1291.4
train/IMG_0237.jpg,50.0,67.08,240.0,32-64px,147.4,150.9,-3.5,3.22,325.8
train/IMG_0238.jpg,109.17,109.58,524.0,64-128px,126.9,122.3,4.6,1.62,9909.5
train/IMG_0238.jpg,91.67,97.5,440.0,64-128px,127.5,133.4,-5.9,1.84,7401.2
train/IMG_0238.jpg,121.25,122.92,582.0,64-128px,130.8,140.1,-9.3,0.09,7017.5
train/IMG_0238.jpg,56.67,58.75,272.0,32-64px,125.7,113.5,12.3,2.92,647.1
train/IMG_0240.jpg,95.83,126.67,460.0,64-128px,93.1,143.5,-50.5,4.29,2505.0
train/IMG_0241.jpg,25.42,26.67,122.0,16-32px,110.4,144.6,-34.2,1.73,3413.4
train/IMG_0241.jpg,45.0,46.67,216.0,32-64px,116.5,100.3,16.2,5.37,4257.1
train/IMG_0241.jpg,53.33,58.33,256.0,32-64px,87.3,104.2,-17.0,0.53,2129.7
train/IMG_0241.jpg,26.67,27.08,128.0,16-32px,98.3,126.7,-28.4,3.47,3435.5
train/IMG_0244.jpg,126.67,127.08,608.0,64-128px,130.1,132.7,-2.7,1.3,7266.4
train/IMG_0244.jpg,41.67,47.5,200.0,32-64px,114.1,119.7,-5.7,0.16,190.6
train/IMG_0244.jpg,32.92,47.92,158.0,32-64px,74.5,118.9,-44.4,5.08,477.4
train/IMG_0244.jpg,56.25,67.08,270.0,32-64px,96.1,78.2,17.9,0.27,3644.4
train/IMG_0244.jpg,33.33,36.25,160.0,32-64px,123.3,89.6,33.7,0.86,392.5
train/IMG_0244.jpg,60.0,62.5,288.0,32-64px,91.8,98.4,-6.6,1.21,1390.4
train/IMG_0244.jpg,30.0,50.83,144.0,16-32px,132.4,143.4,-11.0,2.03,2303.4
train/IMG_0244.jpg,67.08,76.67,322.0,64-128px,91.7,112.4,-20.7,0.94,2832.6
train/IMG_0244.jpg,13.33,14.58,64.0,<16px,132.8,104.7,28.2,2.85,12.8
train/IMG_0244.jpg,22.5,29.58,108.0,16-32px,140.3,189.7,-49.4,5.67,62.2
train/IMG_0245.jpg,74.17,80.0,356.0,64-128px,120.1,144.9,-24.8,0.05,6287.3
train/IMG_0245.jpg,28.33,30.42,136.0,16-32px,106.1,120.8,-14.7,3.79,130.6
train/IMG_0245.jpg,73.75,76.25,354.0,64-128px,101.9,132.3,-30.3,0.31,4567.5
train/IMG_0245.jpg,47.92,68.33,230.0,32-64px,55.6,150.3,-94.7,9.62,986.9
train/IMG_0245.jpg,19.58,54.17,94.0,16-32px,72.3,137.6,-65.3,3.54,827.6
train/IMG_0246.jpg,64.58,64.58,310.0,64-128px,120.4,110.7,9.8,2.0,1040.3
train/IMG_0246.jpg,24.58,27.5,118.0,16-32px,88.2,150.5,-62.2,0.08,136.8
train/IMG_0247.jpg,129.17,150.0,620.0,>=128px,135.4,128.9,6.6,5.21,4161.2
train/IMG_0247.jpg,42.92,102.5,206.0,32-64px,73.0,152.6,-79.6,1.09,1087.2
train/IMG_0247.jpg,45.83,115.42,220.0,32-64px,49.3,126.1,-76.8,3.98,732.5
train/IMG_0248.jpg,28.75,42.08,138.0,16-32px,132.7,177.9,-45.3,12.43,1620.8
train/IMG_0248.jpg,56.67,70.83,272.0,32-64px,144.2,158.1,-14.0,7.89,3843.5
train/IMG_0250.jpg,41.25,41.25,198.0,32-64px,89.8,91.8,-1.9,2.2,5870.8
train/IMG_0250.jpg,24.58,38.75,118.0,16-32px,54.6,124.8,-70.2,4.71,1822.4
train/IMG_0250.jpg,7.5,13.75,36.0,<16px,141.9,167.4,-25.5,6.27,55.8
train/IMG_0250.jpg,11.67,18.33,56.0,<16px,108.2,156.5,-48.3,5.59,135.6
train/IMG_0250.jpg,7.08,12.08,34.0,<16px,127.1,137.4,-10.3,1.8,53.1
train/IMG_0250.jpg,10.0,11.67,48.0,<16px,63.8,135.1,-71.4,0.12,48.4
train/IMG_0250.jpg,7.5,9.17,36.0,<16px,142.8,156.5,-13.7,0.33,33.7
train/IMG_0250.jpg,9.17,11.25,44.0,<16px,68.9,144.2,-75.3,4.0,58.1
train/IMG_0250.jpg,3.33,7.5,16.0,<16px,160.6,174.4,-13.8,0.27,4.8
train/IMG_0250.jpg,2.5,6.25,12.0,<16px,145.0,178.3,-33.3,3.3,7.2
train/IMG_0251.jpg,90.42,100.0,434.0,64-128px,111.0,155.0,-44.0,3.23,3820.7
train/IMG_0251.jpg,113.75,127.5,546.0,64-128px,111.2,169.2,-58.0,3.32,5260.7
train/IMG_0253.jpg,20.0,21.67,96.0,16-32px,100.6,94.5,6.1,8.4,1506.6
train/IMG_0253.jpg,21.25,22.08,102.0,16-32px,63.6,59.2,4.4,2.24,742.0
train/IMG_0253.jpg,18.33,23.33,88.0,16-32px,56.8,131.4,-74.6,8.88,2015.6
train/IMG_0253.jpg,14.17,17.08,68.0,<16px,132.7,109.8,22.9,0.62,531.1
train/IMG_0253.jpg,9.17,9.58,44.0,<16px,62.9,174.9,-112.0,6.01,162.2
train/IMG_0253.jpg,10.83,11.67,52.0,<16px,86.0,89.7,-3.8,0.25,176.2
train/IMG_0253.jpg,27.08,28.33,130.0,16-32px,46.1,112.3,-66.2,3.84,1993.5
train/IMG_0254.jpg,100.0,100.42,480.0,64-128px,100.6,85.8,14.8,2.43,2246.8
train/IMG_0254.jpg,81.67,105.0,392.0,64-128px,139.1,162.5,-23.4,2.23,5745.1
train/IMG_0254.jpg,85.42,90.83,410.0,64-128px,58.7,143.0,-84.3,5.57,1163.0
train/IMG_0254.jpg,97.5,105.83,468.0,64-128px,128.7,108.9,19.8,7.84,4788.9
train/IMG_0255.jpg,42.08,43.33,202.0,32-64px,72.6,100.6,-28.0,3.01,2776.0
train/IMG_0255.jpg,55.42,56.67,266.0,32-64px,123.2,103.6,19.6,2.67,2660.8
train/IMG_0255.jpg,35.0,35.42,168.0,32-64px,47.4,78.4,-31.0,4.97,2833.6
train/IMG_0255.jpg,13.33,27.5,64.0,<16px,53.5,89.6,-36.0,3.85,988.6
train/IMG_0255.jpg,32.92,34.58,158.0,32-64px,53.9,62.5,-8.6,5.08,2964.4
train/IMG_0255.jpg,16.67,18.33,80.0,16-32px,85.6,90.9,-5.3,0.14,324.4
train/IMG_0255.jpg,18.33,18.75,88.0,16-32px,80.3,101.9,-21.6,2.12,212.3
train/IMG_0255.jpg,10.83,15.0,52.0,<16px,59.2,125.4,-66.2,1.04,186.0
train/IMG_0256.jpg,57.92,58.33,278.0,32-64px,91.3,89.4,1.9,4.03,6183.6
train/IMG_0256.jpg,62.5,62.5,300.0,32-64px,83.8,88.1,-4.3,0.56,3088.6
train/IMG_0256.jpg,32.08,60.42,154.0,32-64px,91.1,126.8,-35.7,6.43,4866.7
train/IMG_0258.jpg,91.67,117.92,440.0,64-128px,83.7,103.2,-19.5,1.38,2181.4
train/IMG_0258.jpg,17.08,20.42,82.0,16-32px,109.9,109.0,1.0,3.66,13.6
train/IMG_0258.jpg,22.08,22.5,106.0,16-32px,69.8,95.3,-25.6,3.33,104.0
train/IMG_0259.jpg,143.33,167.08,688.0,>=128px,103.4,98.7,4.6,2.88,1550.7
train/IMG_0259.jpg,105.42,112.92,506.0,64-128px,83.3,168.7,-85.4,2.39,5733.7
train/IMG_0259.jpg,162.5,170.0,780.0,>=128px,96.1,99.4,-3.3,0.16,1233.4
train/IMG_0259.jpg,55.42,83.33,266.0,32-64px,57.8,78.8,-21.0,2.01,299.2
train/IMG_0260.jpg,53.33,66.67,256.0,32-64px,89.5,79.1,10.3,0.65,31.4
train/IMG_0260.jpg,52.92,70.42,254.0,32-64px,87.8,102.1,-14.3,4.51,74.5
train/IMG_0260.jpg,61.25,63.75,294.0,32-64px,100.6,89.9,10.7,2.21,54.8
train/IMG_0260.jpg,21.25,36.25,102.0,16-32px,78.2,160.5,-82.3,6.42,117.3
train/IMG_0260.jpg,15.83,31.67,76.0,<16px,135.5,160.1,-24.5,1.9,209.6
train/IMG_0260.jpg,52.5,65.0,252.0,32-64px,66.9,174.6,-107.7,7.75,2260.9
train/IMG_0261.jpg,52.5,67.92,252.0,32-64px,88.1,104.7,-16.6,4.37,3504.7
train/IMG_0261.jpg,60.42,62.08,290.0,32-64px,103.7,91.4,12.3,2.69,4049.2
train/IMG_0261.jpg,53.33,65.83,256.0,32-64px,95.1,80.9,14.2,1.23,2802.0
train/IMG_0261.jpg,30.42,42.92,146.0,16-32px,82.5,103.9,-21.5,2.01,1255.3
train/IMG_0261.jpg,19.17,31.67,92.0,16-32px,78.3,158.8,-80.5,6.36,28.3
train/IMG_0261.jpg,19.17,29.58,92.0,16-32px,139.3,157.6,-18.4,2.31,64.0
train/IMG_0261.jpg,46.25,61.25,222.0,32-64px,69.7,175.6,-106.0,8.06,272.4
train/IMG_0262.jpg,25.83,33.75,124.0,16-32px,124.0,147.0,-22.9,0.98,3827.1
train/IMG_0262.jpg,8.75,19.17,42.0,<16px,76.6,141.1,-64.5,0.91,414.8
train/IMG_0262.jpg,15.83,25.0,76.0,<16px,90.1,129.1,-38.9,0.43,1456.1
train/IMG_0262.jpg,16.67,20.0,80.0,16-32px,139.1,202.4,-63.2,1.19,1258.5
train/IMG_0262.jpg,14.58,15.83,70.0,<16px,81.9,74.8,7.1,0.91,18.3
train/IMG_0262.jpg,12.08,14.58,58.0,<16px,109.2,114.2,-5.0,0.64,97.2
train/IMG_0262.jpg,15.42,27.92,74.0,<16px,36.3,144.4,-108.1,5.44,627.3
train/IMG_0263.jpg,26.67,27.08,128.0,16-32px,111.5,149.9,-38.4,3.95,1246.9
train/IMG_0263.jpg,22.92,34.17,110.0,16-32px,161.2,140.9,20.2,3.06,2115.7
train/IMG_0263.jpg,26.25,35.42,126.0,16-32px,68.8,169.2,-100.4,1.15,2183.5
train/IMG_0263.jpg,12.08,13.33,58.0,<16px,115.5,113.6,1.9,0.37,24.8
train/IMG_0263.jpg,9.17,10.42,44.0,<16px,126.0,124.6,1.4,1.58,49.3
train/IMG_0263.jpg,9.17,28.75,44.0,<16px,208.9,160.5,48.4,4.57,1010.2
train/IMG_0263.jpg,4.58,8.33,22.0,<16px,122.5,156.2,-33.7,2.07,37.7
train/IMG_0265.jpg,41.67,45.0,200.0,32-64px,139.2,148.4,-9.2,0.28,6983.8
train/IMG_0266.jpg,11.25,12.08,54.0,<16px,99.4,98.2,1.2,0.04,20.0
train/IMG_0266.jpg,12.08,12.92,58.0,<16px,94.4,101.8,-7.5,1.03,20.4
train/IMG_0266.jpg,6.25,10.83,30.0,<16px,132.5,83.5,49.0,0.97,10.1
train/IMG_0266.jpg,7.5,8.33,36.0,<16px,94.1,72.6,21.4,0.68,3.5
train/IMG_0266.jpg,6.67,8.33,32.0,<16px,69.6,52.5,17.1,2.13,2.7
train/IMG_0266.jpg,7.92,8.75,38.0,<16px,62.5,46.1,16.3,1.21,3.2
train/IMG_0266.jpg,7.5,8.75,36.0,<16px,61.7,43.1,18.6,1.77,2.4
train/IMG_0266.jpg,7.92,8.33,38.0,<16px,45.3,45.4,-0.1,0.91,2.0
train/IMG_0266.jpg,7.5,7.5,36.0,<16px,60.6,53.4,7.3,1.91,2.1
train/IMG_0266.jpg,8.33,8.33,40.0,<16px,77.3,66.7,10.6,2.76,2.9
train/IMG_0266.jpg,7.08,8.33,34.0,<16px,47.8,45.7,2.1,0.19,2.1
train/IMG_0268.jpg,43.33,45.0,208.0,32-64px,135.3,153.5,-18.1,7.81,3822.6
train/IMG_0268.jpg,62.08,62.5,298.0,32-64px,157.3,111.5,45.8,7.39,4237.2
train/IMG_0269.jpg,44.58,46.25,214.0,32-64px,91.7,73.3,18.4,0.69,4971.3
train/IMG_0269.jpg,31.25,37.92,150.0,16-32px,79.8,97.6,-17.8,0.9,4997.5
train/IMG_0269.jpg,10.42,18.75,50.0,<16px,47.4,87.1,-39.6,3.11,406.2
train/IMG_0269.jpg,31.25,38.33,150.0,16-32px,79.2,97.6,-18.4,0.92,4819.0
train/IMG_0269.jpg,33.33,36.25,160.0,32-64px,83.4,160.9,-77.5,3.44,2764.1
train/IMG_0269.jpg,26.67,46.67,128.0,16-32px,41.7,132.9,-91.2,4.16,1700.0
train/IMG_0270.jpg,63.75,65.83,306.0,32-64px,99.1,137.9,-38.8,2.73,7488.1
train/IMG_0270.jpg,50.42,60.83,242.0,32-64px,76.6,152.7,-76.1,6.13,3655.7
train/IMG_0272.jpg,72.5,72.92,348.0,64-128px,103.0,113.2,-10.2,3.06,7668.1
train/IMG_0272.jpg,80.0,86.67,384.0,64-128px,114.9,124.9,-10.0,0.52,7359.1
train/IMG_0272.jpg,40.42,50.83,194.0,32-64px,154.0,145.9,8.0,2.65,5402.9
train/IMG_0273.jpg,90.83,96.25,436.0,64-128px,116.6,138.3,-21.7,1.79,10842.4
train/IMG_0273.jpg,102.5,116.67,492.0,64-128px,129.4,146.9,-17.5,1.96,6794.0
train/IMG_0273.jpg,48.75,63.75,234.0,32-64px,154.9,148.2,6.7,3.74,6879.1
train/IMG_0274.jpg,49.17,50.42,236.0,32-64px,138.4,110.0,28.5,5.34,4601.3
train/IMG_0274.jpg,42.08,42.92,202.0,32-64px,111.8,122.3,-10.5,3.43,2754.6
train/IMG_0274.jpg,26.25,31.25,126.0,16-32px,29.5,92.4,-63.0,3.76,346.7
train/IMG_0274.jpg,14.17,15.42,68.0,<16px,101.0,136.0,-35.0,0.16,81.1
train/IMG_0275.jpg,19.58,20.42,94.0,16-32px,139.4,128.2,11.2,3.61,761.8
train/IMG_0275.jpg,16.67,18.75,80.0,16-32px,163.7,100.5,63.2,8.34,508.7
train/IMG_0275.jpg,30.0,30.83,144.0,16-32px,128.8,105.3,23.5,6.12,1600.4
train/IMG_0275.jpg,13.33,16.67,64.0,<16px,136.1,122.5,13.6,2.04,169.0
train/IMG_0275.jpg,6.67,6.67,32.0,<16px,87.0,86.4,0.6,0.1,3.4
train/IMG_0276.jpg,35.42,36.67,170.0,32-64px,130.9,132.1,-1.2,4.54,5481.7
train/IMG_0276.jpg,38.75,42.92,186.0,32-64px,134.5,115.6,18.9,4.99,7180.8
train/IMG_0276.jpg,34.17,36.25,164.0,32-64px,153.2,159.5,-6.3,10.98,5495.7
train/IMG_0281.jpg,69.17,88.33,332.0,64-128px,106.3,195.6,-89.3,5.22,3008.5
train/IMG_0281.jpg,87.92,88.75,422.0,64-128px,137.3,103.3,33.9,3.59,3115.8
train/IMG_0281.jpg,25.42,26.67,122.0,16-32px,144.1,156.4,-12.3,2.17,1307.9
train/IMG_0283.jpg,58.75,67.08,282.0,32-64px,134.7,105.9,28.8,18.02,9505.3
train/IMG_0283.jpg,55.42,57.08,266.0,32-64px,120.4,67.8,52.6,7.18,7867.9
train/IMG_0283.jpg,30.0,34.17,144.0,16-32px,87.9,106.0,-18.1,2.6,1410.4
train/IMG_0284.jpg,51.67,57.08,248.0,32-64px,81.6,92.1,-10.5,1.74,4559.3
train/IMG_0284.jpg,112.92,125.0,542.0,64-128px,160.0,183.0,-23.0,34.27,1083.4
train/IMG_0285.jpg,31.67,43.75,152.0,16-32px,56.8,68.4,-11.6,0.94,1710.4
train/IMG_0287.jpg,33.75,35.0,162.0,32-64px,100.1,108.4,-8.3,0.96,138.6
train/IMG_0287.jpg,32.92,46.25,158.0,32-64px,39.9,113.2,-73.4,4.13,629.5
train/IMG_0287.jpg,18.33,27.5,88.0,16-32px,101.0,132.7,-31.6,4.21,368.8
train/IMG_0287.jpg,57.5,79.17,276.0,32-64px,137.2,104.9,32.3,6.35,5103.4
train/IMG_0287.jpg,22.5,33.33,108.0,16-32px,76.6,112.7,-36.1,3.19,1483.2
train/IMG_0288.jpg,75.83,76.67,364.0,64-128px,141.9,95.5,46.4,9.62,8727.1
train/IMG_0288.jpg,41.25,43.33,198.0,32-64px,48.7,66.6,-17.9,0.56,68.7
train/IMG_0289.jpg,25.0,25.0,120.0,16-32px,85.5,80.9,4.6,4.27,1079.0
train/IMG_0289.jpg,27.5,39.17,132.0,16-32px,101.5,120.9,-19.4,1.06,548.7
train/IMG_0289.jpg,19.17,20.0,92.0,16-32px,135.9,151.1,-15.2,3.14,409.1
train/IMG_0291.jpg,94.58,106.25,454.0,64-128px,200.6,147.1,53.5,3.13,2446.5
train/IMG_0292.jpg,109.17,135.0,524.0,64-128px,132.8,126.5,6.3,3.63,842.0
train/IMG_0294.jpg,52.5,55.0,252.0,32-64px,127.6,96.0,31.6,7.09,3305.7
train/IMG_0294.jpg,22.5,34.58,108.0,16-32px,62.0,112.9,-50.8,3.5,458.8
train/IMG_0294.jpg,16.25,32.5,78.0,16-32px,66.2,89.7,-23.5,0.52,65.2
train/IMG_0297.jpg,48.75,48.75,234.0,32-64px,103.8,66.8,37.1,4.38,6304.7
train/IMG_0298.jpg,130.42,153.33,626.0,>=128px,97.9,150.7,-52.8,0.43,2383.4
train/IMG_0298.jpg,90.42,99.58,434.0,64-128px,89.9,142.0,-52.1,0.51,400.1
train/IMG_0300.jpg,38.33,39.58,184.0,32-64px,81.7,96.1,-14.4,2.25,4892.8
train/IMG_0300.jpg,20.83,28.75,100.0,16-32px,52.6,122.6,-70.1,0.4,665.5
train/IMG_0300.jpg,20.42,37.5,98.0,16-32px,67.6,75.0,-7.4,6.22,314.8
train/IMG_0300.jpg,19.58,42.92,94.0,16-32px,88.0,75.4,12.6,7.83,756.2
train/IMG_0300.jpg,22.08,36.25,106.0,16-32px,45.9,89.6,-43.7,2.23,412.9
train/IMG_0300.jpg,6.67,7.08,32.0,<16px,68.1,72.2,-4.0,0.27,3.6
train/IMG_0300.jpg,4.17,6.67,20.0,<16px,57.8,112.9,-55.1,3.36,3.3
train/IMG_0300.jpg,2.92,4.58,14.0,<16px,50.5,87.0,-36.5,0.78,1.8
train/IMG_0300.jpg,2.5,5.0,12.0,<16px,40.7,74.8,-34.1,0.27,2.0
train/IMG_0300.jpg,26.25,30.42,126.0,16-32px,90.9,84.6,6.3,2.01,2465.0
train/IMG_0300.jpg,16.67,27.08,80.0,16-32px,31.5,85.7,-54.2,2.93,634.4
train/IMG_0302.jpg,57.92,64.17,278.0,32-64px,79.9,96.2,-16.2,1.55,3751.2
train/IMG_0306.jpg,67.08,73.75,322.0,64-128px,85.3,145.5,-60.2,2.0,3860.5
train/IMG_0306.jpg,51.67,54.17,248.0,32-64px,90.5,139.2,-48.7,1.1,4646.5
train/IMG_0306.jpg,46.25,46.67,222.0,32-64px,106.4,88.7,17.7,5.41,4334.6
train/IMG_0306.jpg,45.0,46.25,216.0,32-64px,85.3,91.5,-6.2,2.94,5815.7
train/IMG_0306.jpg,30.0,60.42,144.0,16-32px,127.6,74.2,53.4,9.58,1764.5
train/IMG_0306.jpg,49.17,59.17,236.0,32-64px,137.7,141.1,-3.4,1.4,6341.9
train/IMG_0306.jpg,27.92,49.17,134.0,16-32px,153.7,141.6,12.0,1.7,5889.1
train/IMG_0307.jpg,57.5,60.42,276.0,32-64px,129.3,88.7,40.6,8.85,3967.5
train/IMG_0307.jpg,70.0,87.5,336.0,64-128px,83.1,105.5,-22.4,0.32,989.1
train/IMG_0307.jpg,60.83,73.33,292.0,32-64px,95.9,115.2,-19.3,0.52,402.9
train/IMG_0307.jpg,26.25,39.58,126.0,16-32px,74.4,194.1,-119.7,8.7,1961.9
train/IMG_0308.jpg,60.42,62.08,290.0,32-64px,104.8,117.3,-12.4,2.89,8118.3
train/IMG_0308.jpg,31.67,48.33,152.0,16-32px,46.9,134.5,-87.7,3.11,1963.4
train/IMG_0308.jpg,21.67,39.58,104.0,16-32px,194.0,152.8,41.2,5.78,1449.9
train/IMG_0308.jpg,42.08,50.83,202.0,32-64px,98.8,88.0,10.8,0.35,4896.1
train/IMG_0308.jpg,17.92,44.58,86.0,16-32px,63.8,129.8,-66.1,4.73,1285.7
train/IMG_0310.jpg,151.67,162.08,728.0,>=128px,135.7,130.6,5.2,6.3,3220.2
train/IMG_0311.jpg,213.75,216.67,1026.0,>=128px,169.8,144.4,25.4,5.11,1002.4
train/IMG_0312.jpg,56.25,58.33,270.0,32-64px,141.6,119.6,22.1,2.26,6772.4
train/IMG_0312.jpg,45.0,49.58,216.0,32-64px,120.0,128.9,-8.9,2.33,5513.8
train/IMG_0312.jpg,42.08,51.67,202.0,32-64px,124.8,98.4,26.4,4.28,2826.5
train/IMG_0312.jpg,24.17,47.08,116.0,16-32px,42.2,76.7,-34.5,2.26,1088.0
train/IMG_0313.jpg,40.42,43.75,194.0,32-64px,109.3,81.7,27.7,5.08,5184.5
train/IMG_0313.jpg,13.33,31.25,64.0,<16px,36.8,69.8,-33.0,1.56,405.6
train/IMG_0313.jpg,50.42,59.17,242.0,32-64px,115.8,135.0,-19.2,1.43,4326.1
train/IMG_0313.jpg,60.83,62.92,292.0,32-64px,146.3,143.6,2.7,1.96,5905.3
train/IMG_0314.jpg,54.17,56.25,260.0,32-64px,78.3,124.4,-46.1,1.51,3040.0
train/IMG_0314.jpg,28.33,29.58,136.0,16-32px,110.3,117.4,-7.1,0.97,427.9
train/IMG_0317.jpg,57.5,59.58,276.0,32-64px,108.8,137.5,-28.6,5.61,4655.5
train/IMG_0317.jpg,45.83,46.25,220.0,32-64px,116.0,173.0,-57.0,3.14,7625.2
train/IMG_0317.jpg,52.5,52.92,252.0,32-64px,108.4,118.4,-10.0,0.04,7278.3
train/IMG_0317.jpg,5.0,5.42,24.0,<16px,97.6,131.8,-34.2,2.51,3.1
train/IMG_0317.jpg,5.0,6.25,24.0,<16px,69.7,97.4,-27.7,1.9,3.0
train/IMG_0318.jpg,42.5,44.17,204.0,32-64px,105.2,114.1,-8.8,8.44,4332.5
train/IMG_0318.jpg,53.75,55.83,258.0,32-64px,107.8,111.4,-3.6,6.98,4282.8
train/IMG_0318.jpg,45.0,45.83,216.0,32-64px,98.4,93.5,4.9,7.69,4012.5
train/IMG_0319.jpg,17.92,18.75,86.0,16-32px,102.6,98.0,4.6,0.84,1243.9
train/IMG_0319.jpg,15.0,17.5,72.0,<16px,113.0,148.5,-35.5,0.95,579.0
train/IMG_0319.jpg,20.83,20.83,100.0,16-32px,122.7,164.0,-41.3,7.04,2756.5
train/IMG_0319.jpg,18.33,19.17,88.0,16-32px,72.4,100.4,-28.0,0.98,1033.2
train/IMG_0319.jpg,22.08,22.08,106.0,16-32px,99.7,109.4,-9.7,2.5,2215.4
train/IMG_0319.jpg,19.17,22.92,92.0,16-32px,117.3,178.7,-61.4,3.63,1675.8
train/IMG_0319.jpg,20.83,23.33,100.0,16-32px,74.1,97.0,-22.9,0.53,1472.2
train/IMG_0319.jpg,23.33,25.83,112.0,16-32px,98.7,149.4,-50.7,5.79,2288.8
train/IMG_0319.jpg,14.17,16.67,68.0,<16px,115.0,159.8,-44.7,6.42,616.2
train/IMG_0319.jpg,6.67,7.5,32.0,<16px,140.0,167.9,-28.0,2.44,20.3
train/IMG_0319.jpg,4.17,11.67,20.0,<16px,147.7,148.1,-0.4,2.56,118.9
train/IMG_0319.jpg,6.25,8.33,30.0,<16px,162.3,145.0,17.3,0.71,75.5
train/IMG_0319.jpg,5.42,9.17,26.0,<16px,183.8,137.4,46.4,5.19,64.4
train/IMG_0319.jpg,4.58,10.83,22.0,<16px,102.9,129.4,-26.6,2.26,54.4
train/IMG_0319.jpg,10.42,10.83,50.0,<16px,91.9,128.6,-36.7,2.3,79.3
train/IMG_0319.jpg,7.92,8.33,38.0,<16px,102.8,129.4,-26.5,3.51,40.4
train/IMG_0319.jpg,19.17,19.17,92.0,16-32px,63.0,58.6,4.4,2.51,560.2
train/IMG_0319.jpg,15.42,17.5,74.0,<16px,42.7,52.9,-10.3,1.21,146.9
train/IMG_0319.jpg,6.25,7.5,30.0,<16px,58.8,90.2,-31.4,1.1,16.1
train/IMG_0319.jpg,7.92,10.83,38.0,<16px,94.8,133.2,-38.4,5.13,86.3
train/IMG_0319.jpg,5.83,10.42,28.0,<16px,41.2,118.7,-77.6,6.22,29.8
train/IMG_0320.jpg,19.58,21.25,94.0,16-32px,107.0,170.6,-63.6,3.57,1927.0
train/IMG_0320.jpg,19.17,19.58,92.0,16-32px,96.4,99.8,-3.4,0.07,1028.7
train/IMG_0320.jpg,20.0,20.83,96.0,16-32px,66.8,90.3,-23.5,0.29,875.1
train/IMG_0320.jpg,23.75,24.58,114.0,16-32px,94.2,111.7,-17.5,1.56,1964.4
train/IMG_0320.jpg,22.5,24.58,108.0,16-32px,62.8,81.1,-18.3,1.13,1201.6
train/IMG_0320.jpg,22.5,23.33,108.0,16-32px,50.5,69.7,-19.2,0.49,768.0
train/IMG_0320.jpg,21.67,22.08,104.0,16-32px,89.2,127.7,-38.5,4.29,1785.7
train/IMG_0320.jpg,4.58,11.67,22.0,<16px,136.6,115.6,21.1,2.78,164.0
train/IMG_0320.jpg,9.58,13.75,46.0,<16px,98.7,146.6,-48.0,2.89,313.8
train/IMG_0320.jpg,6.67,12.92,32.0,<16px,106.7,143.2,-36.5,3.22,183.0
train/IMG_0320.jpg,5.0,6.67,24.0,<16px,119.6,148.7,-29.1,4.37,11.2
train/IMG_0320.jpg,9.58,9.58,46.0,<16px,87.4,109.9,-22.5,1.34,18.6
train/IMG_0320.jpg,8.33,9.17,40.0,<16px,100.9,134.9,-34.0,2.78,25.2
train/IMG_0320.jpg,17.92,20.83,86.0,16-32px,116.5,143.0,-26.5,1.35,711.3
train/IMG_0320.jpg,17.92,18.75,86.0,16-32px,31.4,42.6,-11.2,0.58,49.9
train/IMG_0320.jpg,15.0,16.25,72.0,<16px,39.8,65.2,-25.4,0.68,97.2
train/IMG_0321.jpg,48.75,57.5,234.0,32-64px,113.4,151.1,-37.7,1.75,6360.1
train/IMG_0321.jpg,34.17,35.42,164.0,32-64px,71.0,107.4,-36.3,1.88,381.5
train/IMG_0321.jpg,74.17,77.08,356.0,64-128px,129.4,125.0,4.4,0.16,2465.8
train/IMG_0321.jpg,65.0,66.25,312.0,64-128px,77.2,128.8,-51.7,0.48,2692.0
train/IMG_0321.jpg,75.42,80.0,362.0,64-128px,99.9,122.2,-22.3,5.61,3898.1
train/IMG_0321.jpg,17.08,22.92,82.0,16-32px,127.0,151.7,-24.7,2.04,1178.5
train/IMG_0321.jpg,8.75,12.08,42.0,<16px,131.3,127.1,4.2,1.52,110.9
train/IMG_0321.jpg,11.67,13.33,56.0,<16px,125.7,113.5,12.2,2.02,147.7
train/IMG_0321.jpg,11.67,14.58,56.0,<16px,136.5,158.4,-21.9,2.23,88.8
train/IMG_0322.jpg,64.58,67.08,310.0,64-128px,95.5,127.7,-32.2,3.9,2141.0
train/IMG_0322.jpg,49.58,51.67,238.0,32-64px,90.8,87.9,2.9,0.26,3797.1
train/IMG_0322.jpg,48.33,54.17,232.0,32-64px,92.1,123.1,-31.0,2.5,5481.1
train/IMG_0322.jpg,44.17,46.25,212.0,32-64px,95.1,69.5,25.7,2.68,3695.4
train/IMG_0322.jpg,29.17,38.33,140.0,16-32px,104.7,84.7,20.0,1.38,2693.4
train/IMG_0322.jpg,32.5,36.25,156.0,32-64px,76.6,67.2,9.5,0.88,1870.0
train/IMG_0322.jpg,25.83,26.25,124.0,16-32px,110.1,57.1,53.1,3.25,1941.0
train/IMG_0325.jpg,162.5,166.25,780.0,>=128px,128.2,120.9,7.2,0.32,5342.0
train/IMG_0325.jpg,75.0,130.83,360.0,64-128px,67.4,92.8,-25.4,2.23,1598.8
train/IMG_0325.jpg,141.25,149.58,678.0,>=128px,108.1,130.7,-22.6,3.86,2458.5
train/IMG_0325.jpg,141.67,159.58,680.0,>=128px,154.9,154.8,0.1,5.31,2675.8
train/IMG_0325.jpg,97.5,140.83,468.0,64-128px,158.8,169.8,-11.0,1.36,2843.1
train/IMG_0325.jpg,132.92,143.75,638.0,>=128px,104.6,154.2,-49.7,0.41,3061.7
train/IMG_0325.jpg,55.42,64.58,266.0,32-64px,96.3,175.7,-79.4,1.51,1442.6
train/IMG_0325.jpg,41.67,62.92,200.0,32-64px,98.9,156.2,-57.3,4.07,1499.6
train/IMG_0325.jpg,25.0,97.5,120.0,16-32px,58.2,132.8,-74.6,0.27,1335.3
train/IMG_0326.jpg,128.33,130.42,616.0,>=128px,82.0,133.9,-51.8,4.61,2159.1
train/IMG_0326.jpg,100.83,107.5,484.0,64-128px,64.1,124.4,-60.3,1.5,1129.8
train/IMG_0327.jpg,180.42,184.58,866.0,>=128px,134.5,131.4,3.1,0.33,1309.6
train/IMG_0327.jpg,164.17,167.5,788.0,>=128px,140.5,122.7,17.8,2.31,701.8
train/IMG_0327.jpg,87.5,141.25,420.0,64-128px,152.9,140.6,12.3,0.05,723.4
train/IMG_0327.jpg,121.25,128.33,582.0,64-128px,131.4,112.5,18.8,1.55,448.9
train/IMG_0327.jpg,170.0,193.33,816.0,>=128px,133.9,176.5,-42.7,3.28,2265.0
train/IMG_0328.jpg,103.33,106.67,496.0,64-128px,98.6,97.0,1.5,1.4,6203.6
train/IMG_0328.jpg,104.58,111.25,502.0,64-128px,142.3,119.2,23.1,8.55,4128.8
train/IMG_0328.jpg,82.08,88.75,394.0,64-128px,101.2,129.0,-27.8,1.31,5077.2
train/IMG_0328.jpg,45.42,56.25,218.0,32-64px,82.6,133.8,-51.2,7.02,1054.7
train/IMG_0328.jpg,18.75,26.67,90.0,16-32px,52.0,110.7,-58.7,7.59,83.7
train/IMG_0328.jpg,79.58,85.0,382.0,64-128px,77.8,109.1,-31.3,0.34,959.6
train/IMG_0328.jpg,90.0,96.67,432.0,64-128px,142.0,148.5,-6.4,3.86,5757.7
train/IMG_0328.jpg,27.92,88.33,134.0,16-32px,69.2,108.3,-39.1,1.27,595.5
train/IMG_0328.jpg,45.0,80.83,216.0,32-64px,68.5,143.8,-75.3,1.14,1312.2
train/IMG_0328.jpg,45.42,66.25,218.0,32-64px,86.5,167.9,-81.4,5.84,7007.1
train/IMG_0329.jpg,118.75,118.75,570.0,64-128px,114.3,136.4,-22.1,2.22,7203.0
train/IMG_0329.jpg,112.08,115.42,538.0,64-128px,97.2,96.6,0.6,1.89,5913.2
train/IMG_0329.jpg,89.17,94.17,428.0,64-128px,157.9,144.7,13.2,0.49,5264.8
train/IMG_0329.jpg,122.92,127.08,590.0,64-128px,124.7,152.4,-27.6,3.43,7100.3
train/IMG_0329.jpg,58.33,66.67,280.0,32-64px,77.6,167.2,-89.6,4.93,14403.8
train/IMG_0329.jpg,128.33,135.42,616.0,>=128px,100.0,99.2,0.8,3.16,7271.6
train/IMG_0329.jpg,107.5,108.75,516.0,64-128px,107.2,134.4,-27.2,0.88,6262.5
train/IMG_0329.jpg,35.0,117.5,168.0,32-64px,127.6,99.0,28.6,7.28,2289.2
train/IMG_0329.jpg,34.58,56.67,166.0,32-64px,53.6,99.8,-46.3,2.22,1332.0
train/IMG_0329.jpg,60.83,88.75,292.0,32-64px,53.5,110.6,-57.1,3.82,1682.7
train/IMG_0329.jpg,23.33,35.0,112.0,16-32px,107.5,177.1,-69.6,7.01,41.6
train/IMG_0332.jpg,127.92,136.25,614.0,64-128px,103.4,114.4,-11.0,0.97,1168.7
train/IMG_0332.jpg,113.33,135.42,544.0,64-128px,114.5,180.1,-65.6,3.48,743.6
train/IMG_0332.jpg,119.58,121.67,574.0,64-128px,106.1,114.5,-8.4,2.38,1077.7
train/IMG_0332.jpg,50.42,92.92,242.0,32-64px,99.0,100.9,-1.9,3.0,410.1
train/IMG_0333.jpg,124.58,128.75,598.0,64-128px,94.3,111.6,-17.3,1.01,4862.6
train/IMG_0333.jpg,59.58,85.0,286.0,32-64px,31.0,105.4,-74.3,3.02,4310.3
train/IMG_0333.jpg,45.0,57.08,216.0,32-64px,103.1,155.8,-52.7,4.5,462.4
train/IMG_0333.jpg,39.17,41.67,188.0,32-64px,62.8,172.9,-110.1,0.43,345.4
train/IMG_0333.jpg,16.25,24.58,78.0,16-32px,37.3,133.3,-96.1,4.51,963.1
train/IMG_0333.jpg,17.08,37.5,82.0,16-32px,100.4,165.8,-65.4,2.66,953.5
train/IMG_0334.jpg,10.42,11.67,50.0,<16px,45.7,113.6,-67.9,1.18,136.0
train/IMG_0334.jpg,11.67,12.08,56.0,<16px,19.4,52.4,-33.0,1.97,60.1
train/IMG_0334.jpg,13.75,15.0,66.0,<16px,53.7,116.9,-63.2,5.43,468.8
train/IMG_0336.jpg,45.0,47.5,216.0,32-64px,74.0,91.8,-17.8,0.52,824.8
train/IMG_0336.jpg,25.42,33.33,122.0,16-32px,37.1,70.5,-33.4,2.93,586.3
train/IMG_0336.jpg,18.33,18.75,88.0,16-32px,86.4,80.0,6.4,0.41,441.0
train/IMG_0339.jpg,82.92,86.25,398.0,64-128px,97.9,142.4,-44.5,3.42,2187.0
train/IMG_0339.jpg,91.67,95.42,440.0,64-128px,128.5,141.0,-12.5,0.95,3342.5
train/IMG_0339.jpg,64.17,65.0,308.0,64-128px,149.5,144.1,5.4,0.01,1910.8
train/IMG_0339.jpg,30.42,35.42,146.0,16-32px,76.6,158.9,-82.3,4.62,758.8
train/IMG_0339.jpg,54.17,78.33,260.0,32-64px,196.2,185.3,10.8,2.17,1058.4
train/IMG_0339.jpg,119.58,119.58,574.0,64-128px,108.7,109.8,-1.1,3.31,6095.3
train/IMG_0339.jpg,93.75,102.08,450.0,64-128px,99.5,97.6,1.9,0.39,6987.9
train/IMG_0339.jpg,57.5,65.42,276.0,32-64px,74.1,117.6,-43.5,3.33,2335.0
train/IMG_0339.jpg,70.83,81.67,340.0,64-128px,78.3,101.0,-22.7,1.66,2217.1
train/IMG_0339.jpg,49.17,59.17,236.0,32-64px,63.8,120.2,-56.4,7.21,839.2
train/IMG_0341.jpg,33.75,35.83,162.0,32-64px,77.1,116.7,-39.6,2.37,1562.9
train/IMG_0341.jpg,11.67,16.67,56.0,<16px,57.7,112.3,-54.6,0.62,77.7
train/IMG_0341.jpg,11.67,15.83,56.0,<16px,50.7,107.3,-56.6,1.15,44.5
train/IMG_0341.jpg,8.75,20.83,42.0,<16px,37.3,120.9,-83.5,4.92,138.9
train/IMG_0341.jpg,26.25,32.5,126.0,16-32px,45.8,73.4,-27.6,4.36,587.7
train/IMG_0341.jpg,10.42,24.58,50.0,<16px,25.1,51.5,-26.4,1.04,150.7
train/IMG_0341.jpg,22.5,26.25,108.0,16-32px,18.2,76.7,-58.5,6.19,613.3
train/IMG_0341.jpg,31.67,32.08,152.0,16-32px,92.1,128.4,-36.3,1.24,3194.5
train/IMG_0341.jpg,28.75,28.75,138.0,16-32px,48.2,120.6,-72.4,1.94,905.8
train/IMG_0341.jpg,12.08,12.92,58.0,<16px,107.6,99.1,8.5,1.12,28.1
train/IMG_0342.jpg,55.83,77.08,268.0,32-64px,142.8,113.5,29.3,2.94,2880.5
train/IMG_0342.jpg,56.67,59.58,272.0,32-64px,127.3,161.5,-34.2,7.09,3785.0
train/IMG_0342.jpg,75.0,79.17,360.0,64-128px,111.1,126.0,-14.9,1.86,3812.6
train/IMG_0342.jpg,60.42,61.67,290.0,32-64px,136.2,159.0,-22.8,6.8,3002.7
train/IMG_0342.jpg,52.08,67.92,250.0,32-64px,124.3,136.1,-11.9,0.87,1443.7
train/IMG_0342.jpg,60.83,63.75,292.0,32-64px,125.0,70.5,54.5,7.03,4615.9
train/IMG_0342.jpg,67.5,67.92,324.0,64-128px,113.0,91.5,21.5,2.64,5432.6
train/IMG_0342.jpg,46.25,50.83,222.0,32-64px,62.1,92.3,-30.2,0.04,334.8
train/IMG_0342.jpg,35.42,37.5,170.0,32-64px,55.4,73.5,-18.1,3.21,398.2
train/IMG_0343.jpg,78.33,86.25,376.0,64-128px,122.3,152.0,-29.8,5.62,7501.6
train/IMG_0343.jpg,83.75,117.92,402.0,64-128px,134.0,137.7,-3.8,4.36,5725.3
train/IMG_0343.jpg,87.08,91.25,418.0,64-128px,138.4,142.7,-4.3,7.8,3882.4
train/IMG_0343.jpg,92.92,114.58,446.0,64-128px,126.8,136.4,-9.6,1.09,8324.2
train/IMG_0343.jpg,62.08,88.75,298.0,32-64px,124.5,100.0,24.5,3.16,4732.4
train/IMG_0344.jpg,102.08,110.0,490.0,64-128px,100.8,116.9,-16.1,5.75,5891.2
train/IMG_0344.jpg,97.92,98.33,470.0,64-128px,133.6,119.9,13.7,7.05,6746.4
train/IMG_0344.jpg,39.58,42.08,190.0,32-64px,46.2,81.5,-35.3,0.16,52.3
train/IMG_0345.jpg,71.67,75.42,344.0,64-128px,112.3,90.7,21.5,4.68,3785.2
train/IMG_0345.jpg,47.92,48.75,230.0,32-64px,63.3,189.4,-126.1,7.22,3553.9
train/IMG_0345.jpg,88.33,92.5,424.0,64-128px,103.2,149.4,-46.2,0.12,1233.8
train/IMG_0345.jpg,44.58,45.0,214.0,32-64px,57.4,83.8,-26.4,4.81,319.5
train/IMG_0345.jpg,39.58,42.5,190.0,32-64px,84.9,97.1,-12.2,7.27,1103.3
train/IMG_0345.jpg,28.75,30.42,138.0,16-32px,62.0,157.9,-95.9,5.02,961.5
train/IMG_0345.jpg,20.0,34.58,96.0,16-32px,35.2,81.5,-46.3,1.63,330.0
train/IMG_0345.jpg,12.5,43.33,60.0,<16px,59.1,115.0,-55.9,9.25,235.0
train/IMG_0345.jpg,23.75,23.75,114.0,16-32px,36.4,75.3,-38.9,1.52,194.2
train/IMG_0346.jpg,87.08,90.0,418.0,64-128px,79.1,72.8,6.3,2.44,792.4
train/IMG_0346.jpg,62.92,70.42,302.0,32-64px,131.3,137.8,-6.5,1.49,2018.1
train/IMG_0346.jpg,62.08,68.33,298.0,32-64px,66.7,130.4,-63.7,2.88,1352.8
train/IMG_0346.jpg,9.58,25.0,46.0,<16px,207.8,155.6,52.1,0.26,153.0
train/IMG_0346.jpg,12.92,33.33,62.0,<16px,125.9,115.0,10.9,1.63,190.2
train/IMG_0346.jpg,36.25,40.0,174.0,32-64px,90.3,79.7,10.6,1.96,21.8
train/IMG_0346.jpg,19.17,25.83,92.0,16-32px,44.3,62.2,-17.9,0.46,6.1
train/IMG_0346.jpg,35.0,69.17,168.0,32-64px,98.3,174.6,-76.2,1.74,504.6
train/IMG_0347.jpg,44.17,45.83,212.0,32-64px,81.5,100.4,-18.9,1.07,1626.2
train/IMG_0348.jpg,58.33,58.75,280.0,32-64px,101.7,109.6,-7.9,6.21,5932.5
train/IMG_0348.jpg,48.75,61.25,234.0,32-64px,90.9,129.6,-38.7,2.71,6319.5
train/IMG_0349.jpg,96.67,97.92,464.0,64-128px,86.0,127.1,-41.1,8.65,3783.2
train/IMG_0349.jpg,74.17,75.0,356.0,64-128px,83.0,117.7,-34.7,6.81,1514.6
train/IMG_0349.jpg,75.0,81.25,360.0,64-128px,109.7,106.8,2.9,3.84,1322.2
train/IMG_0349.jpg,50.42,52.5,242.0,32-64px,79.4,110.5,-31.0,3.56,526.2
train/IMG_0349.jpg,50.42,53.33,242.0,32-64px,99.1,140.1,-41.0,2.17,1641.0
train/IMG_0352.jpg,75.0,75.0,360.0,64-128px,74.1,86.9,-12.8,3.63,3589.4
train/IMG_0352.jpg,87.92,89.58,422.0,64-128px,120.7,102.7,18.0,6.83,6339.3
train/IMG_0352.jpg,85.83,90.42,412.0,64-128px,97.9,90.9,7.0,6.76,7265.8
train/IMG_0352.jpg,44.58,51.25,214.0,32-64px,129.2,139.3,-10.2,2.83,4453.9
train/IMG_0352.jpg,18.33,51.25,88.0,16-32px,53.4,125.8,-72.4,3.57,875.0
train/IMG_0353.jpg,50.83,51.25,244.0,32-64px,113.0,136.3,-23.3,5.81,79.7
train/IMG_0353.jpg,25.42,49.17,122.0,16-32px,155.9,157.6,-1.7,6.58,39.3
train/IMG_0354.jpg,37.92,48.75,182.0,32-64px,98.6,140.7,-42.1,3.06,2270.6
train/IMG_0354.jpg,52.5,55.0,252.0,32-64px,69.0,74.3,-5.2,0.01,1291.1
train/IMG_0354.jpg,29.17,33.33,140.0,16-32px,125.4,138.7,-13.3,6.5,488.5
train/IMG_0356.jpg,106.67,114.17,512.0,64-128px,142.9,136.7,6.2,2.0,9704.7
train/IMG_0358.jpg,82.08,85.0,394.0,64-128px,144.0,139.4,4.6,1.31,6185.6
train/IMG_0358.jpg,58.75,73.33,282.0,32-64px,147.5,122.1,25.4,2.59,6019.6
train/IMG_0358.jpg,32.92,33.75,158.0,32-64px,124.4,142.1,-17.7,1.8,663.0
train/IMG_0358.jpg,35.83,40.0,172.0,32-64px,118.7,124.1,-5.4,0.23,751.3
train/IMG_0358.jpg,28.75,35.83,138.0,16-32px,113.6,189.8,-76.2,2.45,358.3
train/IMG_0358.jpg,19.17,19.17,92.0,16-32px,98.6,163.9,-65.3,5.3,197.0
train/IMG_0358.jpg,15.83,41.25,76.0,<16px,176.2,153.6,22.6,5.09,365.4
train/IMG_0359.jpg,152.5,155.0,732.0,>=128px,93.6,145.1,-51.4,0.05,4367.9
train/IMG_0359.jpg,20.42,47.08,98.0,16-32px,68.4,126.8,-58.4,4.54,265.5
train/IMG_0359.jpg,65.0,101.67,312.0,64-128px,96.2,198.2,-102.0,1.64,2009.1
train/IMG_0359.jpg,20.42,78.75,98.0,16-32px,201.2,171.4,29.8,1.85,3356.0
train/IMG_0359.jpg,23.33,31.67,112.0,16-32px,79.7,141.3,-61.6,2.18,212.6
train/IMG_0359.jpg,45.42,45.83,218.0,32-64px,108.8,139.6,-30.8,4.53,1344.4
train/IMG_0359.jpg,115.83,157.92,556.0,64-128px,99.0,170.1,-71.1,4.6,3485.4
train/IMG_0361.jpg,34.17,35.83,164.0,32-64px,104.7,120.1,-15.4,0.72,2217.0
train/IMG_0363.jpg,70.83,71.67,340.0,64-128px,138.3,115.9,22.4,3.65,2209.9
train/IMG_0363.jpg,67.92,67.92,326.0,64-128px,101.9,102.9,-1.0,6.59,2997.7
train/IMG_0364.jpg,66.67,71.67,320.0,64-128px,123.8,103.4,20.4,4.84,594.9
train/IMG_0364.jpg,62.92,71.67,302.0,32-64px,109.9,129.9,-20.0,0.21,1583.9
train/IMG_0364.jpg,38.33,44.58,184.0,32-64px,54.0,125.5,-71.5,2.88,100.5
train/IMG_0365.jpg,29.58,31.25,142.0,16-32px,86.5,126.4,-39.9,3.44,2212.3
train/IMG_0365.jpg,33.75,38.33,162.0,32-64px,108.8,124.8,-15.9,1.12,2855.9
train/IMG_0366.jpg,47.08,47.08,226.0,32-64px,133.9,115.5,18.4,1.67,3830.8
train/IMG_0368.jpg,37.08,42.5,178.0,32-64px,56.2,130.1,-73.9,3.35,1664.0
train/IMG_0368.jpg,43.33,47.5,208.0,32-64px,119.7,145.9,-26.2,1.53,7027.7
train/IMG_0368.jpg,15.0,17.5,72.0,<16px,104.9,110.3,-5.4,4.38,40.3
train/IMG_0368.jpg,29.17,30.42,140.0,16-32px,107.1,144.9,-37.8,4.84,1154.4
train/IMG_0368.jpg,57.08,58.33,274.0,32-64px,112.4,137.2,-24.8,4.74,3860.8
train/IMG_0368.jpg,35.42,45.83,170.0,32-64px,123.7,137.4,-13.7,0.18,3300.5
train/IMG_0368.jpg,26.67,30.83,128.0,16-32px,73.1,112.0,-38.9,2.36,1560.3
train/IMG_0368.jpg,20.42,24.58,98.0,16-32px,106.7,124.7,-18.0,1.88,1245.7
train/IMG_0368.jpg,32.92,46.67,158.0,32-64px,86.8,162.9,-76.1,2.73,2966.2
train/IMG_0368.jpg,13.75,14.58,66.0,<16px,107.2,164.5,-57.4,2.1,113.6
train/IMG_0368.jpg,22.92,27.08,110.0,16-32px,129.6,172.4,-42.8,4.97,1908.0
train/IMG_0368.jpg,11.67,12.5,56.0,<16px,64.1,114.9,-50.8,3.02,20.3
train/IMG_0368.jpg,14.58,18.75,70.0,<16px,66.6,125.3,-58.7,2.58,263.8
train/IMG_0368.jpg,27.5,34.17,132.0,16-32px,51.5,120.2,-68.6,1.72,1782.9
train/IMG_0368.jpg,6.25,7.5,30.0,<16px,52.6,133.4,-80.8,6.16,43.4
train/IMG_0368.jpg,10.83,12.5,52.0,<16px,42.0,102.0,-60.0,2.82,87.4
train/IMG_0368.jpg,9.17,14.17,44.0,<16px,58.0,120.6,-62.6,0.13,211.3
train/IMG_0368.jpg,13.33,17.08,64.0,<16px,46.4,119.8,-73.4,2.35,419.0
train/IMG_0368.jpg,8.33,18.33,40.0,<16px,37.3,113.0,-75.7,4.43,178.8
train/IMG_0370.jpg,52.92,53.75,254.0,32-64px,113.1,151.0,-37.9,0.18,1479.7
train/IMG_0370.jpg,24.58,34.17,118.0,16-32px,81.0,117.9,-36.8,2.63,1726.6
train/IMG_0370.jpg,54.58,55.0,262.0,32-64px,127.4,122.7,4.6,3.85,2149.4
train/IMG_0370.jpg,30.0,35.0,144.0,16-32px,57.9,88.3,-30.4,0.18,635.8
train/IMG_0370.jpg,63.75,83.75,306.0,32-64px,127.5,132.1,-4.6,3.39,2878.9
train/IMG_0370.jpg,25.0,33.33,120.0,16-32px,52.8,109.8,-56.9,0.05,1042.5
train/IMG_0370.jpg,26.25,29.58,126.0,16-32px,57.0,107.6,-50.6,1.58,1366.6
train/IMG_0370.jpg,19.58,24.17,94.0,16-32px,43.9,122.7,-78.8,0.03,622.3
train/IMG_0370.jpg,29.17,44.58,140.0,16-32px,38.2,115.1,-76.9,4.07,605.3
train/IMG_0370.jpg,8.33,34.58,40.0,<16px,77.2,159.6,-82.4,8.2,58.7
train/IMG_0370.jpg,21.67,27.08,104.0,16-32px,45.6,118.7,-73.1,4.46,1133.8
train/IMG_0370.jpg,31.67,36.67,152.0,16-32px,110.2,155.1,-44.9,5.72,1038.4
train/IMG_0370.jpg,15.83,17.08,76.0,<16px,103.1,128.7,-25.6,1.94,139.6
train/IMG_0370.jpg,25.83,43.75,124.0,16-32px,149.2,188.1,-38.9,3.22,772.7
train/IMG_0370.jpg,12.08,12.5,58.0,<16px,92.4,140.1,-47.6,2.77,154.9
train/IMG_0370.jpg,8.33,9.58,40.0,<16px,110.9,167.5,-56.6,0.61,61.5
train/IMG_0370.jpg,2.92,7.92,14.0,<16px,123.8,164.7,-40.9,2.41,12.3
train/IMG_0371.jpg,36.67,37.92,176.0,32-64px,77.7,106.4,-28.7,0.98,128.3
train/IMG_0371.jpg,28.75,29.17,138.0,16-32px,86.1,114.5,-28.4,3.38,76.1
train/IMG_0371.jpg,26.67,28.75,128.0,16-32px,54.1,105.0,-50.8,6.61,48.8
train/IMG_0371.jpg,29.17,32.08,140.0,16-32px,65.0,100.5,-35.5,0.48,37.9
train/IMG_0371.jpg,39.17,42.5,188.0,32-64px,171.0,156.8,14.1,3.73,2221.4
train/IMG_0371.jpg,36.67,47.08,176.0,32-64px,141.6,179.0,-37.4,4.98,305.5
train/IMG_0371.jpg,19.17,21.25,92.0,16-32px,77.0,136.3,-59.2,0.77,15.7
train/IMG_0371.jpg,27.08,37.08,130.0,16-32px,88.3,134.2,-46.0,2.53,54.6
train/IMG_0371.jpg,27.08,41.67,130.0,16-32px,63.3,115.5,-52.3,1.2,89.1
train/IMG_0371.jpg,8.75,14.58,42.0,<16px,122.4,130.5,-8.2,0.28,12.1
train/IMG_0371.jpg,29.17,55.0,140.0,16-32px,62.9,119.5,-56.7,2.53,128.0
train/IMG_0371.jpg,14.58,18.33,70.0,<16px,40.7,89.3,-48.6,3.37,8.0
train/IMG_0371.jpg,17.92,27.92,86.0,16-32px,77.0,101.8,-24.8,2.06,14.3
train/IMG_0371.jpg,36.67,38.33,176.0,32-64px,77.4,139.3,-61.8,2.28,149.9
train/IMG_0371.jpg,18.75,22.92,90.0,16-32px,57.9,108.1,-50.2,2.33,38.8
train/IMG_0371.jpg,17.08,25.83,82.0,16-32px,57.8,135.6,-77.8,1.67,44.2
train/IMG_0372.jpg,85.83,89.58,412.0,64-128px,103.3,120.9,-17.7,3.84,2666.3
train/IMG_0372.jpg,36.67,37.08,176.0,32-64px,98.9,148.8,-49.8,4.39,3039.7
train/IMG_0372.jpg,50.83,52.08,244.0,32-64px,61.2,137.5,-76.3,0.9,2974.6
train/IMG_0372.jpg,24.17,37.5,116.0,16-32px,163.9,210.2,-46.4,3.05,596.5
train/IMG_0372.jpg,24.17,46.25,116.0,16-32px,77.2,93.2,-16.0,3.32,1312.7
train/IMG_0374.jpg,47.92,47.92,230.0,32-64px,80.1,111.0,-30.9,1.43,794.8
train/IMG_0374.jpg,64.17,65.0,308.0,64-128px,83.4,103.0,-19.6,5.47,2373.3
train/IMG_0374.jpg,32.92,48.75,158.0,32-64px,46.5,91.2,-44.7,0.18,597.7
train/IMG_0374.jpg,38.33,40.83,184.0,32-64px,52.0,92.8,-40.7,2.07,481.2
train/IMG_0374.jpg,28.75,42.08,138.0,16-32px,140.8,144.7,-3.9,1.72,1443.7
train/IMG_0374.jpg,46.67,52.5,224.0,32-64px,114.5,152.8,-38.3,2.45,1736.1
train/IMG_0374.jpg,28.33,31.25,136.0,16-32px,44.3,89.3,-45.0,0.18,418.9
train/IMG_0374.jpg,17.5,25.0,84.0,16-32px,75.4,185.6,-110.2,6.97,309.7
train/IMG_0376.jpg,60.83,69.17,292.0,32-64px,120.4,113.2,7.2,3.05,377.2
train/IMG_0376.jpg,62.5,65.0,300.0,32-64px,98.3,133.3,-35.0,2.96,1015.6
train/IMG_0376.jpg,138.75,161.25,666.0,>=128px,125.5,161.1,-35.5,6.46,5624.1
train/IMG_0376.jpg,35.0,35.42,168.0,32-64px,78.8,93.2,-14.3,4.58,21.7
train/IMG_0377.jpg,97.08,107.92,466.0,64-128px,97.5,122.2,-24.7,1.58,5808.9
train/IMG_0378.jpg,77.08,81.67,370.0,64-128px,85.6,134.0,-48.4,0.14,4449.7
train/IMG_0378.jpg,80.42,83.33,386.0,64-128px,142.6,141.6,1.0,1.78,5808.7
train/IMG_0378.jpg,32.5,34.17,156.0,32-64px,144.3,134.6,9.8,2.98,2321.5
train/IMG_0379.jpg,31.67,32.5,152.0,16-32px,139.6,140.1,-0.6,6.97,2516.6
train/IMG_0379.jpg,32.92,32.92,158.0,32-64px,130.0,142.2,-12.2,4.82,3014.4
train/IMG_0379.jpg,10.83,14.58,52.0,<16px,103.0,132.2,-29.2,1.4,136.3
train/IMG_0379.jpg,7.5,19.17,36.0,<16px,39.0,125.8,-86.8,5.91,231.7
train/IMG_0382.jpg,349.58,360.0,1678.0,>=128px,141.5,140.8,0.8,1.12,989.6
train/IMG_0383.jpg,63.33,67.5,304.0,32-64px,116.0,128.1,-12.2,3.21,5569.2
train/IMG_0383.jpg,49.17,54.58,236.0,32-64px,103.3,139.9,-36.6,1.3,595.3
train/IMG_0383.jpg,80.42,81.67,386.0,64-128px,109.5,168.2,-58.7,7.86,3836.6
train/IMG_0383.jpg,30.83,38.33,148.0,16-32px,101.3,79.4,21.9,0.45,351.3
train/IMG_0383.jpg,20.0,36.25,96.0,16-32px,56.0,74.7,-18.7,0.31,22.4
train/IMG_0383.jpg,17.08,19.17,82.0,16-32px,49.7,81.3,-31.6,1.99,15.2
train/IMG_0383.jpg,20.42,31.67,98.0,16-32px,97.6,137.0,-39.4,1.03,849.8
train/IMG_0384.jpg,52.08,55.83,250.0,32-64px,112.6,141.5,-28.9,5.19,7372.6
train/IMG_0384.jpg,12.08,13.75,58.0,<16px,86.2,87.4,-1.1,0.38,20.8
train/IMG_0384.jpg,7.92,10.83,38.0,<16px,102.0,112.2,-10.2,0.27,12.9
train/IMG_0384.jpg,3.33,9.17,16.0,<16px,67.6,61.2,6.4,0.55,3.0
train/IMG_0384.jpg,9.17,10.83,44.0,<16px,108.6,165.6,-57.0,0.54,128.2
train/IMG_0384.jpg,9.58,10.0,46.0,<16px,130.0,134.2,-4.2,1.85,42.1
train/IMG_0384.jpg,7.92,10.83,38.0,<16px,117.3,115.5,1.9,3.33,5.4
train/IMG_0387.jpg,47.08,67.92,226.0,32-64px,177.8,153.4,24.4,3.65,666.1
train/IMG_0388.jpg,54.58,56.25,262.0,32-64px,134.0,84.7,49.3,2.7,9217.0
train/IMG_0388.jpg,50.42,52.92,242.0,32-64px,137.0,130.4,6.6,1.73,3778.2
train/IMG_0388.jpg,32.08,44.58,154.0,32-64px,74.4,136.0,-61.6,2.19,1108.2
train/IMG_0389.jpg,132.5,141.67,636.0,>=128px,114.2,156.6,-42.4,2.11,6722.9
train/IMG_0389.jpg,48.33,96.67,232.0,32-64px,73.5,131.3,-57.8,7.14,4907.5
train/IMG_0390.jpg,164.58,167.08,790.0,>=128px,140.4,111.8,28.6,2.07,12103.3
train/IMG_0391.jpg,63.75,70.42,306.0,32-64px,91.6,121.3,-29.7,1.79,4063.7
train/IMG_0392.jpg,74.58,83.33,358.0,64-128px,115.3,177.7,-62.4,9.34,9820.2
train/IMG_0394.jpg,39.58,47.08,190.0,32-64px,74.5,97.6,-23.0,10.53,2335.7
train/IMG_0396.jpg,59.58,62.08,286.0,32-64px,122.1,97.1,25.1,3.07,8042.2
train/IMG_0396.jpg,38.75,53.75,186.0,32-64px,105.1,106.5,-1.4,2.47,5826.2
train/IMG_0396.jpg,39.17,57.5,188.0,32-64px,117.0,121.5,-4.5,5.52,5800.6
train/IMG_0396.jpg,58.33,62.5,280.0,32-64px,114.3,167.8,-53.5,16.44,7536.8
train/IMG_0397.jpg,41.67,46.25,200.0,32-64px,113.6,147.5,-34.0,1.11,5940.8
train/IMG_0397.jpg,60.0,65.42,288.0,32-64px,123.9,135.5,-11.6,0.59,2373.6
train/IMG_0397.jpg,18.33,18.75,88.0,16-32px,116.7,139.0,-22.3,1.49,110.9
train/IMG_0397.jpg,15.42,17.5,74.0,<16px,99.2,85.8,13.4,1.94,81.6
train/IMG_0397.jpg,5.83,10.83,28.0,<16px,95.6,174.7,-79.1,1.01,13.2
train/IMG_0397.jpg,3.75,7.92,18.0,<16px,164.7,210.6,-45.9,0.68,3.7
train/IMG_0398.jpg,30.42,33.33,146.0,16-32px,71.0,87.3,-16.4,0.55,1616.9
train/IMG_0398.jpg,41.25,65.83,198.0,32-64px,145.7,162.2,-16.4,3.45,5522.5
train/IMG_0399.jpg,65.83,70.83,316.0,64-128px,98.2,92.1,6.2,0.68,1092.1
train/IMG_0399.jpg,36.25,38.75,174.0,32-64px,62.7,117.6,-54.9,1.4,3344.8
train/IMG_0399.jpg,5.42,6.25,26.0,<16px,61.2,117.7,-56.5,1.95,6.6
train/IMG_0401.jpg,41.67,50.83,200.0,32-64px,86.2,148.8,-62.6,3.38,4873.1
train/IMG_0401.jpg,13.33,16.25,64.0,<16px,76.1,150.2,-74.0,4.9,69.8
train/IMG_0401.jpg,7.08,12.92,34.0,<16px,101.0,136.9,-35.8,4.88,7.4
train/IMG_0402.jpg,38.33,66.25,184.0,32-64px,42.0,134.4,-92.5,3.94,3305.8
train/IMG_0402.jpg,42.5,57.92,204.0,32-64px,93.7,161.6,-67.9,2.37,5772.4
train/IMG_0402.jpg,10.0,17.5,48.0,<16px,47.1,89.3,-42.1,1.05,19.7
train/IMG_0402.jpg,37.92,39.58,182.0,32-64px,77.8,116.0,-38.2,1.9,1574.4
train/IMG_0403.jpg,65.42,72.92,314.0,64-128px,117.2,153.2,-35.9,0.43,7573.5
train/IMG_0403.jpg,61.25,62.5,294.0,32-64px,91.8,95.6,-3.8,0.82,5478.6
train/IMG_0403.jpg,25.42,27.92,122.0,16-32px,76.5,173.1,-96.6,4.38,1236.7
train/IMG_0405.jpg,78.75,84.17,378.0,64-128px,115.1,109.0,6.0,1.82,7897.6
train/IMG_0405.jpg,60.83,65.42,292.0,32-64px,90.8,130.5,-39.6,3.89,3336.3
train/IMG_0406.jpg,25.42,26.25,122.0,16-32px,68.4,117.1,-48.7,0.59,1085.3
train/IMG_0406.jpg,11.67,16.25,56.0,<16px,66.3,140.4,-74.2,1.28,502.1
train/IMG_0407.jpg,55.83,61.25,268.0,32-64px,146.1,142.8,3.3,0.57,4006.7
train/IMG_0407.jpg,25.83,27.5,124.0,16-32px,92.0,111.9,-19.9,0.47,734.8
train/IMG_0409.jpg,47.08,57.5,226.0,32-64px,154.8,157.1,-2.3,0.49,4572.2
train/IMG_0409.jpg,40.0,42.08,192.0,32-64px,147.1,100.0,47.1,9.52,3734.4
train/IMG_0409.jpg,27.08,47.08,130.0,16-32px,42.8,78.9,-36.1,3.24,2138.7
train/IMG_0409.jpg,31.67,39.17,152.0,16-32px,55.8,96.2,-40.4,3.06,3149.5
train/IMG_0410.jpg,45.42,46.67,218.0,32-64px,72.6,66.3,6.3,5.21,619.2
train/IMG_0410.jpg,41.25,42.5,198.0,32-64px,78.3,83.9,-5.6,1.8,249.9
train/IMG_0411.jpg,28.75,40.83,138.0,16-32px,68.3,94.0,-25.7,10.22,2500.2
train/IMG_0411.jpg,27.08,32.5,130.0,16-32px,54.5,92.7,-38.2,1.94,945.3
train/IMG_0411.jpg,51.67,58.75,248.0,32-64px,135.7,167.7,-31.9,1.37,5621.3
train/IMG_0411.jpg,31.25,44.17,150.0,16-32px,116.6,127.3,-10.7,2.34,2657.3
train/IMG_0412.jpg,38.33,39.58,184.0,32-64px,94.8,98.0,-3.1,1.95,1563.0
train/IMG_0412.jpg,18.75,32.5,90.0,16-32px,47.6,125.5,-77.9,5.15,371.7
train/IMG_0412.jpg,20.0,30.83,96.0,16-32px,55.8,69.8,-14.0,1.98,254.6
train/IMG_0412.jpg,17.5,23.75,84.0,16-32px,52.7,113.0,-60.3,4.74,251.8
train/IMG_0412.jpg,15.0,17.5,72.0,<16px,84.8,119.9,-35.1,2.7,186.1
train/IMG_0412.jpg,15.0,15.42,72.0,<16px,109.4,109.6,-0.2,1.35,27.5
train/IMG_0414.jpg,56.25,65.42,270.0,32-64px,116.6,120.7,-4.0,1.61,4291.8
train/IMG_0414.jpg,21.67,26.25,104.0,16-32px,42.2,45.6,-3.4,1.17,96.9
train/IMG_0415.jpg,60.83,72.5,292.0,32-64px,110.1,115.2,-5.1,3.52,10405.8
train/IMG_0415.jpg,77.92,89.17,374.0,64-128px,138.2,108.3,29.8,4.43,10234.7
train/IMG_0415.jpg,45.0,48.33,216.0,32-64px,106.2,108.2,-2.1,0.94,3172.5
train/IMG_0415.jpg,17.92,55.0,86.0,16-32px,110.2,81.2,29.0,7.98,538.8
train/IMG_0416.jpg,42.08,47.92,202.0,32-64px,85.4,126.0,-40.6,1.63,491.7
train/IMG_0416.jpg,13.75,62.92,66.0,<16px,127.3,156.9,-29.6,14.68,679.7
train/IMG_0419.jpg,52.5,56.25,252.0,32-64px,140.4,107.0,33.4,7.73,5069.7
train/IMG_0419.jpg,43.75,47.08,210.0,32-64px,137.1,137.3,-0.2,1.69,7445.4
train/IMG_0419.jpg,55.83,60.0,268.0,32-64px,114.4,140.2,-25.8,0.43,2128.9
train/IMG_0419.jpg,10.0,38.33,48.0,<16px,199.0,155.1,44.0,3.84,565.4
train/IMG_0419.jpg,32.08,76.25,154.0,32-64px,168.9,89.8,79.1,6.28,1878.7
train/IMG_0419.jpg,8.33,21.25,40.0,<16px,175.8,168.4,7.3,0.6,746.1
train/IMG_0419.jpg,26.25,35.83,126.0,16-32px,57.2,143.7,-86.5,6.11,2202.6
train/IMG_0421.jpg,26.25,35.83,126.0,16-32px,87.6,138.0,-50.5,7.23,1799.4
train/IMG_0421.jpg,41.67,42.08,200.0,32-64px,116.4,129.8,-13.4,0.11,5145.1
train/IMG_0423.jpg,80.0,81.25,384.0,64-128px,107.8,136.2,-28.4,0.53,3384.6
train/IMG_0423.jpg,106.25,106.67,510.0,64-128px,134.1,123.6,10.5,2.4,2870.9
train/IMG_0423.jpg,88.33,89.17,424.0,64-128px,141.5,130.7,10.9,0.82,5451.0
train/IMG_0427.jpg,85.42,86.25,410.0,64-128px,159.6,157.1,2.5,0.49,6998.9
train/IMG_0427.jpg,48.33,49.17,232.0,32-64px,68.4,111.7,-43.3,2.62,2107.0
train/IMG_0428.jpg,71.67,73.75,344.0,64-128px,68.5,89.2,-20.7,1.89,6156.1
train/IMG_0430.jpg,74.58,75.42,358.0,64-128px,62.3,120.6,-58.3,4.21,4791.3
train/IMG_0430.jpg,45.42,60.83,218.0,32-64px,63.1,87.6,-24.5,2.31,2686.8
train/IMG_0430.jpg,37.5,53.33,180.0,32-64px,93.4,119.0,-25.6,0.8,227.3
train/IMG_0430.jpg,13.33,22.5,64.0,<16px,56.7,154.1,-97.4,4.27,31.6
train/IMG_0431.jpg,51.67,54.17,248.0,32-64px,122.6,122.8,-0.3,2.68,1234.8
train/IMG_0433.jpg,25.42,30.42,122.0,16-32px,65.3,94.8,-29.5,1.94,1154.7
train/IMG_0434.jpg,49.17,82.5,236.0,32-64px,155.0,169.6,-14.6,1.63,11882.7
train/IMG_0435.jpg,62.08,67.08,298.0,32-64px,127.4,120.0,7.5,2.45,5018.2
train/IMG_0435.jpg,16.67,42.92,80.0,16-32px,108.2,161.5,-53.2,2.04,1039.3
train/IMG_0435.jpg,27.92,32.08,134.0,16-32px,51.5,148.6,-97.1,7.56,1366.0
train/IMG_0436.jpg,120.42,122.5,578.0,64-128px,102.3,101.4,1.0,1.34,4395.9
train/IMG_0436.jpg,77.08,78.75,370.0,64-128px,74.8,94.6,-19.8,1.39,991.4
train/IMG_0438.jpg,57.5,74.17,276.0,32-64px,105.4,105.6,-0.2,1.69,9238.9
train/IMG_0438.jpg,37.08,47.08,178.0,32-64px,58.0,92.1,-34.0,4.78,1365.6
train/IMG_0439.jpg,70.83,72.5,340.0,64-128px,106.5,92.0,14.4,2.73,4157.7
train/IMG_0439.jpg,54.58,56.67,262.0,32-64px,111.2,84.8,26.4,3.89,2486.4
train/IMG_0440.jpg,50.83,107.92,244.0,32-64px,126.4,134.1,-7.7,0.12,2395.7
train/IMG_0440.jpg,52.5,58.33,252.0,32-64px,85.8,113.7,-27.9,3.64,1016.7
train/IMG_0442.jpg,87.92,92.5,422.0,64-128px,84.4,131.8,-47.5,0.75,7042.3
train/IMG_0442.jpg,18.75,45.0,90.0,16-32px,150.0,122.2,27.8,3.63,2579.4
train/IMG_0442.jpg,22.5,37.5,108.0,16-32px,34.8,86.3,-51.5,3.65,1357.0
train/IMG_0444.jpg,58.33,60.0,280.0,32-64px,136.0,152.0,-16.0,6.22,3100.9
train/IMG_0444.jpg,51.25,54.58,246.0,32-64px,123.2,115.9,7.4,6.59,7254.8
train/IMG_0444.jpg,12.5,17.5,60.0,<16px,165.6,180.3,-14.7,10.89,768.0
train/IMG_0444.jpg,5.0,12.5,24.0,<16px,201.9,201.2,0.7,6.6,180.8
train/IMG_0444.jpg,12.5,15.83,60.0,<16px,163.9,189.6,-25.7,7.12,667.5
train/IMG_0444.jpg,18.75,21.25,90.0,16-32px,64.0,173.1,-109.2,3.02,949.5
train/IMG_0444.jpg,10.0,20.0,48.0,<16px,45.7,128.1,-82.5,2.44,384.7
train/IMG_0446.jpg,20.42,22.5,98.0,16-32px,76.1,114.8,-38.8,3.84,715.7
train/IMG_0446.jpg,29.58,30.42,142.0,16-32px,102.7,87.4,15.3,3.62,1795.5
train/IMG_0446.jpg,21.67,22.92,104.0,16-32px,119.6,114.7,4.9,0.43,1448.8
train/IMG_0446.jpg,23.75,29.17,114.0,16-32px,74.5,89.2,-14.7,1.32,1554.6
train/IMG_0446.jpg,7.5,16.25,36.0,<16px,72.2,84.1,-11.9,1.31,357.3
train/IMG_0446.jpg,8.75,9.17,42.0,<16px,59.1,51.4,7.7,3.01,4.6
train/IMG_0446.jpg,9.58,10.0,46.0,<16px,62.9,57.8,5.1,2.27,9.7
train/IMG_0446.jpg,9.17,9.58,44.0,<16px,125.0,114.0,11.0,1.98,11.0
train/IMG_0446.jpg,9.17,9.17,44.0,<16px,89.8,73.0,16.8,2.52,14.9
train/IMG_0449.jpg,80.83,85.42,388.0,64-128px,144.1,147.2,-3.2,2.18,8228.9
train/IMG_0449.jpg,50.0,94.58,240.0,32-64px,128.5,122.6,5.9,0.77,2806.7
train/IMG_0450.jpg,47.92,59.17,230.0,32-64px,85.8,157.0,-71.2,1.35,1692.1
train/IMG_0450.jpg,45.0,65.0,216.0,32-64px,153.0,172.6,-19.6,5.18,4540.1
train/IMG_0450.jpg,17.5,18.33,84.0,16-32px,69.6,116.4,-46.8,3.6,138.2
train/IMG_0450.jpg,45.42,54.17,218.0,32-64px,58.2,113.4,-55.2,4.58,1458.0
train/IMG_0450.jpg,42.92,43.33,206.0,32-64px,144.8,155.8,-11.0,2.72,2193.0
train/IMG_0452.jpg,40.83,42.5,196.0,32-64px,114.9,160.7,-45.9,0.48,10314.3
train/IMG_0452.jpg,23.75,33.75,114.0,16-32px,49.4,68.5,-19.1,0.8,351.8
train/IMG_0452.jpg,20.42,25.83,98.0,16-32px,63.8,60.0,3.8,2.18,463.8
train/IMG_0452.jpg,23.33,33.33,112.0,16-32px,62.4,123.5,-61.2,0.61,1395.2
train/IMG_0452.jpg,3.75,9.58,18.0,<16px,39.8,49.0,-9.2,0.32,5.3
train/IMG_0452.jpg,17.5,23.75,84.0,16-32px,39.0,71.1,-32.1,2.5,531.0
train/IMG_0452.jpg,19.17,19.58,92.0,16-32px,114.4,95.8,18.6,2.07,518.9
train/IMG_0452.jpg,10.42,17.92,50.0,<16px,82.7,102.6,-19.9,1.38,190.7
train/IMG_0452.jpg,17.08,17.92,82.0,16-32px,78.6,75.3,3.3,1.2,309.7
train/IMG_0452.jpg,7.08,7.5,34.0,<16px,109.3,77.5,31.8,4.52,5.7
train/IMG_0452.jpg,12.92,16.67,62.0,<16px,137.2,153.9,-16.8,1.03,455.5
train/IMG_0452.jpg,22.08,24.17,106.0,16-32px,59.1,68.9,-9.8,0.62,197.7
train/IMG_0455.jpg,80.42,81.25,386.0,64-128px,158.8,124.6,34.2,7.11,6824.6
train/IMG_0455.jpg,96.67,101.25,464.0,64-128px,155.4,108.0,47.4,4.04,4149.2
train/IMG_0455.jpg,58.33,67.08,280.0,32-64px,99.1,155.4,-56.4,3.58,6327.6
train/IMG_0455.jpg,36.67,39.58,176.0,32-64px,56.5,141.7,-85.2,5.3,1771.8
train/IMG_0455.jpg,29.17,34.58,140.0,16-32px,175.6,180.4,-4.8,1.94,3980.7
train/IMG_0455.jpg,79.58,192.5,382.0,64-128px,184.4,117.3,67.1,5.43,3945.3
train/IMG_0455.jpg,35.83,64.17,172.0,32-64px,118.4,99.8,18.6,4.4,5571.8
train/IMG_0455.jpg,22.08,46.67,106.0,16-32px,40.0,134.4,-94.4,5.71,691.3
train/IMG_0456.jpg,52.08,54.58,250.0,32-64px,120.7,144.2,-23.4,0.88,853.0
train/IMG_0456.jpg,105.42,159.17,506.0,64-128px,113.5,131.7,-18.2,0.19,3371.2
train/IMG_0456.jpg,75.0,78.33,360.0,64-128px,160.2,138.7,21.5,2.4,6654.0
train/IMG_0456.jpg,30.0,56.25,144.0,16-32px,93.2,155.3,-62.1,5.23,198.2
train/IMG_0457.jpg,50.42,52.5,242.0,32-64px,136.8,150.9,-14.0,0.32,6414.4
train/IMG_0457.jpg,21.67,27.5,104.0,16-32px,126.2,144.1,-17.9,2.36,383.1
train/IMG_0458.jpg,42.08,42.5,202.0,32-64px,131.5,141.1,-9.7,0.22,5762.4
train/IMG_0461.jpg,34.17,35.42,164.0,32-64px,160.9,151.8,9.0,4.49,3611.2
train/IMG_0461.jpg,37.08,37.92,178.0,32-64px,120.2,88.1,32.1,3.76,3657.7
train/IMG_0461.jpg,7.08,11.25,34.0,<16px,136.9,185.1,-48.2,6.96,116.5
train/IMG_0461.jpg,27.92,33.75,134.0,16-32px,113.2,176.3,-63.1,4.53,3480.8
train/IMG_0461.jpg,22.5,29.58,108.0,16-32px,134.6,154.3,-19.7,6.29,2746.6
train/IMG_0461.jpg,17.5,17.92,84.0,16-32px,111.4,115.5,-4.1,6.53,61.2
train/IMG_0461.jpg,10.42,10.83,50.0,<16px,97.2,138.2,-41.0,1.63,46.0
train/IMG_0462.jpg,44.17,47.92,212.0,32-64px,97.2,110.0,-12.8,1.43,4351.7
train/IMG_0462.jpg,23.75,29.17,114.0,16-32px,108.3,145.1,-36.8,4.93,820.9
train/IMG_0462.jpg,5.0,15.0,24.0,<16px,122.5,94.4,28.1,1.33,110.6
train/IMG_0462.jpg,7.92,8.75,38.0,<16px,101.3,113.5,-12.2,0.52,6.1
train/IMG_0462.jpg,5.0,7.5,24.0,<16px,136.4,138.4,-2.0,2.21,15.2
train/IMG_0462.jpg,5.0,6.67,24.0,<16px,100.3,102.1,-1.7,0.04,3.6
train/IMG_0462.jpg,5.42,5.83,26.0,<16px,114.9,134.9,-20.0,0.93,4.2
train/IMG_0462.jpg,5.0,7.08,24.0,<16px,101.3,69.2,32.1,4.46,4.3
train/IMG_0462.jpg,6.25,6.25,30.0,<16px,116.8,110.0,6.9,0.09,3.5
train/IMG_0463.jpg,20.83,23.33,100.0,16-32px,110.2,142.4,-32.2,7.04,2322.1
train/IMG_0463.jpg,7.92,8.75,38.0,<16px,98.5,91.1,7.3,5.73,41.7
train/IMG_0463.jpg,7.08,7.5,34.0,<16px,89.6,113.5,-23.8,0.81,19.3
train/IMG_0463.jpg,7.92,8.75,38.0,<16px,111.4,132.6,-21.2,2.13,36.1
train/IMG_0463.jpg,7.08,7.92,34.0,<16px,103.0,142.2,-39.2,0.05,38.1
train/IMG_0463.jpg,13.75,14.17,66.0,<16px,74.1,127.5,-53.3,3.86,243.1
train/IMG_0463.jpg,7.92,10.83,38.0,<16px,137.0,155.3,-18.3,2.73,67.5
train/IMG_0463.jpg,5.83,6.67,28.0,<16px,63.6,113.3,-49.6,0.51,11.7
train/IMG_0463.jpg,5.0,6.25,24.0,<16px,67.1,109.3,-42.2,3.9,10.2
train/IMG_0463.jpg,3.33,5.0,16.0,<16px,156.2,147.2,8.9,3.28,4.4
train/IMG_0463.jpg,6.25,6.67,30.0,<16px,57.6,81.8,-24.2,0.32,10.7
train/IMG_0463.jpg,6.25,6.25,30.0,<16px,123.9,146.6,-22.7,1.01,13.7
train/IMG_0463.jpg,2.5,5.42,12.0,<16px,104.3,114.0,-9.7,0.62,2.5
train/IMG_0463.jpg,8.33,8.75,40.0,<16px,119.2,113.0,6.2,1.88,32.0
train/IMG_0463.jpg,8.33,8.33,40.0,<16px,103.3,109.0,-5.8,0.72,20.9
train/IMG_0463.jpg,7.5,7.5,36.0,<16px,124.1,96.6,27.5,2.35,29.9
train/IMG_0463.jpg,7.5,7.5,36.0,<16px,109.8,94.5,15.3,1.26,12.5
train/IMG_0463.jpg,7.08,7.08,34.0,<16px,73.0,61.8,11.2,0.72,4.5
train/IMG_0463.jpg,4.58,7.5,22.0,<16px,90.3,61.0,29.3,3.29,3.7
train/IMG_0463.jpg,6.67,8.75,32.0,<16px,84.8,120.1,-35.3,2.51,29.7
train/IMG_0463.jpg,7.08,7.92,34.0,<16px,94.1,92.5,1.6,1.46,12.8
train/IMG_0463.jpg,6.25,7.08,30.0,<16px,122.4,124.2,-1.8,0.08,15.8
train/IMG_0464.jpg,17.92,20.42,86.0,16-32px,73.4,108.9,-35.5,1.67,459.2
train/IMG_0464.jpg,6.67,9.58,32.0,<16px,149.6,143.5,6.1,0.39,73.8
train/IMG_0464.jpg,10.83,10.83,52.0,<16px,73.9,90.1,-16.2,3.83,166.0
train/IMG_0464.jpg,8.33,8.33,40.0,<16px,93.5,101.5,-8.0,6.28,20.1
train/IMG_0464.jpg,7.92,9.58,38.0,<16px,65.1,72.2,-7.2,0.11,10.1
train/IMG_0464.jpg,8.33,8.75,40.0,<16px,87.5,62.7,24.8,1.41,12.0
train/IMG_0464.jpg,7.08,7.92,34.0,<16px,77.2,78.5,-1.3,4.56,7.1
train/IMG_0464.jpg,8.33,8.75,40.0,<16px,87.5,85.2,2.3,0.05,10.3
train/IMG_0464.jpg,6.25,7.5,30.0,<16px,49.7,79.5,-29.8,0.01,7.9
train/IMG_0464.jpg,7.5,7.5,36.0,<16px,92.9,88.5,4.5,1.39,9.4
train/IMG_0464.jpg,6.67,7.08,32.0,<16px,111.0,123.0,-12.1,0.85,14.2
train/IMG_0464.jpg,7.08,8.33,34.0,<16px,86.5,123.7,-37.2,1.85,33.0
train/IMG_0465.jpg,27.08,27.08,130.0,16-32px,124.7,132.1,-7.4,4.6,1023.6
train/IMG_0465.jpg,54.17,65.0,260.0,32-64px,113.2,142.7,-29.5,0.95,3280.5
train/IMG_0465.jpg,7.92,9.17,38.0,<16px,111.9,133.0,-21.1,1.47,5.2
train/IMG_0465.jpg,9.17,9.58,44.0,<16px,109.0,103.6,5.5,0.53,7.8
train/IMG_0465.jpg,9.17,10.0,44.0,<16px,118.8,156.1,-37.2,0.35,15.3
train/IMG_0465.jpg,7.08,7.5,34.0,<16px,82.7,137.4,-54.7,2.68,11.3
train/IMG_0467.jpg,43.33,52.92,208.0,32-64px,103.9,125.3,-21.4,0.05,1621.8
train/IMG_0467.jpg,22.92,23.75,110.0,16-32px,126.2,164.1,-37.9,1.17,2555.5
train/IMG_0467.jpg,16.25,18.75,78.0,16-32px,99.5,161.2,-61.7,0.81,694.1
train/IMG_0468.jpg,29.58,38.75,142.0,16-32px,51.4,112.4,-61.0,1.28,720.5
train/IMG_0468.jpg,18.75,27.5,90.0,16-32px,101.7,118.3,-16.6,6.6,495.8
train/IMG_0473.jpg,55.83,59.58,268.0,32-64px,122.4,118.7,3.8,0.1,1834.7
train/IMG_0474.jpg,29.58,34.58,142.0,16-32px,118.1,155.8,-37.8,3.63,1875.5
train/IMG_0474.jpg,29.17,29.58,140.0,16-32px,140.1,109.2,31.0,4.59,2623.6
train/IMG_0474.jpg,24.58,25.83,118.0,16-32px,92.1,94.4,-2.4,0.68,1511.1
train/IMG_0474.jpg,26.67,28.33,128.0,16-32px,124.3,122.9,1.4,1.04,3224.3
train/IMG_0474.jpg,12.08,22.92,58.0,<16px,100.6,112.7,-12.1,0.56,766.1
train/IMG_0474.jpg,12.08,17.5,58.0,<16px,50.3,86.5,-36.2,2.5,203.2
train/IMG_0474.jpg,27.08,28.33,130.0,16-32px,98.1,97.1,1.0,0.49,1385.6
train/IMG_0474.jpg,21.67,22.92,104.0,16-32px,127.0,93.9,33.2,4.7,1181.9
train/IMG_0474.jpg,20.0,25.83,96.0,16-32px,81.3,73.1,8.3,1.09,837.0
train/IMG_0474.jpg,24.17,25.0,116.0,16-32px,73.5,72.8,0.7,2.27,920.1
train/IMG_0474.jpg,25.0,25.83,120.0,16-32px,92.8,96.9,-4.1,2.02,1096.1
train/IMG_0474.jpg,20.0,21.67,96.0,16-32px,92.9,74.0,18.9,7.22,568.5
train/IMG_0474.jpg,32.92,35.83,158.0,32-64px,140.3,88.5,51.7,10.93,4575.5
train/IMG_0474.jpg,13.75,19.58,66.0,<16px,57.9,76.6,-18.7,0.16,310.7
train/IMG_0474.jpg,13.75,21.25,66.0,<16px,62.9,106.9,-44.0,0.44,291.2
train/IMG_0474.jpg,29.58,30.0,142.0,16-32px,148.6,146.5,2.2,7.99,2316.5
train/IMG_0475.jpg,77.5,78.75,372.0,64-128px,163.4,100.8,62.5,9.3,2415.9
train/IMG_0475.jpg,54.58,56.25,262.0,32-64px,112.9,111.5,1.4,0.1,5402.6
train/IMG_0475.jpg,37.5,50.42,180.0,32-64px,91.8,105.2,-13.4,2.87,1846.8
train/IMG_0475.jpg,45.42,48.75,218.0,32-64px,134.4,97.2,37.3,6.63,4162.8
train/IMG_0475.jpg,51.25,54.17,246.0,32-64px,143.1,127.1,16.0,1.0,2490.6
train/IMG_0475.jpg,35.42,52.08,170.0,32-64px,134.8,121.8,13.1,0.16,2576.4
train/IMG_0475.jpg,22.08,28.33,106.0,16-32px,78.6,71.3,7.2,3.69,31.9
train/IMG_0475.jpg,21.25,30.42,102.0,16-32px,44.8,73.9,-29.2,0.13,42.1
train/IMG_0475.jpg,31.25,56.67,150.0,16-32px,85.4,98.6,-13.2,1.39,1238.6
train/IMG_0475.jpg,60.0,101.25,288.0,32-64px,157.6,165.9,-8.2,3.59,370.7
train/IMG_0480.jpg,108.33,115.83,520.0,64-128px,143.9,123.6,20.3,1.94,4319.0
train/IMG_0480.jpg,31.67,64.58,152.0,16-32px,121.9,100.3,21.6,6.59,1800.0
train/IMG_0480.jpg,72.08,82.5,346.0,64-128px,106.1,107.0,-1.0,2.29,6943.1
train/IMG_0480.jpg,56.67,57.08,272.0,32-64px,123.8,119.9,3.9,2.32,1529.3
train/IMG_0480.jpg,76.67,77.92,368.0,64-128px,84.8,111.0,-26.2,0.91,3773.8
train/IMG_0480.jpg,31.25,49.17,150.0,16-32px,98.3,94.2,4.1,4.03,106.2
train/IMG_0480.jpg,31.25,38.75,150.0,16-32px,57.3,87.7,-30.5,0.14,56.2
train/IMG_0480.jpg,65.83,75.83,316.0,64-128px,143.2,122.4,20.8,0.06,5461.6
train/IMG_0480.jpg,24.17,38.75,116.0,16-32px,53.2,159.8,-106.6,9.81,1242.0
train/IMG_0481.jpg,47.92,105.0,230.0,32-64px,110.2,127.7,-17.5,1.76,1383.3
train/IMG_0481.jpg,100.0,101.25,480.0,64-128px,129.3,111.9,17.4,0.03,545.0
train/IMG_0481.jpg,42.92,110.83,206.0,32-64px,116.7,108.0,8.7,5.92,484.6
train/IMG_0481.jpg,58.75,75.0,282.0,32-64px,72.0,97.6,-25.6,1.05,2025.8
train/IMG_0481.jpg,43.33,47.08,208.0,32-64px,90.6,101.1,-10.6,2.89,2376.2
train/IMG_0481.jpg,20.0,40.42,96.0,16-32px,64.8,98.1,-33.3,0.71,723.9
train/IMG_0481.jpg,71.25,72.92,342.0,64-128px,142.5,129.0,13.5,4.24,2186.1
train/IMG_0482.jpg,59.58,63.75,286.0,32-64px,130.8,125.9,4.9,8.31,5382.4
train/IMG_0482.jpg,82.5,82.5,396.0,64-128px,108.6,110.8,-2.2,0.8,4069.9
train/IMG_0484.jpg,103.75,110.83,498.0,64-128px,161.6,123.0,38.6,4.85,755.7
train/IMG_0484.jpg,134.17,139.17,644.0,>=128px,125.3,164.1,-38.8,5.58,4286.4
train/IMG_0484.jpg,43.33,68.33,208.0,32-64px,81.4,102.7,-21.4,2.21,40.7
train/IMG_0485.jpg,92.92,99.17,446.0,64-128px,114.9,139.6,-24.7,4.46,5168.4
train/IMG_0485.jpg,44.58,57.5,214.0,32-64px,107.8,159.1,-51.3,3.15,279.5
train/IMG_0485.jpg,47.92,58.33,230.0,32-64px,99.0,135.1,-36.1,3.06,3012.6
train/IMG_0486.jpg,49.17,53.33,236.0,32-64px,167.9,196.1,-28.2,1.15,2344.5
train/IMG_0486.jpg,102.5,105.0,492.0,64-128px,174.1,138.4,35.7,4.73,4092.4
train/IMG_0487.jpg,53.33,59.58,256.0,32-64px,138.6,168.7,-30.1,1.29,6827.6
train/IMG_0487.jpg,27.5,45.0,132.0,16-32px,92.9,127.3,-34.4,2.05,666.6
train/IMG_0488.jpg,20.0,20.42,96.0,16-32px,114.5,151.9,-37.5,6.14,1721.2
train/IMG_0488.jpg,17.92,18.33,86.0,16-32px,89.5,98.8,-9.3,2.64,1722.1
train/IMG_0488.jpg,19.17,21.67,92.0,16-32px,80.9,141.4,-60.5,1.65,1326.1
train/IMG_0488.jpg,22.08,22.08,106.0,16-32px,76.7,79.6,-2.8,4.21,1381.9
train/IMG_0488.jpg,20.42,20.83,98.0,16-32px,75.8,104.1,-28.4,0.42,1628.0
train/IMG_0488.jpg,22.08,22.92,106.0,16-32px,123.6,108.8,14.8,0.12,2426.1
train/IMG_0488.jpg,9.58,10.0,46.0,<16px,89.0,75.8,13.2,2.02,22.0
train/IMG_0488.jpg,8.33,9.17,40.0,<16px,129.3,158.3,-29.1,0.05,45.8
train/IMG_0488.jpg,4.58,5.0,22.0,<16px,124.2,161.8,-37.6,0.67,8.5
train/IMG_0488.jpg,10.83,13.75,52.0,<16px,142.1,162.0,-19.9,1.88,401.4
train/IMG_0488.jpg,9.58,11.67,46.0,<16px,127.6,174.8,-47.3,0.71,116.5
train/IMG_0488.jpg,7.08,11.25,34.0,<16px,129.6,156.6,-27.0,0.58,99.7
train/IMG_0488.jpg,10.83,11.67,52.0,<16px,113.0,118.5,-5.5,0.22,114.2
train/IMG_0488.jpg,9.58,10.42,46.0,<16px,92.1,110.9,-18.7,0.31,85.3
train/IMG_0488.jpg,13.75,13.75,66.0,<16px,127.0,125.3,1.7,0.82,323.3
train/IMG_0488.jpg,6.67,7.92,32.0,<16px,133.0,152.3,-19.3,0.68,24.6
train/IMG_0488.jpg,10.0,10.0,48.0,<16px,120.4,116.9,3.5,0.25,51.8
train/IMG_0488.jpg,6.25,8.75,30.0,<16px,107.3,132.2,-24.9,2.39,38.2
train/IMG_0488.jpg,3.75,4.17,18.0,<16px,46.3,71.6,-25.3,0.49,2.5
train/IMG_0488.jpg,10.0,10.42,48.0,<16px,93.9,87.6,6.3,3.37,59.1
train/IMG_0488.jpg,5.83,8.75,28.0,<16px,80.6,82.3,-1.7,0.7,24.6
train/IMG_0488.jpg,7.08,9.58,34.0,<16px,118.6,91.3,27.4,1.16,59.7
train/IMG_0488.jpg,5.83,7.5,28.0,<16px,103.1,102.3,0.8,4.06,12.4
train/IMG_0488.jpg,5.83,6.67,28.0,<16px,117.3,124.2,-6.9,2.63,13.9
train/IMG_0489.jpg,97.92,103.33,470.0,64-128px,103.1,163.5,-60.4,2.52,1551.3
train/IMG_0489.jpg,86.25,86.25,414.0,64-128px,111.0,145.8,-34.8,2.98,1395.5
train/IMG_0489.jpg,106.67,110.42,512.0,64-128px,100.1,109.6,-9.5,5.4,2710.7
train/IMG_0489.jpg,101.25,103.33,486.0,64-128px,104.6,144.3,-39.7,0.01,3927.4
train/IMG_0492.jpg,72.08,73.75,346.0,64-128px,145.9,175.2,-29.2,9.24,3741.2
train/IMG_0492.jpg,27.92,30.42,134.0,16-32px,88.5,102.2,-13.7,1.34,82.2
train/IMG_0493.jpg,53.33,53.33,256.0,32-64px,142.7,119.1,23.6,0.25,4596.1
train/IMG_0493.jpg,46.67,47.5,224.0,32-64px,91.8,108.7,-16.9,0.24,817.9
train/IMG_0493.jpg,48.33,49.17,232.0,32-64px,119.3,124.0,-4.7,1.13,2578.0
train/IMG_0493.jpg,37.92,47.08,182.0,32-64px,136.1,182.7,-46.6,1.63,4970.3
train/IMG_0493.jpg,5.83,16.25,28.0,<16px,133.4,181.8,-48.4,2.69,169.7
train/IMG_0493.jpg,29.17,38.33,140.0,16-32px,140.3,142.2,-1.9,2.32,3291.5
train/IMG_0493.jpg,30.0,32.92,144.0,16-32px,126.1,150.7,-24.5,1.56,2275.0
train/IMG_0493.jpg,20.42,35.42,98.0,16-32px,90.5,138.2,-47.7,1.95,543.2
train/IMG_0493.jpg,48.33,49.58,232.0,32-64px,125.3,123.9,1.4,0.23,1976.8
train/IMG_0493.jpg,30.83,35.42,148.0,16-32px,115.9,147.8,-31.9,4.72,539.2
train/IMG_0493.jpg,21.25,28.75,102.0,16-32px,95.8,76.3,19.5,1.13,98.1
train/IMG_0493.jpg,20.83,25.83,100.0,16-32px,65.8,96.2,-30.4,0.98,126.1
train/IMG_0493.jpg,19.58,20.83,94.0,16-32px,133.4,135.3,-1.8,0.35,95.2
train/IMG_0493.jpg,28.75,36.25,138.0,16-32px,129.4,103.5,26.0,0.86,1294.6
train/IMG_0494.jpg,72.92,93.33,350.0,64-128px,117.3,167.4,-50.1,1.35,6092.1
train/IMG_0494.jpg,63.75,66.25,306.0,32-64px,102.8,131.6,-28.8,2.4,4707.2
train/IMG_0494.jpg,19.58,35.42,94.0,16-32px,36.6,116.7,-80.1,6.09,838.7
train/IMG_0494.jpg,58.75,98.33,282.0,32-64px,111.1,143.3,-32.1,1.65,5662.1
train/IMG_0494.jpg,94.58,95.0,454.0,64-128px,100.2,108.2,-8.0,1.24,4766.2
train/IMG_0494.jpg,31.25,68.75,150.0,16-32px,78.2,127.2,-49.1,2.55,806.1
train/IMG_0494.jpg,38.75,69.58,186.0,32-64px,116.2,126.5,-10.3,1.79,2261.0
train/IMG_0496.jpg,93.33,96.25,448.0,64-128px,145.0,142.8,2.2,0.44,7033.1
train/IMG_0496.jpg,58.75,88.33,282.0,32-64px,129.9,163.9,-34.0,3.93,5650.7
train/IMG_0496.jpg,52.08,84.58,250.0,32-64px,96.2,97.6,-1.4,0.88,2963.7
train/IMG_0497.jpg,94.17,95.0,452.0,64-128px,146.6,121.0,25.6,3.57,1561.1
train/IMG_0498.jpg,42.5,47.92,204.0,32-64px,130.4,132.8,-2.4,6.4,7153.7
train/IMG_0498.jpg,45.83,48.75,220.0,32-64px,104.3,108.8,-4.4,1.16,6318.0
train/IMG_0498.jpg,54.17,56.25,260.0,32-64px,151.4,99.0,52.4,15.61,8082.3
train/IMG_0498.jpg,60.0,61.67,288.0,32-64px,162.4,144.4,18.0,0.4,11299.7
train/IMG_0498.jpg,61.67,63.33,296.0,32-64px,160.0,114.1,46.0,6.43,8806.5
train/IMG_0499.jpg,85.42,91.67,410.0,64-128px,160.9,132.7,28.1,1.19,11136.4
train/IMG_0499.jpg,91.25,92.92,438.0,64-128px,157.6,116.9,40.8,6.26,12561.2
train/IMG_0500.jpg,35.0,37.5,168.0,32-64px,124.8,104.0,20.9,1.7,4271.5
train/IMG_0501.jpg,71.25,72.5,342.0,64-128px,163.8,129.8,34.0,3.09,9716.1
train/IMG_0501.jpg,25.42,38.33,122.0,16-32px,54.3,152.2,-97.9,7.67,922.0
train/IMG_0502.jpg,40.0,46.25,192.0,32-64px,79.6,101.0,-21.4,2.69,3970.0
train/IMG_0502.jpg,58.75,59.17,282.0,32-64px,155.5,124.7,30.9,1.13,14795.6
train/IMG_0504.jpg,15.83,22.5,76.0,<16px,148.5,100.1,48.4,5.15,1637.5
train/IMG_0504.jpg,15.42,17.92,74.0,<16px,46.3,121.4,-75.1,2.47,1271.7
train/IMG_0504.jpg,11.67,12.92,56.0,<16px,72.3,91.1,-18.8,4.94,46.5
train/IMG_0504.jpg,11.67,12.92,56.0,<16px,42.1,41.8,0.3,1.91,17.6
train/IMG_0504.jpg,7.08,8.75,34.0,<16px,30.4,58.2,-27.9,2.08,22.3
train/IMG_0504.jpg,6.67,8.75,32.0,<16px,67.0,59.0,8.1,0.52,21.0
train/IMG_0506.jpg,81.25,90.42,390.0,64-128px,131.4,148.0,-16.7,0.98,1701.1
train/IMG_0506.jpg,41.25,88.33,198.0,32-64px,120.0,128.7,-8.7,1.7,921.0
train/IMG_0506.jpg,87.5,87.5,420.0,64-128px,137.7,91.4,46.3,3.72,2084.2
train/IMG_0506.jpg,88.75,90.42,426.0,64-128px,144.4,168.3,-23.8,1.19,2204.9
train/IMG_0506.jpg,24.58,41.25,118.0,16-32px,146.8,132.0,14.9,2.38,135.9
train/IMG_0506.jpg,28.75,29.17,138.0,16-32px,62.1,115.0,-52.9,1.58,194.0
train/IMG_0507.jpg,59.58,70.42,286.0,32-64px,184.4,137.6,46.9,0.48,4831.2
train/IMG_0507.jpg,74.17,87.92,356.0,64-128px,121.9,160.3,-38.4,2.81,3302.7
train/IMG_0507.jpg,82.5,92.08,396.0,64-128px,144.6,161.4,-16.9,0.86,3638.2
train/IMG_0508.jpg,101.25,108.33,486.0,64-128px,143.0,135.5,7.6,1.92,6727.1
train/IMG_0508.jpg,84.58,95.42,406.0,64-128px,122.3,100.7,21.7,3.59,3577.5
train/IMG_0508.jpg,97.08,101.67,466.0,64-128px,111.2,131.3,-20.2,0.25,3646.1
train/IMG_0510.jpg,125.0,125.83,600.0,64-128px,125.7,137.5,-11.8,0.92,2598.1
train/IMG_0510.jpg,77.92,127.08,374.0,64-128px,122.3,129.5,-7.3,2.2,2607.6
train/IMG_0512.jpg,20.42,23.33,98.0,16-32px,89.9,98.3,-8.4,7.06,168.0
train/IMG_0512.jpg,10.83,16.25,52.0,<16px,55.9,108.9,-53.0,1.88,40.9
train/IMG_0512.jpg,23.33,35.83,112.0,16-32px,85.1,95.2,-10.1,2.18,847.9
train/IMG_0512.jpg,21.67,27.92,104.0,16-32px,54.7,75.3,-20.7,0.87,200.0
train/IMG_0512.jpg,36.67,42.08,176.0,32-64px,84.8,93.9,-9.1,0.06,1058.6
train/IMG_0515.jpg,72.92,75.83,350.0,64-128px,110.7,118.2,-7.6,4.53,5793.0
train/IMG_0515.jpg,45.42,46.67,218.0,32-64px,93.6,124.7,-31.2,0.18,2258.1
train/IMG_0515.jpg,26.25,32.92,126.0,16-32px,65.5,156.6,-91.1,5.04,2112.8
train/IMG_0515.jpg,16.25,44.17,78.0,16-32px,107.3,130.8,-23.6,0.92,272.9
train/IMG_0515.jpg,22.08,49.17,106.0,16-32px,104.1,145.7,-41.7,1.21,405.3
train/IMG_0515.jpg,18.75,29.58,90.0,16-32px,81.3,129.1,-47.8,1.56,203.6
train/IMG_0515.jpg,20.42,42.5,98.0,16-32px,77.6,100.1,-22.5,2.23,151.4
train/IMG_0517.jpg,49.58,50.42,238.0,32-64px,118.4,103.5,14.9,10.33,6516.1
train/IMG_0518.jpg,50.0,52.08,240.0,32-64px,106.6,111.8,-5.1,0.15,3949.3
train/IMG_0518.jpg,35.83,40.42,172.0,32-64px,80.8,89.6,-8.8,0.02,1860.8
train/IMG_0518.jpg,26.67,41.25,128.0,16-32px,139.8,120.7,19.0,1.51,2144.9
train/IMG_0518.jpg,34.17,39.17,164.0,32-64px,102.4,118.2,-15.8,2.17,1498.5
train/IMG_0518.jpg,70.42,71.25,338.0,64-128px,144.7,121.3,23.4,1.3,10305.2
train/IMG_0518.jpg,48.33,49.17,232.0,32-64px,109.2,133.2,-24.0,7.13,4179.7
train/IMG_0518.jpg,39.58,40.0,190.0,32-64px,80.0,104.6,-24.6,0.81,1253.3
train/IMG_0518.jpg,24.17,27.08,116.0,16-32px,100.4,141.4,-41.0,7.35,243.8
train/IMG_0518.jpg,22.92,23.33,110.0,16-32px,118.3,168.6,-50.3,5.31,284.7
train/IMG_0519.jpg,71.25,78.33,342.0,64-128px,132.6,163.9,-31.3,0.17,1187.9
train/IMG_0519.jpg,23.33,33.33,112.0,16-32px,177.2,135.2,41.9,4.99,172.7
train/IMG_0519.jpg,59.17,60.0,284.0,32-64px,106.0,98.2,7.9,0.93,4682.1
train/IMG_0519.jpg,35.83,44.58,172.0,32-64px,92.4,79.5,12.9,1.3,1955.8
train/IMG_0519.jpg,42.5,50.42,204.0,32-64px,122.1,97.8,24.3,2.66,2431.0
train/IMG_0519.jpg,35.83,37.08,172.0,32-64px,62.8,103.2,-40.4,2.79,1223.3
train/IMG_0519.jpg,22.92,38.33,110.0,16-32px,95.5,122.0,-26.5,1.34,811.3
train/IMG_0519.jpg,20.83,22.08,100.0,16-32px,96.4,141.2,-44.8,4.98,403.2
train/IMG_0519.jpg,19.58,25.42,94.0,16-32px,148.5,186.3,-37.9,5.55,145.8
train/IMG_0519.jpg,25.0,38.33,120.0,16-32px,90.8,129.4,-38.6,6.39,1296.4
train/IMG_0520.jpg,80.83,82.92,388.0,64-128px,126.0,141.3,-15.3,3.56,5780.7
train/IMG_0520.jpg,19.17,26.67,92.0,16-32px,129.2,182.0,-52.8,2.26,80.7
train/IMG_0520.jpg,43.75,45.0,210.0,32-64px,123.8,121.6,2.3,3.09,538.6
train/IMG_0521.jpg,81.25,84.58,390.0,64-128px,122.7,151.5,-28.7,2.31,9510.9
train/IMG_0521.jpg,19.58,46.67,94.0,16-32px,80.4,123.6,-43.1,2.62,1986.3
train/IMG_0521.jpg,43.33,59.58,208.0,32-64px,100.3,127.8,-27.4,1.05,4768.9
train/IMG_0521.jpg,19.17,71.67,92.0,16-32px,175.1,120.0,55.2,8.01,2043.0
train/IMG_0521.jpg,44.58,44.58,214.0,32-64px,107.3,96.2,11.1,1.54,561.9
train/IMG_0521.jpg,18.33,35.83,88.0,16-32px,182.8,159.7,23.1,1.14,112.7
train/IMG_0521.jpg,19.17,22.08,92.0,16-32px,110.9,184.6,-73.7,2.45,58.6
train/IMG_0522.jpg,26.67,37.5,128.0,16-32px,77.4,145.7,-68.3,2.39,5160.0
train/IMG_0522.jpg,12.5,30.42,60.0,<16px,189.7,140.5,49.2,0.29,1451.9
train/IMG_0522.jpg,42.5,45.83,204.0,32-64px,124.9,117.0,7.9,2.93,7095.6
train/IMG_0522.jpg,10.0,10.83,48.0,<16px,104.0,117.8,-13.8,0.34,17.8
train/IMG_0522.jpg,11.67,11.67,56.0,<16px,151.5,153.1,-1.6,0.33,38.4
train/IMG_0522.jpg,2.92,3.75,14.0,<16px,117.4,126.4,-9.0,3.14,1.9
train/IMG_0522.jpg,8.33,10.83,40.0,<16px,142.6,197.1,-54.5,3.88,28.0
train/IMG_0522.jpg,10.0,10.0,48.0,<16px,107.7,123.4,-15.7,0.12,22.7
train/IMG_0522.jpg,11.25,11.25,54.0,<16px,99.0,86.0,13.0,2.37,10.1
train/IMG_0522.jpg,9.17,10.0,44.0,<16px,141.4,118.1,23.3,3.76,8.1
train/IMG_0522.jpg,11.67,52.5,56.0,<16px,125.6,171.1,-45.5,1.52,320.2
train/IMG_0525.jpg,31.25,32.92,150.0,16-32px,149.7,149.7,0.0,5.73,2316.3
train/IMG_0525.jpg,22.92,25.83,110.0,16-32px,76.2,158.3,-82.1,3.94,1281.7
train/IMG_0525.jpg,27.08,27.92,130.0,16-32px,90.6,155.2,-64.5,8.76,1456.4
train/IMG_0525.jpg,80.42,95.83,386.0,64-128px,162.4,114.6,47.8,3.5,3231.8
train/IMG_0526.jpg,66.25,70.42,318.0,64-128px,122.6,117.0,5.5,1.0,3545.0
train/IMG_0526.jpg,43.75,50.42,210.0,32-64px,91.1,83.1,8.0,1.46,1617.2
train/IMG_0526.jpg,55.42,57.08,266.0,32-64px,123.5,93.8,29.7,3.86,3742.5
train/IMG_0526.jpg,47.92,58.33,230.0,32-64px,102.7,106.5,-3.8,0.94,1866.3
train/IMG_0526.jpg,108.75,109.58,522.0,64-128px,165.0,143.6,21.3,2.01,8534.5
train/IMG_0526.jpg,40.0,44.17,192.0,32-64px,75.3,112.2,-37.0,0.45,1894.7
train/IMG_0526.jpg,28.33,36.67,136.0,16-32px,107.8,125.2,-17.3,3.13,1309.3
train/IMG_0530.jpg,41.67,44.17,200.0,32-64px,74.9,116.0,-41.1,1.29,2074.5
train/IMG_0530.jpg,42.08,42.92,202.0,32-64px,41.1,71.3,-30.2,1.56,974.3
train/IMG_0531.jpg,58.33,59.58,280.0,32-64px,135.3,172.7,-37.4,0.08,2108.3
train/IMG_0531.jpg,60.42,67.92,290.0,32-64px,92.9,117.4,-24.5,1.65,1513.7
train/IMG_0531.jpg,37.5,45.83,180.0,32-64px,64.1,169.2,-105.1,4.46,1096.7
train/IMG_0531.jpg,40.0,50.0,192.0,32-64px,142.2,174.3,-32.2,1.1,1240.0
train/IMG_0531.jpg,50.0,61.25,240.0,32-64px,131.1,171.7,-40.6,0.44,2261.5
train/IMG_0531.jpg,47.08,47.92,226.0,32-64px,121.0,121.2,-0.2,4.09,1641.9
train/IMG_0531.jpg,37.92,50.42,182.0,32-64px,74.9,117.2,-42.3,2.39,435.6
train/IMG_0531.jpg,53.33,57.92,256.0,32-64px,133.6,111.4,22.2,3.33,2649.7
train/IMG_0531.jpg,60.42,60.42,290.0,32-64px,142.8,120.3,22.6,3.08,2969.5
train/IMG_0531.jpg,44.58,48.75,214.0,32-64px,102.0,116.4,-14.3,0.04,2500.8
train/IMG_0531.jpg,58.75,60.83,282.0,32-64px,107.6,147.0,-39.4,2.2,2145.4
train/IMG_0532.jpg,47.5,48.75,228.0,32-64px,124.0,123.3,0.7,3.95,1159.7
train/IMG_0532.jpg,53.75,58.33,258.0,32-64px,132.7,110.6,22.1,3.14,1614.4
train/IMG_0532.jpg,63.75,64.17,306.0,32-64px,156.8,143.5,13.3,0.65,8184.9
train/IMG_0532.jpg,27.92,43.75,134.0,16-32px,136.9,134.2,2.7,4.56,2804.7
train/IMG_0532.jpg,53.33,56.67,256.0,32-64px,105.3,172.6,-67.3,0.0,2545.5
train/IMG_0532.jpg,23.33,35.0,112.0,16-32px,217.9,215.0,2.9,3.49,861.5
train/IMG_0532.jpg,25.42,48.75,122.0,16-32px,90.2,93.0,-2.8,0.77,666.5
train/IMG_0532.jpg,35.83,59.17,172.0,32-64px,135.6,160.2,-24.6,0.46,4863.3
train/IMG_0532.jpg,38.33,51.67,184.0,32-64px,85.7,120.0,-34.3,2.56,306.9
train/IMG_0533.jpg,43.33,53.33,208.0,32-64px,147.1,127.3,19.8,5.68,2263.7
train/IMG_0533.jpg,15.83,26.67,76.0,<16px,210.9,215.6,-4.7,5.32,149.6
train/IMG_0533.jpg,53.33,55.83,256.0,32-64px,98.9,165.0,-66.2,0.02,1063.2
train/IMG_0533.jpg,63.33,64.58,304.0,32-64px,152.4,139.1,13.3,0.9,2972.6
train/IMG_0534.jpg,79.58,119.17,382.0,64-128px,134.8,164.2,-29.4,0.13,3878.2
train/IMG_0534.jpg,78.33,88.75,376.0,64-128px,68.5,171.5,-103.0,5.55,2419.3
train/IMG_0534.jpg,86.25,97.5,414.0,64-128px,146.2,173.4,-27.2,0.47,3880.2
train/IMG_0534.jpg,117.5,119.17,564.0,64-128px,102.8,119.5,-16.8,0.76,2766.5
train/IMG_0534.jpg,58.33,126.67,280.0,32-64px,159.0,176.0,-17.0,4.52,4812.2
train/IMG_0534.jpg,18.33,67.92,88.0,16-32px,63.0,129.2,-66.2,1.84,1383.6
train/IMG_0535.jpg,99.58,120.83,478.0,64-128px,125.4,174.0,-48.6,0.4,4572.2
train/IMG_0535.jpg,79.17,141.25,380.0,64-128px,88.6,122.4,-33.9,1.95,1630.7
train/IMG_0535.jpg,93.75,97.08,450.0,64-128px,127.8,127.9,-0.1,4.59,3092.8
train/IMG_0535.jpg,117.92,122.08,566.0,64-128px,144.5,115.6,28.9,3.54,4003.9
train/IMG_0535.jpg,105.42,114.58,506.0,64-128px,142.6,112.8,29.8,4.06,2918.2
train/IMG_0536.jpg,121.67,127.08,584.0,64-128px,161.2,148.2,13.0,1.45,9105.7
train/IMG_0537.jpg,86.67,106.25,416.0,64-128px,143.9,118.9,25.0,4.42,2862.1
train/IMG_0537.jpg,105.42,113.75,506.0,64-128px,80.0,171.5,-91.5,1.01,2192.4
train/IMG_0537.jpg,50.42,75.83,242.0,32-64px,218.3,220.9,-2.6,4.29,1159.7
train/IMG_0537.jpg,126.25,126.67,606.0,64-128px,159.8,140.5,19.4,1.46,3924.3
train/IMG_0537.jpg,40.83,61.67,196.0,32-64px,131.9,114.9,17.1,4.21,640.0
train/IMG_0537.jpg,65.0,86.25,312.0,64-128px,153.6,118.9,34.6,0.43,2086.6
train/IMG_0537.jpg,41.25,47.08,198.0,32-64px,115.0,165.4,-50.4,3.35,506.8
train/IMG_0538.jpg,120.0,120.83,576.0,64-128px,113.5,142.7,-29.1,4.46,9216.6
train/IMG_0538.jpg,135.83,141.25,652.0,>=128px,118.2,134.6,-16.4,2.6,9444.0
train/IMG_0538.jpg,16.67,17.92,80.0,16-32px,140.6,119.4,21.2,0.07,158.9
train/IMG_0538.jpg,25.83,37.92,124.0,16-32px,82.0,133.5,-51.4,1.79,1317.1
train/IMG_0538.jpg,13.75,18.33,66.0,<16px,205.0,179.2,25.8,2.6,137.5
train/IMG_0538.jpg,11.25,25.0,54.0,<16px,132.8,85.1,47.7,2.71,526.7
train/IMG_0538.jpg,50.42,74.58,242.0,32-64px,162.7,113.0,49.7,2.91,8513.7
train/IMG_0538.jpg,37.08,50.83,178.0,32-64px,66.9,144.6,-77.6,2.39,1190.6
train/IMG_0540.jpg,135.0,135.42,648.0,>=128px,146.2,142.9,3.2,0.39,6070.7
train/IMG_0540.jpg,82.92,122.5,398.0,64-128px,103.0,114.3,-11.3,0.26,6986.3
train/IMG_0543.jpg,53.75,54.17,258.0,32-64px,100.3,111.1,-10.8,3.77,4520.1
train/IMG_0543.jpg,32.92,49.58,158.0,32-64px,73.5,143.4,-69.9,0.16,3562.6
train/IMG_0543.jpg,30.0,39.17,144.0,16-32px,118.9,110.1,8.8,5.87,2352.2
train/IMG_0543.jpg,12.5,24.17,60.0,<16px,62.5,146.4,-83.8,0.74,427.5
train/IMG_0543.jpg,26.25,27.5,126.0,16-32px,48.2,116.7,-68.4,2.55,1456.1
train/IMG_0543.jpg,40.0,51.67,192.0,32-64px,112.6,99.3,13.3,1.25,2817.8
train/IMG_0543.jpg,25.42,35.0,122.0,16-32px,81.0,79.1,1.9,0.2,1033.9
train/IMG_0543.jpg,43.33,44.17,208.0,32-64px,82.7,72.7,10.0,2.3,2088.8
train/IMG_0543.jpg,39.58,44.17,190.0,32-64px,65.3,59.2,6.1,1.37,1157.1
train/IMG_0543.jpg,11.25,37.5,54.0,<16px,39.8,96.0,-56.2,2.54,99.8
train/IMG_0543.jpg,15.83,19.17,76.0,<16px,70.1,124.5,-54.5,1.62,220.8
train/IMG_0543.jpg,12.08,17.92,58.0,<16px,77.7,65.0,12.6,0.32,76.0
train/IMG_0543.jpg,17.5,18.33,84.0,16-32px,112.2,144.5,-32.3,2.37,120.9
train/IMG_0543.jpg,11.67,12.5,56.0,<16px,108.4,116.6,-8.3,2.99,86.8
train/IMG_0546.jpg,42.08,43.75,202.0,32-64px,134.0,142.8,-8.8,2.53,1959.0
train/IMG_0546.jpg,48.75,51.67,234.0,32-64px,140.2,97.2,43.0,5.65,2109.0
train/IMG_0547.jpg,43.33,43.75,208.0,32-64px,138.7,135.4,3.3,0.07,1240.0
train/IMG_0547.jpg,18.33,21.67,88.0,16-32px,121.0,180.5,-59.5,1.55,209.2
train/IMG_0547.jpg,10.42,15.42,50.0,<16px,139.5,149.8,-10.2,0.84,21.8
train/IMG_0547.jpg,47.92,49.17,230.0,32-64px,129.4,114.5,15.0,1.45,226.2
train/IMG_0547.jpg,17.5,17.5,84.0,16-32px,102.3,145.3,-43.0,0.45,127.0
train/IMG_0547.jpg,15.0,16.25,72.0,<16px,81.7,95.6,-13.8,1.71,50.8
train/IMG_0547.jpg,13.75,16.67,66.0,<16px,88.4,138.0,-49.5,1.52,115.5
train/IMG_0547.jpg,15.83,17.5,76.0,<16px,143.6,145.2,-1.6,0.64,46.9
train/IMG_0547.jpg,8.33,10.83,40.0,<16px,153.4,136.3,17.1,0.14,6.9
train/IMG_0547.jpg,15.83,16.67,76.0,<16px,126.4,122.8,3.6,0.32,34.1
train/IMG_0547.jpg,10.83,20.0,52.0,<16px,119.9,177.9,-57.9,1.54,77.9
train/IMG_0549.jpg,99.17,102.5,476.0,64-128px,152.0,106.0,46.0,5.86,3556.1
train/IMG_0550.jpg,99.58,100.83,478.0,64-128px,147.9,108.1,39.7,3.86,979.2
train/IMG_0550.jpg,94.17,100.42,452.0,64-128px,108.1,97.6,10.5,2.63,948.6
train/IMG_0551.jpg,84.17,86.25,404.0,64-128px,79.9,110.9,-31.0,1.97,613.5
train/IMG_0551.jpg,17.08,32.08,82.0,16-32px,105.7,106.7,-1.0,0.33,18.6
train/IMG_0553.jpg,77.5,81.67,372.0,64-128px,129.7,123.2,6.6,0.22,1080.7
train/IMG_0553.jpg,52.5,70.0,252.0,32-64px,86.7,139.6,-52.9,4.01,357.5
train/IMG_0553.jpg,26.25,58.33,126.0,16-32px,89.9,128.9,-39.0,2.29,351.2
train/IMG_0555.jpg,43.33,45.0,208.0,32-64px,107.6,115.8,-8.2,3.8,3404.4
train/IMG_0555.jpg,33.75,37.92,162.0,32-64px,130.7,150.9,-20.2,5.64,1702.0
train/IMG_0555.jpg,50.83,53.33,244.0,32-64px,165.2,116.0,49.2,5.82,4745.5
train/IMG_0555.jpg,37.92,42.5,182.0,32-64px,103.7,180.7,-77.0,1.63,1707.1
train/IMG_0555.jpg,31.67,37.08,152.0,16-32px,145.4,161.5,-16.1,0.54,2807.0
train/IMG_0555.jpg,22.92,23.75,110.0,16-32px,76.9,148.1,-71.1,7.37,1557.7
train/IMG_0555.jpg,7.92,15.0,38.0,<16px,108.2,143.2,-34.9,2.54,103.0
train/IMG_0555.jpg,16.67,17.08,80.0,16-32px,65.0,92.0,-27.0,2.16,166.6
train/IMG_0556.jpg,30.83,34.17,148.0,16-32px,129.4,147.5,-18.1,2.04,3132.4
train/IMG_0556.jpg,31.67,40.0,152.0,16-32px,82.9,170.3,-87.5,3.17,2142.1
train/IMG_0556.jpg,42.92,45.42,206.0,32-64px,89.4,100.3,-10.8,3.41,2822.9
train/IMG_0556.jpg,33.33,37.08,160.0,32-64px,110.6,144.4,-33.8,4.88,1610.3
train/IMG_0556.jpg,55.0,61.25,264.0,32-64px,158.9,112.5,46.4,5.3,2337.2
train/IMG_0556.jpg,26.25,27.92,126.0,16-32px,68.6,135.2,-66.6,6.89,1054.2
train/IMG_0556.jpg,7.08,16.25,34.0,<16px,108.1,136.6,-28.5,2.52,94.5
train/IMG_0557.jpg,11.67,12.5,56.0,<16px,63.1,40.7,22.4,2.75,27.6
train/IMG_0557.jpg,12.08,14.17,58.0,<16px,27.8,105.6,-77.8,0.31,258.9
train/IMG_0557.jpg,12.5,12.92,60.0,<16px,99.0,105.2,-6.2,6.31,384.3
train/IMG_0557.jpg,9.58,10.83,46.0,<16px,50.5,61.2,-10.7,2.34,12.0
train/IMG_0557.jpg,11.67,12.5,56.0,<16px,121.7,160.6,-38.9,6.24,314.7
train/IMG_0557.jpg,5.42,14.17,26.0,<16px,71.9,80.9,-9.0,2.27,105.6
train/IMG_0557.jpg,12.5,15.83,60.0,<16px,97.9,88.6,9.3,0.94,415.0
train/IMG_0557.jpg,7.92,8.75,38.0,<16px,87.6,111.4,-23.9,0.16,33.6
train/IMG_0557.jpg,5.0,6.67,24.0,<16px,115.2,118.7,-3.5,0.19,7.3
train/IMG_0557.jpg,4.17,10.42,20.0,<16px,60.1,107.7,-47.6,0.8,23.2
train/IMG_0557.jpg,11.67,12.5,56.0,<16px,98.8,95.6,3.2,0.89,306.9
train/IMG_0557.jpg,5.83,6.25,28.0,<16px,84.6,106.2,-21.7,0.78,14.9
train/IMG_0557.jpg,5.83,7.08,28.0,<16px,95.0,116.9,-21.9,1.49,43.1
train/IMG_0557.jpg,5.42,6.67,26.0,<16px,138.0,121.8,16.1,4.49,36.2
train/IMG_0557.jpg,5.83,5.83,28.0,<16px,75.4,68.1,7.3,0.56,10.5
train/IMG_0557.jpg,5.42,5.83,26.0,<16px,102.0,132.7,-30.7,1.07,14.1
train/IMG_0557.jpg,7.08,7.5,34.0,<16px,100.6,106.7,-6.2,0.22,39.6
train/IMG_0557.jpg,4.17,5.42,20.0,<16px,98.0,126.5,-28.5,0.59,8.2
train/IMG_0557.jpg,5.42,7.08,26.0,<16px,75.8,100.9,-25.1,0.23,14.5
train/IMG_0557.jpg,2.5,3.33,12.0,<16px,49.6,90.3,-40.7,1.95,2.1
train/IMG_0557.jpg,2.92,4.58,14.0,<16px,84.2,120.5,-36.3,1.2,2.6
train/IMG_0557.jpg,7.08,7.5,34.0,<16px,99.8,125.4,-25.6,5.15,14.2
train/IMG_0558.jpg,60.42,61.25,290.0,32-64px,167.6,196.7,-29.1,8.85,1951.8
train/IMG_0558.jpg,60.83,61.67,292.0,32-64px,144.7,141.1,3.6,7.66,2307.0
train/IMG_0558.jpg,20.0,20.0,96.0,16-32px,160.5,169.4,-9.0,0.13,85.9
train/IMG_0558.jpg,39.58,44.58,190.0,32-64px,132.0,157.7,-25.7,0.08,762.9
train/IMG_0558.jpg,25.0,26.67,120.0,16-32px,88.5,123.1,-34.6,1.11,115.6
train/IMG_0558.jpg,44.17,55.0,212.0,32-64px,70.8,88.5,-17.7,0.97,471.3
train/IMG_0558.jpg,5.83,21.67,28.0,<16px,173.4,133.1,40.3,4.02,59.8
train/IMG_0558.jpg,14.58,22.08,70.0,<16px,193.2,152.0,41.2,5.59,245.7
train/IMG_0558.jpg,60.83,78.33,292.0,32-64px,158.0,147.4,10.6,1.11,2138.3
train/IMG_0558.jpg,34.58,40.83,166.0,32-64px,73.4,71.1,2.3,0.05,395.3
train/IMG_0559.jpg,59.58,60.83,286.0,32-64px,151.0,181.6,-30.6,7.75,2289.7
train/IMG_0559.jpg,59.58,62.08,286.0,32-64px,142.6,120.1,22.5,8.65,4099.0
train/IMG_0559.jpg,69.17,77.5,332.0,64-128px,132.9,137.1,-4.2,2.07,2809.0
train/IMG_0559.jpg,37.92,44.17,182.0,32-64px,121.1,143.0,-22.0,0.27,996.5
train/IMG_0559.jpg,22.5,25.42,108.0,16-32px,143.0,152.7,-9.7,0.32,197.8
train/IMG_0560.jpg,42.5,122.92,204.0,32-64px,87.3,92.1,-4.8,4.06,2310.7
train/IMG_0560.jpg,120.83,154.58,580.0,64-128px,115.5,112.8,2.7,0.73,3773.4
train/IMG_0560.jpg,118.75,120.83,570.0,64-128px,131.8,167.6,-35.8,7.62,3654.8
train/IMG_0560.jpg,75.42,83.33,362.0,64-128px,100.8,135.9,-35.2,0.5,2722.6
train/IMG_0560.jpg,50.42,53.75,242.0,32-64px,120.4,132.9,-12.6,0.24,663.8
train/IMG_0561.jpg,122.92,125.0,590.0,64-128px,144.1,144.5,-0.4,8.57,918.2
train/IMG_0561.jpg,79.58,90.42,382.0,64-128px,150.2,158.9,-8.7,0.95,162.2
train/IMG_0562.jpg,65.0,67.08,312.0,64-128px,122.4,134.4,-12.0,1.22,1029.0
train/IMG_0565.jpg,76.67,77.08,368.0,64-128px,84.1,142.6,-58.4,3.31,3502.3
train/IMG_0565.jpg,40.83,62.92,196.0,32-64px,88.4,87.5,0.9,3.89,1804.3
train/IMG_0566.jpg,31.25,47.08,150.0,16-32px,155.1,139.3,15.8,1.51,885.1
train/IMG_0566.jpg,47.92,49.58,230.0,32-64px,130.1,138.3,-8.3,0.85,1156.6
train/IMG_0570.jpg,142.92,142.92,686.0,>=128px,137.7,152.8,-15.0,5.31,7901.3
train/IMG_0570.jpg,88.75,110.83,426.0,64-128px,85.8,122.8,-37.1,1.01,2504.7
train/IMG_0570.jpg,24.58,108.75,118.0,16-32px,91.6,148.9,-57.2,1.54,997.7
train/IMG_0571.jpg,101.67,107.5,488.0,64-128px,148.0,119.4,28.7,3.36,8763.5
train/IMG_0571.jpg,78.33,91.25,376.0,64-128px,79.7,102.4,-22.7,0.18,5009.6
train/IMG_0571.jpg,19.17,43.75,92.0,16-32px,78.6,154.6,-76.0,4.32,222.4
train/IMG_0572.jpg,43.33,47.08,208.0,32-64px,114.5,141.4,-26.8,7.43,5727.8
train/IMG_0572.jpg,45.0,45.42,216.0,32-64px,100.5,113.6,-13.1,5.57,4580.6
train/IMG_0572.jpg,28.33,36.67,136.0,16-32px,126.7,151.1,-24.4,6.13,4810.7
train/IMG_0572.jpg,37.92,70.0,182.0,32-64px,133.9,155.3,-21.3,1.66,1702.7
train/IMG_0575.jpg,69.58,72.5,334.0,64-128px,129.9,140.6,-10.7,3.11,6489.4
train/IMG_0575.jpg,36.25,87.92,174.0,32-64px,97.4,85.2,12.2,1.47,1289.0
train/IMG_0575.jpg,27.08,27.92,130.0,16-32px,123.3,134.4,-11.0,5.92,155.2
train/IMG_0575.jpg,19.58,23.33,94.0,16-32px,169.6,165.4,4.2,6.61,116.2
train/IMG_0575.jpg,10.83,10.83,52.0,<16px,68.1,145.6,-77.4,1.34,13.9
train/IMG_0576.jpg,86.67,90.42,416.0,64-128px,125.3,131.3,-6.0,2.17,8197.1
train/IMG_0576.jpg,40.83,59.17,196.0,32-64px,100.9,139.7,-38.8,1.35,3339.7
train/IMG_0576.jpg,40.42,58.75,194.0,32-64px,134.9,144.8,-10.0,1.77,4591.9
train/IMG_0576.jpg,14.58,18.33,70.0,<16px,127.0,145.5,-18.5,4.03,35.5
train/IMG_0576.jpg,24.58,26.25,118.0,16-32px,159.7,136.2,23.5,6.29,199.3
train/IMG_0577.jpg,95.83,103.75,460.0,64-128px,133.3,143.3,-10.0,0.21,10448.2
train/IMG_0577.jpg,27.08,29.58,130.0,16-32px,184.5,161.2,23.4,9.71,44.8
train/IMG_0578.jpg,17.08,17.08,82.0,16-32px,159.7,200.7,-41.0,9.39,386.3
train/IMG_0578.jpg,16.25,17.08,78.0,16-32px,93.9,131.5,-37.6,2.1,598.9
train/IMG_0578.jpg,23.33,24.17,112.0,16-32px,167.7,122.4,45.3,12.89,1859.6
train/IMG_0578.jpg,69.17,76.25,332.0,64-128px,136.1,138.1,-2.0,1.33,3991.1
train/IMG_0578.jpg,22.92,34.58,110.0,16-32px,123.5,144.3,-20.8,1.17,2504.3
train/IMG_0578.jpg,31.67,37.08,152.0,16-32px,110.1,109.5,0.6,2.67,3260.5
train/IMG_0578.jpg,52.08,57.5,250.0,32-64px,143.5,154.6,-11.1,1.05,3861.6
train/IMG_0578.jpg,10.42,11.67,50.0,<16px,61.0,167.3,-106.2,2.89,59.8
train/IMG_0579.jpg,9.58,10.42,46.0,<16px,69.3,175.9,-106.5,5.24,53.6
train/IMG_0579.jpg,8.33,9.17,40.0,<16px,101.9,151.2,-49.3,3.54,10.2
train/IMG_0579.jpg,8.75,13.33,42.0,<16px,169.3,159.4,10.0,0.17,245.2
train/IMG_0579.jpg,45.42,51.25,218.0,32-64px,128.0,126.6,1.4,0.78,4240.3
train/IMG_0579.jpg,15.0,16.67,72.0,<16px,164.6,127.6,37.0,7.85,556.3
train/IMG_0579.jpg,15.42,26.25,74.0,<16px,95.7,144.2,-48.5,3.62,1009.4
train/IMG_0579.jpg,16.25,29.17,78.0,16-32px,131.7,159.0,-27.4,2.04,1371.8
train/IMG_0579.jpg,21.67,32.5,104.0,16-32px,109.2,129.2,-20.0,0.37,1358.7
train/IMG_0579.jpg,12.5,22.92,60.0,<16px,117.3,126.1,-8.8,1.92,716.6
train/IMG_0579.jpg,14.17,14.17,68.0,<16px,99.7,100.7,-1.0,3.8,320.3
train/IMG_0579.jpg,6.25,14.17,30.0,<16px,66.1,126.9,-60.7,2.49,54.5
train/IMG_0579.jpg,8.75,10.42,42.0,<16px,150.1,128.7,21.4,2.2,22.6
train/IMG_0579.jpg,7.5,7.92,36.0,<16px,88.0,87.9,0.1,1.23,3.7
train/IMG_0580.jpg,19.17,20.0,92.0,16-32px,107.1,145.9,-38.8,4.81,918.5
train/IMG_0580.jpg,15.0,23.33,72.0,<16px,89.3,115.9,-26.7,3.09,774.7
train/IMG_0580.jpg,29.17,29.58,140.0,16-32px,119.4,98.7,20.8,1.72,2010.7
train/IMG_0580.jpg,22.08,23.33,106.0,16-32px,77.2,60.4,16.8,3.86,510.5
train/IMG_0580.jpg,22.08,22.5,106.0,16-32px,68.6,101.1,-32.6,0.55,787.9
train/IMG_0580.jpg,17.92,17.92,86.0,16-32px,125.8,143.1,-17.3,1.57,813.2
train/IMG_0580.jpg,12.92,13.75,62.0,<16px,83.1,140.7,-57.6,3.71,139.3
train/IMG_0580.jpg,5.42,9.58,26.0,<16px,198.0,164.6,33.4,1.11,34.7
train/IMG_0580.jpg,7.92,9.17,38.0,<16px,72.8,62.3,10.5,2.01,4.8
train/IMG_0580.jpg,8.75,9.17,42.0,<16px,84.5,82.6,1.9,0.08,6.0
train/IMG_0581.jpg,126.25,128.33,606.0,64-128px,160.0,137.7,22.2,1.42,3162.6
train/IMG_0581.jpg,36.67,53.75,176.0,32-64px,101.2,151.6,-50.3,3.48,1056.9
train/IMG_0581.jpg,32.92,80.42,158.0,32-64px,70.3,107.2,-36.9,2.98,251.4
train/IMG_0581.jpg,99.17,105.0,476.0,64-128px,116.1,114.4,1.7,2.53,2029.7
train/IMG_0581.jpg,30.42,82.92,146.0,16-32px,83.3,134.0,-50.7,0.89,542.6
train/IMG_0582.jpg,88.75,93.33,426.0,64-128px,136.0,178.8,-42.8,3.31,2560.2
train/IMG_0582.jpg,64.58,98.33,310.0,64-128px,123.0,138.7,-15.7,2.23,2913.7
train/IMG_0582.jpg,127.08,127.5,610.0,64-128px,147.1,123.4,23.8,1.61,4414.6
train/IMG_0583.jpg,145.83,147.92,700.0,>=128px,196.0,148.4,47.6,6.22,2954.3
train/IMG_0584.jpg,35.42,35.83,170.0,32-64px,67.6,50.0,17.6,4.04,1032.4
train/IMG_0585.jpg,43.75,51.25,210.0,32-64px,103.6,62.9,40.7,2.59,4077.1
train/IMG_0585.jpg,46.67,52.92,224.0,32-64px,122.8,117.2,5.6,1.37,6873.0
train/IMG_0585.jpg,34.58,41.67,166.0,32-64px,63.7,135.1,-71.4,0.89,405.5
train/IMG_0585.jpg,22.92,37.92,110.0,16-32px,41.9,93.6,-51.7,4.3,123.5
train/IMG_0585.jpg,5.83,12.08,28.0,<16px,97.0,110.9,-13.9,1.08,6.6
train/IMG_0585.jpg,27.92,29.17,134.0,16-32px,48.1,108.9,-60.8,0.1,121.4
train/IMG_0586.jpg,79.58,80.0,382.0,64-128px,111.3,109.6,1.7,0.98,10901.5
train/IMG_0587.jpg,74.58,75.0,358.0,64-128px,80.0,113.8,-33.9,2.72,1998.5
train/IMG_0588.jpg,74.58,74.58,358.0,64-128px,121.4,83.1,38.3,5.63,7732.5
train/IMG_0588.jpg,52.08,65.0,250.0,32-64px,58.1,83.2,-25.1,0.39,4360.2
train/IMG_0588.jpg,23.33,33.33,112.0,16-32px,190.8,192.0,-1.2,0.72,1384.2
train/IMG_0588.jpg,11.67,24.58,56.0,<16px,174.5,163.1,11.4,2.48,278.2
train/IMG_0589.jpg,36.25,47.92,174.0,32-64px,103.5,134.3,-30.9,0.2,3603.4
train/IMG_0589.jpg,26.67,56.67,128.0,16-32px,113.7,102.1,11.6,1.2,1798.0
train/IMG_0591.jpg,39.17,41.25,188.0,32-64px,164.1,143.4,20.7,6.27,3287.3
train/IMG_0591.jpg,40.0,42.92,192.0,32-64px,184.8,89.0,95.8,13.22,1311.9
train/IMG_0592.jpg,113.33,113.33,544.0,64-128px,146.8,134.0,12.8,5.95,4136.8
train/IMG_0592.jpg,45.0,47.5,216.0,32-64px,151.7,92.7,59.0,8.27,25.0
train/IMG_0593.jpg,83.75,92.92,402.0,64-128px,147.7,127.2,20.5,3.89,5725.9
train/IMG_0593.jpg,18.33,23.75,88.0,16-32px,163.7,129.6,34.2,4.08,66.9
train/IMG_0594.jpg,63.33,64.17,304.0,32-64px,191.0,99.9,91.1,12.94,2426.7
train/IMG_0595.jpg,77.08,77.08,370.0,64-128px,140.3,120.6,19.7,0.28,8269.7
train/IMG_0595.jpg,43.33,44.17,208.0,32-64px,70.2,114.2,-44.0,1.25,4235.4
train/IMG_0596.jpg,44.17,46.25,212.0,32-64px,80.3,115.9,-35.6,5.35,2619.4
train/IMG_0597.jpg,77.92,78.75,374.0,64-128px,111.8,112.5,-0.7,1.35,5168.9
train/IMG_0597.jpg,40.83,62.92,196.0,32-64px,113.9,161.2,-47.3,2.32,5344.4
train/IMG_0597.jpg,17.08,37.92,82.0,16-32px,51.8,72.3,-20.5,3.1,65.2
train/IMG_0598.jpg,34.58,35.42,166.0,32-64px,77.2,74.7,2.5,5.34,2340.7
train/IMG_0599.jpg,242.5,242.92,1164.0,>=128px,143.1,149.2,-6.1,0.8,1868.6
train/IMG_0601.jpg,17.5,26.67,84.0,16-32px,135.2,112.5,22.7,2.02,1313.6
train/IMG_0601.jpg,26.67,26.67,128.0,16-32px,133.2,124.4,8.7,3.99,2584.5
train/IMG_0601.jpg,22.92,28.75,110.0,16-32px,80.6,145.8,-65.2,0.26,1390.1
train/IMG_0602.jpg,121.25,122.08,582.0,64-128px,160.4,149.4,11.0,2.06,1447.5
train/IMG_0603.jpg,52.5,56.67,252.0,32-64px,120.4,129.5,-9.1,7.53,3149.9
train/IMG_0603.jpg,78.75,82.08,378.0,64-128px,153.6,102.6,51.0,8.05,2731.3
train/IMG_0604.jpg,72.5,80.0,348.0,64-128px,131.7,127.7,4.0,6.04,2927.7
train/IMG_0604.jpg,132.5,137.5,636.0,>=128px,158.7,105.4,53.4,7.47,2725.3
train/IMG_0605.jpg,97.92,98.33,470.0,64-128px,142.9,123.7,19.1,9.04,4436.5
train/IMG_0605.jpg,63.75,73.33,306.0,32-64px,141.3,115.7,25.6,4.28,1327.4
train/IMG_0605.jpg,12.08,15.83,58.0,<16px,94.1,130.4,-36.3,0.88,6.5
train/IMG_0605.jpg,11.25,11.25,54.0,<16px,129.3,81.4,48.0,3.25,4.2
train/IMG_0606.jpg,70.42,75.0,338.0,64-128px,113.4,106.1,7.3,7.66,2813.3
train/IMG_0607.jpg,115.0,115.42,552.0,64-128px,118.2,129.1,-10.9,0.55,8138.2
train/IMG_0608.jpg,77.92,78.33,374.0,64-128px,114.3,107.4,6.9,0.77,5224.0
train/IMG_0608.jpg,82.5,85.0,396.0,64-128px,110.9,88.7,22.2,3.7,5857.8
train/IMG_0608.jpg,46.25,49.58,222.0,32-64px,87.2,69.3,17.9,1.6,619.5
train/IMG_0608.jpg,64.17,70.83,308.0,64-128px,129.9,140.3,-10.3,0.02,2917.1
train/IMG_0608.jpg,17.92,38.33,86.0,16-32px,65.6,91.9,-26.4,3.56,19.8
train/IMG_0608.jpg,27.08,42.92,130.0,16-32px,145.2,116.7,28.5,0.77,574.1
train/IMG_0608.jpg,24.58,38.75,118.0,16-32px,139.5,153.1,-13.6,2.04,419.8
train/IMG_0608.jpg,18.33,24.17,88.0,16-32px,74.2,119.7,-45.4,4.97,476.8
train/IMG_0608.jpg,25.42,35.83,122.0,16-32px,96.3,117.1,-20.8,1.16,995.9
train/IMG_0608.jpg,23.75,33.33,114.0,16-32px,61.9,95.1,-33.2,2.75,340.0
train/IMG_0608.jpg,24.58,26.67,118.0,16-32px,39.2,87.1,-47.9,4.7,175.8
train/IMG_0608.jpg,12.5,15.0,60.0,<16px,35.9,81.4,-45.6,4.85,66.0
train/IMG_0608.jpg,25.42,28.33,122.0,16-32px,63.8,84.6,-20.8,0.43,42.8
train/IMG_0609.jpg,68.75,72.08,330.0,64-128px,116.6,139.8,-23.2,1.3,2427.5
train/IMG_0609.jpg,86.67,94.17,416.0,64-128px,119.3,110.5,8.8,0.33,2209.0
train/IMG_0609.jpg,33.33,87.5,160.0,32-64px,108.0,93.3,14.7,0.52,1789.9
train/IMG_0609.jpg,41.67,42.08,200.0,32-64px,104.2,120.7,-16.6,2.34,2370.7
train/IMG_0609.jpg,16.67,39.58,80.0,16-32px,60.7,92.0,-31.3,5.04,72.3
train/IMG_0609.jpg,23.75,50.0,114.0,16-32px,149.6,110.6,39.0,0.77,3853.2
train/IMG_0609.jpg,7.92,60.42,38.0,<16px,126.9,84.3,42.6,1.89,417.9
train/IMG_0609.jpg,31.67,50.83,152.0,16-32px,83.0,120.7,-37.6,3.69,2792.7
train/IMG_0609.jpg,22.92,33.33,110.0,16-32px,106.5,116.1,-9.6,1.86,1263.2
train/IMG_0609.jpg,7.92,7.92,38.0,<16px,143.6,91.1,52.5,4.97,7.8
train/IMG_0610.jpg,40.0,42.92,192.0,32-64px,91.9,83.2,8.7,0.96,3193.2
train/IMG_0610.jpg,81.67,85.42,392.0,64-128px,96.7,65.4,31.3,3.11,2197.8
train/IMG_0610.jpg,79.17,80.0,380.0,64-128px,100.2,78.9,21.4,1.86,2001.8
train/IMG_0610.jpg,60.83,64.17,292.0,32-64px,109.0,117.1,-8.1,3.72,3443.4
train/IMG_0610.jpg,38.75,39.17,186.0,32-64px,93.3,95.1,-1.8,2.31,1672.2
train/IMG_0610.jpg,29.58,32.5,142.0,16-32px,80.0,86.5,-6.4,0.16,639.9
train/IMG_0610.jpg,41.25,41.25,198.0,32-64px,59.1,92.3,-33.1,1.88,2083.9
train/IMG_0610.jpg,49.58,53.33,238.0,32-64px,40.8,87.3,-46.5,1.37,946.8
train/IMG_0611.jpg,69.17,69.17,332.0,64-128px,122.4,99.3,23.1,1.59,3455.1
train/IMG_0611.jpg,37.08,51.67,178.0,32-64px,103.9,144.8,-40.8,2.21,230.5
train/IMG_0611.jpg,48.75,49.58,234.0,32-64px,108.3,127.5,-19.2,2.62,783.2
train/IMG_0614.jpg,88.75,89.17,426.0,64-128px,126.3,141.6,-15.3,0.23,6705.0
train/IMG_0614.jpg,87.5,87.5,420.0,64-128px,137.3,83.4,53.9,6.2,4984.3
train/IMG_0615.jpg,33.33,34.58,160.0,32-64px,189.8,183.7,6.1,12.15,1778.8
train/IMG_0615.jpg,24.58,26.25,118.0,16-32px,131.4,172.0,-40.6,1.32,675.3
train/IMG_0615.jpg,50.83,50.83,244.0,32-64px,125.0,138.2,-13.2,0.25,5384.2
train/IMG_0615.jpg,46.67,49.17,224.0,32-64px,133.8,109.6,24.1,5.8,3843.6
train/IMG_0615.jpg,102.92,103.33,494.0,64-128px,154.2,136.9,17.3,1.14,1702.0
train/IMG_0618.jpg,88.75,92.08,426.0,64-128px,139.0,145.5,-6.5,0.27,5529.4
train/IMG_0618.jpg,124.17,128.75,596.0,64-128px,136.5,130.8,5.7,0.59,2184.2
train/IMG_0618.jpg,41.67,42.5,200.0,32-64px,115.9,105.5,10.4,4.17,1797.9
train/IMG_0618.jpg,35.83,47.08,172.0,32-64px,120.1,158.7,-38.6,2.59,3088.1
train/IMG_0618.jpg,27.92,31.25,134.0,16-32px,166.5,145.2,21.3,7.66,456.2
train/IMG_0618.jpg,31.67,49.58,152.0,16-32px,109.3,119.0,-9.7,1.03,297.6
train/IMG_0618.jpg,18.33,20.42,88.0,16-32px,136.6,162.9,-26.3,4.48,65.3
train/IMG_0619.jpg,55.0,58.75,264.0,32-64px,197.2,174.8,22.4,10.71,2231.9
train/IMG_0619.jpg,83.75,91.67,402.0,64-128px,131.1,134.3,-3.1,0.4,4360.0
train/IMG_0619.jpg,74.17,76.67,356.0,64-128px,141.4,115.9,25.6,6.56,4608.5
train/IMG_0620.jpg,75.42,94.17,362.0,64-128px,78.6,102.6,-23.9,0.09,6001.2
train/IMG_0620.jpg,101.67,106.25,488.0,64-128px,144.9,114.6,30.3,3.58,6348.6
train/IMG_0621.jpg,67.08,69.17,322.0,64-128px,117.1,123.9,-6.7,1.07,7059.5
train/IMG_0621.jpg,101.25,110.42,486.0,64-128px,133.7,137.5,-3.8,5.94,6649.0
train/IMG_0621.jpg,150.0,159.58,720.0,>=128px,129.5,131.5,-2.0,1.07,3829.9
train/IMG_0621.jpg,57.08,67.92,274.0,32-64px,100.2,111.5,-11.3,1.51,2009.7
train/IMG_0621.jpg,42.92,43.33,206.0,32-64px,125.1,159.5,-34.4,5.77,1019.9
train/IMG_0621.jpg,32.5,43.75,156.0,32-64px,127.9,162.6,-34.7,10.5,219.2
train/IMG_0621.jpg,45.42,82.92,218.0,32-64px,69.3,96.1,-26.7,2.01,2795.3
train/IMG_0621.jpg,19.58,40.0,94.0,16-32px,102.7,156.8,-54.1,3.11,790.1
train/IMG_0622.jpg,15.0,45.42,72.0,<16px,107.2,130.2,-22.9,7.97,535.1
train/IMG_0622.jpg,30.42,58.33,146.0,16-32px,115.8,119.2,-3.4,5.28,1722.2
train/IMG_0622.jpg,59.58,60.83,286.0,32-64px,115.8,98.0,17.8,4.46,3639.1
train/IMG_0622.jpg,55.42,63.75,266.0,32-64px,112.8,100.5,12.3,5.14,3793.7
train/IMG_0622.jpg,80.42,81.67,386.0,64-128px,101.6,95.7,5.9,0.58,3974.6
train/IMG_0624.jpg,27.92,64.17,134.0,16-32px,137.9,155.2,-17.3,3.63,1203.9
train/IMG_0624.jpg,39.58,70.83,190.0,32-64px,140.5,132.5,8.1,5.48,309.5
train/IMG_0624.jpg,117.08,121.67,562.0,64-128px,108.3,129.8,-21.5,0.24,7890.1
train/IMG_0626.jpg,52.5,52.92,252.0,32-64px,132.0,166.7,-34.8,0.07,1762.6
train/IMG_0626.jpg,50.83,50.83,244.0,32-64px,116.0,113.1,2.9,0.04,1201.0
train/IMG_0626.jpg,21.67,50.0,104.0,16-32px,126.7,103.0,23.7,4.21,508.3
train/IMG_0626.jpg,22.08,31.25,106.0,16-32px,59.9,98.8,-39.0,2.79,151.4
train/IMG_0629.jpg,63.33,63.75,304.0,32-64px,131.9,110.3,21.7,1.93,3263.6
train/IMG_0629.jpg,53.75,60.83,258.0,32-64px,111.5,118.7,-7.2,0.93,3189.6
train/IMG_0629.jpg,35.0,41.25,168.0,32-64px,130.2,167.7,-37.6,3.7,2574.4
train/IMG_0629.jpg,55.42,57.08,266.0,32-64px,77.6,134.6,-56.9,1.26,2089.7
train/IMG_0629.jpg,62.5,63.75,300.0,32-64px,112.0,110.0,2.0,3.44,3477.2
train/IMG_0629.jpg,22.08,37.08,106.0,16-32px,94.4,122.3,-27.9,0.76,733.8
train/IMG_0630.jpg,58.75,60.0,282.0,32-64px,128.5,104.3,24.2,3.78,1819.7
train/IMG_0630.jpg,59.58,60.42,286.0,32-64px,143.4,112.6,30.8,4.11,2656.8
train/IMG_0630.jpg,43.75,43.75,210.0,32-64px,180.0,152.2,27.8,3.91,2688.5
train/IMG_0630.jpg,26.67,35.42,128.0,16-32px,101.3,129.4,-28.1,1.86,341.2
train/IMG_0630.jpg,13.75,19.17,66.0,<16px,75.4,127.4,-52.0,4.33,188.5
train/IMG_0631.jpg,24.17,32.5,116.0,16-32px,144.5,122.0,22.5,0.75,125.4
train/IMG_0631.jpg,22.08,28.33,106.0,16-32px,146.2,178.1,-31.9,7.87,48.4
train/IMG_0631.jpg,22.92,24.17,110.0,16-32px,115.1,110.2,4.9,0.2,25.8
train/IMG_0631.jpg,18.75,22.08,90.0,16-32px,100.2,137.4,-37.2,1.26,64.6
train/IMG_0631.jpg,23.75,27.08,114.0,16-32px,76.1,107.2,-31.0,3.0,130.3
train/IMG_0632.jpg,50.83,57.92,244.0,32-64px,135.3,112.2,23.1,0.98,3871.6
train/IMG_0632.jpg,47.5,54.17,228.0,32-64px,82.8,111.8,-29.0,2.41,1531.4
train/IMG_0632.jpg,28.75,55.0,138.0,16-32px,88.5,130.0,-41.6,2.94,601.2
train/IMG_0634.jpg,81.67,85.42,392.0,64-128px,139.6,175.6,-36.0,1.1,5131.9
train/IMG_0634.jpg,82.92,85.83,398.0,64-128px,135.9,155.4,-19.5,0.67,4517.8
train/IMG_0634.jpg,80.0,80.83,384.0,64-128px,130.7,110.9,19.8,1.52,3994.5
train/IMG_0634.jpg,86.25,87.08,414.0,64-128px,138.3,150.5,-12.2,6.79,4645.3
train/IMG_0634.jpg,60.83,88.33,292.0,32-64px,121.4,138.5,-17.0,5.89,3491.8
train/IMG_0635.jpg,85.0,87.92,408.0,64-128px,117.8,134.9,-17.1,5.92,3795.1
train/IMG_0635.jpg,84.17,87.92,404.0,64-128px,85.9,142.8,-56.8,4.41,4152.7
train/IMG_0637.jpg,65.83,67.08,316.0,64-128px,131.2,166.6,-35.3,0.76,5426.5
train/IMG_0638.jpg,27.08,29.58,130.0,16-32px,112.5,129.0,-16.5,4.03,25.9
train/IMG_0638.jpg,32.92,35.0,158.0,32-64px,109.0,100.2,8.9,5.3,14.6
train/IMG_0639.jpg,23.75,24.17,114.0,16-32px,96.2,76.2,20.0,1.82,795.2
train/IMG_0639.jpg,15.42,18.75,74.0,<16px,98.8,123.2,-24.3,3.19,506.4
train/IMG_0639.jpg,19.58,20.0,94.0,16-32px,55.2,57.2,-2.1,1.24,256.6
train/IMG_0639.jpg,19.17,19.58,92.0,16-32px,51.9,73.5,-21.6,2.27,332.3
train/IMG_0639.jpg,18.33,19.58,88.0,16-32px,83.2,105.6,-22.4,2.37,417.6
train/IMG_0640.jpg,115.0,116.67,552.0,64-128px,162.7,140.3,22.4,1.31,1476.8
train/IMG_0640.jpg,90.83,94.17,436.0,64-128px,98.6,128.9,-30.3,3.32,1420.7
train/IMG_0640.jpg,94.17,95.83,452.0,64-128px,110.4,106.2,4.2,3.38,1447.8
train/IMG_0640.jpg,45.83,68.75,220.0,32-64px,88.0,146.5,-58.5,1.31,568.1
train/IMG_0640.jpg,28.33,70.42,136.0,16-32px,184.5,138.9,45.6,2.8,1091.5
train/IMG_0640.jpg,25.83,70.83,124.0,16-32px,72.8,95.8,-23.0,1.75,97.2
train/IMG_0640.jpg,26.25,33.75,126.0,16-32px,99.5,152.6,-53.1,1.88,220.7
train/IMG_0642.jpg,36.67,97.08,176.0,32-64px,129.0,154.4,-25.4,0.41,544.7
train/IMG_0642.jpg,85.42,134.17,410.0,64-128px,121.2,127.6,-6.5,2.22,2315.8
train/IMG_0642.jpg,60.42,132.08,290.0,32-64px,119.8,179.0,-59.2,4.93,582.2
train/IMG_0642.jpg,46.25,105.42,222.0,32-64px,80.0,133.1,-53.1,1.11,161.7
train/IMG_0643.jpg,161.67,164.58,776.0,>=128px,150.0,183.9,-33.9,1.89,4420.4
train/IMG_0643.jpg,176.67,187.08,848.0,>=128px,157.0,144.5,12.4,2.07,3648.5
train/IMG_0643.jpg,37.92,46.67,182.0,32-64px,158.9,180.0,-21.0,1.51,627.7
train/IMG_0644.jpg,143.75,150.42,690.0,>=128px,160.4,178.9,-18.4,6.54,1229.9
train/IMG_0645.jpg,177.92,188.75,854.0,>=128px,156.1,153.5,2.6,0.43,2218.9
train/IMG_0645.jpg,144.58,165.0,694.0,>=128px,152.3,174.8,-22.5,1.14,1850.4
train/IMG_0647.jpg,256.25,261.25,1230.0,>=128px,170.3,99.5,70.9,4.77,1131.6
train/IMG_0647.jpg,264.17,269.58,1268.0,>=128px,177.6,127.1,50.5,1.06,1019.9
train/IMG_0650.jpg,148.33,151.67,712.0,>=128px,128.7,152.2,-23.5,5.09,3575.7
train/IMG_0650.jpg,30.42,95.42,146.0,16-32px,83.3,132.2,-48.9,0.35,682.6
train/IMG_0651.jpg,132.92,132.92,638.0,>=128px,133.8,126.8,7.0,7.69,2211.2
train/IMG_0653.jpg,42.5,45.83,204.0,32-64px,151.7,112.2,39.5,7.82,4054.9
train/IMG_0653.jpg,31.67,43.33,152.0,16-32px,133.2,130.7,2.4,5.02,1291.3
train/IMG_0655.jpg,50.83,52.5,244.0,32-64px,145.1,140.1,5.1,1.09,7305.3
train/IMG_0655.jpg,35.83,36.25,172.0,32-64px,113.6,134.2,-20.6,1.71,1005.8
train/IMG_0656.jpg,34.58,36.25,166.0,32-64px,75.2,97.2,-22.0,3.93,2627.5
train/IMG_0656.jpg,27.92,28.33,134.0,16-32px,65.9,108.1,-42.3,5.09,165.2
train/IMG_0656.jpg,20.0,26.25,96.0,16-32px,58.3,127.1,-68.7,2.89,194.1
train/IMG_0656.jpg,30.83,32.08,148.0,16-32px,83.5,116.0,-32.5,0.32,574.4
train/IMG_0657.jpg,54.58,55.0,262.0,32-64px,94.0,119.9,-26.0,8.99,2535.0
train/IMG_0659.jpg,50.42,52.5,242.0,32-64px,119.5,146.9,-27.3,3.71,7871.5
train/IMG_0659.jpg,62.08,63.33,298.0,32-64px,101.6,115.4,-13.7,2.62,4020.6
train/IMG_0659.jpg,29.17,29.58,140.0,16-32px,95.4,130.1,-34.8,5.76,751.1
train/IMG_0662.jpg,36.67,48.75,176.0,32-64px,102.2,156.4,-54.1,2.96,1003.9
train/IMG_0662.jpg,70.42,76.25,338.0,64-128px,103.4,126.4,-23.0,0.64,2268.4
train/IMG_0663.jpg,98.33,100.0,472.0,64-128px,122.1,105.5,16.7,5.04,4325.8
train/IMG_0664.jpg,120.42,122.92,578.0,64-128px,109.3,87.3,22.0,1.72,1648.6
train/IMG_0664.jpg,54.58,58.33,262.0,32-64px,93.0,109.0,-16.0,1.69,2803.8
train/IMG_0665.jpg,42.92,45.42,206.0,32-64px,30.6,140.8,-110.2,8.12,2745.8
train/IMG_0665.jpg,35.83,77.5,172.0,32-64px,76.6,147.8,-71.2,4.12,1772.6
train/IMG_0666.jpg,58.33,66.67,280.0,32-64px,71.1,105.8,-34.6,3.36,3226.3
train/IMG_0666.jpg,58.33,61.25,280.0,32-64px,72.8,101.0,-28.2,3.99,2837.9
train/IMG_0666.jpg,99.17,102.08,476.0,64-128px,133.8,113.0,20.8,1.51,1274.3
train/IMG_0666.jpg,25.0,27.5,120.0,16-32px,51.9,109.6,-57.7,3.23,421.1
train/IMG_0668.jpg,142.08,142.5,682.0,>=128px,131.8,103.1,28.7,1.86,12880.5
train/IMG_0668.jpg,27.5,34.17,132.0,16-32px,50.0,112.0,-62.0,1.67,737.9
train/IMG_0668.jpg,77.08,87.5,370.0,64-128px,65.5,92.4,-26.8,3.99,391.3
train/IMG_0668.jpg,75.0,80.0,360.0,64-128px,72.7,109.6,-36.9,4.56,624.5
train/IMG_0671.jpg,77.92,79.58,374.0,64-128px,90.6,144.9,-54.3,8.52,3091.4
train/IMG_0671.jpg,96.67,99.58,464.0,64-128px,99.9,122.1,-22.3,2.17,6336.2
train/IMG_0671.jpg,52.08,57.08,250.0,32-64px,81.3,92.7,-11.3,5.38,344.0
train/IMG_0671.jpg,75.42,76.25,362.0,64-128px,100.7,117.9,-17.3,6.86,2146.2
train/IMG_0671.jpg,46.67,47.5,224.0,32-64px,98.7,143.3,-44.6,2.67,627.0
train/IMG_0671.jpg,35.83,37.5,172.0,32-64px,61.5,101.3,-39.9,11.0,175.9
train/IMG_0671.jpg,20.0,27.08,96.0,16-32px,77.2,118.3,-41.0,8.4,166.6
train/IMG_0672.jpg,43.33,45.0,208.0,32-64px,98.5,85.0,13.4,3.83,235.0
train/IMG_0672.jpg,88.33,91.67,424.0,64-128px,165.1,154.7,10.4,1.18,3479.3
train/IMG_0672.jpg,21.25,86.25,102.0,16-32px,98.5,110.3,-11.8,4.35,189.0
train/IMG_0673.jpg,45.0,45.83,216.0,32-64px,93.2,75.3,17.9,4.47,1372.2
train/IMG_0673.jpg,78.75,102.5,378.0,64-128px,178.3,165.6,12.7,0.36,718.7
train/IMG_0674.jpg,72.08,84.17,346.0,64-128px,167.0,158.1,8.9,6.34,1270.5
train/IMG_0674.jpg,17.08,17.5,82.0,16-32px,116.0,141.9,-26.0,7.27,151.1
train/IMG_0675.jpg,77.08,80.0,370.0,64-128px,118.0,116.9,1.1,6.55,9091.1
train/IMG_0675.jpg,52.5,67.08,252.0,32-64px,78.0,141.3,-63.3,1.33,5770.8
train/IMG_0675.jpg,60.83,62.92,292.0,32-64px,70.9,100.9,-30.0,1.07,2940.6
train/IMG_0675.jpg,79.58,81.25,382.0,64-128px,153.7,122.6,31.0,7.81,4537.3
train/IMG_0676.jpg,71.25,75.0,342.0,64-128px,146.9,133.5,13.4,5.92,4643.4
train/IMG_0676.jpg,80.42,85.42,386.0,64-128px,120.3,122.8,-2.5,5.51,4980.6
train/IMG_0676.jpg,59.17,66.67,284.0,32-64px,74.1,95.9,-21.8,1.29,1887.0
train/IMG_0676.jpg,24.17,24.58,116.0,16-32px,112.7,121.2,-8.5,1.13,53.2
train/IMG_0676.jpg,21.25,46.67,102.0,16-32px,160.7,200.8,-40.1,1.79,127.0
train/IMG_0676.jpg,26.25,27.08,126.0,16-32px,189.1,179.7,9.4,5.37,250.4
train/IMG_0676.jpg,46.25,65.0,222.0,32-64px,83.2,142.1,-58.9,2.21,1913.8
train/IMG_0677.jpg,39.58,45.42,190.0,32-64px,74.8,114.1,-39.3,2.62,2200.4
train/IMG_0677.jpg,43.75,45.0,210.0,32-64px,94.1,123.6,-29.4,0.2,2562.5
train/IMG_0678.jpg,40.0,48.75,192.0,32-64px,73.1,109.1,-36.0,1.88,2719.0
train/IMG_0678.jpg,43.33,44.17,208.0,32-64px,93.6,117.5,-23.9,0.76,2966.4
train/IMG_0679.jpg,45.0,45.42,216.0,32-64px,124.7,112.8,12.0,6.38,6091.1
train/IMG_0679.jpg,25.42,25.83,122.0,16-32px,117.0,113.9,3.0,2.76,361.6
train/IMG_0679.jpg,35.0,43.75,168.0,32-64px,165.4,171.6,-6.2,5.1,3480.7
train/IMG_0679.jpg,30.0,30.83,144.0,16-32px,110.5,153.9,-43.4,4.3,4638.4
train/IMG_0679.jpg,9.58,10.42,46.0,<16px,93.9,67.8,26.1,3.92,10.0
train/IMG_0679.jpg,7.08,7.08,34.0,<16px,103.3,122.9,-19.7,1.61,7.9
train/IMG_0679.jpg,5.42,7.92,26.0,<16px,57.1,140.1,-83.0,1.87,15.5
train/IMG_0679.jpg,7.08,7.92,34.0,<16px,85.2,147.3,-62.0,1.84,17.2
train/IMG_0679.jpg,5.83,9.58,28.0,<16px,73.0,100.4,-27.5,0.29,4.4
train/IMG_0679.jpg,8.75,9.17,42.0,<16px,71.7,114.6,-42.8,0.72,21.4
train/IMG_0680.jpg,75.42,83.33,362.0,64-128px,117.3,139.9,-22.6,1.15,5882.4
train/IMG_0681.jpg,69.58,75.42,334.0,64-128px,156.0,115.9,40.1,10.19,2720.9
train/IMG_0682.jpg,60.42,64.17,290.0,32-64px,143.1,143.5,-0.3,4.97,5175.4
train/IMG_0682.jpg,24.58,37.92,118.0,16-32px,117.3,145.1,-27.7,0.77,883.7
train/IMG_0683.jpg,45.0,48.75,216.0,32-64px,123.0,114.8,8.2,4.92,223.3
train/IMG_0683.jpg,22.5,37.08,108.0,16-32px,163.4,137.5,25.9,5.16,201.8
train/IMG_0683.jpg,87.5,89.58,420.0,64-128px,151.9,113.3,38.6,9.97,3111.7
train/IMG_0684.jpg,97.5,98.75,468.0,64-128px,152.5,129.9,22.6,5.63,2269.3
train/IMG_0684.jpg,44.17,50.83,212.0,32-64px,157.4,158.2,-0.8,3.17,228.9
train/IMG_0684.jpg,55.0,60.42,264.0,32-64px,154.5,145.6,8.9,2.74,86.0
train/IMG_0684.jpg,33.33,36.67,160.0,32-64px,146.9,140.9,6.0,3.7,69.1
train/IMG_0685.jpg,43.75,48.33,210.0,32-64px,151.7,208.7,-57.0,0.27,2453.5
train/IMG_0685.jpg,38.33,39.17,184.0,32-64px,132.1,174.4,-42.3,1.0,1815.0
train/IMG_0685.jpg,42.5,45.83,204.0,32-64px,123.8,141.5,-17.8,2.93,3048.9
train/IMG_0685.jpg,40.42,44.17,194.0,32-64px,114.8,113.6,1.2,1.89,5355.0
train/IMG_0685.jpg,56.67,59.17,272.0,32-64px,118.1,125.2,-7.1,1.91,7888.6
train/IMG_0685.jpg,42.5,70.0,204.0,32-64px,150.7,99.9,50.8,5.89,2851.6
train/IMG_0686.jpg,73.75,75.42,354.0,64-128px,153.9,126.1,27.9,4.28,6302.7
train/IMG_0686.jpg,80.42,81.25,386.0,64-128px,165.2,134.0,31.2,4.58,5305.6
train/IMG_0687.jpg,37.5,38.75,180.0,32-64px,113.8,180.6,-66.9,2.72,5401.0
train/IMG_0687.jpg,20.83,21.67,100.0,16-32px,111.2,171.6,-60.4,1.3,1313.2
train/IMG_0687.jpg,31.67,33.75,152.0,16-32px,98.8,121.8,-23.0,0.25,3637.4
train/IMG_0687.jpg,40.42,40.83,194.0,32-64px,97.8,103.3,-5.4,2.96,4301.0
train/IMG_0687.jpg,57.5,58.33,276.0,32-64px,95.7,83.1,12.6,4.08,3042.2
train/IMG_0687.jpg,41.25,44.58,198.0,32-64px,96.1,82.7,13.4,3.79,1690.2
train/IMG_0688.jpg,40.83,44.17,196.0,32-64px,82.2,144.7,-62.5,0.88,2845.6
train/IMG_0689.jpg,98.75,105.83,474.0,64-128px,106.0,123.4,-17.4,0.62,9588.2
train/IMG_0689.jpg,25.83,44.17,124.0,16-32px,106.9,132.3,-25.4,0.54,135.5
train/IMG_0691.jpg,53.33,53.75,256.0,32-64px,135.1,115.0,20.1,2.88,5713.7
train/IMG_0691.jpg,59.58,60.0,286.0,32-64px,153.7,137.6,16.1,3.74,5197.1
train/IMG_0692.jpg,51.67,56.67,248.0,32-64px,107.2,125.9,-18.7,0.32,1967.1
train/IMG_0694.jpg,55.83,56.25,268.0,32-64px,133.4,125.6,7.8,7.01,3095.8
train/IMG_0694.jpg,20.42,33.33,98.0,16-32px,85.1,97.3,-12.1,4.65,133.0
train/IMG_0694.jpg,12.92,14.17,62.0,<16px,101.1,168.9,-67.8,3.11,47.2
train/IMG_0697.jpg,26.67,37.92,128.0,16-32px,110.8,93.1,17.7,4.1,2869.9
train/IMG_0698.jpg,53.75,55.0,258.0,32-64px,133.2,131.6,1.6,0.23,203.4
train/IMG_0698.jpg,59.17,65.83,284.0,32-64px,129.2,150.3,-21.1,2.19,385.9
train/IMG_0698.jpg,59.17,60.83,284.0,32-64px,117.8,111.5,6.3,0.09,154.5
train/IMG_0698.jpg,62.08,65.0,298.0,32-64px,172.7,144.4,28.3,4.31,154.6
train/IMG_0698.jpg,37.08,42.08,178.0,32-64px,111.4,146.5,-35.1,3.89,92.0
train/IMG_0698.jpg,30.83,45.0,148.0,16-32px,101.4,105.0,-3.5,2.48,161.1
train/IMG_0700.jpg,55.83,55.83,268.0,32-64px,70.7,129.7,-58.9,1.82,1881.5
train/IMG_0700.jpg,22.5,30.83,108.0,16-32px,130.2,155.5,-25.2,2.25,1097.9
train/IMG_0701.jpg,44.58,45.0,214.0,32-64px,94.0,110.9,-16.9,3.94,4859.2
train/IMG_0702.jpg,55.0,55.42,264.0,32-64px,83.8,139.6,-55.8,0.22,6466.5
train/IMG_0704.jpg,64.17,66.25,308.0,64-128px,91.8,96.8,-5.0,0.8,4576.1
train/IMG_0708.jpg,24.17,36.67,116.0,16-32px,128.0,105.4,22.6,3.28,1730.7
train/IMG_0708.jpg,27.92,35.83,134.0,16-32px,90.4,90.5,-0.1,0.32,1894.7
train/IMG_0708.jpg,23.75,24.17,114.0,16-32px,79.7,69.7,10.0,1.31,613.3
train/IMG_0708.jpg,15.42,16.25,74.0,<16px,55.8,76.3,-20.5,1.37,198.3
train/IMG_0708.jpg,25.0,25.42,120.0,16-32px,78.9,71.0,8.0,1.5,722.5
train/IMG_0708.jpg,36.25,39.17,174.0,32-64px,44.9,94.8,-49.9,5.18,1183.5
train/IMG_0708.jpg,24.58,31.25,118.0,16-32px,50.1,88.1,-38.0,0.13,736.0
train/IMG_0708.jpg,30.42,32.5,146.0,16-32px,79.2,139.5,-60.3,2.69,1590.6
train/IMG_0708.jpg,15.42,15.42,74.0,<16px,97.9,109.0,-11.1,1.17,62.6
train/IMG_0708.jpg,7.08,10.0,34.0,<16px,73.4,111.0,-37.6,2.23,23.2
train/IMG_0709.jpg,148.33,167.92,712.0,>=128px,81.0,139.6,-58.7,6.12,1437.3
train/IMG_0709.jpg,73.33,89.58,352.0,64-128px,85.9,111.1,-25.2,2.64,1045.2
train/IMG_0709.jpg,110.0,111.25,528.0,64-128px,128.4,114.7,13.8,1.81,3129.5
train/IMG_0709.jpg,131.25,173.75,630.0,>=128px,135.0,133.9,1.1,0.28,5217.5
train/IMG_0709.jpg,119.58,141.67,574.0,64-128px,88.3,133.7,-45.5,1.25,2170.4
train/IMG_0709.jpg,173.33,174.58,832.0,>=128px,143.6,147.9,-4.3,1.72,3692.2
train/IMG_0711.jpg,50.0,55.0,240.0,32-64px,91.1,104.6,-13.5,1.54,5635.2
train/IMG_0711.jpg,35.0,45.0,168.0,32-64px,74.5,149.3,-74.8,6.01,4067.2
train/IMG_0712.jpg,87.08,88.75,418.0,64-128px,131.8,124.2,7.6,2.62,7502.2
train/IMG_0712.jpg,82.5,85.0,396.0,64-128px,122.8,130.4,-7.6,0.65,8153.8
train/IMG_0712.jpg,53.75,73.75,258.0,32-64px,82.0,107.1,-25.1,0.52,3596.2
train/IMG_0712.jpg,33.75,72.08,162.0,32-64px,57.6,154.7,-97.1,6.68,2623.7
train/IMG_0712.jpg,21.25,31.25,102.0,16-32px,88.4,189.0,-100.6,6.03,889.4
train/IMG_0712.jpg,10.83,15.42,52.0,<16px,147.5,214.6,-67.1,2.22,125.3
train/IMG_0713.jpg,96.25,104.17,462.0,64-128px,156.3,152.7,3.6,1.53,8229.2
train/IMG_0713.jpg,93.33,105.42,448.0,64-128px,135.2,133.9,1.2,1.69,3967.5
train/IMG_0715.jpg,55.0,55.83,264.0,32-64px,83.2,127.7,-44.5,0.97,2075.2
train/IMG_0715.jpg,40.83,55.0,196.0,32-64px,89.0,122.2,-33.2,1.35,4250.6
train/IMG_0715.jpg,56.25,57.5,270.0,32-64px,87.4,76.0,11.4,2.57,2247.2
train/IMG_0715.jpg,26.67,45.0,128.0,16-32px,123.8,120.4,3.4,4.47,2841.2
train/IMG_0715.jpg,27.08,28.75,130.0,16-32px,47.7,72.7,-24.9,0.67,531.6
train/IMG_0716.jpg,110.0,110.0,528.0,64-128px,114.0,104.0,10.0,0.07,5580.7
train/IMG_0716.jpg,51.67,55.0,248.0,32-64px,80.4,161.2,-80.8,4.85,2794.5
train/IMG_0716.jpg,43.75,54.58,210.0,32-64px,93.6,107.7,-14.1,0.1,413.8
train/IMG_0716.jpg,34.17,52.08,164.0,32-64px,133.5,150.0,-16.5,0.9,170.8
train/IMG_0717.jpg,33.33,35.83,160.0,32-64px,119.8,165.2,-45.4,0.76,305.7
train/IMG_0717.jpg,91.25,94.17,438.0,64-128px,149.5,186.4,-36.9,0.36,7259.5
train/IMG_0717.jpg,35.83,52.08,172.0,32-64px,83.2,90.8,-7.6,0.59,124.7
train/IMG_0717.jpg,42.08,67.08,202.0,32-64px,97.7,88.1,9.6,0.19,232.1
train/IMG_0717.jpg,27.08,37.5,130.0,16-32px,84.2,106.7,-22.5,1.36,325.3
train/IMG_0719.jpg,34.58,35.83,166.0,32-64px,125.2,131.2,-6.0,0.28,6010.8
train/IMG_0719.jpg,25.0,29.17,120.0,16-32px,46.2,104.0,-57.7,5.98,1184.9
train/IMG_0719.jpg,22.08,29.58,106.0,16-32px,81.7,112.0,-30.3,3.15,1649.5
train/IMG_0719.jpg,34.58,34.58,166.0,32-64px,75.9,87.4,-11.5,0.35,1354.8
train/IMG_0719.jpg,31.25,33.75,150.0,16-32px,110.3,111.9,-1.6,0.86,1835.8
train/IMG_0719.jpg,10.83,23.33,52.0,<16px,217.2,169.8,47.4,3.95,679.8
train/IMG_0719.jpg,11.25,13.75,54.0,<16px,83.8,131.7,-47.9,0.91,121.5
train/IMG_0719.jpg,17.08,20.83,82.0,16-32px,124.0,162.4,-38.4,2.28,1292.0
train/IMG_0720.jpg,13.75,14.17,66.0,<16px,122.3,110.8,11.5,0.92,372.6
train/IMG_0721.jpg,44.58,59.58,214.0,32-64px,131.7,133.2,-1.5,2.27,9173.3
train/IMG_0721.jpg,60.0,60.42,288.0,32-64px,128.1,116.4,11.7,2.04,13943.2
train/IMG_0721.jpg,62.08,62.92,298.0,32-64px,140.3,107.3,33.1,3.44,18188.1
train/IMG_0721.jpg,48.33,49.58,232.0,32-64px,135.5,116.1,19.3,4.14,10653.9
train/IMG_0721.jpg,20.0,30.0,96.0,16-32px,154.2,170.3,-16.2,4.84,1377.4
train/IMG_0721.jpg,37.08,44.58,178.0,32-64px,121.6,151.9,-30.3,0.7,5457.4
train/IMG_0721.jpg,15.0,22.92,72.0,<16px,81.1,146.2,-65.1,2.13,275.5
train/IMG_0721.jpg,15.83,17.5,76.0,<16px,103.2,76.0,27.2,1.88,517.6
train/IMG_0722.jpg,22.5,33.33,108.0,16-32px,137.3,119.1,18.2,3.04,1892.5
train/IMG_0722.jpg,8.33,18.33,40.0,<16px,138.1,97.2,40.9,0.08,308.3
train/IMG_0722.jpg,7.08,27.92,34.0,<16px,109.5,100.6,9.0,3.67,2197.5
train/IMG_0722.jpg,11.67,38.75,56.0,<16px,100.8,138.9,-38.1,0.84,2615.7
train/IMG_0722.jpg,14.17,53.33,68.0,<16px,105.1,145.3,-40.2,0.97,4112.8
train/IMG_0722.jpg,30.0,30.42,144.0,16-32px,80.8,111.3,-30.5,1.01,1134.9
train/IMG_0722.jpg,50.83,51.67,244.0,32-64px,90.8,85.0,5.8,0.97,6303.7
train/IMG_0722.jpg,28.33,80.42,136.0,16-32px,93.9,133.4,-39.4,1.83,2285.6
train/IMG_0722.jpg,33.75,87.08,162.0,32-64px,115.6,124.3,-8.7,1.8,3468.3
train/IMG_0722.jpg,27.08,30.0,130.0,16-32px,114.0,129.9,-16.0,3.03,1417.1
train/IMG_0722.jpg,13.33,13.75,64.0,<16px,100.5,80.3,20.2,1.81,44.5
train/IMG_0724.jpg,33.75,60.83,162.0,32-64px,112.9,138.2,-25.4,2.17,5363.3
train/IMG_0724.jpg,25.0,52.92,120.0,16-32px,156.3,144.4,11.9,1.13,7572.1
train/IMG_0724.jpg,47.5,62.08,228.0,32-64px,136.0,118.8,17.3,0.36,5411.2
train/IMG_0724.jpg,33.75,34.17,162.0,32-64px,110.8,133.1,-22.3,0.01,514.3
train/IMG_0724.jpg,82.92,86.25,398.0,64-128px,126.4,114.4,11.9,2.57,10890.5
train/IMG_0724.jpg,71.67,72.92,344.0,64-128px,138.6,102.0,36.7,4.8,8152.4
train/IMG_0724.jpg,26.67,28.75,128.0,16-32px,72.9,94.3,-21.4,0.59,269.7
train/IMG_0724.jpg,32.08,33.33,154.0,32-64px,133.9,140.1,-6.2,2.19,2671.3
train/IMG_0724.jpg,95.83,97.08,460.0,64-128px,130.6,141.0,-10.4,2.04,8379.3
train/IMG_0724.jpg,77.08,100.42,370.0,64-128px,153.7,121.2,32.5,0.94,9717.2
train/IMG_0726.jpg,47.08,51.67,226.0,32-64px,135.8,163.8,-28.0,6.37,4460.7
train/IMG_0726.jpg,82.92,88.75,398.0,64-128px,151.8,158.0,-6.2,0.22,2870.8
train/IMG_0726.jpg,36.67,55.42,176.0,32-64px,108.3,140.1,-31.8,2.63,3336.5
train/IMG_0726.jpg,64.17,66.67,308.0,64-128px,133.6,109.8,23.8,2.38,6082.3
train/IMG_0726.jpg,22.08,46.67,106.0,16-32px,94.4,101.9,-7.5,0.89,1936.5
train/IMG_0726.jpg,22.5,48.75,108.0,16-32px,63.3,102.0,-38.7,0.22,1153.9
train/IMG_0728.jpg,33.75,52.08,162.0,32-64px,101.1,81.0,20.1,3.23,4215.1
train/IMG_0728.jpg,12.5,39.17,60.0,<16px,75.2,67.2,8.1,2.32,997.4
train/IMG_0728.jpg,32.5,35.42,156.0,32-64px,86.5,101.7,-15.2,2.58,4562.9
train/IMG_0728.jpg,29.58,32.92,142.0,16-32px,125.9,119.4,6.5,6.7,5490.5
train/IMG_0728.jpg,17.5,20.0,84.0,16-32px,121.8,111.0,10.8,3.42,1362.3
train/IMG_0728.jpg,12.5,13.33,60.0,<16px,75.1,99.5,-24.4,2.5,298.4
train/IMG_0728.jpg,12.08,12.5,58.0,<16px,42.8,56.1,-13.3,1.95,7.6
train/IMG_0728.jpg,10.42,12.92,50.0,<16px,36.8,56.8,-20.0,0.39,5.5
train/IMG_0728.jpg,14.17,14.58,68.0,<16px,92.5,96.1,-3.6,1.82,95.6
train/IMG_0728.jpg,11.67,12.92,56.0,<16px,112.8,102.7,10.1,2.85,33.2
train/IMG_0728.jpg,9.58,12.5,46.0,<16px,114.6,124.1,-9.5,0.18,25.3
train/IMG_0728.jpg,3.33,9.58,16.0,<16px,170.2,147.0,23.1,0.82,7.7
train/IMG_0728.jpg,8.75,12.08,42.0,<16px,121.1,133.3,-12.1,0.41,26.1
train/IMG_0728.jpg,10.42,10.42,50.0,<16px,88.3,117.4,-29.1,0.57,18.1
train/IMG_0728.jpg,9.17,9.17,44.0,<16px,85.2,68.5,16.7,0.82,5.8
train/IMG_0728.jpg,9.17,9.17,44.0,<16px,93.6,100.6,-7.0,0.31,10.7
train/IMG_0728.jpg,7.5,7.92,36.0,<16px,75.4,83.5,-8.1,0.7,3.3
train/IMG_0728.jpg,9.58,10.42,46.0,<16px,93.2,130.8,-37.7,1.71,15.7
train/IMG_0728.jpg,12.08,12.92,58.0,<16px,88.0,129.9,-42.0,1.49,31.9
train/IMG_0728.jpg,13.33,14.17,64.0,<16px,97.4,74.7,22.7,1.18,16.3
train/IMG_0728.jpg,8.33,12.5,40.0,<16px,76.2,79.9,-3.7,0.39,8.5
train/IMG_0728.jpg,12.5,15.0,60.0,<16px,86.6,99.6,-13.0,0.21,34.4
train/IMG_0728.jpg,9.58,13.75,46.0,<16px,77.9,111.1,-33.2,3.32,28.1
train/IMG_0728.jpg,15.42,20.83,74.0,<16px,67.8,123.5,-55.7,3.61,221.0
train/IMG_0730.jpg,5.42,6.25,26.0,<16px,124.8,170.2,-45.4,0.06,20.6
train/IMG_0731.jpg,5.0,5.83,24.0,<16px,94.2,145.2,-51.1,0.48,17.2
train/IMG_0733.jpg,49.17,64.58,236.0,32-64px,100.3,151.7,-51.4,6.15,6546.3
train/IMG_0734.jpg,64.58,70.42,310.0,64-128px,126.0,164.4,-38.4,3.14,5256.7
train/IMG_0734.jpg,30.42,32.92,146.0,16-32px,104.3,108.2,-3.8,3.48,2554.1
train/IMG_0734.jpg,35.83,36.67,172.0,32-64px,114.7,106.4,8.3,2.32,2058.7
train/IMG_0734.jpg,37.08,37.92,178.0,32-64px,125.7,109.2,16.6,4.18,1813.7
train/IMG_0734.jpg,43.33,79.17,208.0,32-64px,134.6,130.7,4.0,2.39,4351.0
train/IMG_0735.jpg,33.75,35.83,162.0,32-64px,106.9,83.5,23.4,2.49,457.8
train/IMG_0735.jpg,32.92,35.0,158.0,32-64px,107.7,106.8,0.9,3.62,366.4
train/IMG_0735.jpg,35.0,36.25,168.0,32-64px,118.2,99.9,18.4,4.12,314.7
train/IMG_0735.jpg,34.17,37.92,164.0,32-64px,122.5,102.4,20.1,1.98,146.7
train/IMG_0735.jpg,79.17,81.25,380.0,64-128px,139.1,135.8,3.4,2.92,9424.3
train/IMG_0736.jpg,165.83,179.58,796.0,>=128px,146.4,127.8,18.6,2.48,2653.3
train/IMG_0736.jpg,177.08,177.08,850.0,>=128px,155.7,139.5,16.2,4.5,1311.9
train/IMG_0737.jpg,167.5,168.75,804.0,>=128px,152.7,134.3,18.3,1.65,841.1
train/IMG_0738.jpg,358.33,363.75,1720.0,>=128px,158.7,159.3,-0.7,3.45,1072.9
train/IMG_0739.jpg,75.83,77.92,364.0,64-128px,100.9,113.6,-12.7,0.15,684.5
train/IMG_0739.jpg,81.67,82.92,392.0,64-128px,93.7,135.3,-41.7,1.88,1665.6
train/IMG_0739.jpg,68.75,69.58,330.0,64-128px,92.8,86.9,5.9,0.94,356.7
train/IMG_0739.jpg,66.25,67.08,318.0,64-128px,105.3,73.2,32.0,2.22,185.7
train/IMG_0739.jpg,56.25,63.75,270.0,32-64px,105.6,115.0,-9.4,3.31,734.5
train/IMG_0739.jpg,76.67,77.92,368.0,64-128px,99.8,113.9,-14.1,1.47,570.2
train/IMG_0739.jpg,44.17,62.08,212.0,32-64px,64.8,106.7,-41.9,1.68,410.9
train/IMG_0742.jpg,51.67,60.83,248.0,32-64px,101.0,99.4,1.6,0.77,469.6
train/IMG_0742.jpg,79.58,106.67,382.0,64-128px,101.1,124.2,-23.2,0.28,1131.8
train/IMG_0742.jpg,90.83,101.25,436.0,64-128px,94.8,100.0,-5.2,0.43,495.0
train/IMG_0742.jpg,61.67,67.92,296.0,32-64px,90.0,82.6,7.4,2.1,315.8
train/IMG_0742.jpg,43.75,48.75,210.0,32-64px,160.4,91.9,68.5,0.97,389.0
train/IMG_0742.jpg,28.75,49.58,138.0,16-32px,150.6,110.7,40.0,1.39,103.9
train/IMG_0742.jpg,21.25,23.33,102.0,16-32px,142.1,146.8,-4.7,1.86,48.7
train/IMG_0742.jpg,25.0,36.67,120.0,16-32px,66.3,140.6,-74.4,3.88,99.1
train/IMG_0742.jpg,31.67,35.83,152.0,16-32px,92.7,110.3,-17.6,1.99,159.4
train/IMG_0742.jpg,23.75,32.92,114.0,16-32px,144.8,168.1,-23.3,1.15,170.3
train/IMG_0742.jpg,7.5,9.17,36.0,<16px,146.7,162.5,-15.8,0.09,4.9
train/IMG_0742.jpg,45.42,58.33,218.0,32-64px,61.2,109.4,-48.2,4.11,295.8
train/IMG_0745.jpg,36.67,51.25,176.0,32-64px,109.4,121.3,-11.9,0.31,138.2
train/IMG_0745.jpg,66.67,66.67,320.0,64-128px,119.9,110.3,9.6,1.69,352.6
train/IMG_0745.jpg,52.5,52.92,252.0,32-64px,154.2,155.1,-0.9,0.17,420.0
train/IMG_0745.jpg,70.42,72.92,338.0,64-128px,123.7,92.7,31.0,3.23,438.8
train/IMG_0745.jpg,44.58,56.25,214.0,32-64px,136.5,118.8,17.7,3.37,206.2
train/IMG_0745.jpg,60.0,60.42,288.0,32-64px,125.9,108.1,17.8,1.52,416.1
train/IMG_0745.jpg,59.58,60.0,286.0,32-64px,138.6,137.8,0.8,0.07,577.5
train/IMG_0745.jpg,31.67,56.25,152.0,16-32px,132.5,119.1,13.4,0.03,452.2
train/IMG_0746.jpg,61.25,62.5,294.0,32-64px,101.5,140.0,-38.6,2.99,1106.3
train/IMG_0746.jpg,48.75,53.75,234.0,32-64px,76.7,179.0,-102.3,4.27,1028.7
train/IMG_0746.jpg,15.0,17.5,72.0,<16px,123.0,135.1,-12.1,0.31,34.8
train/IMG_0747.jpg,131.25,132.5,630.0,>=128px,116.7,104.9,11.8,1.68,391.3
train/IMG_0747.jpg,103.75,105.42,498.0,64-128px,148.2,150.4,-2.1,0.01,716.7
train/IMG_0747.jpg,88.33,111.67,424.0,64-128px,134.3,114.8,19.5,3.37,309.3
train/IMG_0747.jpg,141.67,144.58,680.0,>=128px,121.2,89.6,31.6,3.12,483.1
train/IMG_0748.jpg,265.0,269.58,1272.0,>=128px,115.9,131.7,-15.7,2.6,496.1
train/IMG_0748.jpg,58.75,139.17,282.0,32-64px,140.5,132.4,8.2,1.85,528.3
train/IMG_0748.jpg,75.83,186.67,364.0,64-128px,114.7,111.6,3.1,0.11,265.5
train/IMG_0748.jpg,97.08,108.75,466.0,64-128px,81.7,104.7,-23.0,3.34,37.3
train/IMG_0750.jpg,72.08,72.92,346.0,64-128px,92.0,114.5,-22.5,2.33,704.3
train/IMG_0750.jpg,66.67,70.0,320.0,64-128px,90.8,107.5,-16.7,4.68,538.9
train/IMG_0750.jpg,84.17,95.0,404.0,64-128px,90.1,100.8,-10.7,2.1,262.5
train/IMG_0750.jpg,35.42,77.08,170.0,32-64px,86.3,140.1,-53.8,3.39,475.9
train/IMG_0753.jpg,69.17,74.58,332.0,64-128px,107.3,154.8,-47.5,2.12,5765.7
train/IMG_0753.jpg,76.25,76.25,366.0,64-128px,88.3,79.7,8.7,1.71,3712.4
train/IMG_0753.jpg,89.58,90.0,430.0,64-128px,102.7,111.0,-8.2,0.81,4919.3
train/IMG_0753.jpg,78.33,81.25,376.0,64-128px,103.6,135.4,-31.8,0.2,7627.5
train/IMG_0753.jpg,85.42,85.83,410.0,64-128px,82.0,102.6,-20.6,2.85,6862.7
train/IMG_0753.jpg,64.17,67.92,308.0,64-128px,97.2,116.3,-19.0,1.49,3512.4
train/IMG_0753.jpg,47.92,62.5,230.0,32-64px,130.2,146.1,-15.9,3.41,1122.0
train/IMG_0753.jpg,31.25,63.33,150.0,16-32px,70.4,99.1,-28.7,3.86,2159.8
train/IMG_0753.jpg,25.0,26.25,120.0,16-32px,88.1,148.4,-60.2,2.58,226.5
train/IMG_0753.jpg,49.17,63.33,236.0,32-64px,46.4,104.0,-57.6,5.09,2920.6
train/IMG_0753.jpg,43.75,44.58,210.0,32-64px,118.7,109.1,9.6,0.4,4418.7
train/IMG_0756.jpg,28.33,35.42,136.0,16-32px,35.4,80.4,-45.0,3.85,324.3
train/IMG_0756.jpg,63.75,82.5,306.0,32-64px,79.8,97.0,-17.2,0.28,1257.0
train/IMG_0756.jpg,90.42,101.25,434.0,64-128px,58.0,98.3,-40.3,0.34,517.8
train/IMG_0756.jpg,32.92,44.58,158.0,32-64px,101.4,110.3,-8.9,2.65,435.6
train/IMG_0756.jpg,20.0,21.67,96.0,16-32px,87.1,82.6,4.5,1.16,21.1
train/IMG_0758.jpg,31.67,32.92,152.0,16-32px,78.7,115.9,-37.1,2.81,2237.6
train/IMG_0758.jpg,23.75,27.08,114.0,16-32px,33.1,76.4,-43.3,3.21,657.9
train/IMG_0758.jpg,27.92,28.33,134.0,16-32px,50.2,76.6,-26.3,2.25,757.3
train/IMG_0758.jpg,22.08,30.42,106.0,16-32px,95.3,152.5,-57.1,1.96,1267.0
train/IMG_0758.jpg,102.92,110.0,494.0,64-128px,104.1,130.1,-26.0,3.74,3043.7
train/IMG_0758.jpg,85.83,86.25,412.0,64-128px,121.1,120.4,0.7,1.98,1109.3
train/IMG_0758.jpg,100.0,110.0,480.0,64-128px,144.1,126.2,17.9,1.84,879.2
train/IMG_0758.jpg,53.33,117.08,256.0,32-64px,83.4,133.6,-50.2,6.23,120.2
train/IMG_0758.jpg,9.58,27.92,46.0,<16px,37.7,98.2,-60.5,4.42,277.7
train/IMG_0758.jpg,11.25,17.92,54.0,<16px,55.1,97.1,-42.0,1.2,155.7
train/IMG_0759.jpg,78.75,87.08,378.0,64-128px,128.0,138.1,-10.1,1.6,1918.1
train/IMG_0759.jpg,55.42,57.08,266.0,32-64px,142.1,155.4,-13.3,2.07,621.4
train/IMG_0760.jpg,77.08,81.25,370.0,64-128px,108.6,153.0,-44.4,0.33,1062.3
train/IMG_0761.jpg,94.17,95.0,452.0,64-128px,91.0,123.4,-32.4,2.78,834.4
train/IMG_0761.jpg,34.17,51.67,164.0,32-64px,68.1,129.8,-61.7,1.78,94.9
train/IMG_0761.jpg,69.58,70.0,334.0,64-128px,69.2,123.6,-54.4,1.27,291.1
train/IMG_0761.jpg,58.75,85.0,282.0,32-64px,53.9,115.3,-61.4,2.35,536.9
train/IMG_0761.jpg,46.25,50.0,222.0,32-64px,68.1,98.1,-30.0,0.09,99.2
train/IMG_0761.jpg,36.67,65.42,176.0,32-64px,76.9,122.6,-45.7,1.52,226.2
train/IMG_0762.jpg,95.0,96.25,456.0,64-128px,105.9,141.8,-35.9,3.33,1602.1
train/IMG_0762.jpg,58.33,85.83,280.0,32-64px,64.5,134.5,-69.9,2.89,911.9
train/IMG_0762.jpg,25.83,45.83,124.0,16-32px,78.8,140.5,-61.8,1.77,207.2
train/IMG_0762.jpg,72.92,76.67,350.0,64-128px,82.0,137.1,-55.1,1.12,922.2
train/IMG_0762.jpg,46.25,53.33,222.0,32-64px,81.6,114.5,-32.9,0.74,379.6
train/IMG_0762.jpg,38.75,66.25,186.0,32-64px,96.0,143.3,-47.3,1.57,347.6
train/IMG_0764.jpg,67.5,74.17,324.0,64-128px,52.5,105.9,-53.4,0.68,349.5
train/IMG_0764.jpg,65.83,73.33,316.0,64-128px,75.3,141.4,-66.0,0.02,1155.5
train/IMG_0764.jpg,57.5,76.67,276.0,32-64px,67.9,103.2,-35.4,0.39,234.1
train/IMG_0765.jpg,82.92,84.17,398.0,64-128px,112.2,118.7,-6.4,9.32,1227.0
train/IMG_0765.jpg,45.42,71.25,218.0,32-64px,85.8,144.3,-58.4,1.77,317.9
train/IMG_0765.jpg,30.42,31.67,146.0,16-32px,72.9,113.5,-40.6,0.83,87.3
train/IMG_0766.jpg,36.67,38.75,176.0,32-64px,81.0,107.5,-26.5,1.44,2611.6
train/IMG_0766.jpg,41.67,45.0,200.0,32-64px,47.7,59.3,-11.5,0.12,779.8
train/IMG_0766.jpg,37.08,40.0,178.0,32-64px,87.9,77.7,10.2,3.45,1408.9
train/IMG_0766.jpg,36.67,39.58,176.0,32-64px,58.5,98.4,-39.9,0.42,1236.2
train/IMG_0766.jpg,37.5,40.0,180.0,32-64px,60.5,96.4,-35.9,4.5,1713.6
train/IMG_0766.jpg,10.0,14.17,48.0,<16px,100.5,85.8,14.6,1.22,109.8
train/IMG_0767.jpg,35.42,36.25,170.0,32-64px,103.2,95.7,7.5,4.62,2190.8
train/IMG_0767.jpg,35.42,36.25,170.0,32-64px,66.3,116.4,-50.1,0.8,2143.7
train/IMG_0767.jpg,35.83,36.25,172.0,32-64px,69.5,113.5,-44.0,5.68,2555.8
train/IMG_0767.jpg,22.5,43.75,108.0,16-32px,97.7,132.9,-35.2,5.19,2400.3
train/IMG_0769.jpg,37.5,127.08,180.0,32-64px,105.0,168.9,-63.9,7.83,732.3
train/IMG_0769.jpg,102.92,151.67,494.0,64-128px,128.6,154.1,-25.5,4.13,909.1
train/IMG_0769.jpg,102.08,121.25,490.0,64-128px,120.6,181.7,-61.0,7.58,882.9
train/IMG_0769.jpg,146.25,152.08,702.0,>=128px,137.3,151.1,-13.8,2.86,914.9
train/IMG_0771.jpg,36.25,46.25,174.0,32-64px,89.8,136.4,-46.6,5.65,4259.1
train/IMG_0771.jpg,13.33,15.0,64.0,<16px,108.8,145.6,-36.8,0.62,116.4
train/IMG_0772.jpg,7.08,9.58,34.0,<16px,127.2,140.2,-13.1,1.25,13.5
train/IMG_0772.jpg,8.75,11.67,42.0,<16px,68.8,135.7,-66.9,1.07,30.4
train/IMG_0772.jpg,7.5,11.25,36.0,<16px,141.1,167.3,-26.2,2.79,20.8
train/IMG_0772.jpg,11.67,15.83,56.0,<16px,109.6,145.8,-36.2,3.83,49.8
train/IMG_0772.jpg,38.33,38.75,184.0,32-64px,92.6,102.5,-10.0,2.27,8294.0
train/IMG_0772.jpg,16.67,20.83,80.0,16-32px,81.6,170.7,-89.2,5.57,565.9
train/IMG_0772.jpg,10.42,23.33,50.0,<16px,43.0,162.4,-119.4,6.98,406.0
train/IMG_0772.jpg,7.08,7.5,34.0,<16px,137.2,147.4,-10.2,0.71,13.5
train/IMG_0774.jpg,57.08,58.75,274.0,32-64px,72.7,85.5,-12.8,2.46,3736.0
train/IMG_0774.jpg,53.33,53.33,256.0,32-64px,74.1,97.3,-23.2,0.8,3458.3
train/IMG_0774.jpg,25.83,46.25,124.0,16-32px,114.4,92.1,22.3,0.36,3910.1
train/IMG_0774.jpg,30.42,37.92,146.0,16-32px,75.1,109.1,-34.0,2.46,2107.2
train/IMG_0774.jpg,35.0,39.58,168.0,32-64px,82.7,136.9,-54.2,4.99,4910.7
train/IMG_0775.jpg,39.58,47.08,190.0,32-64px,88.8,183.9,-95.1,2.01,6709.9
train/IMG_0775.jpg,76.67,82.08,368.0,64-128px,102.7,208.8,-106.1,6.84,6227.9
train/IMG_0776.jpg,77.5,81.25,372.0,64-128px,103.3,201.5,-98.3,1.55,1264.4
train/IMG_0777.jpg,62.5,66.67,300.0,32-64px,124.2,109.0,15.1,5.6,5306.1
train/IMG_0777.jpg,34.58,37.92,166.0,32-64px,138.7,116.1,22.6,3.44,1161.9
train/IMG_0777.jpg,28.33,30.83,136.0,16-32px,150.0,154.9,-5.0,0.05,421.3
train/IMG_0777.jpg,18.75,19.58,90.0,16-32px,91.7,105.7,-14.0,5.32,48.0
train/IMG_0778.jpg,40.42,45.42,194.0,32-64px,144.5,146.1,-1.5,0.34,3412.1
train/IMG_0778.jpg,55.42,60.42,266.0,32-64px,142.0,106.5,35.5,9.03,2628.1
train/IMG_0779.jpg,39.17,46.25,188.0,32-64px,108.4,97.8,10.6,1.95,1223.4
train/IMG_0780.jpg,28.33,31.67,136.0,16-32px,161.9,175.5,-13.7,4.72,308.8
train/IMG_0780.jpg,33.75,36.67,162.0,32-64px,146.8,131.5,15.3,4.4,1919.7
train/IMG_0780.jpg,65.83,70.42,316.0,64-128px,132.6,122.4,10.2,5.2,6290.1
train/IMG_0781.jpg,49.17,50.0,236.0,32-64px,116.3,119.8,-3.5,4.72,7256.6
train/IMG_0782.jpg,22.92,23.33,110.0,16-32px,114.9,179.6,-64.7,7.1,2367.7
train/IMG_0783.jpg,17.92,20.0,86.0,16-32px,101.2,164.3,-63.1,7.89,1787.6
train/IMG_0783.jpg,10.83,13.33,52.0,<16px,164.4,182.7,-18.4,5.34,417.4
train/IMG_0783.jpg,5.0,9.17,24.0,<16px,153.6,148.4,5.1,2.87,29.2
train/IMG_0783.jpg,8.33,9.58,40.0,<16px,199.8,193.0,6.8,2.61,63.7
train/IMG_0783.jpg,12.5,16.67,60.0,<16px,160.0,158.3,1.7,5.4,223.5
train/IMG_0784.jpg,82.5,88.33,396.0,64-128px,146.9,139.7,7.2,3.08,2427.7
train/IMG_0784.jpg,42.92,45.83,206.0,32-64px,162.0,125.7,36.2,7.92,1583.9
train/IMG_0784.jpg,17.08,20.83,82.0,16-32px,105.6,125.5,-19.8,7.99,448.2
train/IMG_0786.jpg,25.0,30.0,120.0,16-32px,101.7,125.6,-23.9,1.1,2807.0
train/IMG_0786.jpg,51.67,61.25,248.0,32-64px,93.3,121.9,-28.6,1.64,3853.7
train/IMG_0786.jpg,17.08,18.75,82.0,16-32px,83.9,106.6,-22.7,0.79,357.3
train/IMG_0786.jpg,13.75,13.75,66.0,<16px,98.7,123.7,-25.0,2.18,90.7
train/IMG_0786.jpg,20.83,22.92,100.0,16-32px,95.8,152.1,-56.2,3.32,1250.3
train/IMG_0786.jpg,13.33,19.17,64.0,<16px,121.1,121.5,-0.5,0.47,1125.7
train/IMG_0786.jpg,31.67,31.67,152.0,16-32px,91.5,139.3,-47.8,2.93,1341.7
train/IMG_0787.jpg,38.33,42.08,184.0,32-64px,107.3,159.4,-52.1,3.26,2376.0
train/IMG_0787.jpg,50.42,51.25,242.0,32-64px,90.5,165.3,-74.8,6.28,2257.1
train/IMG_0787.jpg,24.17,31.67,116.0,16-32px,87.0,143.1,-56.1,1.11,459.0
train/IMG_0787.jpg,18.75,26.67,90.0,16-32px,65.9,131.7,-65.8,1.64,489.4
train/IMG_0787.jpg,22.08,32.08,106.0,16-32px,88.2,144.9,-56.7,1.38,430.4
train/IMG_0787.jpg,18.33,27.5,88.0,16-32px,116.5,161.3,-44.8,2.77,151.6
train/IMG_0788.jpg,22.5,23.33,108.0,16-32px,83.2,65.0,18.2,6.44,93.6
train/IMG_0788.jpg,22.92,23.75,110.0,16-32px,51.6,77.5,-25.9,2.13,120.7
train/IMG_0788.jpg,39.58,40.83,190.0,32-64px,113.0,122.4,-9.3,5.35,2713.1
train/IMG_0789.jpg,45.42,49.17,218.0,32-64px,133.7,179.2,-45.4,11.72,5548.6
train/IMG_0790.jpg,47.92,55.0,230.0,32-64px,85.4,174.3,-88.9,0.28,3965.8
train/IMG_0791.jpg,56.67,60.42,272.0,32-64px,112.0,129.7,-17.8,0.23,474.6
train/IMG_0793.jpg,78.33,79.58,376.0,64-128px,122.9,116.6,6.3,4.24,10382.1
train/IMG_0793.jpg,35.42,41.25,170.0,32-64px,58.9,142.6,-83.7,9.01,1129.8
train/IMG_0794.jpg,36.67,39.58,176.0,32-64px,111.8,136.3,-24.5,1.82,2155.4
train/IMG_0795.jpg,30.83,33.33,148.0,16-32px,32.2,41.2,-9.0,0.52,127.2
train/IMG_0795.jpg,14.58,35.83,70.0,<16px,24.7,69.5,-44.8,2.29,292.9
train/IMG_0795.jpg,30.42,32.08,146.0,16-32px,76.1,70.1,6.1,0.65,364.3
train/IMG_0797.jpg,45.83,55.0,220.0,32-64px,136.2,149.8,-13.5,0.99,716.9
train/IMG_0798.jpg,322.08,352.08,1546.0,>=128px,126.7,144.7,-18.1,0.9,1092.7
train/IMG_0800.jpg,146.67,209.58,704.0,>=128px,132.1,144.4,-12.3,0.96,1498.1
train/IMG_0800.jpg,182.5,193.75,876.0,>=128px,130.6,139.4,-8.8,1.75,1486.5
train/IMG_0801.jpg,61.67,62.92,296.0,32-64px,110.6,123.0,-12.4,0.54,7201.6
train/IMG_0801.jpg,66.67,66.67,320.0,64-128px,119.2,170.9,-51.7,2.91,6485.3
train/IMG_0801.jpg,60.42,62.08,290.0,32-64px,113.3,97.6,15.7,4.53,10789.8
train/IMG_0801.jpg,27.5,30.83,132.0,16-32px,89.5,137.0,-47.5,2.32,1456.7
train/IMG_0801.jpg,17.92,27.5,86.0,16-32px,93.5,184.2,-90.7,4.76,1275.8
train/IMG_0801.jpg,14.58,17.92,70.0,<16px,76.2,166.3,-90.1,3.59,513.7
train/IMG_0801.jpg,4.58,8.75,22.0,<16px,101.5,187.0,-85.5,1.62,36.2
train/IMG_0801.jpg,24.17,27.92,116.0,16-32px,68.3,164.3,-96.0,3.18,1387.7
train/IMG_0801.jpg,17.92,21.25,86.0,16-32px,98.3,153.2,-54.9,2.75,350.7
train/IMG_0801.jpg,9.17,17.5,44.0,<16px,98.9,89.1,9.8,0.05,31.9
train/IMG_0802.jpg,47.92,57.08,230.0,32-64px,99.5,149.8,-50.3,1.5,3538.7
train/IMG_0803.jpg,56.25,59.58,270.0,32-64px,116.3,112.6,3.7,2.92,3051.3
train/IMG_0803.jpg,59.58,63.33,286.0,32-64px,99.3,96.0,3.3,2.26,5098.8
train/IMG_0803.jpg,26.25,30.0,126.0,16-32px,158.0,215.2,-57.2,5.97,509.9
train/IMG_0805.jpg,74.17,85.0,356.0,64-128px,130.3,145.5,-15.2,1.06,10531.3
train/IMG_0806.jpg,41.67,44.17,200.0,32-64px,133.8,172.7,-38.9,7.2,7785.4
train/IMG_0806.jpg,46.25,47.08,222.0,32-64px,130.0,160.3,-30.3,7.47,10377.0
train/IMG_0806.jpg,62.5,64.58,300.0,32-64px,127.2,143.6,-16.4,5.78,13918.1
train/IMG_0806.jpg,63.33,66.67,304.0,32-64px,97.9,109.4,-11.5,1.24,7604.6
train/IMG_0806.jpg,17.08,37.92,82.0,16-32px,121.2,144.0,-22.8,0.1,2649.8
train/IMG_0806.jpg,12.92,28.33,62.0,<16px,110.2,89.7,20.5,5.56,1270.0
train/IMG_0806.jpg,20.83,22.92,100.0,16-32px,87.7,122.2,-34.5,1.1,1981.0
train/IMG_0806.jpg,9.58,11.25,46.0,<16px,91.6,73.6,18.1,1.15,4.6
train/IMG_0806.jpg,9.58,10.83,46.0,<16px,92.1,92.3,-0.1,0.65,19.4
train/IMG_0807.jpg,47.08,51.25,226.0,32-64px,128.5,165.2,-36.6,8.49,8002.4
train/IMG_0807.jpg,46.25,49.58,222.0,32-64px,130.9,136.3,-5.3,4.5,8823.9
train/IMG_0807.jpg,50.83,51.25,244.0,32-64px,130.4,135.8,-5.4,0.32,6212.3
train/IMG_0809.jpg,39.17,44.17,188.0,32-64px,107.6,123.0,-15.3,2.52,410.1
train/IMG_0809.jpg,103.75,108.33,498.0,64-128px,137.7,128.6,9.1,7.74,3944.2
train/IMG_0809.jpg,98.33,98.75,472.0,64-128px,134.1,143.3,-9.2,1.85,4630.6
train/IMG_0810.jpg,77.92,80.83,374.0,64-128px,155.7,145.6,10.1,5.05,4071.3
train/IMG_0810.jpg,85.0,86.67,408.0,64-128px,140.9,152.9,-12.0,0.74,1592.3
train/IMG_0810.jpg,51.25,52.5,246.0,32-64px,124.8,121.5,3.4,3.36,8048.4
train/IMG_0811.jpg,83.75,84.58,402.0,64-128px,125.9,93.9,32.0,5.41,9068.6
train/IMG_0811.jpg,103.33,105.42,496.0,64-128px,165.3,148.0,17.3,0.37,8210.1
train/IMG_0811.jpg,35.42,35.42,170.0,32-64px,171.8,196.2,-24.4,2.81,2565.0
train/IMG_0811.jpg,5.42,8.75,26.0,<16px,189.5,207.0,-17.5,0.29,37.5
train/IMG_0811.jpg,6.25,15.83,30.0,<16px,198.5,211.5,-13.0,0.21,57.6
train/IMG_0811.jpg,35.42,35.83,170.0,32-64px,171.2,194.9,-23.7,2.77,2576.5
train/IMG_0811.jpg,15.83,25.83,76.0,<16px,163.5,199.7,-36.2,0.83,520.3
train/IMG_0811.jpg,15.83,24.58,76.0,<16px,74.8,184.2,-109.4,8.61,732.8
train/IMG_0812.jpg,79.58,89.58,382.0,64-128px,106.8,119.4,-12.6,0.31,7007.9
train/IMG_0812.jpg,59.58,63.33,286.0,32-64px,56.0,66.9,-10.8,2.04,2196.5
train/IMG_0812.jpg,20.0,23.33,96.0,16-32px,82.0,114.5,-32.5,1.75,54.5
train/IMG_0812.jpg,17.08,22.92,82.0,16-32px,124.9,138.8,-14.0,2.33,76.3
train/IMG_0813.jpg,87.92,95.42,422.0,64-128px,128.5,136.7,-8.2,0.14,5268.4
train/IMG_0813.jpg,62.08,62.92,298.0,32-64px,63.9,99.9,-36.0,2.15,4244.6
train/IMG_0813.jpg,20.83,24.58,100.0,16-32px,103.1,142.4,-39.3,0.21,82.1
train/IMG_0817.jpg,43.75,45.42,210.0,32-64px,93.6,119.2,-25.7,2.04,3967.9
train/IMG_0820.jpg,30.83,30.83,92.5,16-32px,109.4,99.7,9.7,3.01,370.3
train/IMG_0820.jpg,34.58,41.67,103.8,32-64px,91.2,68.4,22.8,3.96,200.0
train/IMG_0820.jpg,42.08,47.92,126.2,32-64px,118.2,87.7,30.5,6.11,269.4
train/IMG_0820.jpg,22.92,27.5,68.8,16-32px,96.1,90.6,5.5,5.4,74.5
train/IMG_0820.jpg,41.67,41.67,125.0,32-64px,85.1,126.6,-41.6,9.27,498.4
train/IMG_0820.jpg,31.67,31.67,95.0,16-32px,67.0,136.8,-69.9,3.86,190.7
train/IMG_0820.jpg,25.42,26.25,76.2,16-32px,89.3,77.3,12.0,4.74,134.6
train/IMG_0820.jpg,13.75,15.42,41.2,<16px,83.5,98.4,-14.9,6.89,20.8
train/IMG_0820.jpg,12.92,14.17,38.8,<16px,52.0,100.8,-48.8,0.82,17.2
train/IMG_0820.jpg,12.08,15.42,36.2,<16px,63.5,58.4,5.1,2.19,6.5
train/IMG_0820.jpg,17.5,19.58,52.5,16-32px,71.0,104.9,-33.8,0.38,64.8
train/IMG_0820.jpg,10.42,13.33,31.2,<16px,42.1,83.3,-41.1,0.68,6.3
train/IMG_0820.jpg,7.5,9.17,22.5,<16px,88.8,130.1,-41.3,4.02,8.9
train/IMG_0820.jpg,5.42,5.83,16.2,<16px,128.5,105.6,23.0,1.68,2.7
train/IMG_0820.jpg,18.33,21.67,55.0,16-32px,85.3,94.5,-9.2,4.92,60.3
train/IMG_0820.jpg,18.75,23.33,56.2,16-32px,49.3,131.9,-82.5,1.54,121.2
train/IMG_0820.jpg,13.33,17.92,40.0,<16px,84.7,131.8,-47.1,1.67,37.7
train/IMG_0820.jpg,7.92,7.92,23.8,<16px,111.9,93.9,18.0,0.57,5.5
train/IMG_0821.jpg,15.42,18.33,46.2,<16px,114.9,67.4,47.5,4.12,33.5
train/IMG_0821.jpg,15.42,15.83,46.2,<16px,72.5,138.1,-65.6,9.18,87.1
train/IMG_0821.jpg,13.33,13.75,40.0,<16px,76.6,99.2,-22.6,6.78,18.0
train/IMG_0821.jpg,10.83,12.08,32.5,<16px,116.5,148.5,-31.9,6.38,46.1
train/IMG_0821.jpg,13.75,15.42,41.2,<16px,69.6,126.9,-57.2,6.46,60.6
train/IMG_0821.jpg,11.25,13.33,33.8,<16px,71.2,95.9,-24.7,2.96,24.3
train/IMG_0821.jpg,9.58,9.58,28.8,<16px,50.0,77.0,-27.1,1.29,15.9
train/IMG_0821.jpg,9.58,10.42,28.8,<16px,57.6,95.6,-38.0,1.87,15.5
train/IMG_0821.jpg,8.75,9.58,26.2,<16px,105.8,133.3,-27.5,6.19,13.3
train/IMG_0821.jpg,15.83,18.75,47.5,<16px,98.2,84.5,13.6,2.88,87.1
train/IMG_0821.jpg,10.42,10.42,31.2,<16px,83.6,119.7,-36.1,0.55,39.9
train/IMG_0821.jpg,13.33,14.17,40.0,<16px,116.7,95.9,20.8,0.44,71.7
train/IMG_0821.jpg,14.17,15.83,42.5,<16px,90.7,145.5,-54.8,1.82,119.8
train/IMG_0821.jpg,7.5,14.17,22.5,<16px,92.2,62.3,29.9,1.87,4.5
train/IMG_0821.jpg,16.67,19.17,50.0,16-32px,104.1,108.3,-4.3,4.61,146.1
train/IMG_0821.jpg,21.25,30.0,63.8,16-32px,88.7,132.5,-43.8,8.92,161.3
train/IMG_0821.jpg,13.33,13.75,40.0,<16px,116.5,83.6,32.9,4.17,41.5
train/IMG_0821.jpg,15.42,16.25,46.2,<16px,101.5,73.6,27.9,6.16,55.0
train/IMG_0821.jpg,11.67,13.75,35.0,<16px,91.7,83.7,8.0,6.4,13.7
train/IMG_0821.jpg,10.42,11.67,31.2,<16px,67.2,163.8,-96.5,2.83,30.2
train/IMG_0821.jpg,10.42,15.83,31.2,<16px,50.5,120.4,-69.9,3.25,28.6
train/IMG_0821.jpg,12.92,17.92,38.8,<16px,65.4,137.3,-72.0,8.33,154.8
train/IMG_0821.jpg,10.42,12.08,31.2,<16px,86.9,85.3,1.6,0.45,45.1
train/IMG_0821.jpg,13.75,17.08,41.2,<16px,95.0,105.7,-10.8,0.44,183.0
train/IMG_0822.jpg,53.33,71.25,160.0,32-64px,118.5,150.6,-32.1,0.33,5626.3
train/IMG_0822.jpg,57.08,61.67,171.2,32-64px,126.7,148.1,-21.4,4.17,10611.0
train/IMG_0822.jpg,32.08,36.67,96.2,32-64px,76.7,81.3,-4.6,4.57,480.4
train/IMG_0822.jpg,53.75,53.75,161.2,32-64px,133.2,140.4,-7.2,0.13,10623.8
train/IMG_0822.jpg,35.83,56.67,107.5,32-64px,175.5,104.5,71.0,12.86,6679.2
train/IMG_0822.jpg,17.08,37.92,51.2,16-32px,79.5,51.1,28.4,4.84,261.9
train/IMG_0822.jpg,32.08,44.58,96.2,32-64px,49.6,98.8,-49.2,2.59,2030.9
train/IMG_0823.jpg,90.83,92.5,272.5,64-128px,145.4,137.8,7.6,1.74,268.3
train/IMG_0823.jpg,70.0,72.92,210.0,64-128px,137.9,117.2,20.7,6.36,258.2
train/IMG_0823.jpg,34.58,36.25,103.8,32-64px,79.8,82.9,-3.1,2.84,51.8
train/IMG_0823.jpg,26.25,29.17,78.8,16-32px,120.8,136.2,-15.4,1.69,20.5
train/IMG_0823.jpg,28.75,34.58,86.2,16-32px,64.9,71.6,-6.7,2.78,19.1
train/IMG_0823.jpg,31.67,38.75,95.0,16-32px,118.2,124.1,-5.9,0.72,109.8
train/IMG_0824.jpg,38.75,42.08,116.2,32-64px,136.6,137.4,-0.7,2.27,441.6
train/IMG_0824.jpg,40.83,41.25,122.5,32-64px,98.2,129.3,-31.1,2.42,610.0
train/IMG_0824.jpg,37.5,40.0,112.5,32-64px,84.6,130.8,-46.2,0.03,276.5
train/IMG_0824.jpg,31.67,40.83,95.0,16-32px,73.0,104.0,-31.0,4.7,684.6
train/IMG_0824.jpg,21.67,22.92,65.0,16-32px,149.5,141.8,7.7,5.27,46.8
train/IMG_0824.jpg,14.17,27.92,42.5,<16px,69.4,133.6,-64.3,0.11,71.8
train/IMG_0824.jpg,12.08,24.17,36.2,<16px,162.8,123.1,39.7,0.88,30.7
train/IMG_0824.jpg,12.92,28.33,38.8,<16px,74.7,100.8,-26.1,2.2,28.8
train/IMG_0825.jpg,42.08,49.17,126.2,32-64px,109.4,138.3,-28.9,1.03,819.2
train/IMG_0825.jpg,39.17,47.92,117.5,32-64px,127.9,122.4,5.5,1.68,1042.8
train/IMG_0825.jpg,22.92,24.58,68.8,16-32px,138.9,151.4,-12.5,4.23,72.8
train/IMG_0825.jpg,23.75,23.75,71.2,16-32px,97.3,97.5,-0.2,7.11,90.6
train/IMG_0825.jpg,58.75,62.08,176.2,32-64px,72.7,137.2,-64.5,1.18,177.5
train/IMG_0825.jpg,15.0,31.67,45.0,<16px,171.1,141.6,29.5,1.6,20.6
train/IMG_0825.jpg,67.08,73.33,201.2,64-128px,130.4,116.3,14.1,4.01,739.8
train/IMG_0825.jpg,25.83,27.5,77.5,16-32px,113.8,94.0,19.9,3.48,209.4
train/IMG_0826.jpg,27.5,28.75,82.5,16-32px,89.3,117.5,-28.2,0.87,50.0
train/IMG_0826.jpg,29.58,30.0,88.8,16-32px,137.5,144.3,-6.8,5.66,149.1
train/IMG_0826.jpg,32.5,33.75,97.5,32-64px,109.5,135.3,-25.8,2.71,87.3
train/IMG_0826.jpg,27.08,28.75,81.2,16-32px,127.9,125.5,2.4,3.46,52.9
train/IMG_0826.jpg,29.58,30.42,88.8,16-32px,96.4,97.6,-1.2,9.59,53.5
train/IMG_0826.jpg,86.25,88.75,258.8,64-128px,109.0,100.0,8.9,7.3,618.8
train/IMG_0826.jpg,92.5,95.0,277.5,64-128px,116.2,72.8,43.4,7.5,773.7
train/IMG_0826.jpg,35.83,65.83,107.5,32-64px,79.3,95.6,-16.3,7.88,95.6
train/IMG_0826.jpg,10.83,17.92,32.5,<16px,79.0,111.5,-32.4,0.08,8.5
train/IMG_0826.jpg,10.0,15.83,30.0,<16px,103.7,113.7,-10.0,4.0,6.5
train/IMG_0827.jpg,35.42,35.83,106.2,32-64px,87.8,103.7,-15.9,1.92,714.3
train/IMG_0827.jpg,33.33,35.83,100.0,32-64px,94.2,60.4,33.9,3.69,403.3
train/IMG_0827.jpg,30.0,32.92,90.0,16-32px,67.4,95.3,-27.9,3.53,379.2
train/IMG_0827.jpg,14.17,24.58,42.5,<16px,48.7,160.7,-111.9,1.32,399.9
train/IMG_0827.jpg,39.17,41.25,117.5,32-64px,137.9,140.2,-2.2,7.83,945.5
train/IMG_0827.jpg,45.83,46.25,137.5,32-64px,106.1,85.4,20.7,4.8,1285.9
train/IMG_0827.jpg,44.17,47.5,132.5,32-64px,118.0,113.0,5.1,4.14,1346.5
train/IMG_0827.jpg,44.17,49.58,132.5,32-64px,98.8,87.3,11.5,5.95,1262.9
train/IMG_0827.jpg,35.42,39.17,106.2,32-64px,75.3,107.6,-32.2,0.93,172.9
train/IMG_0827.jpg,14.58,17.5,43.8,<16px,75.3,123.1,-47.8,3.91,22.9
train/IMG_0827.jpg,8.75,8.75,26.2,<16px,93.9,117.2,-23.3,2.73,5.0
train/IMG_0827.jpg,10.42,12.08,31.2,<16px,92.7,112.2,-19.5,2.02,5.0
train/IMG_0827.jpg,8.75,11.67,26.2,<16px,52.1,80.4,-28.2,1.1,3.9
train/IMG_0828.jpg,50.42,52.5,151.2,32-64px,101.9,111.0,-9.2,3.08,1435.7
train/IMG_0828.jpg,48.33,50.0,145.0,32-64px,110.1,78.6,31.5,3.67,731.2
train/IMG_0828.jpg,44.58,46.67,133.8,32-64px,75.1,94.6,-19.4,1.86,800.2
train/IMG_0828.jpg,31.25,32.92,93.8,16-32px,96.9,138.7,-41.8,10.57,263.6
train/IMG_0828.jpg,29.17,32.5,87.5,16-32px,68.4,112.5,-44.2,1.89,168.8
train/IMG_0828.jpg,31.67,32.08,95.0,16-32px,64.5,132.9,-68.4,6.19,440.5
train/IMG_0828.jpg,40.83,70.42,122.5,32-64px,182.6,120.5,62.1,5.36,165.7
train/IMG_0828.jpg,15.42,55.83,46.2,<16px,88.3,71.2,17.1,5.62,6.3
train/IMG_0828.jpg,36.67,62.5,110.0,32-64px,71.8,116.9,-45.1,0.65,86.7
train/IMG_0828.jpg,51.25,89.17,153.8,32-64px,126.7,126.2,0.6,5.18,188.0
train/IMG_0828.jpg,26.25,58.75,78.8,16-32px,194.9,152.6,42.3,10.82,79.3
train/IMG_0828.jpg,14.58,16.25,43.8,<16px,97.1,142.7,-45.6,3.39,28.7
train/IMG_0828.jpg,13.75,14.58,41.2,<16px,99.4,131.2,-31.8,2.85,13.1
train/IMG_0828.jpg,11.25,13.75,33.8,<16px,58.7,98.6,-39.9,2.35,12.2
train/IMG_0828.jpg,10.42,13.33,31.2,<16px,66.2,128.0,-61.8,3.86,12.8
train/IMG_0828.jpg,10.83,15.83,32.5,<16px,94.6,115.6,-21.0,3.62,7.2
train/IMG_0828.jpg,15.0,15.0,45.0,<16px,111.2,103.7,7.4,3.91,10.2
train/IMG_0829.jpg,13.75,14.58,41.2,<16px,107.1,89.9,17.2,2.49,6.4
train/IMG_0829.jpg,15.0,16.25,45.0,<16px,100.3,108.6,-8.3,4.05,20.6
train/IMG_0829.jpg,10.83,14.17,32.5,<16px,67.2,141.6,-74.4,3.96,16.5
train/IMG_0829.jpg,13.75,14.17,41.2,<16px,103.5,120.2,-16.6,4.66,14.1
train/IMG_0829.jpg,11.67,12.08,35.0,<16px,56.0,82.7,-26.8,4.0,9.2
train/IMG_0829.jpg,17.5,18.75,52.5,16-32px,80.6,124.4,-43.8,1.87,50.4
train/IMG_0829.jpg,16.25,17.5,48.8,16-32px,111.7,108.3,3.3,1.02,24.9
train/IMG_0829.jpg,11.25,12.5,33.8,<16px,130.4,83.1,47.3,0.15,8.1
train/IMG_0829.jpg,8.75,12.08,26.2,<16px,89.3,129.7,-40.4,2.25,6.1
train/IMG_0829.jpg,10.0,10.42,30.0,<16px,73.1,114.7,-41.6,1.58,8.4
train/IMG_0830.jpg,13.33,13.75,40.0,<16px,103.4,84.5,18.9,0.12,24.2
train/IMG_0830.jpg,15.42,15.42,46.2,<16px,158.0,117.8,40.1,2.05,17.5
train/IMG_0830.jpg,22.92,28.33,68.8,16-32px,103.9,112.3,-8.3,0.34,109.8
train/IMG_0830.jpg,9.58,15.83,28.8,<16px,79.3,108.2,-28.8,2.88,7.2
train/IMG_0830.jpg,10.83,11.25,32.5,<16px,109.4,104.1,5.3,0.37,16.7
train/IMG_0830.jpg,9.58,10.42,28.8,<16px,103.5,77.9,25.6,0.07,18.5
train/IMG_0830.jpg,15.0,15.42,45.0,<16px,108.6,97.6,11.0,0.52,72.4
train/IMG_0830.jpg,9.17,10.83,27.5,<16px,133.6,103.2,30.4,0.12,35.1
train/IMG_0830.jpg,8.75,8.75,26.2,<16px,93.9,66.9,27.0,0.37,11.3
train/IMG_0830.jpg,9.17,10.42,27.5,<16px,112.9,94.6,18.3,0.55,41.3
train/IMG_0830.jpg,10.0,10.0,30.0,<16px,119.4,87.6,31.8,0.33,25.8
train/IMG_0830.jpg,12.08,14.58,36.2,<16px,112.4,92.8,19.7,0.03,56.0
train/IMG_0830.jpg,6.25,7.5,18.8,<16px,104.6,81.6,23.0,0.51,6.1
train/IMG_0830.jpg,6.25,6.67,18.8,<16px,87.5,123.7,-36.2,0.94,5.1
train/IMG_0830.jpg,18.75,19.58,56.2,16-32px,90.0,97.5,-7.5,5.01,40.4
train/IMG_0830.jpg,13.33,17.5,40.0,<16px,49.9,64.0,-14.1,2.36,11.9
train/IMG_0830.jpg,11.67,15.0,35.0,<16px,43.0,65.9,-23.0,0.77,5.7
train/IMG_0830.jpg,13.33,16.67,40.0,<16px,53.6,108.6,-55.1,1.85,69.4
train/IMG_0830.jpg,14.17,20.42,42.5,<16px,82.0,106.7,-24.8,3.23,92.1
train/IMG_0830.jpg,18.33,20.83,55.0,16-32px,86.1,58.5,27.6,3.37,48.1
train/IMG_0830.jpg,16.25,16.67,48.8,16-32px,99.7,72.6,27.1,1.21,106.3
train/IMG_0830.jpg,15.0,17.5,45.0,<16px,86.7,81.7,5.0,0.1,42.2
train/IMG_0830.jpg,13.75,14.17,41.2,<16px,97.2,99.7,-2.5,0.78,65.3
train/IMG_0830.jpg,12.08,15.83,36.2,<16px,111.2,146.2,-35.1,0.52,83.9
train/IMG_0830.jpg,9.58,11.25,28.8,<16px,64.6,75.6,-11.1,0.44,8.8
train/IMG_0830.jpg,8.33,10.83,25.0,<16px,104.0,107.7,-3.7,0.09,11.5
train/IMG_0830.jpg,10.42,11.25,31.2,<16px,87.1,93.2,-6.1,0.12,14.9
train/IMG_0830.jpg,8.75,10.42,26.2,<16px,100.5,75.1,25.4,2.56,6.7
train/IMG_0830.jpg,5.42,7.08,16.2,<16px,88.4,140.0,-51.7,1.07,7.3
train/IMG_0830.jpg,8.75,11.67,26.2,<16px,76.1,136.7,-60.6,0.03,28.0
train/IMG_0831.jpg,49.58,58.33,148.8,32-64px,157.2,130.3,26.8,0.29,217.9
train/IMG_0831.jpg,25.42,28.75,76.2,16-32px,80.5,87.3,-6.9,5.62,26.9
train/IMG_0831.jpg,29.58,32.5,88.8,16-32px,147.2,131.3,15.9,4.5,48.1
train/IMG_0831.jpg,45.42,47.5,136.2,32-64px,138.1,110.8,27.3,7.67,92.0
train/IMG_0831.jpg,19.58,24.58,58.8,16-32px,130.2,125.3,4.9,3.05,31.9
train/IMG_0832.jpg,25.83,27.92,77.5,16-32px,105.5,95.7,9.8,1.76,286.5
train/IMG_0832.jpg,30.0,30.42,90.0,16-32px,73.8,111.4,-37.6,3.51,356.5
train/IMG_0832.jpg,17.08,17.92,51.2,16-32px,71.4,78.8,-7.4,2.61,85.6
train/IMG_0832.jpg,16.25,18.75,48.8,16-32px,78.8,74.8,4.0,0.98,68.1
train/IMG_0832.jpg,17.92,18.33,53.8,16-32px,102.4,106.8,-4.4,2.47,63.2
train/IMG_0832.jpg,17.5,18.75,52.5,16-32px,78.6,111.5,-33.0,7.38,97.8
train/IMG_0832.jpg,10.83,12.92,32.5,<16px,88.1,95.0,-6.9,0.32,14.6
train/IMG_0832.jpg,12.08,13.75,36.2,<16px,58.4,88.9,-30.5,0.11,17.8
train/IMG_0832.jpg,20.0,37.08,60.0,16-32px,71.6,93.3,-21.7,0.13,464.5
train/IMG_0832.jpg,20.42,24.17,61.2,16-32px,91.5,69.5,22.0,2.56,99.7
train/IMG_0832.jpg,10.0,12.08,30.0,<16px,82.8,114.5,-31.8,0.13,12.4
train/IMG_0832.jpg,6.67,7.08,20.0,<16px,88.9,75.0,13.9,1.2,3.7
train/IMG_0832.jpg,9.17,10.42,27.5,<16px,86.6,77.0,9.5,0.26,9.8
train/IMG_0832.jpg,7.5,8.75,22.5,<16px,77.9,74.5,3.4,0.66,2.6
train/IMG_0832.jpg,8.33,10.42,25.0,<16px,76.7,74.8,1.9,0.16,3.9
train/IMG_0833.jpg,40.42,44.17,121.2,32-64px,114.5,104.6,9.9,2.56,572.4
train/IMG_0833.jpg,25.83,32.08,77.5,16-32px,85.3,64.2,21.1,2.04,175.9
train/IMG_0833.jpg,27.92,30.0,83.8,16-32px,108.5,115.1,-6.7,3.35,254.6
train/IMG_0833.jpg,18.75,20.0,56.2,16-32px,74.0,113.3,-39.2,5.78,110.6
train/IMG_0833.jpg,19.17,19.17,57.5,16-32px,80.3,107.9,-27.6,2.55,81.8
train/IMG_0833.jpg,20.0,38.75,60.0,16-32px,66.4,100.1,-33.7,1.14,124.6
train/IMG_0833.jpg,21.25,25.83,63.8,16-32px,113.1,126.6,-13.5,0.54,1078.7
train/IMG_0833.jpg,15.0,18.75,45.0,<16px,41.8,101.7,-60.0,0.57,159.2
train/IMG_0833.jpg,10.42,13.75,31.2,<16px,88.7,121.1,-32.5,0.02,29.1
train/IMG_0833.jpg,10.42,10.83,31.2,<16px,56.0,95.5,-39.5,1.85,12.8
train/IMG_0833.jpg,9.17,14.17,27.5,<16px,103.6,131.9,-28.4,0.17,27.5
train/IMG_0833.jpg,12.08,13.33,36.2,<16px,78.9,118.1,-39.2,0.83,61.1
train/IMG_0833.jpg,17.08,18.33,51.2,16-32px,67.3,80.0,-12.7,0.7,52.6
train/IMG_0833.jpg,17.5,17.5,52.5,16-32px,87.0,91.2,-4.1,0.48,90.9
train/IMG_0833.jpg,19.58,20.42,58.8,16-32px,90.1,87.0,3.1,0.36,206.7
train/IMG_0833.jpg,16.25,21.25,48.8,16-32px,98.7,85.5,13.2,2.04,72.0
train/IMG_0833.jpg,15.0,15.83,45.0,<16px,95.3,122.0,-26.7,0.66,42.8
train/IMG_0833.jpg,12.92,13.33,38.8,<16px,90.0,126.3,-36.4,2.55,15.2
train/IMG_0833.jpg,6.67,8.75,20.0,<16px,100.7,116.3,-15.6,0.88,5.3
train/IMG_0833.jpg,9.17,10.42,27.5,<16px,87.1,91.8,-4.8,0.57,7.4
train/IMG_0833.jpg,11.25,13.33,33.8,<16px,78.0,71.7,6.3,0.42,5.9
train/IMG_0833.jpg,11.25,12.92,33.8,<16px,102.9,87.8,15.0,0.43,19.7
train/IMG_0833.jpg,8.75,10.0,26.2,<16px,54.4,70.0,-15.6,0.39,2.9
train/IMG_0833.jpg,9.17,10.42,27.5,<16px,108.7,89.5,19.2,0.18,8.8
train/IMG_0833.jpg,9.17,10.42,27.5,<16px,109.4,82.1,27.4,0.51,8.6
train/IMG_0833.jpg,10.42,10.42,31.2,<16px,118.2,96.5,21.7,0.02,12.5
train/IMG_0833.jpg,9.58,14.58,28.8,<16px,85.6,107.8,-22.2,2.71,21.5
train/IMG_0834.jpg,80.0,80.42,240.0,64-128px,74.7,109.8,-35.1,1.06,244.0
train/IMG_0834.jpg,71.67,79.17,215.0,64-128px,85.4,109.5,-24.1,0.85,352.6
train/IMG_0834.jpg,21.67,23.75,65.0,16-32px,52.2,126.5,-74.3,1.83,102.3
train/IMG_0834.jpg,27.5,28.75,82.5,16-32px,69.0,146.3,-77.3,11.76,278.2
train/IMG_0834.jpg,25.0,27.92,75.0,16-32px,62.5,123.9,-61.4,5.27,186.8
train/IMG_0834.jpg,36.67,38.75,110.0,32-64px,84.5,99.7,-15.2,2.26,415.0
train/IMG_0834.jpg,35.42,38.33,106.2,32-64px,118.4,103.5,15.0,2.56,721.7
train/IMG_0834.jpg,25.83,33.33,77.5,16-32px,61.3,105.0,-43.8,0.47,131.1
train/IMG_0834.jpg,24.17,25.42,72.5,16-32px,72.3,100.5,-28.3,0.01,118.8
train/IMG_0834.jpg,24.17,25.42,72.5,16-32px,63.4,69.4,-6.0,0.62,98.4
train/IMG_0834.jpg,24.17,24.58,72.5,16-32px,83.5,79.1,4.4,0.11,75.9
train/IMG_0834.jpg,15.83,16.67,47.5,<16px,85.8,107.5,-21.7,1.63,10.7
train/IMG_0834.jpg,13.75,14.17,41.2,<16px,82.8,69.0,13.8,0.99,5.6
train/IMG_0834.jpg,12.92,14.17,38.8,<16px,101.7,85.5,16.1,0.34,10.7
train/IMG_0834.jpg,8.33,10.42,25.0,<16px,41.5,66.5,-24.9,0.3,2.7
train/IMG_0834.jpg,12.08,13.75,36.2,<16px,103.2,86.9,16.3,0.11,9.2
train/IMG_0834.jpg,12.5,15.42,37.5,<16px,82.6,101.4,-18.8,2.01,10.9
train/IMG_0834.jpg,7.08,10.0,21.2,<16px,98.8,117.0,-18.1,1.63,3.6
train/IMG_0834.jpg,11.25,13.33,33.8,<16px,103.1,75.6,27.5,2.49,7.0
train/IMG_0834.jpg,10.83,11.25,32.5,<16px,74.6,62.5,12.0,0.03,5.1
train/IMG_0834.jpg,12.92,15.42,38.8,<16px,103.3,100.5,2.9,0.18,9.4
train/IMG_0834.jpg,11.67,15.0,35.0,<16px,84.8,102.2,-17.4,3.27,8.0
train/IMG_0835.jpg,41.25,57.92,123.8,32-64px,82.3,171.2,-88.9,5.46,1238.2
train/IMG_0835.jpg,75.0,81.25,225.0,64-128px,113.3,81.0,32.3,2.28,462.9
train/IMG_0835.jpg,65.0,73.75,195.0,64-128px,81.0,83.2,-2.3,2.4,466.6
train/IMG_0835.jpg,42.08,69.58,126.2,32-64px,120.4,91.1,29.4,4.53,107.0
train/IMG_0835.jpg,33.33,36.25,100.0,32-64px,79.5,101.9,-22.4,0.44,92.3
train/IMG_0835.jpg,33.75,34.17,101.2,32-64px,75.5,90.6,-15.0,1.21,236.2
train/IMG_0835.jpg,34.17,35.42,102.5,32-64px,89.4,102.9,-13.5,1.15,669.7
train/IMG_0835.jpg,15.0,15.83,45.0,<16px,110.5,119.8,-9.3,0.57,24.9
train/IMG_0835.jpg,15.0,15.83,45.0,<16px,107.5,87.0,20.6,1.24,37.1
train/IMG_0835.jpg,12.92,13.75,38.8,<16px,96.1,92.8,3.3,0.49,10.8
train/IMG_0835.jpg,14.17,14.58,42.5,<16px,111.0,124.4,-13.4,2.98,29.4
train/IMG_0835.jpg,15.42,17.92,46.2,<16px,105.9,86.8,19.0,1.11,16.6
train/IMG_0835.jpg,17.92,19.58,53.8,16-32px,87.9,120.6,-32.7,5.01,13.6
train/IMG_0835.jpg,11.25,13.33,33.8,<16px,50.8,71.1,-20.4,0.43,3.0
train/IMG_0835.jpg,14.17,15.0,42.5,<16px,119.2,105.9,13.2,1.29,10.9
train/IMG_0835.jpg,16.67,17.92,50.0,16-32px,81.8,75.2,6.6,0.04,6.4
train/IMG_0835.jpg,15.83,17.5,47.5,<16px,103.1,90.3,12.8,0.52,13.0
train/IMG_0835.jpg,10.83,12.5,32.5,<16px,70.3,82.4,-12.1,0.13,4.1
train/IMG_0835.jpg,15.0,15.83,45.0,<16px,87.5,109.7,-22.2,0.79,7.3
train/IMG_0835.jpg,7.5,9.17,22.5,<16px,96.7,114.2,-17.5,1.14,3.2
train/IMG_0835.jpg,12.92,14.17,38.8,<16px,91.0,111.7,-20.7,2.05,8.3
train/IMG_0835.jpg,12.08,17.08,36.2,<16px,109.9,80.0,29.9,1.28,7.7
train/IMG_0836.jpg,49.17,52.92,147.5,32-64px,58.4,58.5,-0.1,0.76,334.1
train/IMG_0836.jpg,47.92,58.33,143.8,32-64px,69.3,77.1,-7.8,3.02,545.7
train/IMG_0836.jpg,50.0,54.17,150.0,32-64px,62.3,63.1,-0.8,0.1,65.1
train/IMG_0836.jpg,17.5,17.92,52.5,16-32px,84.2,77.9,6.3,0.25,90.1
train/IMG_0836.jpg,17.08,18.75,51.2,16-32px,82.3,148.7,-66.4,3.18,334.3
train/IMG_0836.jpg,15.83,17.92,47.5,<16px,96.0,97.2,-1.2,1.1,107.0
train/IMG_0836.jpg,15.0,17.08,45.0,<16px,83.6,106.2,-22.6,1.71,106.7
train/IMG_0836.jpg,15.42,15.42,46.2,<16px,76.7,78.6,-1.9,0.25,99.0
train/IMG_0836.jpg,17.5,18.75,52.5,16-32px,91.6,67.1,24.4,2.63,57.2
train/IMG_0836.jpg,15.83,15.83,47.5,<16px,68.4,97.9,-29.5,1.44,49.6
train/IMG_0836.jpg,13.33,15.83,40.0,<16px,44.3,75.8,-31.5,1.57,18.5
train/IMG_0836.jpg,11.25,12.08,33.8,<16px,80.4,119.1,-38.7,0.76,62.7
train/IMG_0836.jpg,19.58,20.83,58.8,16-32px,74.1,110.6,-36.4,4.6,147.6
train/IMG_0836.jpg,19.17,20.42,57.5,16-32px,68.6,59.1,9.5,0.75,50.3
train/IMG_0836.jpg,17.08,18.33,51.2,16-32px,91.5,63.3,28.3,0.54,50.2
train/IMG_0836.jpg,18.75,19.58,56.2,16-32px,86.3,74.7,11.6,0.22,66.1
train/IMG_0836.jpg,14.58,22.92,43.8,<16px,73.4,74.3,-0.9,0.34,89.6
train/IMG_0836.jpg,16.25,17.92,48.8,16-32px,73.5,104.7,-31.2,2.85,60.1
train/IMG_0836.jpg,9.58,10.83,28.8,<16px,82.7,88.0,-5.4,2.5,6.6
train/IMG_0836.jpg,14.58,15.83,43.8,<16px,72.5,86.7,-14.2,3.09,18.4
train/IMG_0836.jpg,15.42,19.58,46.2,<16px,83.8,63.8,20.0,1.11,40.8
train/IMG_0836.jpg,12.5,13.33,37.5,<16px,57.8,60.3,-2.6,0.51,22.2
train/IMG_0836.jpg,16.67,17.92,50.0,16-32px,91.3,77.3,14.0,0.36,36.7
train/IMG_0836.jpg,16.67,17.5,50.0,16-32px,79.8,60.7,19.1,1.09,125.8
train/IMG_0836.jpg,15.83,16.67,47.5,<16px,84.6,68.9,15.7,2.2,75.2
train/IMG_0837.jpg,21.67,22.5,65.0,16-32px,96.8,88.4,8.3,0.42,325.6
train/IMG_0837.jpg,22.92,23.33,68.8,16-32px,86.1,84.8,1.3,0.91,268.4
train/IMG_0837.jpg,22.5,23.75,67.5,16-32px,96.4,66.0,30.4,2.92,121.2
train/IMG_0837.jpg,14.17,17.92,42.5,<16px,88.9,192.0,-103.1,5.54,351.6
train/IMG_0837.jpg,17.92,23.33,53.8,16-32px,77.8,67.4,10.5,1.63,157.6
train/IMG_0837.jpg,18.75,21.25,56.2,16-32px,67.3,133.9,-66.6,2.08,163.8
train/IMG_0837.jpg,11.25,12.92,33.8,<16px,81.9,96.5,-14.6,0.83,15.6
train/IMG_0837.jpg,9.17,11.25,27.5,<16px,74.4,120.0,-45.6,1.25,15.6
train/IMG_0837.jpg,18.75,18.75,56.2,16-32px,66.5,126.1,-59.6,2.34,107.9
train/IMG_0837.jpg,17.92,19.58,53.8,16-32px,72.0,109.1,-37.0,0.13,174.5
train/IMG_0837.jpg,23.33,24.17,70.0,16-32px,80.8,129.7,-48.9,5.0,497.0
train/IMG_0837.jpg,17.08,20.0,51.2,16-32px,80.0,121.1,-41.0,3.4,153.9
train/IMG_0837.jpg,22.92,24.58,68.8,16-32px,74.7,62.1,12.6,1.49,287.4
train/IMG_0837.jpg,22.92,22.92,68.8,16-32px,90.5,76.5,14.0,0.61,265.0
train/IMG_0837.jpg,16.25,20.0,48.8,16-32px,61.4,81.8,-20.4,0.24,96.7
train/IMG_0837.jpg,22.92,23.75,68.8,16-32px,95.3,73.7,21.7,0.99,229.3
train/IMG_0837.jpg,15.0,17.92,45.0,<16px,42.4,65.2,-22.8,0.69,69.5
train/IMG_0837.jpg,18.33,22.92,55.0,16-32px,89.1,65.2,23.9,0.86,57.9
train/IMG_0837.jpg,15.0,17.92,45.0,<16px,61.1,56.7,4.3,0.22,42.9
train/IMG_0837.jpg,16.25,17.5,48.8,16-32px,79.4,91.7,-12.3,2.57,47.4
train/IMG_0837.jpg,7.92,10.42,23.8,<16px,93.1,104.5,-11.3,2.0,8.8
train/IMG_0837.jpg,8.75,9.58,26.2,<16px,78.9,107.6,-28.7,2.85,13.6
train/IMG_0837.jpg,13.75,17.08,41.2,<16px,67.5,113.3,-45.8,0.17,98.8
train/IMG_0837.jpg,15.0,19.58,45.0,<16px,40.3,87.5,-47.2,2.02,40.3
train/IMG_0838.jpg,26.25,26.67,78.8,16-32px,77.5,107.6,-30.1,0.75,139.5
train/IMG_0838.jpg,35.0,37.08,105.0,32-64px,89.6,127.1,-37.5,9.58,441.4
train/IMG_0838.jpg,35.83,37.08,107.5,32-64px,102.2,76.3,25.8,0.24,345.0
train/IMG_0838.jpg,32.92,34.17,98.8,32-64px,86.3,70.3,16.1,0.71,235.5
train/IMG_0838.jpg,32.08,33.33,96.2,32-64px,105.2,89.6,15.6,1.08,401.8
train/IMG_0838.jpg,24.17,27.92,72.5,16-32px,92.2,144.7,-52.5,3.89,317.0
train/IMG_0838.jpg,17.92,18.33,53.8,16-32px,78.0,116.2,-38.2,3.38,77.2
train/IMG_0838.jpg,16.67,17.92,50.0,16-32px,65.7,114.4,-48.7,3.49,78.3
train/IMG_0838.jpg,22.08,23.75,66.2,16-32px,85.5,88.0,-2.5,0.15,108.4
train/IMG_0838.jpg,24.17,25.0,72.5,16-32px,60.9,70.4,-9.6,0.02,174.9
train/IMG_0838.jpg,26.67,32.5,80.0,16-32px,58.4,75.4,-17.0,0.48,132.6
train/IMG_0838.jpg,17.08,23.75,51.2,16-32px,55.8,129.7,-73.9,4.35,106.2
train/IMG_0838.jpg,16.25,36.25,48.8,16-32px,98.9,93.4,5.5,3.42,105.8
train/IMG_0838.jpg,22.92,30.0,68.8,16-32px,67.2,76.1,-9.0,1.56,99.1
train/IMG_0838.jpg,9.17,12.92,27.5,<16px,97.4,112.9,-15.5,3.59,9.4
train/IMG_0838.jpg,9.58,13.33,28.8,<16px,106.5,85.3,21.2,2.41,14.8
train/IMG_0838.jpg,9.17,10.42,27.5,<16px,79.9,118.0,-38.1,2.99,8.9
train/IMG_0838.jpg,7.5,8.75,22.5,<16px,80.2,91.1,-10.9,0.36,3.7
train/IMG_0839.jpg,67.92,69.17,203.8,64-128px,94.4,78.9,15.5,2.36,104.9
train/IMG_0839.jpg,67.92,70.0,203.8,64-128px,118.2,84.3,33.9,3.89,336.5
train/IMG_0839.jpg,54.17,59.58,162.5,32-64px,84.3,93.3,-9.0,3.07,202.4
train/IMG_0839.jpg,37.92,43.75,113.8,32-64px,96.1,126.6,-30.5,8.61,208.7
train/IMG_0839.jpg,22.92,26.25,68.8,16-32px,92.5,101.3,-8.8,5.76,45.1
train/IMG_0839.jpg,22.08,25.0,66.2,16-32px,71.1,125.7,-54.6,9.2,63.2
train/IMG_0839.jpg,23.33,36.67,70.0,16-32px,64.5,97.8,-33.3,1.72,280.9
train/IMG_0839.jpg,27.92,36.25,83.8,16-32px,76.7,100.9,-24.2,0.26,95.3
train/IMG_0839.jpg,11.25,11.25,33.8,<16px,88.2,122.5,-34.3,1.85,9.3
train/IMG_0839.jpg,9.58,12.5,28.8,<16px,99.1,112.3,-13.2,3.39,8.2
train/IMG_0839.jpg,12.92,15.83,38.8,<16px,107.9,105.5,2.4,3.73,21.0
train/IMG_0839.jpg,13.75,14.17,41.2,<16px,80.0,121.2,-41.2,3.17,23.4
train/IMG_0839.jpg,17.92,28.33,53.8,16-32px,115.7,131.2,-15.4,2.35,90.1
train/IMG_0840.jpg,62.08,65.42,186.2,32-64px,145.9,147.8,-2.0,0.78,1398.7
train/IMG_0840.jpg,53.33,56.25,160.0,32-64px,131.2,105.9,25.3,4.62,1610.5
train/IMG_0840.jpg,30.42,34.58,91.2,16-32px,76.7,78.6,-1.9,3.83,106.2
train/IMG_0840.jpg,22.08,50.0,66.2,16-32px,169.0,110.9,58.0,8.93,705.2
train/IMG_0840.jpg,49.58,50.42,148.8,32-64px,133.6,139.6,-6.0,0.26,1246.6
train/IMG_0840.jpg,26.25,35.83,78.8,16-32px,175.6,155.7,19.9,1.58,79.5
train/IMG_0841.jpg,28.33,28.33,85.0,16-32px,125.9,130.8,-4.8,3.19,561.4
train/IMG_0841.jpg,24.17,28.33,72.5,16-32px,125.8,112.6,13.1,1.12,62.4
train/IMG_0841.jpg,20.42,27.5,61.2,16-32px,72.2,91.7,-19.5,3.89,26.2
train/IMG_0841.jpg,31.25,32.08,93.8,16-32px,121.1,108.7,12.4,2.21,99.2
train/IMG_0841.jpg,22.92,25.0,68.8,16-32px,99.5,87.0,12.5,1.69,58.9
train/IMG_0841.jpg,21.25,21.67,63.8,16-32px,119.7,117.8,1.9,0.77,93.0
train/IMG_0841.jpg,18.75,18.75,56.2,16-32px,97.1,116.1,-18.9,2.52,25.0
train/IMG_0841.jpg,30.0,33.75,90.0,16-32px,112.9,98.8,14.1,7.56,119.8
train/IMG_0841.jpg,22.5,22.5,67.5,16-32px,114.2,75.7,38.5,5.55,42.9
train/IMG_0841.jpg,25.83,27.08,77.5,16-32px,92.6,96.1,-3.5,5.9,156.8
train/IMG_0841.jpg,20.83,25.83,62.5,16-32px,94.7,109.6,-14.9,3.7,72.1
train/IMG_0841.jpg,19.17,19.17,57.5,16-32px,79.9,69.2,10.7,0.67,9.2
train/IMG_0841.jpg,19.17,20.0,57.5,16-32px,103.4,133.0,-29.6,4.06,56.9
train/IMG_0841.jpg,15.42,19.17,46.2,<16px,82.3,83.6,-1.3,2.08,14.2
train/IMG_0841.jpg,16.25,19.58,48.8,16-32px,98.5,138.4,-39.9,8.09,59.7
train/IMG_0841.jpg,8.33,13.33,25.0,<16px,69.8,123.7,-53.9,3.24,18.8
train/IMG_0841.jpg,26.67,26.67,80.0,16-32px,105.2,103.0,2.1,1.76,33.1
train/IMG_0841.jpg,48.75,50.83,146.2,32-64px,117.4,112.0,5.4,3.35,389.1
train/IMG_0841.jpg,19.58,27.5,58.8,16-32px,125.2,108.4,16.8,3.61,58.8
train/IMG_0842.jpg,39.17,40.42,117.5,32-64px,115.9,95.2,20.7,3.39,569.3
train/IMG_0842.jpg,40.0,42.5,120.0,32-64px,120.7,103.9,16.8,4.24,1081.9
train/IMG_0842.jpg,22.92,23.33,68.8,16-32px,88.4,125.7,-37.3,7.95,331.7
train/IMG_0842.jpg,34.17,35.42,102.5,32-64px,122.1,95.9,26.2,5.81,157.3
train/IMG_0842.jpg,35.42,37.08,106.2,32-64px,96.1,71.0,25.1,4.62,291.4
train/IMG_0842.jpg,43.75,49.17,131.2,32-64px,111.2,84.9,26.3,7.72,272.6
train/IMG_0842.jpg,35.42,37.08,106.2,32-64px,84.9,115.7,-30.8,8.39,649.6
train/IMG_0842.jpg,24.17,37.08,72.5,16-32px,103.2,79.0,24.2,7.55,60.8
train/IMG_0842.jpg,26.67,26.67,80.0,16-32px,106.9,104.7,2.2,0.59,812.1
train/IMG_0842.jpg,28.75,31.25,86.2,16-32px,92.7,80.2,12.5,3.92,355.2
train/IMG_0842.jpg,14.17,20.42,42.5,<16px,94.0,111.8,-17.7,4.07,109.7
train/IMG_0842.jpg,7.5,9.58,22.5,<16px,78.0,121.0,-42.9,2.57,6.5
train/IMG_0842.jpg,5.83,7.5,17.5,<16px,114.2,95.9,18.4,2.09,3.9
train/IMG_0842.jpg,15.0,17.92,45.0,<16px,80.0,109.1,-29.2,1.99,158.9
train/IMG_0842.jpg,13.75,17.08,41.2,<16px,50.2,104.9,-54.7,0.15,143.1
train/IMG_0842.jpg,8.33,8.33,25.0,<16px,107.2,97.7,9.5,3.8,6.5
train/IMG_0842.jpg,5.83,6.25,17.5,<16px,81.6,128.8,-47.2,1.8,4.9
train/IMG_0842.jpg,5.42,6.67,16.2,<16px,64.6,119.3,-54.7,0.8,5.0
train/IMG_0843.jpg,60.0,66.25,180.0,32-64px,121.5,92.3,29.1,4.14,211.2
train/IMG_0843.jpg,43.75,49.17,131.2,32-64px,98.2,78.1,20.1,6.35,76.1
train/IMG_0843.jpg,40.83,47.5,122.5,32-64px,111.5,98.8,12.7,2.81,403.4
train/IMG_0843.jpg,25.42,27.5,76.2,16-32px,87.1,76.2,10.9,4.04,21.1
train/IMG_0843.jpg,24.17,26.67,72.5,16-32px,92.6,134.8,-42.1,3.68,221.2
train/IMG_0843.jpg,49.17,51.67,147.5,32-64px,98.5,59.3,39.2,6.08,124.6
train/IMG_0843.jpg,58.75,62.92,176.2,32-64px,129.2,91.5,37.7,4.29,345.7
train/IMG_0843.jpg,19.17,59.17,57.5,16-32px,84.9,136.8,-51.9,1.85,80.0
train/IMG_0844.jpg,49.17,53.75,147.5,32-64px,105.0,101.6,3.4,2.03,144.0
train/IMG_0844.jpg,31.67,33.75,95.0,16-32px,85.1,74.1,11.0,2.31,21.0
train/IMG_0844.jpg,12.5,14.17,37.5,<16px,134.1,84.5,49.6,2.21,5.8
train/IMG_0844.jpg,9.17,13.33,27.5,<16px,115.5,138.6,-23.1,4.34,4.5
train/IMG_0845.jpg,15.42,22.08,46.2,<16px,106.4,84.2,22.2,1.9,33.2
train/IMG_0845.jpg,17.92,18.75,53.8,16-32px,87.1,65.6,21.6,2.78,31.6
train/IMG_0845.jpg,16.25,20.83,48.8,16-32px,100.7,90.4,10.3,0.71,31.8
train/IMG_0845.jpg,9.17,11.25,27.5,<16px,92.3,134.0,-41.7,6.58,9.4
train/IMG_0845.jpg,7.5,9.58,22.5,<16px,71.9,85.5,-13.5,2.9,3.4
train/IMG_0845.jpg,7.5,9.17,22.5,<16px,92.3,123.9,-31.6,3.01,6.1
train/IMG_0845.jpg,6.67,10.0,20.0,<16px,81.3,49.3,32.0,1.54,3.8
train/IMG_0845.jpg,7.5,7.5,22.5,<16px,81.8,120.7,-38.9,1.47,4.2
train/IMG_0845.jpg,7.5,7.92,22.5,<16px,66.9,88.2,-21.3,1.66,3.2
train/IMG_0845.jpg,4.58,5.83,13.8,<16px,89.2,56.0,33.2,1.07,2.0
train/IMG_0845.jpg,8.33,9.17,25.0,<16px,103.2,82.9,20.3,1.97,4.8
train/IMG_0845.jpg,16.67,20.42,50.0,16-32px,54.7,111.2,-56.5,2.57,31.9
train/IMG_0845.jpg,29.58,44.17,88.8,16-32px,82.4,135.2,-52.8,2.26,57.8
train/IMG_0846.jpg,30.42,35.42,91.2,16-32px,91.8,91.2,0.5,1.67,374.2
train/IMG_0846.jpg,22.92,23.33,68.8,16-32px,90.7,90.9,-0.2,1.01,126.5
train/IMG_0846.jpg,20.0,22.08,60.0,16-32px,114.8,120.8,-6.0,0.18,122.6
train/IMG_0846.jpg,22.08,23.75,66.2,16-32px,102.8,99.3,3.5,1.15,191.3
train/IMG_0846.jpg,22.92,25.0,68.8,16-32px,83.8,69.8,14.1,2.75,123.9
train/IMG_0846.jpg,11.25,12.92,33.8,<16px,89.2,137.1,-47.9,6.98,17.0
train/IMG_0846.jpg,10.42,10.42,31.2,<16px,96.9,61.0,35.9,3.4,4.9
train/IMG_0846.jpg,7.5,10.0,22.5,<16px,82.4,123.3,-40.9,3.43,6.9
train/IMG_0846.jpg,9.58,10.83,28.8,<16px,74.7,43.5,31.2,2.0,3.8
train/IMG_0846.jpg,8.75,9.58,26.2,<16px,70.2,114.5,-44.3,2.68,6.4
train/IMG_0846.jpg,9.17,10.0,27.5,<16px,63.2,90.2,-27.0,1.51,6.8
train/IMG_0846.jpg,6.25,9.58,18.8,<16px,68.8,43.3,25.5,0.24,2.3
train/IMG_0846.jpg,8.33,8.75,25.0,<16px,88.0,52.9,35.1,1.26,3.3
train/IMG_0847.jpg,58.75,62.92,176.2,32-64px,98.7,87.1,11.5,2.49,949.2
train/IMG_0847.jpg,35.0,35.42,105.0,32-64px,104.7,84.9,19.8,2.73,624.3
train/IMG_0847.jpg,32.92,36.25,98.8,32-64px,91.4,81.3,10.1,3.17,205.9
train/IMG_0847.jpg,25.83,32.08,77.5,16-32px,107.7,127.6,-19.9,0.94,295.8
train/IMG_0847.jpg,17.92,22.5,53.8,16-32px,46.9,107.4,-60.4,3.77,112.1
train/IMG_0847.jpg,18.75,34.17,56.2,16-32px,83.1,149.4,-66.3,0.47,252.7
train/IMG_0847.jpg,12.08,16.25,36.2,<16px,94.5,154.8,-60.3,7.14,19.3
train/IMG_0847.jpg,10.0,10.83,30.0,<16px,115.1,150.0,-34.9,3.2,6.0
train/IMG_0847.jpg,7.08,8.33,21.2,<16px,82.4,116.6,-34.2,1.56,3.3
train/IMG_0847.jpg,11.25,12.5,33.8,<16px,102.1,66.5,35.6,4.76,5.3
train/IMG_0847.jpg,11.25,13.75,33.8,<16px,102.9,121.7,-18.7,0.07,7.1
train/IMG_0848.jpg,45.0,45.42,135.0,32-64px,82.5,97.5,-15.0,1.05,374.5
train/IMG_0848.jpg,51.25,51.67,153.8,32-64px,130.0,117.4,12.6,0.01,1071.9
train/IMG_0848.jpg,37.5,53.33,112.5,32-64px,88.9,88.6,0.3,0.23,138.2
train/IMG_0848.jpg,30.42,39.58,91.2,16-32px,84.3,147.7,-63.5,1.11,599.9
train/IMG_0848.jpg,50.42,50.42,151.2,32-64px,131.1,87.9,43.1,4.63,1206.7
train/IMG_0848.jpg,48.33,52.5,145.0,32-64px,115.9,123.6,-7.7,7.48,984.4
train/IMG_0848.jpg,15.0,15.42,45.0,<16px,119.3,87.5,31.8,6.36,16.1
train/IMG_0848.jpg,14.58,15.42,43.8,<16px,95.4,74.8,20.5,6.4,6.6
train/IMG_0848.jpg,12.92,13.75,38.8,<16px,118.5,90.6,27.9,5.06,6.7
train/IMG_0848.jpg,11.25,14.17,33.8,<16px,131.5,95.5,36.1,4.23,6.0
train/IMG_0848.jpg,14.17,19.17,42.5,<16px,102.2,156.6,-54.3,9.17,52.2
train/IMG_0848.jpg,8.75,10.0,26.2,<16px,150.5,104.0,46.5,0.09,3.7
train/IMG_0848.jpg,13.75,14.17,41.2,<16px,126.7,117.5,9.2,2.0,9.6
train/IMG_0848.jpg,12.5,14.17,37.5,<16px,110.3,98.5,11.7,1.67,11.5
train/IMG_0849.jpg,102.08,128.75,638.0,64-128px,111.2,110.1,1.2,5.95,2911.4
train/IMG_0849.jpg,59.58,97.08,372.4,32-64px,114.2,93.7,20.5,13.13,4004.7
train/IMG_0849.jpg,17.08,20.0,106.8,16-32px,70.7,105.9,-35.2,9.39,229.4
train/IMG_0849.jpg,44.58,75.0,278.6,32-64px,110.7,100.0,10.7,12.12,2020.2
train/IMG_0849.jpg,37.5,40.83,234.4,32-64px,133.9,126.6,7.2,9.91,1270.8
train/IMG_0849.jpg,79.17,90.42,494.8,64-128px,117.0,114.9,2.1,6.48,3973.0
train/IMG_0850.jpg,135.0,166.25,864.0,>=128px,152.1,84.0,68.1,0.67,1582.3
train/IMG_0850.jpg,101.67,107.08,650.7,64-128px,133.9,108.0,25.9,3.92,4477.9
train/IMG_0850.jpg,88.33,111.25,565.3,64-128px,160.6,94.5,66.1,7.24,1116.3
train/IMG_0850.jpg,54.17,72.5,346.7,32-64px,170.2,70.3,99.9,4.57,581.4
train/IMG_0850.jpg,107.5,122.08,688.0,64-128px,164.9,110.2,54.8,13.42,2599.0
train/IMG_0850.jpg,85.42,108.33,546.7,64-128px,157.2,115.7,41.5,2.87,1644.1
train/IMG_0850.jpg,32.08,60.0,205.3,32-64px,118.6,78.5,40.1,1.16,389.0
train/IMG_0850.jpg,25.83,29.58,165.3,16-32px,218.7,178.8,39.9,8.66,195.1
train/IMG_0850.jpg,77.08,124.17,493.3,64-128px,124.5,103.8,20.7,3.21,1456.4
train/IMG_0850.jpg,29.17,59.58,186.7,16-32px,82.2,104.4,-22.3,10.58,546.5
train/IMG_0850.jpg,24.58,44.17,157.3,16-32px,119.9,94.6,25.3,10.42,712.7
train/IMG_0850.jpg,23.75,33.33,152.0,16-32px,205.3,164.8,40.5,4.45,159.5
train/IMG_0851.jpg,132.92,161.67,850.7,>=128px,152.7,87.7,64.9,1.63,2191.6
train/IMG_0851.jpg,109.58,125.0,701.3,64-128px,163.1,117.3,45.8,12.26,2175.3
train/IMG_0851.jpg,88.75,110.0,568.0,64-128px,154.6,111.7,42.9,2.64,1510.7
train/IMG_0851.jpg,89.58,112.92,573.3,64-128px,162.7,96.2,66.5,6.06,1055.3
train/IMG_0851.jpg,46.67,47.5,298.7,32-64px,174.6,86.1,88.5,4.4,381.5
train/IMG_0851.jpg,37.92,61.25,242.7,32-64px,115.9,78.0,37.9,0.2,437.9
train/IMG_0851.jpg,47.92,53.33,306.7,32-64px,187.1,101.4,85.8,5.68,1793.7
train/IMG_0851.jpg,17.08,31.25,109.3,16-32px,132.0,126.1,5.8,6.1,208.0
train/IMG_0851.jpg,61.25,123.75,392.0,32-64px,106.0,134.8,-28.8,3.05,2009.2
train/IMG_0851.jpg,69.58,136.67,445.3,64-128px,204.3,157.0,47.4,0.75,3363.7
train/IMG_0854.jpg,98.75,105.0,632.0,64-128px,93.6,111.9,-18.3,0.67,4092.8
train/IMG_0854.jpg,66.25,69.17,424.0,64-128px,112.2,105.5,6.7,7.53,4775.1
train/IMG_0854.jpg,61.67,62.08,394.7,32-64px,101.3,82.3,19.1,8.88,2610.4
train/IMG_0854.jpg,49.58,54.58,317.3,32-64px,95.3,111.6,-16.3,9.41,1262.5
train/IMG_0854.jpg,30.42,48.33,194.7,16-32px,171.3,136.7,34.5,1.09,1134.3
train/IMG_0854.jpg,15.83,20.42,101.3,<16px,84.2,147.0,-62.7,3.58,107.0
train/IMG_0854.jpg,36.67,42.08,234.7,32-64px,121.4,114.0,7.5,4.41,1847.9
train/IMG_0854.jpg,30.0,42.5,192.0,16-32px,82.1,85.8,-3.7,1.58,594.4
train/IMG_0854.jpg,36.67,51.25,234.7,32-64px,76.8,66.5,10.3,2.47,711.5
train/IMG_0854.jpg,18.75,47.5,120.0,16-32px,78.2,67.1,11.1,1.46,1025.2
train/IMG_0854.jpg,25.42,34.17,162.7,16-32px,90.6,107.4,-16.8,1.59,1006.6
train/IMG_0854.jpg,7.5,15.83,48.0,<16px,83.3,67.5,15.9,5.96,54.4
train/IMG_0854.jpg,12.5,15.42,80.0,<16px,67.6,63.2,4.4,3.1,53.6
train/IMG_0855.jpg,95.42,95.42,610.7,64-128px,127.1,103.8,23.3,13.72,4622.2
train/IMG_0855.jpg,50.0,71.67,320.0,32-64px,63.4,86.5,-23.1,7.15,2084.9
train/IMG_0855.jpg,67.92,90.83,434.7,64-128px,106.0,75.2,30.8,9.56,3584.7
train/IMG_0855.jpg,29.58,33.75,189.3,16-32px,93.3,101.5,-8.2,3.58,153.8
train/IMG_0855.jpg,25.0,26.67,160.0,16-32px,125.1,152.4,-27.3,3.52,414.9
train/IMG_0855.jpg,27.92,33.75,178.7,16-32px,117.6,130.3,-12.7,3.63,482.4
train/IMG_0856.jpg,65.42,91.67,418.7,64-128px,116.9,91.2,25.7,10.46,1930.0
train/IMG_0856.jpg,121.67,130.83,778.7,64-128px,165.3,116.0,49.3,7.85,3706.3
train/IMG_0856.jpg,114.58,137.5,733.3,64-128px,174.0,96.7,77.2,7.09,4219.7
train/IMG_0856.jpg,31.25,50.83,200.0,16-32px,86.9,144.3,-57.4,6.52,2599.7
train/IMG_0857.jpg,109.58,116.25,701.3,64-128px,77.9,92.1,-14.2,0.26,5118.6
train/IMG_0857.jpg,113.75,130.42,728.0,64-128px,68.2,99.4,-31.2,0.32,2247.8
train/IMG_0857.jpg,110.83,134.17,709.3,64-128px,76.2,95.4,-19.2,1.06,1960.4
train/IMG_0857.jpg,83.33,85.0,533.3,64-128px,82.5,157.5,-75.0,5.48,3644.8
train/IMG_0857.jpg,90.42,98.75,578.7,64-128px,66.9,85.1,-18.2,0.79,4266.1
train/IMG_0857.jpg,85.0,99.17,544.0,64-128px,85.4,146.3,-60.9,10.39,5329.0
train/IMG_0857.jpg,54.58,57.08,349.3,32-64px,68.1,80.2,-12.1,6.93,903.9
train/IMG_0858.jpg,59.58,66.25,381.3,32-64px,140.5,103.9,36.6,6.05,496.7
train/IMG_0858.jpg,27.5,37.08,176.0,16-32px,171.3,155.2,16.1,5.71,1385.5
train/IMG_0858.jpg,57.92,67.08,370.7,32-64px,196.2,116.3,80.0,12.35,2561.4
train/IMG_0858.jpg,46.67,84.58,298.7,32-64px,116.6,141.1,-24.5,9.07,2942.5
train/IMG_0858.jpg,37.92,70.0,242.7,32-64px,190.1,151.9,38.1,17.39,2755.4
train/IMG_0858.jpg,77.5,86.25,496.0,64-128px,171.1,91.4,79.7,11.83,3008.9
train/IMG_0858.jpg,11.25,18.75,72.0,<16px,98.7,105.0,-6.4,1.87,27.5
train/IMG_0858.jpg,38.33,52.08,245.3,32-64px,101.1,101.4,-0.3,0.26,259.0
train/IMG_0858.jpg,60.42,65.42,386.7,32-64px,155.3,123.1,32.2,0.84,2341.3
train/IMG_0858.jpg,46.67,46.67,298.7,32-64px,165.0,103.9,61.0,2.2,714.3
train/IMG_0858.jpg,95.83,107.92,613.3,64-128px,188.7,89.9,98.8,8.69,2262.5
train/IMG_0858.jpg,37.5,39.17,240.0,32-64px,89.5,128.1,-38.6,0.62,910.6
train/IMG_0858.jpg,54.17,60.83,346.7,32-64px,127.7,141.1,-13.4,3.83,1063.1
train/IMG_0858.jpg,27.92,40.0,178.7,16-32px,163.0,126.7,36.2,18.37,198.0
train/IMG_0858.jpg,27.08,33.75,173.3,16-32px,177.3,118.6,58.7,4.96,300.5
train/IMG_0858.jpg,27.5,29.58,176.0,16-32px,157.4,84.5,72.9,4.54,195.8
train/IMG_0859.jpg,45.83,65.0,293.3,32-64px,73.9,112.8,-39.0,0.83,644.0
train/IMG_0859.jpg,85.42,105.0,546.7,64-128px,152.6,113.6,39.0,3.83,1456.8
train/IMG_0859.jpg,103.75,115.42,664.0,64-128px,130.5,89.1,41.5,8.81,1433.4
train/IMG_0859.jpg,132.08,170.0,845.3,>=128px,145.9,75.7,70.2,8.88,2286.1
train/IMG_0859.jpg,39.58,59.17,253.3,32-64px,81.4,79.9,1.5,2.4,399.6
train/IMG_0859.jpg,22.08,69.17,141.3,16-32px,128.6,94.4,34.2,9.49,150.0
train/IMG_0859.jpg,80.42,102.08,514.7,64-128px,85.7,109.5,-23.8,5.24,929.0
train/IMG_0859.jpg,46.67,62.08,298.7,32-64px,85.1,94.6,-9.5,9.17,459.9
train/IMG_0859.jpg,50.0,73.75,320.0,32-64px,135.8,96.1,39.7,4.69,351.6
train/IMG_0859.jpg,64.58,83.33,413.3,64-128px,140.5,98.6,41.9,3.16,481.5
train/IMG_0859.jpg,42.5,44.17,272.0,32-64px,127.6,130.4,-2.8,9.38,241.3
train/IMG_0859.jpg,26.25,65.42,168.0,16-32px,98.9,96.3,2.5,0.43,150.6
train/IMG_0859.jpg,60.42,84.17,386.7,32-64px,132.5,104.0,28.5,1.71,2044.0
train/IMG_0859.jpg,86.25,87.5,552.0,64-128px,102.1,92.2,9.9,4.42,1238.6
train/IMG_0859.jpg,12.92,16.67,82.7,<16px,144.8,99.4,45.5,16.9,16.4
train/IMG_0859.jpg,15.83,20.83,101.3,<16px,131.8,81.0,50.8,5.5,40.4
train/IMG_0859.jpg,11.25,14.17,72.0,<16px,148.2,102.2,46.0,5.76,13.9
train/IMG_0859.jpg,17.92,25.42,114.7,16-32px,70.2,73.8,-3.6,4.32,26.9
train/IMG_0859.jpg,9.17,15.83,58.7,<16px,97.5,84.7,12.8,5.54,6.4
train/IMG_0859.jpg,9.58,10.0,61.3,<16px,68.0,60.4,7.5,0.74,3.0
train/IMG_0859.jpg,6.25,10.0,40.0,<16px,85.4,61.6,23.8,3.8,2.8
train/IMG_0860.jpg,96.67,100.42,618.7,64-128px,114.6,109.0,5.6,1.15,645.9
train/IMG_0860.jpg,97.08,101.67,621.3,64-128px,115.1,156.9,-41.7,1.11,531.4
train/IMG_0860.jpg,34.17,85.83,218.7,32-64px,199.0,73.1,126.0,5.97,622.8
train/IMG_0860.jpg,38.75,42.5,248.0,32-64px,106.2,62.1,44.1,7.35,1359.7
train/IMG_0860.jpg,103.33,112.08,661.3,64-128px,149.5,125.0,24.4,12.44,906.6
train/IMG_0860.jpg,66.67,107.5,426.7,64-128px,172.2,77.6,94.5,5.84,358.7
train/IMG_0861.jpg,86.67,91.25,554.7,64-128px,155.2,107.5,47.7,8.68,1794.4
train/IMG_0861.jpg,50.0,53.75,320.0,32-64px,120.8,98.8,22.0,5.57,967.9
train/IMG_0861.jpg,17.92,23.33,114.7,16-32px,84.5,135.6,-51.2,3.95,124.4
train/IMG_0861.jpg,22.92,38.75,146.7,16-32px,173.6,132.7,40.8,7.96,82.4
train/IMG_0861.jpg,17.08,25.42,109.3,16-32px,145.6,134.2,11.4,9.84,131.5
train/IMG_0861.jpg,52.92,55.42,338.7,32-64px,168.8,115.7,53.1,6.66,3106.4
train/IMG_0861.jpg,29.58,37.08,189.3,16-32px,127.8,105.3,22.5,7.7,1732.5
train/IMG_0861.jpg,40.83,50.0,261.3,32-64px,138.9,105.1,33.9,5.46,2259.0
train/IMG_0861.jpg,62.92,69.17,402.7,32-64px,161.7,128.0,33.6,10.88,2208.5
train/IMG_0861.jpg,47.5,53.75,304.0,32-64px,140.8,117.3,23.4,8.68,1625.3
train/IMG_0861.jpg,42.92,61.25,274.7,32-64px,166.5,119.4,47.1,7.48,1474.6
train/IMG_0861.jpg,38.75,43.75,248.0,32-64px,179.4,147.4,32.0,0.28,1777.0
train/IMG_0861.jpg,16.25,16.25,104.0,16-32px,107.7,101.8,5.9,0.32,87.0
train/IMG_0861.jpg,34.17,35.0,218.7,32-64px,126.8,150.8,-24.0,7.44,602.2
train/IMG_0861.jpg,29.58,31.25,189.3,16-32px,142.4,156.6,-14.2,14.85,439.4
train/IMG_0862.jpg,21.25,24.58,136.0,16-32px,94.9,134.7,-39.7,4.64,134.0
train/IMG_0862.jpg,17.5,36.67,112.0,16-32px,177.7,125.8,51.9,7.25,49.3
train/IMG_0862.jpg,47.5,51.25,304.0,32-64px,121.8,90.3,31.5,5.37,691.9
train/IMG_0862.jpg,86.25,88.33,552.0,64-128px,154.1,104.4,49.8,8.41,1968.4
train/IMG_0862.jpg,50.42,55.0,322.7,32-64px,166.7,131.0,35.7,5.48,2364.8
train/IMG_0862.jpg,20.0,27.92,128.0,16-32px,113.8,130.5,-16.8,0.1,274.9
train/IMG_0862.jpg,29.58,33.75,189.3,16-32px,128.8,102.2,26.7,7.91,1649.8
train/IMG_0862.jpg,14.17,18.75,90.7,<16px,128.5,126.3,2.2,9.53,255.5
train/IMG_0862.jpg,37.92,54.17,242.7,32-64px,136.8,104.6,32.2,5.16,2223.7
train/IMG_0862.jpg,45.83,52.92,293.3,32-64px,143.7,118.7,25.1,8.9,1002.2
train/IMG_0862.jpg,32.5,32.92,208.0,32-64px,127.0,148.1,-21.1,9.07,301.2
train/IMG_0862.jpg,30.0,34.17,192.0,16-32px,147.2,154.7,-7.6,15.05,312.2
train/IMG_0862.jpg,40.83,55.42,261.3,32-64px,164.7,123.7,41.0,6.97,1202.9
train/IMG_0862.jpg,40.42,45.83,258.7,32-64px,183.5,143.6,39.9,0.69,1671.9
train/IMG_0862.jpg,62.5,68.33,400.0,32-64px,160.5,123.4,37.1,10.82,2871.8
train/IMG_0864.jpg,50.42,51.25,322.7,32-64px,181.3,125.0,56.3,11.92,884.0
train/IMG_0864.jpg,55.83,56.25,357.3,32-64px,161.4,130.9,30.5,12.14,1238.9
train/IMG_0864.jpg,7.08,35.83,45.3,<16px,174.2,137.1,37.1,1.77,106.8
train/IMG_0864.jpg,56.25,64.17,360.0,32-64px,154.9,127.1,27.8,6.83,1247.6
train/IMG_0864.jpg,87.92,92.92,562.7,64-128px,136.6,130.6,6.0,8.17,986.2
train/IMG_0864.jpg,18.33,24.58,117.3,16-32px,193.4,158.2,35.3,12.24,340.4
train/IMG_0864.jpg,52.08,62.92,333.3,32-64px,183.5,121.5,62.0,12.38,703.5
train/IMG_0864.jpg,40.42,42.92,258.7,32-64px,119.5,110.8,8.8,6.37,399.4
train/IMG_0864.jpg,37.5,47.08,240.0,32-64px,126.8,114.4,12.4,5.33,273.5
train/IMG_0864.jpg,35.83,40.0,229.3,32-64px,138.2,133.8,4.4,9.14,209.4
train/IMG_0867.jpg,62.5,62.92,400.0,32-64px,182.5,101.3,81.2,7.74,1348.0
train/IMG_0867.jpg,66.25,67.92,424.0,64-128px,192.2,121.5,70.8,2.59,2214.2
train/IMG_0867.jpg,51.67,60.83,330.7,32-64px,183.2,105.4,77.8,6.29,2878.3
train/IMG_0867.jpg,17.92,38.33,114.7,16-32px,188.6,137.3,51.4,4.8,646.2
train/IMG_0867.jpg,43.33,53.75,277.3,32-64px,153.0,96.8,56.2,7.41,1467.9
train/IMG_0867.jpg,53.75,62.92,344.0,32-64px,170.4,106.0,64.4,0.56,540.4
train/IMG_0867.jpg,23.75,57.92,152.0,16-32px,140.3,132.3,8.1,1.63,611.5
train/IMG_0867.jpg,35.42,36.25,226.7,32-64px,108.0,101.3,6.7,1.78,320.4
train/IMG_0867.jpg,24.17,26.25,154.7,16-32px,114.7,99.9,14.7,4.29,152.6
train/IMG_0867.jpg,8.33,14.58,53.3,<16px,85.4,112.0,-26.5,1.29,26.1
train/IMG_0867.jpg,14.58,30.42,93.3,<16px,147.8,151.1,-3.3,0.99,181.7
train/IMG_0867.jpg,46.67,47.92,298.7,32-64px,164.3,117.1,47.2,2.73,618.5
train/IMG_0867.jpg,18.33,38.33,117.3,16-32px,188.5,137.0,51.5,4.86,671.8
train/IMG_0867.jpg,32.92,78.33,210.7,32-64px,137.8,90.4,47.3,6.89,674.2
train/IMG_0867.jpg,16.67,29.58,106.7,16-32px,87.7,94.9,-7.3,2.01,86.5
train/IMG_0867.jpg,26.67,51.25,170.7,16-32px,133.8,149.0,-15.1,2.4,390.0
train/IMG_0867.jpg,22.5,25.0,144.0,16-32px,122.6,157.6,-35.0,1.3,283.8
train/IMG_0867.jpg,19.17,22.92,122.7,16-32px,84.7,124.7,-40.0,4.57,101.0
train/IMG_0867.jpg,32.92,38.33,210.7,32-64px,113.6,69.0,44.6,10.58,268.3
train/IMG_0867.jpg,22.5,36.67,144.0,16-32px,128.3,112.6,15.8,0.27,801.5
train/IMG_0867.jpg,16.25,43.33,104.0,16-32px,89.8,103.5,-13.7,3.49,276.8
train/IMG_0867.jpg,26.67,32.92,170.7,16-32px,90.9,90.5,0.3,1.1,500.1
train/IMG_0867.jpg,18.75,27.92,120.0,16-32px,80.2,99.7,-19.4,2.35,228.7
train/IMG_0867.jpg,17.08,25.42,109.3,16-32px,91.9,118.2,-26.3,2.61,164.5
train/IMG_0867.jpg,11.25,14.17,72.0,<16px,75.8,118.1,-42.3,1.25,53.7
train/IMG_0867.jpg,15.0,16.67,96.0,<16px,108.0,125.8,-17.8,1.71,171.4
train/IMG_0867.jpg,32.5,37.5,208.0,32-64px,77.0,101.0,-24.0,5.97,1093.7
train/IMG_0867.jpg,18.75,30.83,120.0,16-32px,169.5,129.5,40.0,5.83,153.8
train/IMG_0867.jpg,32.08,35.42,205.3,32-64px,156.6,125.6,31.0,3.87,1959.4
train/IMG_0868.jpg,48.75,55.0,312.0,32-64px,153.2,98.2,55.1,3.52,1688.6
train/IMG_0868.jpg,63.33,65.0,405.3,32-64px,158.8,89.5,69.2,2.39,1340.0
train/IMG_0868.jpg,66.67,82.08,426.7,64-128px,139.0,108.2,30.8,0.23,1842.8
train/IMG_0868.jpg,44.17,47.92,282.7,32-64px,127.6,108.4,19.2,4.93,937.2
train/IMG_0868.jpg,33.75,42.5,216.0,32-64px,152.5,117.0,35.5,2.75,1009.3
train/IMG_0868.jpg,77.08,82.92,493.3,64-128px,147.4,93.9,53.6,4.14,1706.7
train/IMG_0868.jpg,32.92,57.92,210.7,32-64px,145.7,86.1,59.6,2.52,455.3
train/IMG_0868.jpg,44.17,62.92,282.7,32-64px,113.7,128.4,-14.7,2.15,1044.2
train/IMG_0868.jpg,30.0,35.83,192.0,16-32px,229.4,162.1,67.4,0.63,232.6
train/IMG_0868.jpg,10.83,48.75,69.3,<16px,112.8,97.6,15.2,1.26,61.8
train/IMG_0868.jpg,22.5,48.75,144.0,16-32px,110.7,99.0,11.8,0.87,1108.5
train/IMG_0868.jpg,18.75,18.75,120.0,16-32px,92.9,80.0,12.9,1.6,28.4
train/IMG_0868.jpg,11.25,19.58,72.0,<16px,85.2,83.7,1.5,0.06,18.6
train/IMG_0868.jpg,18.33,21.67,117.3,16-32px,100.1,87.7,12.5,0.56,43.5
train/IMG_0870.jpg,72.08,75.42,461.3,64-128px,151.1,115.8,35.2,0.74,406.1
train/IMG_0870.jpg,91.67,95.0,586.7,64-128px,173.5,107.3,66.2,4.14,1428.4
train/IMG_0870.jpg,22.92,58.75,146.7,16-32px,82.7,79.2,3.5,2.88,154.8
train/IMG_0870.jpg,61.25,61.67,392.0,32-64px,138.1,96.1,42.0,5.7,444.1
train/IMG_0870.jpg,102.08,102.92,653.3,64-128px,193.2,115.3,77.9,0.55,1337.8
train/IMG_0870.jpg,70.83,76.67,453.3,64-128px,197.0,123.5,73.5,1.02,1584.8
train/IMG_0870.jpg,49.17,57.92,314.7,32-64px,132.1,152.1,-20.0,0.02,723.2
train/IMG_0870.jpg,34.17,39.58,218.7,32-64px,109.7,101.9,7.7,12.13,123.8
train/IMG_0870.jpg,38.33,44.17,245.3,32-64px,151.1,134.6,16.5,11.71,230.0
train/IMG_0870.jpg,68.75,70.83,440.0,64-128px,157.1,81.0,76.0,5.61,297.6
train/IMG_0870.jpg,32.92,46.25,210.7,32-64px,97.6,82.6,15.0,6.41,117.6
train/IMG_0870.jpg,17.08,47.92,109.3,16-32px,103.9,119.6,-15.7,8.25,55.2
train/IMG_0870.jpg,44.17,50.0,282.7,32-64px,107.3,119.7,-12.5,1.19,216.8
train/IMG_0870.jpg,27.08,34.17,173.3,16-32px,80.4,60.2,20.1,4.9,25.8
train/IMG_0870.jpg,28.75,29.58,184.0,16-32px,88.8,115.5,-26.7,3.16,90.4
train/IMG_0870.jpg,29.17,31.67,186.7,16-32px,105.2,93.3,11.9,5.39,66.1
train/IMG_0870.jpg,29.17,39.58,186.7,16-32px,84.0,104.2,-20.2,3.66,298.1
train/IMG_0870.jpg,23.33,31.67,149.3,16-32px,60.4,62.3,-1.9,0.81,29.9
train/IMG_0870.jpg,20.83,32.08,133.3,16-32px,107.0,96.7,10.3,4.58,83.0
train/IMG_0870.jpg,28.33,41.67,181.3,16-32px,81.5,78.6,3.0,0.3,156.9
train/IMG_0870.jpg,24.58,38.75,157.3,16-32px,85.6,117.2,-31.7,2.75,184.6
train/IMG_0872.jpg,78.33,78.75,501.3,64-128px,190.6,109.1,81.6,5.37,1156.7
train/IMG_0872.jpg,54.58,64.58,349.3,32-64px,196.3,145.7,50.6,6.9,736.0
train/IMG_0872.jpg,59.58,72.5,381.3,32-64px,167.6,107.3,60.3,8.63,817.9
train/IMG_0872.jpg,30.0,45.83,192.0,16-32px,195.3,105.8,89.5,7.87,267.5
train/IMG_0872.jpg,71.67,76.67,458.7,64-128px,204.0,151.2,52.8,0.21,1399.4
train/IMG_0872.jpg,60.83,62.5,389.3,32-64px,187.9,140.2,47.7,3.8,1419.5
train/IMG_0872.jpg,51.67,55.0,330.7,32-64px,207.5,166.0,41.5,3.4,1967.9
train/IMG_0872.jpg,28.33,57.08,181.3,16-32px,174.8,161.2,13.5,5.41,1667.9
train/IMG_0872.jpg,45.42,67.5,290.7,32-64px,197.4,113.3,84.1,13.4,1698.4
train/IMG_0872.jpg,81.25,93.33,520.0,64-128px,194.9,133.3,61.6,0.86,1041.0
train/IMG_0872.jpg,57.5,58.33,368.0,32-64px,139.6,108.9,30.8,7.6,1052.7
train/IMG_0872.jpg,23.75,28.33,152.0,16-32px,126.8,82.1,44.7,5.75,54.1
train/IMG_0872.jpg,18.33,21.25,117.3,16-32px,109.2,79.5,29.7,5.58,28.0
train/IMG_0872.jpg,17.5,25.42,112.0,16-32px,191.5,148.2,43.3,0.46,46.5
train/IMG_0872.jpg,25.83,59.17,165.3,16-32px,187.1,120.4,66.7,9.85,653.0
train/IMG_0872.jpg,22.08,40.42,141.3,16-32px,119.6,119.5,0.1,6.12,174.7
train/IMG_0872.jpg,27.5,67.08,176.0,16-32px,150.0,122.0,28.0,20.58,415.8
train/IMG_0872.jpg,19.58,27.5,125.3,16-32px,79.1,99.6,-20.5,0.32,74.9
train/IMG_0872.jpg,28.33,33.33,181.3,16-32px,111.3,96.4,14.9,0.4,391.6
train/IMG_0872.jpg,39.58,50.0,253.3,32-64px,132.2,95.6,36.6,9.2,191.7
train/IMG_0872.jpg,36.25,39.58,232.0,32-64px,150.7,103.5,47.2,7.07,126.8
train/IMG_0872.jpg,14.17,31.67,90.7,<16px,163.0,102.0,61.0,3.82,49.3
train/IMG_0872.jpg,23.75,26.67,152.0,16-32px,143.2,119.0,24.2,4.49,53.9
train/IMG_0872.jpg,25.42,42.5,162.7,16-32px,152.6,113.0,39.6,7.63,493.0
train/IMG_0872.jpg,21.67,22.5,138.7,16-32px,112.3,103.2,9.1,4.34,70.7
train/IMG_0872.jpg,13.75,20.42,88.0,<16px,109.2,106.9,2.3,1.4,30.0
train/IMG_0872.jpg,16.67,19.17,106.7,16-32px,105.5,95.6,9.9,9.41,18.8
train/IMG_0874.jpg,87.08,89.17,557.3,64-128px,192.5,105.2,87.3,15.3,1443.0
train/IMG_0874.jpg,76.67,88.33,490.7,64-128px,218.7,127.2,91.5,12.59,1166.4
train/IMG_0874.jpg,50.0,52.5,320.0,32-64px,110.8,71.7,39.1,8.01,83.5
train/IMG_0874.jpg,50.0,50.83,320.0,32-64px,116.6,97.4,19.2,7.31,224.8
train/IMG_0874.jpg,80.0,87.92,512.0,64-128px,193.1,91.8,101.3,10.08,967.7
train/IMG_0874.jpg,44.58,59.58,285.3,32-64px,145.5,116.7,28.8,4.72,684.7
train/IMG_0874.jpg,72.92,80.83,466.7,64-128px,156.4,110.4,46.0,6.91,1013.6
train/IMG_0874.jpg,51.25,75.83,328.0,32-64px,159.1,103.0,56.1,4.33,657.8
train/IMG_0874.jpg,34.58,51.67,221.3,32-64px,144.1,110.6,33.4,4.18,485.8
train/IMG_0874.jpg,57.92,67.08,370.7,32-64px,134.9,93.0,41.9,6.33,581.3
train/IMG_0874.jpg,17.08,27.5,109.3,16-32px,152.6,131.5,21.0,5.85,162.6
train/IMG_0874.jpg,22.5,26.67,144.0,16-32px,109.4,122.4,-13.0,4.51,371.2
train/IMG_0874.jpg,23.75,37.08,152.0,16-32px,174.7,107.9,66.8,0.12,925.4
train/IMG_0874.jpg,16.67,27.08,106.7,16-32px,88.6,108.9,-20.3,3.81,52.9
train/IMG_0874.jpg,20.42,27.08,130.7,16-32px,101.0,104.7,-3.7,1.09,52.8
train/IMG_0874.jpg,32.5,45.0,208.0,32-64px,85.6,113.5,-28.0,1.91,113.0
train/IMG_0874.jpg,21.25,29.17,136.0,16-32px,130.9,126.8,4.1,2.47,178.8
train/IMG_0874.jpg,26.25,31.67,168.0,16-32px,77.1,109.7,-32.6,0.29,429.8
train/IMG_0875.jpg,37.92,55.83,242.7,32-64px,214.7,147.9,66.8,0.31,401.2
train/IMG_0875.jpg,20.42,30.0,130.7,16-32px,164.4,148.5,15.9,5.38,100.4
train/IMG_0875.jpg,17.5,26.67,112.0,16-32px,180.0,144.8,35.2,6.28,108.4
train/IMG_0875.jpg,73.75,75.83,472.0,64-128px,163.3,132.3,30.9,10.82,285.5
train/IMG_0875.jpg,55.42,71.25,354.7,32-64px,171.1,110.4,60.6,9.27,360.7
train/IMG_0875.jpg,27.92,47.08,178.7,16-32px,168.1,132.4,35.7,7.54,338.4
train/IMG_0875.jpg,22.92,40.42,146.7,16-32px,106.4,111.9,-5.4,0.77,38.4
train/IMG_0875.jpg,30.0,32.08,192.0,16-32px,123.2,134.1,-10.9,0.71,214.4
train/IMG_0875.jpg,28.33,45.83,181.3,16-32px,120.3,127.5,-7.2,0.36,232.8
train/IMG_0875.jpg,19.58,27.08,125.3,16-32px,110.4,118.0,-7.6,4.8,106.7
train/IMG_0875.jpg,58.75,91.25,376.0,32-64px,198.8,114.1,84.8,3.64,107.8
train/IMG_0875.jpg,24.17,44.17,154.7,16-32px,153.4,147.5,5.9,1.23,129.9
train/IMG_0875.jpg,13.33,13.75,85.3,<16px,131.8,146.1,-14.3,1.89,16.6
train/IMG_0875.jpg,24.58,50.42,157.3,16-32px,120.8,125.4,-4.6,0.02,141.0
train/IMG_0875.jpg,86.67,87.5,554.7,64-128px,195.6,120.1,75.5,3.79,180.9
train/IMG_0875.jpg,50.83,52.08,325.3,32-64px,169.6,113.7,55.9,6.43,108.6
train/IMG_0875.jpg,29.58,48.75,189.3,16-32px,205.6,140.0,65.7,4.81,193.3
train/IMG_0875.jpg,20.42,45.83,130.7,16-32px,139.6,114.6,25.0,7.75,37.5
train/IMG_0875.jpg,51.67,74.17,330.7,32-64px,140.1,100.9,39.1,1.5,231.5
train/IMG_0875.jpg,34.58,54.58,221.3,32-64px,89.8,86.5,3.3,3.62,54.5
train/IMG_0875.jpg,26.67,35.0,170.7,16-32px,124.5,90.6,34.0,7.45,39.5
train/IMG_0875.jpg,30.0,33.75,192.0,16-32px,104.6,112.5,-7.9,0.29,102.1
train/IMG_0876.jpg,72.92,75.83,466.7,64-128px,187.2,119.0,68.2,6.83,1586.3
train/IMG_0876.jpg,87.08,88.75,557.3,64-128px,185.3,104.0,81.3,15.44,1402.4
train/IMG_0876.jpg,87.92,88.33,562.7,64-128px,210.3,144.9,65.3,4.09,1221.4
train/IMG_0876.jpg,62.5,74.58,400.0,32-64px,194.0,149.2,44.9,5.37,964.1
train/IMG_0876.jpg,20.42,42.08,130.7,16-32px,189.4,147.4,42.0,6.55,343.8
train/IMG_0876.jpg,44.58,53.33,285.3,32-64px,127.2,119.0,8.1,0.11,227.7
train/IMG_0876.jpg,21.67,34.58,138.7,16-32px,103.0,129.4,-26.4,0.82,125.9
train/IMG_0876.jpg,27.5,37.92,176.0,16-32px,173.8,126.5,47.2,0.87,176.5
train/IMG_0876.jpg,28.75,33.33,184.0,16-32px,67.1,74.8,-7.7,2.73,71.4
train/IMG_0876.jpg,20.83,36.67,133.3,16-32px,75.1,97.4,-22.3,0.42,224.7
train/IMG_0876.jpg,26.67,34.58,170.7,16-32px,108.6,102.3,6.3,6.98,98.2
train/IMG_0877.jpg,120.83,127.5,773.3,64-128px,183.3,98.1,85.2,6.07,2170.6
train/IMG_0877.jpg,64.17,65.83,410.7,64-128px,182.1,138.2,43.9,4.87,713.8
train/IMG_0877.jpg,45.83,47.08,293.3,32-64px,148.6,112.0,36.7,7.22,330.1
train/IMG_0877.jpg,49.58,54.17,317.3,32-64px,76.8,111.1,-34.3,0.94,273.7
train/IMG_0877.jpg,65.42,72.08,418.7,64-128px,182.0,140.2,41.8,4.6,801.3
train/IMG_0877.jpg,105.0,118.75,672.0,64-128px,181.1,89.5,91.6,5.79,1004.7
train/IMG_0877.jpg,72.08,82.08,461.3,64-128px,138.6,147.7,-9.1,1.56,753.6
train/IMG_0877.jpg,110.42,112.5,706.7,64-128px,170.1,100.0,70.1,9.24,1236.8
train/IMG_0877.jpg,45.0,50.0,288.0,32-64px,113.5,113.6,-0.1,4.56,111.5
train/IMG_0877.jpg,61.25,100.0,392.0,32-64px,190.7,133.6,57.1,4.59,523.0
train/IMG_0877.jpg,25.0,49.58,160.0,16-32px,177.4,140.7,36.7,2.28,325.3
train/IMG_0877.jpg,53.75,72.5,344.0,32-64px,148.4,152.4,-4.0,0.63,756.5
train/IMG_0877.jpg,77.92,100.83,498.7,64-128px,146.6,108.2,38.4,6.15,289.8
train/IMG_0877.jpg,77.92,88.75,498.7,64-128px,125.9,96.6,29.3,6.11,922.5
train/IMG_0877.jpg,35.83,60.42,229.3,32-64px,169.9,100.9,69.0,4.97,263.5
train/IMG_0877.jpg,14.17,77.92,90.7,<16px,184.0,99.3,84.7,0.69,541.9
train/IMG_0877.jpg,32.5,35.42,208.0,32-64px,92.0,92.5,-0.5,1.74,344.3
train/IMG_0877.jpg,14.58,18.33,93.3,<16px,100.3,90.4,10.0,1.8,43.7
train/IMG_0877.jpg,17.92,27.92,114.7,16-32px,61.5,66.5,-5.1,0.11,102.3
train/IMG_0877.jpg,14.58,20.0,93.3,<16px,91.2,63.7,27.5,5.47,17.2
train/IMG_0877.jpg,19.17,22.5,122.7,16-32px,68.5,75.1,-6.6,2.3,27.2
train/IMG_0877.jpg,16.25,17.92,104.0,16-32px,146.7,104.0,42.7,2.94,22.8
train/IMG_0879.jpg,95.83,102.92,613.3,64-128px,169.7,117.8,51.9,0.22,626.3
train/IMG_0879.jpg,73.33,87.5,469.3,64-128px,174.7,122.9,51.7,2.28,1151.1
train/IMG_0879.jpg,85.0,89.58,544.0,64-128px,178.1,111.6,66.5,4.11,1858.2
train/IMG_0879.jpg,90.0,95.0,576.0,64-128px,160.8,101.4,59.4,4.75,619.7
train/IMG_0879.jpg,52.92,87.5,338.7,32-64px,136.5,93.4,43.1,4.02,326.5
train/IMG_0879.jpg,79.17,80.83,506.7,64-128px,195.2,143.1,52.2,5.92,460.1
train/IMG_0879.jpg,22.92,51.25,146.7,16-32px,135.3,131.0,4.4,3.09,78.0
train/IMG_0879.jpg,47.08,101.25,301.3,32-64px,144.7,93.3,51.4,5.48,300.9
train/IMG_0879.jpg,44.17,52.5,282.7,32-64px,127.0,117.0,10.0,2.79,154.9
train/IMG_0879.jpg,22.5,28.33,144.0,16-32px,116.9,78.1,38.7,4.29,94.7
train/IMG_0879.jpg,30.42,39.17,194.7,16-32px,200.1,131.1,69.0,5.62,123.5
train/IMG_0879.jpg,21.67,27.08,138.7,16-32px,136.2,167.9,-31.7,3.0,64.9
train/IMG_0879.jpg,25.0,39.17,160.0,16-32px,129.4,124.1,5.4,3.88,132.6
train/IMG_0879.jpg,30.42,42.08,194.7,16-32px,107.9,120.6,-12.6,4.16,152.6
train/IMG_0879.jpg,18.33,30.42,117.3,16-32px,100.8,93.8,6.9,3.1,32.9
train/IMG_0882.jpg,77.08,89.17,493.3,64-128px,129.8,95.2,34.6,10.99,584.4
train/IMG_0882.jpg,99.58,102.92,637.3,64-128px,167.4,94.0,73.4,6.84,888.3
train/IMG_0882.jpg,75.83,83.33,485.3,64-128px,136.0,115.5,20.5,1.73,654.8
train/IMG_0884.jpg,55.42,55.83,354.7,32-64px,178.6,107.8,70.9,4.01,2157.4
train/IMG_0884.jpg,57.92,65.83,370.7,32-64px,147.8,98.6,49.2,4.25,1473.4
train/IMG_0884.jpg,61.67,63.75,394.7,32-64px,162.5,133.3,29.2,2.72,1602.3
train/IMG_0884.jpg,29.58,47.08,189.3,16-32px,183.8,121.6,62.2,2.65,648.8
train/IMG_0884.jpg,23.75,30.83,152.0,16-32px,119.4,91.5,27.9,3.35,94.7
train/IMG_0884.jpg,48.75,60.0,312.0,32-64px,125.7,111.0,14.6,3.97,3014.0
train/IMG_0884.jpg,19.17,38.33,122.7,16-32px,110.2,101.5,8.7,3.03,349.5
train/IMG_0884.jpg,59.58,60.42,381.3,32-64px,134.0,96.0,37.9,3.97,2488.7
train/IMG_0884.jpg,57.92,60.83,370.7,32-64px,180.4,123.1,57.3,3.82,2066.4
train/IMG_0884.jpg,50.83,51.25,325.3,32-64px,161.8,120.4,41.4,2.58,1051.4
train/IMG_0884.jpg,38.75,45.42,248.0,32-64px,171.0,133.6,37.4,2.64,921.2
train/IMG_0884.jpg,39.58,42.08,253.3,32-64px,122.2,117.2,5.0,0.28,1229.4
train/IMG_0884.jpg,50.0,50.42,320.0,32-64px,163.8,105.1,58.7,2.32,1295.8
train/IMG_0884.jpg,39.58,48.33,253.3,32-64px,158.4,129.4,29.0,1.44,1099.5
train/IMG_0884.jpg,45.42,48.75,290.7,32-64px,158.4,135.2,23.1,3.59,1100.9
train/IMG_0884.jpg,36.25,50.42,232.0,32-64px,105.2,101.4,3.9,2.63,644.4
train/IMG_0884.jpg,47.5,58.33,304.0,32-64px,159.4,114.1,45.3,6.0,1793.0
train/IMG_0884.jpg,41.67,49.58,266.7,32-64px,87.1,83.3,3.8,2.23,1366.1
train/IMG_0884.jpg,30.0,52.5,192.0,16-32px,120.1,118.6,1.4,4.85,1476.8
train/IMG_0884.jpg,26.67,52.5,170.7,16-32px,178.6,101.5,77.2,2.81,987.1
train/IMG_0884.jpg,59.17,65.0,378.7,32-64px,108.5,113.4,-4.9,4.7,1371.2
train/IMG_0884.jpg,30.83,65.42,197.3,16-32px,154.8,120.9,33.9,4.03,1146.5
train/IMG_0884.jpg,29.58,42.08,189.3,16-32px,99.0,120.5,-21.4,3.21,419.7
train/IMG_0884.jpg,42.5,52.92,272.0,32-64px,141.7,102.7,39.0,4.78,886.9
train/IMG_0884.jpg,47.08,50.83,301.3,32-64px,133.0,140.0,-7.0,3.15,1105.6
train/IMG_0884.jpg,9.58,13.33,61.3,<16px,161.9,89.9,72.0,2.33,60.9
train/IMG_0884.jpg,32.5,36.67,208.0,32-64px,121.5,92.9,28.6,2.26,216.4
train/IMG_0884.jpg,14.17,17.08,90.7,<16px,113.8,73.8,40.0,2.21,36.8
train/IMG_0884.jpg,29.58,43.75,189.3,16-32px,154.0,111.4,42.6,1.31,2864.2
train/IMG_0884.jpg,7.92,8.33,50.7,<16px,104.9,107.9,-3.0,3.41,23.3
train/IMG_0884.jpg,17.5,38.33,112.0,16-32px,90.9,109.9,-19.0,0.46,596.1
train/IMG_0884.jpg,19.58,22.5,125.3,16-32px,107.9,105.2,2.8,1.26,74.0
train/IMG_0884.jpg,14.17,32.92,90.7,<16px,78.3,129.2,-50.9,4.05,145.5
train/IMG_0884.jpg,19.17,19.17,122.7,16-32px,65.9,106.4,-40.5,4.84,55.0
train/IMG_0884.jpg,25.83,26.25,165.3,16-32px,72.3,81.3,-9.0,0.41,366.5
train/IMG_0884.jpg,18.75,18.75,120.0,16-32px,69.7,92.4,-22.7,2.68,94.5
train/IMG_0884.jpg,16.67,24.58,106.7,16-32px,162.0,157.8,4.2,0.62,70.2
train/IMG_0884.jpg,18.33,22.08,117.3,16-32px,129.8,106.2,23.7,3.37,182.8
train/IMG_0884.jpg,9.17,14.17,58.7,<16px,171.2,117.3,53.9,4.24,19.1
train/IMG_0885.jpg,61.25,62.92,392.0,32-64px,158.4,143.5,14.8,4.4,3185.3
train/IMG_0885.jpg,78.33,78.75,501.3,64-128px,161.2,114.0,47.2,6.28,1489.0
train/IMG_0885.jpg,69.17,70.83,442.7,64-128px,194.7,115.1,79.6,2.75,1387.2
train/IMG_0885.jpg,74.58,80.0,477.3,64-128px,159.9,123.4,36.5,4.45,2600.2
train/IMG_0885.jpg,50.83,52.5,325.3,32-64px,107.0,128.6,-21.6,1.63,1534.9
train/IMG_0885.jpg,80.0,85.0,512.0,64-128px,126.5,138.0,-11.5,2.4,1392.1
train/IMG_0885.jpg,30.0,48.75,192.0,16-32px,120.1,140.1,-20.0,1.25,385.9
train/IMG_0885.jpg,30.0,48.33,192.0,16-32px,119.8,139.5,-19.7,1.14,377.8
train/IMG_0885.jpg,16.25,18.75,104.0,16-32px,134.9,110.8,24.1,3.78,46.0
train/IMG_0885.jpg,36.25,42.92,232.0,32-64px,136.9,129.0,7.9,5.07,318.6
train/IMG_0885.jpg,23.33,23.33,149.3,16-32px,163.6,144.9,18.7,0.41,126.4
train/IMG_0885.jpg,15.42,30.83,98.7,<16px,153.3,155.3,-2.0,1.33,146.4
train/IMG_0885.jpg,19.17,27.5,122.7,16-32px,165.4,125.7,39.7,2.35,260.9
train/IMG_0886.jpg,79.17,87.5,506.7,64-128px,146.9,128.8,18.0,1.93,1283.1
train/IMG_0886.jpg,103.33,104.17,661.3,64-128px,163.0,110.5,52.5,5.64,1317.4
train/IMG_0886.jpg,92.5,113.33,592.0,64-128px,171.2,128.3,42.8,3.1,888.6
train/IMG_0886.jpg,97.08,103.75,621.3,64-128px,159.0,104.3,54.7,9.21,858.0
train/IMG_0886.jpg,89.17,93.75,570.7,64-128px,167.5,107.4,60.2,9.33,430.1
train/IMG_0886.jpg,80.42,90.83,514.7,64-128px,141.3,104.1,37.2,8.32,502.8
train/IMG_0886.jpg,47.08,52.92,301.3,32-64px,126.1,61.7,64.4,6.36,42.3
train/IMG_0886.jpg,38.33,40.83,245.3,32-64px,90.8,86.7,4.1,0.73,661.5
train/IMG_0886.jpg,28.75,34.58,184.0,16-32px,100.0,88.6,11.4,1.09,129.0
train/IMG_0887.jpg,82.08,86.25,525.3,64-128px,136.9,119.0,17.9,2.37,2304.1
train/IMG_0887.jpg,51.67,70.83,330.7,32-64px,96.7,135.2,-38.5,1.2,759.9
train/IMG_0887.jpg,81.67,84.58,522.7,64-128px,113.9,83.5,30.4,3.63,1269.7
train/IMG_0888.jpg,109.58,123.33,701.3,64-128px,130.1,124.7,5.4,3.07,1188.9
train/IMG_0888.jpg,130.83,131.67,837.3,>=128px,157.1,107.7,49.4,0.88,1642.2
train/IMG_0888.jpg,78.75,113.75,504.0,64-128px,187.8,120.3,67.6,1.54,2911.2
train/IMG_0888.jpg,29.58,32.5,189.3,16-32px,203.1,127.8,75.3,0.29,65.1
train/IMG_0888.jpg,16.67,25.0,106.7,16-32px,121.3,66.2,55.1,7.61,26.1
train/IMG_0888.jpg,23.33,26.67,149.3,16-32px,96.0,45.6,50.4,5.27,61.5
train/IMG_0889.jpg,128.75,132.08,824.0,>=128px,157.1,106.7,50.4,0.87,1677.4
train/IMG_0889.jpg,106.25,123.75,680.0,64-128px,128.2,123.7,4.4,2.89,1140.4
train/IMG_0889.jpg,5.0,22.92,32.0,<16px,77.8,103.2,-25.4,0.98,66.0
train/IMG_0889.jpg,79.58,115.42,509.3,64-128px,184.6,114.0,70.5,1.78,3134.0
train/IMG_0889.jpg,30.42,32.92,194.7,16-32px,199.8,120.3,79.5,0.17,79.2
train/IMG_0889.jpg,22.08,26.25,141.3,16-32px,90.3,44.0,46.3,4.98,47.5
train/IMG_0889.jpg,22.08,22.92,141.3,16-32px,147.3,68.6,78.7,2.05,52.5
train/IMG_0890.jpg,61.25,72.92,392.0,32-64px,124.1,144.5,-20.4,5.46,1581.8
train/IMG_0890.jpg,78.33,94.58,501.3,64-128px,199.0,128.6,70.4,4.47,1493.5
train/IMG_0890.jpg,48.75,56.25,312.0,32-64px,159.8,126.2,33.6,4.94,130.7
train/IMG_0890.jpg,60.0,64.17,384.0,32-64px,123.1,126.2,-3.2,3.97,764.6
train/IMG_0890.jpg,46.25,52.08,296.0,32-64px,170.4,136.3,34.2,5.1,704.7
train/IMG_0890.jpg,56.67,65.0,362.7,32-64px,146.7,89.0,57.7,11.56,141.0
train/IMG_0890.jpg,45.42,51.67,290.7,32-64px,161.0,87.3,73.7,7.96,55.8
train/IMG_0890.jpg,48.33,48.33,309.3,32-64px,181.8,121.1,60.7,3.88,56.5
train/IMG_0890.jpg,36.25,39.17,232.0,32-64px,178.6,126.5,52.1,6.14,83.0
train/IMG_0890.jpg,46.67,95.0,298.7,32-64px,138.7,104.7,34.0,13.64,542.7
train/IMG_0891.jpg,74.17,89.17,474.7,64-128px,205.2,129.4,75.7,4.85,358.4
train/IMG_0891.jpg,54.17,65.0,346.7,32-64px,128.6,150.5,-21.9,5.24,66.5
train/IMG_0891.jpg,53.75,60.42,344.0,32-64px,153.8,94.4,59.4,11.76,260.5
train/IMG_0891.jpg,45.42,49.58,290.7,32-64px,161.6,92.8,68.8,7.47,777.2
train/IMG_0891.jpg,47.5,49.17,304.0,32-64px,183.2,115.7,67.5,3.78,1425.4
train/IMG_0891.jpg,37.92,38.75,242.7,32-64px,177.4,133.6,43.8,7.4,1500.9
train/IMG_0891.jpg,66.67,94.17,426.7,64-128px,139.5,110.8,28.7,12.78,618.9
train/IMG_0891.jpg,55.42,61.25,354.7,32-64px,123.7,128.2,-4.5,4.6,527.9
train/IMG_0891.jpg,43.75,49.17,280.0,32-64px,169.6,136.3,33.3,4.57,257.6
train/IMG_0891.jpg,20.83,26.25,133.3,16-32px,177.0,114.4,62.6,5.0,119.6
train/IMG_0891.jpg,15.0,44.17,96.0,<16px,92.5,143.0,-50.5,4.9,79.3
train/IMG_0891.jpg,22.5,32.08,144.0,16-32px,114.3,112.1,2.2,3.01,71.2
train/IMG_0891.jpg,15.0,45.42,96.0,<16px,93.1,143.2,-50.1,4.87,82.2
train/IMG_0891.jpg,25.83,27.08,165.3,16-32px,119.8,126.8,-7.0,5.43,177.9
train/IMG_0891.jpg,46.25,55.0,296.0,32-64px,161.7,126.2,35.5,4.63,310.6
train/IMG_0891.jpg,13.33,15.42,85.3,<16px,119.5,122.2,-2.7,8.97,79.9
train/IMG_0891.jpg,24.58,31.67,157.3,16-32px,120.4,125.9,-5.5,1.59,929.7
train/IMG_0891.jpg,5.83,21.67,37.3,<16px,143.8,137.0,6.8,5.85,146.6
train/IMG_0891.jpg,14.58,30.42,93.3,<16px,92.3,104.0,-11.8,0.83,201.4
train/IMG_0891.jpg,11.25,15.83,72.0,<16px,113.0,96.8,16.3,2.91,104.2
train/IMG_0892.jpg,49.58,53.33,317.3,32-64px,221.6,174.2,47.5,3.07,1528.9
train/IMG_0892.jpg,62.08,67.92,397.3,32-64px,160.5,148.5,12.0,0.98,1845.8
train/IMG_0892.jpg,47.92,48.33,306.7,32-64px,138.6,89.9,48.7,0.56,231.8
train/IMG_0892.jpg,57.08,64.58,365.3,32-64px,177.7,138.2,39.5,4.15,635.6
train/IMG_0892.jpg,64.17,64.17,410.7,64-128px,159.1,87.3,71.9,5.55,370.1
train/IMG_0892.jpg,35.83,38.75,229.3,32-64px,110.9,81.9,29.0,2.28,66.8
train/IMG_0892.jpg,17.08,25.0,109.3,16-32px,168.0,167.3,0.6,4.42,148.8
train/IMG_0892.jpg,23.75,48.33,152.0,16-32px,141.4,141.8,-0.4,1.51,373.3
train/IMG_0892.jpg,17.5,17.92,112.0,16-32px,137.6,110.8,26.8,3.46,22.0
train/IMG_0894.jpg,118.33,120.42,757.3,64-128px,163.7,133.8,29.8,3.75,1054.3
train/IMG_0894.jpg,70.0,93.75,448.0,64-128px,159.5,122.2,37.4,3.19,1058.2
train/IMG_0894.jpg,93.75,95.42,600.0,64-128px,167.1,114.3,52.8,2.89,887.6
train/IMG_0894.jpg,52.5,70.83,336.0,32-64px,185.5,126.1,59.4,0.96,922.0
train/IMG_0894.jpg,52.08,53.75,333.3,32-64px,197.7,122.5,75.2,2.32,958.7
train/IMG_0894.jpg,51.67,57.92,330.7,32-64px,166.4,105.9,60.4,6.21,172.4
train/IMG_0894.jpg,30.42,33.75,194.7,16-32px,135.9,101.1,34.8,5.23,72.0
train/IMG_0894.jpg,27.08,36.25,173.3,16-32px,132.5,121.3,11.2,0.96,157.4
train/IMG_0894.jpg,21.25,29.58,136.0,16-32px,116.3,129.8,-13.5,5.0,44.3
train/IMG_0894.jpg,19.58,56.25,125.3,16-32px,119.9,142.9,-23.0,6.2,449.4
train/IMG_0894.jpg,19.58,29.58,125.3,16-32px,125.0,142.9,-17.9,5.17,320.7
train/IMG_0894.jpg,9.17,28.33,58.7,<16px,110.0,130.7,-20.7,4.4,48.8
train/IMG_0894.jpg,13.33,24.17,85.3,<16px,149.8,148.3,1.5,1.02,49.8
train/IMG_0895.jpg,37.5,39.17,240.0,32-64px,173.8,128.2,45.6,6.0,376.0
train/IMG_0895.jpg,21.67,34.17,138.7,16-32px,141.5,123.4,18.1,5.7,159.3
train/IMG_0895.jpg,23.75,30.42,152.0,16-32px,112.8,127.9,-15.1,4.9,151.2
train/IMG_0895.jpg,34.58,40.0,221.3,32-64px,182.8,119.6,63.3,4.84,470.2
train/IMG_0895.jpg,42.5,51.25,272.0,32-64px,145.6,118.7,26.9,3.76,457.6
train/IMG_0895.jpg,28.75,35.42,184.0,16-32px,136.6,139.1,-2.5,4.86,236.8
train/IMG_0895.jpg,27.08,27.92,173.3,16-32px,130.7,104.3,26.4,3.93,79.6
train/IMG_0895.jpg,20.42,22.5,130.7,16-32px,132.6,129.2,3.4,0.03,68.7
train/IMG_0895.jpg,29.58,57.92,189.3,16-32px,151.1,131.4,19.7,3.26,262.2
train/IMG_0895.jpg,37.08,69.58,237.3,32-64px,137.5,108.9,28.6,4.78,146.1
train/IMG_0895.jpg,15.0,17.92,96.0,<16px,120.7,106.1,14.6,3.36,6.1
train/IMG_0895.jpg,31.25,44.17,200.0,16-32px,204.6,133.9,70.7,1.31,216.5
train/IMG_0895.jpg,26.25,31.67,168.0,16-32px,96.8,118.4,-21.7,0.42,66.3
train/IMG_0895.jpg,10.42,12.08,66.7,<16px,108.5,87.0,21.6,0.0,6.8
train/IMG_0895.jpg,7.08,11.25,45.3,<16px,93.3,105.7,-12.4,0.75,12.7
train/IMG_0895.jpg,22.5,23.33,144.0,16-32px,105.6,138.3,-32.7,2.77,371.0
train/IMG_0895.jpg,2.5,4.17,16.0,<16px,85.4,86.4,-1.0,0.31,0.7
train/IMG_0895.jpg,7.92,16.25,50.7,<16px,132.1,140.4,-8.3,5.15,62.1
train/IMG_0895.jpg,19.17,23.75,122.7,16-32px,135.5,148.7,-13.2,0.45,387.2
train/IMG_0896.jpg,31.67,68.33,202.7,16-32px,131.9,109.1,22.7,4.38,125.2
train/IMG_0896.jpg,37.08,38.75,237.3,32-64px,174.3,128.3,46.0,6.33,357.5
train/IMG_0896.jpg,24.58,56.67,157.3,16-32px,143.3,133.0,10.3,3.82,252.6
train/IMG_0896.jpg,31.25,42.92,200.0,16-32px,204.8,132.2,72.6,1.42,293.2
train/IMG_0896.jpg,27.08,27.92,173.3,16-32px,130.5,104.3,26.2,3.86,90.6
train/IMG_0896.jpg,24.17,26.25,154.7,16-32px,144.4,133.4,11.1,0.14,135.8
train/IMG_0896.jpg,23.75,33.33,152.0,16-32px,129.7,134.7,-5.0,4.61,272.8
train/IMG_0896.jpg,46.67,49.58,298.7,32-64px,143.6,115.6,28.0,3.02,528.8
train/IMG_0896.jpg,34.17,40.0,218.7,32-64px,183.2,118.8,64.4,4.76,416.0
train/IMG_0896.jpg,22.08,33.75,141.3,16-32px,141.5,122.9,18.6,5.96,127.9
train/IMG_0896.jpg,23.75,30.0,152.0,16-32px,113.2,126.9,-13.7,4.72,129.4
train/IMG_0896.jpg,27.92,32.08,178.7,16-32px,96.5,118.6,-22.1,0.47,75.1
train/IMG_0896.jpg,19.17,24.17,122.7,16-32px,135.5,150.1,-14.6,0.65,373.6
train/IMG_0896.jpg,21.25,24.58,136.0,16-32px,105.0,139.0,-34.0,3.14,335.8
train/IMG_0896.jpg,7.08,14.17,45.3,<16px,132.7,139.9,-7.2,6.35,42.2
train/IMG_0896.jpg,7.92,14.58,50.7,<16px,102.2,112.3,-10.1,1.33,43.7
train/IMG_0896.jpg,10.42,10.42,66.7,<16px,105.3,94.2,11.0,0.99,5.0
train/IMG_0897.jpg,21.25,53.33,136.0,16-32px,135.1,138.2,-3.1,3.71,238.8
train/IMG_0897.jpg,28.33,66.25,181.3,16-32px,127.9,109.6,18.3,3.92,120.7
train/IMG_0897.jpg,27.08,27.5,173.3,16-32px,131.8,104.5,27.4,3.92,84.6
train/IMG_0897.jpg,38.33,38.75,245.3,32-64px,174.0,127.9,46.2,6.27,416.2
train/IMG_0897.jpg,22.92,34.17,146.7,16-32px,141.3,122.8,18.4,5.98,198.0
train/IMG_0897.jpg,24.58,31.67,157.3,16-32px,113.0,126.5,-13.5,5.15,185.9
train/IMG_0897.jpg,34.58,40.0,221.3,32-64px,182.9,118.3,64.6,4.78,438.1
train/IMG_0897.jpg,44.17,47.5,282.7,32-64px,143.5,114.3,29.2,2.61,486.3
train/IMG_0897.jpg,19.58,33.33,125.3,16-32px,119.1,129.7,-10.6,4.72,190.5
train/IMG_0897.jpg,24.58,27.92,157.3,16-32px,146.8,136.4,10.4,0.92,112.7
train/IMG_0897.jpg,30.83,44.17,197.3,16-32px,204.9,131.4,73.5,1.75,282.9
train/IMG_0897.jpg,27.5,31.67,176.0,16-32px,96.6,119.3,-22.7,0.5,78.6
train/IMG_0897.jpg,22.5,24.17,144.0,16-32px,105.4,136.7,-31.3,3.55,349.6
train/IMG_0897.jpg,7.08,13.33,45.3,<16px,130.8,144.6,-13.8,6.18,31.7
train/IMG_0897.jpg,7.92,15.0,50.7,<16px,101.3,110.6,-9.3,0.81,51.5
train/IMG_0897.jpg,22.92,24.17,146.7,16-32px,104.8,136.8,-32.0,3.11,365.8
train/IMG_0897.jpg,19.17,24.17,122.7,16-32px,134.9,146.5,-11.6,0.58,399.2
train/IMG_0897.jpg,11.25,13.33,72.0,<16px,112.8,87.1,25.7,0.1,8.5
train/IMG_0898.jpg,27.5,28.33,176.0,16-32px,130.8,103.6,27.2,4.17,108.1
train/IMG_0898.jpg,37.92,39.17,242.7,32-64px,173.8,127.8,46.0,6.38,432.8
train/IMG_0898.jpg,24.17,34.17,154.7,16-32px,139.8,124.0,15.8,5.74,205.9
train/IMG_0898.jpg,24.58,30.42,157.3,16-32px,112.1,126.1,-14.0,4.58,176.0
train/IMG_0898.jpg,35.0,39.58,224.0,32-64px,182.6,118.0,64.6,4.73,519.6
train/IMG_0898.jpg,34.58,47.92,221.3,32-64px,143.9,116.9,27.0,2.62,513.0
train/IMG_0898.jpg,19.17,29.58,122.7,16-32px,114.6,126.3,-11.7,4.37,160.5
train/IMG_0898.jpg,20.42,23.75,130.7,16-32px,130.6,130.5,0.1,0.45,57.6
train/IMG_0898.jpg,27.5,32.92,176.0,16-32px,96.1,119.8,-23.7,0.25,96.0
train/IMG_0898.jpg,23.75,63.75,152.0,16-32px,124.5,110.2,14.3,3.73,103.1
train/IMG_0898.jpg,17.5,49.58,112.0,16-32px,129.2,135.3,-6.1,3.81,189.9
train/IMG_0898.jpg,18.75,24.17,120.0,16-32px,134.5,147.7,-13.2,0.65,440.4
train/IMG_0898.jpg,7.92,12.5,50.7,<16px,100.3,106.7,-6.4,1.52,37.3
train/IMG_0898.jpg,22.5,23.75,144.0,16-32px,105.5,133.6,-28.1,3.68,395.3
train/IMG_0898.jpg,7.08,15.42,45.3,<16px,131.1,143.0,-11.9,5.95,61.2
train/IMG_0898.jpg,10.42,11.25,66.7,<16px,126.9,94.4,32.4,0.38,6.4
train/IMG_0898.jpg,30.42,42.5,194.7,16-32px,205.0,130.7,74.3,1.52,284.0
train/IMG_0899.jpg,22.92,61.25,146.7,16-32px,122.6,111.6,11.0,3.6,144.5
train/IMG_0899.jpg,17.08,48.75,109.3,16-32px,128.8,134.9,-6.2,3.84,247.5
train/IMG_0899.jpg,27.08,27.92,173.3,16-32px,131.4,105.2,26.2,4.15,108.4
train/IMG_0899.jpg,38.75,39.58,248.0,32-64px,173.0,127.5,45.5,6.35,543.6
train/IMG_0899.jpg,24.58,35.0,157.3,16-32px,139.7,124.7,15.0,5.49,320.4
train/IMG_0899.jpg,25.42,30.42,162.7,16-32px,112.5,124.7,-12.2,4.81,265.9
train/IMG_0899.jpg,35.42,40.0,226.7,32-64px,181.9,117.7,64.2,4.59,594.5
train/IMG_0899.jpg,19.17,23.33,122.7,16-32px,134.6,146.5,-11.9,0.95,567.2
train/IMG_0899.jpg,35.42,47.5,226.7,32-64px,144.0,117.6,26.3,2.88,554.3
train/IMG_0899.jpg,19.17,28.75,122.7,16-32px,113.7,123.5,-9.8,3.26,123.8
train/IMG_0899.jpg,9.58,10.42,61.3,<16px,205.2,145.9,59.3,2.24,9.3
train/IMG_0899.jpg,27.92,32.08,178.7,16-32px,95.9,121.3,-25.4,0.5,135.5
train/IMG_0899.jpg,30.42,41.67,194.7,16-32px,205.2,129.3,75.9,1.77,377.1
train/IMG_0899.jpg,8.33,13.33,53.3,<16px,99.8,105.2,-5.3,1.85,50.4
train/IMG_0899.jpg,22.92,23.75,146.7,16-32px,104.9,132.8,-27.9,4.02,472.1
train/IMG_0899.jpg,22.5,33.75,144.0,16-32px,103.6,130.5,-26.9,3.39,906.5
train/IMG_0899.jpg,7.08,14.17,45.3,<16px,130.2,142.0,-11.8,6.49,59.7
train/IMG_0899.jpg,11.25,12.5,72.0,<16px,116.9,88.3,28.6,0.55,8.1
train/IMG_0900.jpg,37.92,39.17,242.7,32-64px,173.8,127.5,46.3,6.64,471.5
train/IMG_0900.jpg,24.58,34.58,157.3,16-32px,139.6,122.7,16.9,5.61,299.4
train/IMG_0900.jpg,24.58,30.83,157.3,16-32px,112.7,124.5,-11.9,4.68,250.1
train/IMG_0900.jpg,34.58,39.58,221.3,32-64px,182.1,117.6,64.5,4.63,548.0
train/IMG_0900.jpg,37.08,46.67,237.3,32-64px,144.9,115.0,29.9,2.93,563.8
train/IMG_0900.jpg,21.25,29.58,136.0,16-32px,117.7,122.5,-4.8,2.56,107.2
train/IMG_0900.jpg,9.17,31.67,58.7,<16px,108.2,103.2,5.1,3.16,73.1
train/IMG_0900.jpg,27.08,28.33,173.3,16-32px,131.6,104.0,27.7,3.99,100.2
train/IMG_0900.jpg,16.67,48.33,106.7,16-32px,127.9,135.9,-8.0,3.39,279.8
train/IMG_0900.jpg,22.5,60.0,144.0,16-32px,122.0,111.9,10.2,3.69,146.1
train/IMG_0900.jpg,28.75,32.08,184.0,16-32px,96.4,122.5,-26.1,0.06,154.7
train/IMG_0900.jpg,30.0,42.08,192.0,16-32px,205.2,129.4,75.8,1.55,367.0
train/IMG_0900.jpg,22.92,23.33,146.7,16-32px,104.8,131.7,-27.0,4.23,438.2
train/IMG_0900.jpg,22.5,34.17,144.0,16-32px,102.6,128.9,-26.3,3.15,840.6
train/IMG_0900.jpg,7.08,14.58,45.3,<16px,131.0,138.7,-7.7,5.36,70.0
train/IMG_0900.jpg,19.17,23.33,122.7,16-32px,134.1,147.6,-13.6,0.54,526.1
train/IMG_0900.jpg,12.92,13.33,82.7,<16px,114.3,87.0,27.2,0.53,10.3
train/IMG_0901.jpg,27.5,28.33,176.0,16-32px,130.8,104.5,26.3,3.95,107.8
train/IMG_0901.jpg,37.92,39.17,242.7,32-64px,174.0,127.5,46.6,6.52,493.3
train/IMG_0901.jpg,24.17,34.17,154.7,16-32px,139.0,121.8,17.2,5.4,275.0
train/IMG_0901.jpg,24.58,30.83,157.3,16-32px,112.3,124.4,-12.1,5.14,247.6
train/IMG_0901.jpg,34.58,40.0,221.3,32-64px,181.6,117.6,64.0,4.8,514.4
train/IMG_0901.jpg,19.17,24.58,122.7,16-32px,134.6,145.0,-10.3,0.74,558.3
train/IMG_0901.jpg,42.08,48.33,269.3,32-64px,144.3,112.3,32.1,2.86,789.9
train/IMG_0901.jpg,26.67,32.92,170.7,16-32px,127.9,125.2,2.8,3.14,214.0
train/IMG_0901.jpg,21.25,57.92,136.0,16-32px,120.5,112.4,8.1,3.58,135.6
train/IMG_0901.jpg,15.83,46.25,101.3,<16px,126.3,133.6,-7.3,3.68,226.9
train/IMG_0901.jpg,29.58,32.08,189.3,16-32px,96.5,122.1,-25.6,0.01,137.4
train/IMG_0901.jpg,11.67,12.5,74.7,<16px,121.1,87.9,33.1,0.38,8.7
train/IMG_0901.jpg,8.33,8.33,53.3,<16px,173.5,177.4,-3.9,3.02,4.4
train/IMG_0901.jpg,29.58,42.5,189.3,16-32px,205.4,130.3,75.1,1.65,402.3
train/IMG_0901.jpg,22.5,22.92,144.0,16-32px,103.6,131.6,-28.0,3.94,412.7
train/IMG_0901.jpg,10.42,34.17,66.7,<16px,110.5,104.5,6.0,3.62,188.1
train/IMG_0901.jpg,30.83,33.33,197.3,16-32px,108.1,134.8,-26.7,3.47,1107.2
train/IMG_0902.jpg,20.42,57.92,130.7,16-32px,119.3,112.7,6.6,3.63,138.5
train/IMG_0902.jpg,37.5,40.0,240.0,32-64px,174.0,128.3,45.6,6.55,461.5
train/IMG_0902.jpg,22.08,34.58,141.3,16-32px,140.4,121.8,18.7,5.41,245.6
train/IMG_0902.jpg,24.58,32.5,157.3,16-32px,113.6,125.5,-11.9,5.31,279.7
train/IMG_0902.jpg,34.58,40.0,221.3,32-64px,181.3,117.1,64.2,4.84,519.7
train/IMG_0902.jpg,13.33,17.5,85.3,<16px,115.4,148.5,-33.1,0.88,123.0
train/IMG_0902.jpg,19.58,24.17,125.3,16-32px,134.7,147.4,-12.6,0.39,593.6
train/IMG_0902.jpg,50.42,51.67,322.7,32-64px,152.8,123.4,29.4,6.83,357.9
train/IMG_0902.jpg,31.67,39.58,202.7,16-32px,147.3,136.4,10.9,3.91,350.6
train/IMG_0902.jpg,10.42,34.17,66.7,<16px,109.6,102.5,7.1,4.26,46.3
train/IMG_0902.jpg,27.08,28.33,173.3,16-32px,131.3,104.7,26.6,4.05,107.6
train/IMG_0902.jpg,15.83,47.08,101.3,<16px,124.9,136.2,-11.4,3.43,166.4
train/IMG_0902.jpg,13.33,14.17,85.3,<16px,114.6,88.3,26.3,0.33,10.1
train/IMG_0902.jpg,28.75,31.67,184.0,16-32px,97.0,123.7,-26.7,0.01,147.3
train/IMG_0902.jpg,30.42,41.25,194.7,16-32px,204.7,130.3,74.4,1.52,402.2
train/IMG_0902.jpg,22.5,22.5,144.0,16-32px,102.1,131.9,-29.8,3.93,419.8
train/IMG_0902.jpg,3.33,9.17,21.3,<16px,82.9,87.7,-4.8,0.24,1.8
train/IMG_0902.jpg,7.92,17.92,50.7,<16px,133.3,139.4,-6.1,4.24,146.9
train/IMG_0902.jpg,3.75,10.42,24.0,<16px,142.5,150.2,-7.7,1.29,16.3
train/IMG_0903.jpg,37.92,40.0,242.7,32-64px,174.1,128.1,46.0,6.75,471.8
train/IMG_0903.jpg,22.5,34.58,144.0,16-32px,140.4,122.4,18.0,5.57,255.9
train/IMG_0903.jpg,24.17,31.67,154.7,16-32px,112.6,125.3,-12.7,5.17,258.3
train/IMG_0903.jpg,34.58,40.0,221.3,32-64px,181.7,116.7,64.9,4.57,533.2
train/IMG_0903.jpg,55.42,55.83,354.7,32-64px,148.4,122.1,26.3,9.9,432.1
train/IMG_0903.jpg,32.5,40.0,208.0,32-64px,150.1,137.0,13.0,3.94,307.9
train/IMG_0903.jpg,13.75,38.75,88.0,<16px,117.6,106.9,10.7,4.87,99.1
train/IMG_0903.jpg,27.08,28.33,173.3,16-32px,130.3,104.5,25.8,4.14,102.0
train/IMG_0903.jpg,30.83,41.25,197.3,16-32px,204.8,130.4,74.4,1.58,398.6
train/IMG_0903.jpg,15.83,46.25,101.3,<16px,124.1,134.5,-10.5,3.19,174.6
train/IMG_0903.jpg,20.42,57.08,130.7,16-32px,119.3,113.0,6.3,3.8,167.6
train/IMG_0903.jpg,29.17,32.5,186.7,16-32px,96.9,125.2,-28.3,0.06,188.0
train/IMG_0903.jpg,12.92,14.17,82.7,<16px,113.6,87.9,25.7,0.88,9.9
train/IMG_0903.jpg,19.17,24.17,122.7,16-32px,135.8,146.0,-10.2,0.49,574.8
train/IMG_0903.jpg,22.5,23.33,144.0,16-32px,101.7,131.7,-30.0,3.73,430.0
train/IMG_0903.jpg,7.92,18.75,50.7,<16px,133.6,140.6,-7.1,4.59,150.5
train/IMG_0903.jpg,3.33,10.83,21.3,<16px,148.1,145.3,2.8,0.19,13.0
train/IMG_0904.jpg,27.5,28.33,176.0,16-32px,130.9,104.7,26.2,4.18,99.2
train/IMG_0904.jpg,37.92,39.58,242.7,32-64px,174.2,128.4,45.8,6.36,434.7
train/IMG_0904.jpg,24.17,30.83,154.7,16-32px,112.6,124.9,-12.3,5.09,233.8
train/IMG_0904.jpg,23.75,34.58,152.0,16-32px,140.3,123.5,16.7,5.63,263.0
train/IMG_0904.jpg,34.58,40.0,221.3,32-64px,181.1,116.7,64.4,4.57,480.0
train/IMG_0904.jpg,23.33,23.75,149.3,16-32px,101.2,132.0,-30.8,3.85,468.3
train/IMG_0904.jpg,3.33,9.17,21.3,<16px,149.4,139.6,9.8,0.54,8.4
train/IMG_0904.jpg,7.5,20.0,48.0,<16px,131.7,138.4,-6.7,3.96,183.1
train/IMG_0904.jpg,13.33,18.33,85.3,<16px,117.7,149.6,-31.9,0.91,144.7
train/IMG_0904.jpg,19.17,23.33,122.7,16-32px,136.7,147.1,-10.4,0.01,540.9
train/IMG_0904.jpg,54.58,56.25,349.3,32-64px,149.4,123.8,25.6,9.58,304.2
train/IMG_0904.jpg,31.67,39.58,202.7,16-32px,151.1,140.8,10.3,3.53,280.3
train/IMG_0904.jpg,19.17,40.83,122.7,16-32px,127.4,109.4,17.9,5.22,129.5
train/IMG_0904.jpg,20.42,56.67,130.7,16-32px,119.0,114.0,5.0,3.71,154.0
train/IMG_0904.jpg,29.17,32.5,186.7,16-32px,97.6,126.6,-29.0,0.05,207.1
train/IMG_0904.jpg,15.0,45.83,96.0,<16px,122.4,134.1,-11.8,3.36,173.0
train/IMG_0904.jpg,13.33,13.75,85.3,<16px,115.1,88.3,26.8,0.65,10.0
train/IMG_0904.jpg,30.83,40.0,197.3,16-32px,206.1,129.9,76.2,1.53,353.6
train/IMG_0905.jpg,30.42,38.33,194.7,16-32px,206.9,132.1,74.8,1.23,269.0
train/IMG_0905.jpg,38.33,39.58,245.3,32-64px,173.0,128.8,44.1,6.22,404.2
train/IMG_0905.jpg,24.17,34.58,154.7,16-32px,140.2,125.1,15.1,5.54,220.5
train/IMG_0905.jpg,25.42,30.83,162.7,16-32px,112.3,126.3,-14.0,4.86,244.5
train/IMG_0905.jpg,34.17,39.58,218.7,32-64px,181.0,116.8,64.2,4.66,452.7
train/IMG_0905.jpg,22.92,23.75,146.7,16-32px,101.8,134.2,-32.4,4.3,425.7
train/IMG_0905.jpg,7.08,15.42,45.3,<16px,130.2,137.9,-7.8,5.9,61.5
train/IMG_0905.jpg,14.17,18.33,90.7,<16px,118.0,150.4,-32.4,1.04,157.2
train/IMG_0905.jpg,51.67,55.83,330.7,32-64px,154.2,126.6,27.6,7.79,292.5
train/IMG_0905.jpg,30.0,38.75,192.0,16-32px,150.2,138.2,12.1,3.37,298.3
train/IMG_0905.jpg,23.33,40.42,149.3,16-32px,136.0,109.7,26.3,4.99,106.5
train/IMG_0905.jpg,27.08,27.92,173.3,16-32px,131.3,106.0,25.3,4.16,97.9
train/IMG_0905.jpg,12.92,44.17,82.7,<16px,117.5,128.4,-10.9,2.61,162.3
train/IMG_0905.jpg,18.33,54.17,117.3,16-32px,115.7,115.0,0.7,3.24,129.4
train/IMG_0905.jpg,29.17,32.08,186.7,16-32px,97.7,127.8,-30.1,0.03,176.4
train/IMG_0905.jpg,12.5,13.75,80.0,<16px,116.5,88.5,28.0,0.4,9.7
train/IMG_0906.jpg,39.17,39.58,250.7,32-64px,173.3,128.5,44.8,6.34,486.4
train/IMG_0906.jpg,22.92,35.0,146.7,16-32px,141.2,124.7,16.5,5.61,266.2
train/IMG_0906.jpg,25.42,31.25,162.7,16-32px,113.5,126.7,-13.2,5.08,279.6
train/IMG_0906.jpg,35.0,40.0,224.0,32-64px,181.4,116.3,65.1,4.68,538.0
train/IMG_0906.jpg,23.33,23.75,149.3,16-32px,102.1,133.7,-31.5,4.09,456.8
train/IMG_0906.jpg,19.17,23.75,122.7,16-32px,133.9,148.2,-14.3,0.67,539.3
train/IMG_0906.jpg,45.83,52.92,293.3,32-64px,151.2,121.7,29.5,4.93,199.2
train/IMG_0906.jpg,28.75,41.25,184.0,16-32px,147.7,112.2,35.5,4.82,176.6
train/IMG_0906.jpg,29.58,30.42,189.3,16-32px,145.4,131.8,13.6,2.61,140.4
train/IMG_0906.jpg,27.08,28.33,173.3,16-32px,131.3,105.0,26.3,4.31,105.5
train/IMG_0906.jpg,17.08,52.92,109.3,16-32px,113.7,115.8,-2.2,3.01,139.1
train/IMG_0906.jpg,12.08,42.92,77.3,<16px,114.3,125.7,-11.3,3.06,139.5
train/IMG_0906.jpg,30.42,37.5,194.7,16-32px,206.8,133.2,73.6,1.26,301.8
train/IMG_0906.jpg,29.17,32.5,186.7,16-32px,97.4,127.9,-30.5,0.01,218.2
train/IMG_0906.jpg,12.5,12.92,80.0,<16px,119.6,87.5,32.1,0.22,9.3
train/IMG_0906.jpg,8.33,12.92,53.3,<16px,197.6,184.7,12.8,3.12,8.4
train/IMG_0907.jpg,39.58,39.58,253.3,32-64px,172.9,128.7,44.1,6.31,439.0
train/IMG_0907.jpg,23.75,34.58,152.0,16-32px,140.9,125.1,15.8,5.96,251.9
train/IMG_0907.jpg,24.17,30.83,154.7,16-32px,113.2,126.0,-12.8,4.9,253.4
train/IMG_0907.jpg,34.58,40.0,221.3,32-64px,181.1,116.4,64.7,4.43,535.1
train/IMG_0907.jpg,47.08,50.0,301.3,32-64px,146.6,119.1,27.4,4.02,578.1
train/IMG_0907.jpg,36.25,43.75,232.0,32-64px,159.8,115.4,44.4,4.14,193.8
train/IMG_0907.jpg,19.58,25.0,125.3,16-32px,130.4,123.9,6.4,2.7,57.8
train/IMG_0907.jpg,27.08,28.33,173.3,16-32px,131.7,105.6,26.1,4.36,104.1
train/IMG_0907.jpg,22.5,23.75,144.0,16-32px,102.9,133.5,-30.6,4.69,439.2
train/IMG_0907.jpg,7.5,15.0,48.0,<16px,131.5,139.2,-7.7,4.84,70.5
train/IMG_0907.jpg,19.17,22.5,122.7,16-32px,135.0,144.9,-9.9,0.02,534.3
train/IMG_0907.jpg,30.83,36.67,197.3,16-32px,206.9,132.9,74.0,1.18,288.8
train/IMG_0907.jpg,12.5,42.5,80.0,<16px,115.0,128.5,-13.6,2.61,114.1
train/IMG_0907.jpg,17.08,53.33,109.3,16-32px,114.5,115.6,-1.0,3.28,150.9
train/IMG_0907.jpg,29.17,33.33,186.7,16-32px,97.9,127.9,-30.1,0.18,231.7
train/IMG_0907.jpg,12.08,12.5,77.3,<16px,121.4,87.8,33.6,0.21,8.2
train/IMG_0907.jpg,7.92,8.75,50.7,<16px,184.5,183.5,1.1,4.7,3.7
train/IMG_0908.jpg,39.17,39.17,250.7,32-64px,173.2,128.7,44.6,6.27,427.3
train/IMG_0908.jpg,22.92,34.58,146.7,16-32px,141.1,123.9,17.2,5.86,232.5
train/IMG_0908.jpg,24.58,30.42,157.3,16-32px,113.6,125.8,-12.3,5.29,268.3
train/IMG_0908.jpg,34.58,40.0,221.3,32-64px,181.0,116.5,64.5,4.57,522.9
train/IMG_0908.jpg,42.92,47.5,274.7,32-64px,164.9,116.8,48.1,3.92,366.1
train/IMG_0908.jpg,44.58,50.0,285.3,32-64px,145.8,117.7,28.1,4.49,560.4
train/IMG_0908.jpg,23.33,28.75,149.3,16-32px,126.1,127.6,-1.5,3.49,91.7
train/IMG_0908.jpg,26.67,28.33,170.7,16-32px,132.7,105.8,26.8,4.28,104.1
train/IMG_0908.jpg,30.42,37.08,194.7,16-32px,207.5,133.2,74.3,1.45,370.9
train/IMG_0908.jpg,12.08,42.08,77.3,<16px,114.8,127.5,-12.6,3.14,100.2
train/IMG_0908.jpg,16.67,52.5,106.7,16-32px,114.0,116.1,-2.1,2.95,173.3
train/IMG_0908.jpg,29.17,32.5,186.7,16-32px,97.9,127.3,-29.4,0.2,182.7
train/IMG_0908.jpg,11.67,13.33,74.7,<16px,121.0,88.3,32.7,0.44,8.7
train/IMG_0908.jpg,7.5,7.5,48.0,<16px,195.0,186.5,8.5,4.8,2.9
train/IMG_0908.jpg,19.58,23.33,125.3,16-32px,134.7,144.3,-9.7,0.64,544.2
train/IMG_0908.jpg,22.92,23.33,146.7,16-32px,103.0,132.7,-29.7,4.38,448.5
train/IMG_0908.jpg,20.83,23.33,133.3,16-32px,103.0,132.5,-29.6,4.38,400.6
train/IMG_0908.jpg,9.58,28.33,61.3,<16px,114.1,129.6,-15.5,2.52,333.3
train/IMG_0908.jpg,5.42,7.92,34.7,<16px,139.0,137.2,1.8,1.4,7.7
train/IMG_0909.jpg,26.67,28.33,170.7,16-32px,134.0,106.3,27.7,4.44,96.4
train/IMG_0909.jpg,34.17,40.0,218.7,32-64px,181.8,116.4,65.4,4.54,558.3
train/IMG_0909.jpg,38.75,39.58,248.0,32-64px,173.9,128.3,45.6,6.3,407.3
train/IMG_0909.jpg,45.42,48.33,290.7,32-64px,165.5,120.0,45.5,4.23,751.9
train/IMG_0909.jpg,37.08,50.42,237.3,32-64px,150.8,124.0,26.8,4.82,379.2
train/IMG_0909.jpg,31.25,31.67,200.0,16-32px,134.2,130.9,3.3,4.04,291.1
train/IMG_0909.jpg,22.5,33.75,144.0,16-32px,142.0,122.1,19.9,6.06,225.6
train/IMG_0909.jpg,25.42,30.42,162.7,16-32px,114.5,126.1,-11.6,5.07,272.5
train/IMG_0909.jpg,29.58,32.5,189.3,16-32px,98.2,126.8,-28.7,0.06,158.5
train/IMG_0909.jpg,16.67,52.08,106.7,16-32px,113.7,115.4,-1.8,3.0,183.9
train/IMG_0909.jpg,12.08,43.75,77.3,<16px,115.4,128.7,-13.2,2.94,152.8
train/IMG_0909.jpg,12.92,13.75,82.7,<16px,116.2,88.9,27.3,0.33,9.2
train/IMG_0909.jpg,30.0,36.25,192.0,16-32px,206.8,132.6,74.3,1.13,247.6
train/IMG_0909.jpg,23.33,23.75,149.3,16-32px,103.2,131.4,-28.2,4.07,455.3
train/IMG_0909.jpg,10.0,10.83,64.0,<16px,92.2,102.0,-9.8,0.85,28.4
train/IMG_0909.jpg,21.25,22.5,136.0,16-32px,103.3,129.7,-26.4,4.17,375.6
train/IMG_0909.jpg,7.08,15.42,45.3,<16px,132.8,136.6,-3.7,4.35,73.1
train/IMG_0909.jpg,19.58,24.58,125.3,16-32px,133.6,145.3,-11.8,0.58,583.1
train/IMG_0910.jpg,38.75,38.75,248.0,32-64px,175.0,128.1,47.0,6.29,446.4
train/IMG_0910.jpg,23.33,34.58,149.3,16-32px,141.5,122.6,18.9,5.77,247.4
train/IMG_0910.jpg,24.58,30.42,157.3,16-32px,114.1,125.8,-11.7,5.21,257.4
train/IMG_0910.jpg,34.58,40.0,221.3,32-64px,181.7,116.5,65.2,4.59,538.2
train/IMG_0910.jpg,47.08,48.33,301.3,32-64px,146.9,125.3,21.7,5.87,573.6
train/IMG_0910.jpg,45.83,46.67,293.3,32-64px,167.8,120.2,47.7,4.75,764.4
train/IMG_0910.jpg,34.58,37.92,221.3,32-64px,137.1,128.9,8.2,3.02,390.8
train/IMG_0910.jpg,26.67,27.5,170.7,16-32px,136.3,107.9,28.4,4.77,105.9
train/IMG_0910.jpg,30.0,37.08,192.0,16-32px,206.2,131.2,75.0,1.97,266.8
train/IMG_0910.jpg,12.5,44.17,80.0,<16px,118.2,129.2,-10.9,2.97,134.6
train/IMG_0910.jpg,17.08,54.17,109.3,16-32px,115.8,113.5,2.3,3.25,146.7
train/IMG_0910.jpg,29.17,31.25,186.7,16-32px,99.0,125.4,-26.5,0.37,149.7
train/IMG_0910.jpg,12.08,13.75,77.3,<16px,115.7,89.0,26.7,0.07,10.2
train/IMG_0911.jpg,18.33,55.42,117.3,16-32px,118.6,112.5,6.1,3.69,188.6
train/IMG_0911.jpg,13.75,44.58,88.0,<16px,121.9,131.9,-10.0,3.46,154.1
train/IMG_0911.jpg,29.17,38.33,186.7,16-32px,205.4,132.1,73.4,1.85,349.3
train/IMG_0911.jpg,26.67,28.33,170.7,16-32px,136.2,107.3,29.0,4.75,103.1
train/IMG_0911.jpg,38.33,39.17,245.3,32-64px,175.3,128.1,47.1,6.27,458.1
train/IMG_0911.jpg,22.92,34.58,146.7,16-32px,141.9,123.2,18.7,5.53,256.1
train/IMG_0911.jpg,24.58,30.42,157.3,16-32px,115.0,126.3,-11.2,5.31,254.1
train/IMG_0911.jpg,34.58,40.0,221.3,32-64px,182.1,116.4,65.7,4.68,550.5
train/IMG_0911.jpg,37.08,47.5,237.3,32-64px,146.4,122.5,23.9,5.04,442.2
train/IMG_0911.jpg,47.92,50.0,306.7,32-64px,166.3,121.1,45.1,4.78,711.2
train/IMG_0911.jpg,34.58,38.75,221.3,32-64px,135.3,131.2,4.1,2.47,458.0
train/IMG_0911.jpg,19.17,23.33,122.7,16-32px,133.0,144.9,-11.9,0.88,517.7
train/IMG_0911.jpg,21.67,24.17,138.7,16-32px,104.4,134.7,-30.3,4.4,470.7
train/IMG_0911.jpg,28.75,31.25,184.0,16-32px,99.3,126.0,-26.7,0.02,136.8
train/IMG_0911.jpg,32.08,44.17,205.3,32-64px,126.9,124.4,2.5,2.62,36.6
train/IMG_0911.jpg,10.42,13.33,66.7,<16px,122.5,90.4,32.2,0.02,9.8
train/IMG_0911.jpg,7.5,13.75,48.0,<16px,133.6,140.4,-6.8,5.46,54.5
train/IMG_0912.jpg,34.17,39.17,218.7,32-64px,132.6,131.5,1.1,2.79,361.7
train/IMG_0912.jpg,49.17,53.75,314.7,32-64px,166.6,124.4,42.3,5.24,558.5
train/IMG_0912.jpg,42.92,46.67,274.7,32-64px,145.0,120.0,25.1,3.35,444.8
train/IMG_0912.jpg,33.75,39.58,216.0,32-64px,183.2,117.3,65.9,4.72,527.0
train/IMG_0912.jpg,22.5,34.17,144.0,16-32px,142.3,122.6,19.7,5.71,224.6
train/IMG_0912.jpg,37.92,39.17,242.7,32-64px,176.2,128.1,48.2,6.52,428.5
train/IMG_0912.jpg,26.67,28.33,170.7,16-32px,136.8,107.0,29.8,4.55,108.6
train/IMG_0912.jpg,17.92,54.58,114.7,16-32px,118.7,112.3,6.4,3.76,208.5
train/IMG_0912.jpg,13.75,45.0,88.0,<16px,121.1,131.4,-10.2,3.41,151.2
train/IMG_0912.jpg,28.33,30.83,181.3,16-32px,99.9,126.5,-26.7,0.0,158.6
train/IMG_0912.jpg,45.42,47.5,290.7,32-64px,141.1,151.8,-10.7,7.84,95.8
train/IMG_0912.jpg,12.92,42.92,82.7,<16px,104.5,124.1,-19.6,0.57,25.0
train/IMG_0912.jpg,29.17,44.58,186.7,16-32px,104.4,144.0,-39.6,0.45,195.5
train/IMG_0912.jpg,12.5,15.0,80.0,<16px,114.9,90.2,24.7,0.04,10.4
train/IMG_0912.jpg,24.58,30.0,157.3,16-32px,115.5,125.7,-10.2,5.06,222.4
train/IMG_0912.jpg,21.67,24.58,138.7,16-32px,106.2,135.9,-29.7,4.72,451.0
train/IMG_0912.jpg,7.08,14.58,45.3,<16px,133.2,136.9,-3.6,5.0,56.4
train/IMG_0912.jpg,15.0,18.33,96.0,<16px,118.4,149.5,-31.1,0.32,159.4
train/IMG_0912.jpg,18.75,24.17,120.0,16-32px,136.4,146.2,-9.8,0.69,515.2
train/IMG_0912.jpg,29.17,37.92,186.7,16-32px,204.4,131.6,72.8,1.77,355.6
train/IMG_0913.jpg,39.58,43.33,253.3,32-64px,142.6,132.5,10.1,4.56,36.8
train/IMG_0913.jpg,31.25,44.58,200.0,16-32px,114.5,151.7,-37.2,0.35,269.4
train/IMG_0913.jpg,27.08,27.92,173.3,16-32px,135.3,108.7,26.6,3.83,93.9
train/IMG_0913.jpg,37.5,39.17,240.0,32-64px,175.4,128.4,47.0,6.43,405.2
train/IMG_0913.jpg,22.92,34.58,146.7,16-32px,143.3,124.9,18.5,5.62,254.1
train/IMG_0913.jpg,24.58,30.42,157.3,16-32px,116.6,127.2,-10.6,4.99,267.8
train/IMG_0913.jpg,21.67,23.33,138.7,16-32px,107.6,135.6,-28.0,4.96,427.2
train/IMG_0913.jpg,33.75,40.0,216.0,32-64px,184.3,117.8,66.5,4.53,525.2
train/IMG_0913.jpg,18.75,23.33,120.0,16-32px,136.9,146.3,-9.4,0.5,533.6
train/IMG_0913.jpg,7.08,15.42,45.3,<16px,132.6,135.7,-3.1,4.66,70.6
train/IMG_0913.jpg,46.25,57.08,296.0,32-64px,168.1,125.4,42.6,5.72,433.6
train/IMG_0913.jpg,45.0,45.83,288.0,32-64px,148.0,120.5,27.5,3.59,390.3
train/IMG_0913.jpg,32.92,35.0,210.7,32-64px,133.1,130.7,2.4,2.94,253.3
train/IMG_0913.jpg,28.75,31.67,184.0,16-32px,99.7,127.3,-27.6,0.21,177.6
train/IMG_0913.jpg,12.08,13.75,77.3,<16px,118.2,89.4,28.8,0.66,9.6
train/IMG_0913.jpg,17.08,53.75,109.3,16-32px,117.6,112.8,4.8,3.18,204.5
train/IMG_0913.jpg,12.92,43.75,82.7,<16px,120.2,129.2,-9.0,3.48,135.2
train/IMG_0917.jpg,62.92,87.5,402.7,32-64px,88.7,79.6,9.1,1.68,414.2
train/IMG_0917.jpg,36.67,63.33,234.7,32-64px,186.6,140.3,46.3,7.55,332.0
train/IMG_0917.jpg,35.42,45.83,226.7,32-64px,104.4,116.3,-11.9,3.1,223.6
train/IMG_0917.jpg,21.67,43.33,138.7,16-32px,102.6,98.9,3.8,4.14,76.8
train/IMG_0917.jpg,71.25,104.17,456.0,64-128px,141.6,113.1,28.5,1.18,335.5
train/IMG_0917.jpg,35.0,45.42,224.0,32-64px,105.1,116.7,-11.5,3.06,212.0
train/IMG_0917.jpg,20.0,47.92,128.0,16-32px,145.8,134.1,11.7,3.03,80.3
train/IMG_0917.jpg,44.58,51.25,285.3,32-64px,119.4,93.7,25.7,0.61,136.7
train/IMG_0917.jpg,68.75,77.92,440.0,64-128px,170.8,131.8,39.0,0.47,897.6
train/IMG_0917.jpg,56.67,62.5,362.7,32-64px,180.5,133.1,47.5,5.28,1073.2
train/IMG_0917.jpg,86.67,88.75,554.7,64-128px,194.9,103.0,92.0,8.97,1595.4
train/IMG_0917.jpg,102.92,110.42,658.7,64-128px,183.1,122.4,60.6,7.28,1172.0
train/IMG_0917.jpg,62.08,63.33,397.3,32-64px,163.8,128.6,35.2,6.58,487.6
train/IMG_0917.jpg,29.58,30.83,189.3,16-32px,90.9,125.4,-34.6,1.09,315.1
train/IMG_0917.jpg,36.67,37.08,234.7,32-64px,121.7,107.0,14.7,3.44,226.2
train/IMG_0917.jpg,27.92,57.08,178.7,16-32px,151.0,122.1,28.9,5.08,255.3
train/IMG_0917.jpg,22.92,54.17,146.7,16-32px,209.0,178.3,30.8,3.07,103.1
train/IMG_0917.jpg,55.42,68.33,354.7,32-64px,134.0,137.9,-3.9,7.78,307.4
train/IMG_0917.jpg,14.17,45.0,90.7,<16px,163.2,154.2,9.0,8.96,24.0
train/IMG_0917.jpg,43.33,56.25,277.3,32-64px,219.1,153.5,65.6,7.94,143.4
train/IMG_0917.jpg,48.33,55.42,309.3,32-64px,121.4,127.7,-6.3,2.35,917.3
train/IMG_0917.jpg,26.25,32.92,168.0,16-32px,138.7,142.6,-3.9,0.81,90.1
train/IMG_0917.jpg,12.5,33.33,80.0,<16px,134.4,116.2,18.1,0.07,77.0
train/IMG_0917.jpg,23.33,42.08,149.3,16-32px,67.2,106.6,-39.3,3.07,109.5
train/IMG_0917.jpg,18.75,19.58,120.0,16-32px,131.7,121.5,10.3,0.58,69.2
train/IMG_0917.jpg,11.67,12.08,74.7,<16px,115.4,99.8,15.6,3.52,9.4
train/IMG_0917.jpg,19.17,20.0,122.7,16-32px,117.1,143.3,-26.2,2.91,40.7
train/IMG_0917.jpg,22.92,43.75,146.7,16-32px,182.2,196.1,-13.9,0.36,77.9
train/IMG_0918.jpg,74.17,75.42,474.7,64-128px,161.0,121.3,39.7,4.36,1631.9
train/IMG_0918.jpg,22.92,25.42,146.7,16-32px,143.2,128.4,14.7,0.07,114.0
train/IMG_0918.jpg,50.83,52.92,325.3,32-64px,147.5,98.6,48.9,9.16,349.7
train/IMG_0918.jpg,31.25,33.75,200.0,16-32px,132.3,111.1,21.2,4.64,175.7
train/IMG_0918.jpg,40.83,42.5,261.3,32-64px,146.8,83.1,63.7,10.43,214.0
train/IMG_0918.jpg,50.0,52.08,320.0,32-64px,160.1,99.7,60.4,6.89,229.1
train/IMG_0918.jpg,27.08,29.58,173.3,16-32px,110.4,128.0,-17.6,1.85,228.8
train/IMG_0918.jpg,42.08,44.17,269.3,32-64px,138.5,81.8,56.6,14.52,168.1
train/IMG_0919.jpg,117.92,120.83,754.7,64-128px,173.3,123.5,49.8,0.72,1111.3
train/IMG_0919.jpg,71.67,79.17,458.7,64-128px,160.5,138.4,22.1,0.28,2297.9
train/IMG_0919.jpg,57.08,57.5,365.3,32-64px,135.7,114.3,21.4,5.19,515.8
train/IMG_0919.jpg,48.75,53.33,312.0,32-64px,165.7,89.8,75.9,6.66,233.3
train/IMG_0919.jpg,51.67,52.5,330.7,32-64px,155.6,94.3,61.2,4.55,408.3
train/IMG_0919.jpg,33.33,37.5,213.3,32-64px,172.0,140.6,31.4,2.63,105.7
train/IMG_0919.jpg,32.08,41.67,205.3,32-64px,134.4,119.9,14.5,4.29,118.5
train/IMG_0919.jpg,66.25,77.5,424.0,64-128px,150.5,99.5,51.1,1.59,603.7
train/IMG_0919.jpg,24.58,29.17,157.3,16-32px,99.2,116.1,-16.9,0.89,152.5
train/IMG_0919.jpg,12.5,27.08,80.0,<16px,139.0,105.7,33.3,5.55,28.0
train/IMG_0919.jpg,33.75,55.83,216.0,32-64px,136.4,130.3,6.1,3.24,522.8
train/IMG_0919.jpg,15.42,23.33,98.7,<16px,154.3,134.6,19.8,2.57,14.1
train/IMG_0919.jpg,29.58,37.92,189.3,16-32px,102.5,85.2,17.3,3.67,72.0
train/IMG_0919.jpg,20.42,20.42,130.7,16-32px,108.8,99.2,9.6,1.39,14.9
train/IMG_0921.jpg,59.17,61.25,378.7,32-64px,177.1,96.2,80.9,0.8,1815.4
train/IMG_0921.jpg,52.5,54.58,336.0,32-64px,162.9,127.7,35.2,0.56,1524.2
train/IMG_0921.jpg,72.5,84.17,464.0,64-128px,164.9,107.9,57.0,1.05,4098.5
train/IMG_0921.jpg,55.0,63.33,352.0,32-64px,158.7,70.9,87.8,7.03,1999.5
train/IMG_0921.jpg,73.75,82.92,472.0,64-128px,157.1,103.9,53.2,3.13,3375.3
train/IMG_0921.jpg,66.67,68.33,426.7,64-128px,126.3,120.3,6.0,1.44,3681.1
train/IMG_0921.jpg,15.42,22.5,98.7,<16px,126.7,145.3,-18.6,0.78,139.6
train/IMG_0921.jpg,34.58,48.33,221.3,32-64px,121.2,152.5,-31.4,0.14,722.0
train/IMG_0921.jpg,33.75,39.17,216.0,32-64px,135.5,146.0,-10.5,1.92,461.5
train/IMG_0921.jpg,23.33,24.58,149.3,16-32px,123.0,129.5,-6.5,5.59,406.9
train/IMG_0921.jpg,20.0,20.83,128.0,16-32px,106.6,121.6,-15.0,3.57,457.7
train/IMG_0922.jpg,60.83,66.25,389.3,32-64px,160.6,129.9,30.7,4.91,1755.7
train/IMG_0922.jpg,71.67,72.92,458.7,64-128px,175.7,131.5,44.1,6.54,3981.9
train/IMG_0922.jpg,59.17,65.42,378.7,32-64px,164.2,111.1,53.2,1.42,1842.1
train/IMG_0922.jpg,71.25,73.75,456.0,64-128px,165.9,112.0,54.0,3.27,1158.5
train/IMG_0922.jpg,21.67,31.25,138.7,16-32px,153.7,121.8,32.0,1.46,68.9
train/IMG_0922.jpg,50.0,65.0,320.0,32-64px,146.6,126.1,20.5,4.12,533.2
train/IMG_0922.jpg,14.17,17.92,90.7,<16px,97.7,71.6,26.1,1.32,14.4
train/IMG_0924.jpg,55.42,55.83,354.7,32-64px,189.2,124.7,64.5,2.23,439.4
train/IMG_0924.jpg,43.33,53.75,277.3,32-64px,183.8,137.2,46.6,2.65,236.8
train/IMG_0924.jpg,37.92,65.83,242.7,32-64px,155.1,162.5,-7.4,1.8,471.5
train/IMG_0924.jpg,59.17,62.92,378.7,32-64px,181.4,114.9,66.5,1.92,863.2
train/IMG_0924.jpg,57.08,62.92,365.3,32-64px,157.9,132.3,25.5,1.53,1196.3
train/IMG_0924.jpg,87.08,91.25,557.3,64-128px,188.7,121.1,67.6,0.24,1831.0
train/IMG_0924.jpg,32.92,45.0,210.7,32-64px,143.1,101.5,41.5,9.29,693.8
train/IMG_0924.jpg,23.75,36.67,152.0,16-32px,123.3,126.3,-3.0,0.22,187.6
train/IMG_0924.jpg,31.25,39.58,200.0,16-32px,103.8,100.3,3.5,1.29,707.9
train/IMG_0924.jpg,12.5,25.0,80.0,<16px,161.9,116.1,45.8,0.97,107.2
train/IMG_0924.jpg,52.5,53.75,336.0,32-64px,113.0,97.8,15.3,2.89,562.5
train/IMG_0924.jpg,51.67,60.42,330.7,32-64px,101.0,116.3,-15.3,1.27,221.8
train/IMG_0924.jpg,12.92,21.67,82.7,<16px,85.1,105.9,-20.8,1.13,65.9
train/IMG_0924.jpg,40.42,59.58,258.7,32-64px,97.4,129.9,-32.5,2.15,150.5
train/IMG_0924.jpg,22.5,27.92,144.0,16-32px,131.3,103.6,27.7,2.05,73.9
train/IMG_0924.jpg,24.58,30.83,157.3,16-32px,143.6,118.2,25.5,2.57,136.3
train/IMG_0924.jpg,32.08,41.67,205.3,32-64px,95.1,81.2,13.9,1.48,178.2
train/IMG_0924.jpg,24.58,42.92,157.3,16-32px,161.4,104.7,56.7,0.02,126.7
train/IMG_0924.jpg,31.67,38.33,202.7,16-32px,154.5,110.4,44.1,3.66,161.2
train/IMG_0924.jpg,33.75,37.5,216.0,32-64px,149.5,145.5,4.0,0.73,205.7
train/IMG_0924.jpg,38.33,52.08,245.3,32-64px,162.5,125.4,37.1,0.74,529.6
train/IMG_0924.jpg,29.58,30.42,189.3,16-32px,112.1,127.4,-15.3,0.09,215.9
train/IMG_0924.jpg,14.58,22.92,93.3,<16px,166.4,156.6,9.8,0.2,166.8
train/IMG_0924.jpg,15.83,20.0,101.3,<16px,144.0,116.1,27.9,2.27,41.3
train/IMG_0924.jpg,29.17,34.58,186.7,16-32px,97.1,137.9,-40.9,0.2,407.0
train/IMG_0924.jpg,5.0,26.67,32.0,<16px,112.5,138.9,-26.3,0.47,65.0
train/IMG_0924.jpg,12.5,21.25,80.0,<16px,143.8,81.8,61.9,1.06,33.5
train/IMG_0924.jpg,14.58,20.42,93.3,<16px,111.3,82.2,29.1,1.29,36.5
train/IMG_0924.jpg,19.17,36.25,122.7,16-32px,104.7,88.9,15.8,3.86,104.8
train/IMG_0924.jpg,15.0,24.17,96.0,<16px,108.2,110.4,-2.2,3.58,52.6
train/IMG_0924.jpg,25.0,25.42,160.0,16-32px,94.1,81.2,12.9,2.59,136.2
train/IMG_0925.jpg,91.25,92.92,584.0,64-128px,188.4,125.0,63.4,1.46,1224.6
train/IMG_0925.jpg,82.08,82.92,525.3,64-128px,154.4,117.9,36.6,2.53,564.0
train/IMG_0925.jpg,40.83,60.83,261.3,32-64px,166.1,171.5,-5.4,0.42,227.5
train/IMG_0925.jpg,77.92,78.33,498.7,64-128px,152.9,90.7,62.2,7.01,2121.0
train/IMG_0925.jpg,58.33,67.08,373.3,32-64px,126.8,118.7,8.1,2.75,1101.1
train/IMG_0925.jpg,73.75,75.0,472.0,64-128px,181.3,101.7,79.6,2.89,1107.5
train/IMG_0925.jpg,35.0,52.08,224.0,32-64px,166.9,135.5,31.3,0.7,288.4
train/IMG_0925.jpg,39.58,43.33,253.3,32-64px,215.7,130.3,85.4,1.6,348.3
train/IMG_0925.jpg,31.25,50.0,200.0,16-32px,167.1,122.8,44.3,3.07,181.7
train/IMG_0925.jpg,28.75,32.92,184.0,16-32px,109.3,96.8,12.5,2.9,142.9
train/IMG_0925.jpg,55.0,55.42,352.0,32-64px,109.3,110.9,-1.7,1.1,1233.1
train/IMG_0925.jpg,22.5,22.5,144.0,16-32px,119.4,96.0,23.4,3.07,33.1
train/IMG_0925.jpg,18.75,23.33,120.0,16-32px,111.7,78.1,33.6,4.63,20.7
train/IMG_0925.jpg,23.75,45.42,152.0,16-32px,200.3,146.0,54.3,3.56,139.4
train/IMG_0925.jpg,26.25,26.67,168.0,16-32px,135.8,119.8,16.1,4.59,189.4
train/IMG_0925.jpg,26.25,36.25,168.0,16-32px,151.5,79.5,72.1,1.82,152.4
train/IMG_0925.jpg,22.5,29.58,144.0,16-32px,135.3,98.1,37.2,2.69,280.0
train/IMG_0925.jpg,25.42,31.25,162.7,16-32px,226.1,186.7,39.5,2.15,75.7
train/IMG_0925.jpg,18.33,18.75,117.3,16-32px,113.8,147.8,-33.9,0.83,52.7
train/IMG_0925.jpg,32.92,46.67,210.7,32-64px,163.1,141.6,21.5,1.74,241.5
train/IMG_0926.jpg,66.67,70.83,426.7,64-128px,190.2,154.9,35.3,0.92,1105.0
train/IMG_0926.jpg,66.67,77.08,426.7,64-128px,185.0,107.3,77.7,0.08,577.6
train/IMG_0926.jpg,65.0,69.58,416.0,64-128px,137.0,102.4,34.6,3.51,300.5
train/IMG_0926.jpg,37.92,39.58,242.7,32-64px,193.7,119.0,74.7,1.55,155.0
train/IMG_0926.jpg,66.67,67.92,426.7,64-128px,139.1,89.8,49.3,5.62,632.4
train/IMG_0926.jpg,48.75,56.67,312.0,32-64px,116.2,104.6,11.6,2.3,257.5
train/IMG_0926.jpg,50.83,55.0,325.3,32-64px,190.6,112.1,78.5,1.19,2371.7
train/IMG_0926.jpg,62.08,64.17,397.3,32-64px,172.9,94.6,78.3,2.26,377.3
train/IMG_0926.jpg,24.58,31.25,157.3,16-32px,139.7,73.9,65.7,1.64,73.3
train/IMG_0926.jpg,33.75,48.75,216.0,32-64px,134.9,123.3,11.6,1.96,286.7
train/IMG_0926.jpg,42.08,52.5,269.3,32-64px,155.3,161.1,-5.8,1.71,735.8
train/IMG_0926.jpg,30.42,44.58,194.7,16-32px,191.4,126.3,65.1,3.95,108.3
train/IMG_0926.jpg,24.58,34.58,157.3,16-32px,106.1,161.5,-55.3,1.5,123.6
train/IMG_0926.jpg,27.5,31.25,176.0,16-32px,62.0,104.8,-42.9,3.09,69.1
train/IMG_0926.jpg,22.92,30.83,146.7,16-32px,100.5,85.8,14.7,2.21,61.7
train/IMG_0926.jpg,30.0,30.83,192.0,16-32px,124.7,119.6,5.1,1.58,66.6
train/IMG_0926.jpg,12.92,13.33,82.7,<16px,115.7,117.1,-1.4,0.02,10.2
train/IMG_0926.jpg,23.75,24.58,152.0,16-32px,202.6,190.8,11.8,3.3,46.9
train/IMG_0926.jpg,17.92,20.42,114.7,16-32px,101.5,107.7,-6.2,1.28,14.2
train/IMG_0926.jpg,15.0,25.0,96.0,<16px,101.2,128.1,-26.9,0.35,41.3
train/IMG_0926.jpg,18.33,23.33,117.3,16-32px,132.2,116.8,15.4,4.1,40.3
train/IMG_0926.jpg,21.67,30.83,138.7,16-32px,85.7,96.0,-10.3,3.16,86.6
train/IMG_0927.jpg,55.0,55.83,352.0,32-64px,168.3,138.3,30.0,1.76,827.9
train/IMG_0927.jpg,28.33,35.0,181.3,16-32px,198.9,197.5,1.4,1.16,182.9
train/IMG_0927.jpg,20.42,22.5,130.7,16-32px,165.2,144.9,20.3,1.99,32.1
train/IMG_0927.jpg,50.42,53.33,322.7,32-64px,117.8,94.9,22.9,2.34,624.3
train/IMG_0927.jpg,52.08,59.58,333.3,32-64px,166.7,101.8,64.9,0.37,1317.0
train/IMG_0927.jpg,25.83,29.58,165.3,16-32px,143.6,124.0,19.6,1.21,296.1
train/IMG_0927.jpg,32.92,33.75,210.7,32-64px,164.3,101.7,62.6,1.77,273.3
train/IMG_0927.jpg,51.67,52.08,330.7,32-64px,118.3,72.1,46.2,5.22,921.9
train/IMG_0927.jpg,35.83,45.83,229.3,32-64px,97.6,92.8,4.8,1.59,409.1
train/IMG_0927.jpg,44.58,46.25,285.3,32-64px,161.2,100.8,60.5,2.42,1546.8
train/IMG_0927.jpg,23.33,35.42,149.3,16-32px,143.0,98.8,44.2,1.26,357.7
train/IMG_0927.jpg,31.25,45.0,200.0,16-32px,130.3,109.3,21.0,2.42,408.7
train/IMG_0927.jpg,25.0,26.25,160.0,16-32px,78.8,98.8,-20.1,2.43,96.0
train/IMG_0927.jpg,22.08,25.0,141.3,16-32px,78.2,71.8,6.4,3.65,82.4
train/IMG_0927.jpg,24.58,25.42,157.3,16-32px,127.0,110.5,16.5,1.02,109.9
train/IMG_0927.jpg,47.92,49.17,306.7,32-64px,145.5,79.0,66.5,2.19,644.8
train/IMG_0927.jpg,40.42,52.5,258.7,32-64px,155.7,99.8,55.9,0.94,676.7
train/IMG_0927.jpg,23.33,29.58,149.3,16-32px,116.9,68.7,48.3,0.58,72.3
train/IMG_0927.jpg,17.08,20.42,109.3,16-32px,88.3,78.9,9.4,1.69,30.3
train/IMG_0927.jpg,11.67,13.75,74.7,<16px,104.4,100.0,4.3,2.03,18.8
train/IMG_0927.jpg,20.83,32.92,133.3,16-32px,162.8,108.8,54.0,4.29,110.7
train/IMG_0927.jpg,20.0,20.83,128.0,16-32px,100.6,91.7,8.8,3.23,51.3
train/IMG_0927.jpg,16.67,20.83,106.7,16-32px,66.6,77.4,-10.9,2.84,31.4
train/IMG_0927.jpg,17.92,19.58,114.7,16-32px,90.4,133.2,-42.9,0.87,92.1
train/IMG_0927.jpg,20.0,22.92,128.0,16-32px,117.5,103.1,14.3,1.15,162.8
train/IMG_0927.jpg,19.58,35.0,125.3,16-32px,194.5,137.8,56.7,4.83,89.9
train/IMG_0927.jpg,11.67,18.33,74.7,<16px,113.8,100.4,13.4,2.59,20.1
train/IMG_0927.jpg,10.0,11.25,64.0,<16px,146.4,131.7,14.7,1.94,23.0
train/IMG_0927.jpg,16.67,25.0,106.7,16-32px,88.2,72.6,15.5,1.72,19.1
train/IMG_0927.jpg,11.67,22.08,74.7,<16px,139.7,161.9,-22.1,0.34,94.0
train/IMG_0927.jpg,17.08,28.75,109.3,16-32px,135.4,188.5,-53.2,0.47,349.1
train/IMG_0927.jpg,16.67,17.5,106.7,16-32px,116.7,109.6,7.1,0.49,14.5
train/IMG_0927.jpg,4.17,5.0,26.7,<16px,131.7,135.2,-3.5,0.17,1.2
train/IMG_0927.jpg,7.5,17.5,48.0,<16px,147.4,151.6,-4.1,1.22,14.4
train/IMG_0927.jpg,27.08,33.75,173.3,16-32px,171.2,139.7,31.5,1.01,161.8
train/IMG_0927.jpg,19.17,22.92,122.7,16-32px,125.4,117.9,7.5,3.65,51.5
train/IMG_0927.jpg,8.33,17.08,53.3,<16px,118.2,90.4,27.8,1.26,22.3
train/IMG_0927.jpg,13.33,22.92,85.3,<16px,118.8,112.1,6.7,0.23,11.3
train/IMG_0927.jpg,12.92,20.0,82.7,<16px,115.0,113.0,2.0,0.95,15.9
train/IMG_0927.jpg,23.33,32.08,149.3,16-32px,101.8,90.9,10.9,2.73,158.0
train/IMG_0927.jpg,10.42,12.5,66.7,<16px,56.9,46.5,10.4,0.46,3.5
train/IMG_0927.jpg,12.08,18.75,77.3,<16px,85.4,74.8,10.6,0.72,18.3
train/IMG_0927.jpg,10.83,13.75,69.3,<16px,71.6,65.1,6.5,2.97,6.9
train/IMG_0927.jpg,10.0,10.42,64.0,<16px,123.1,70.6,52.5,0.32,13.3
train/IMG_0927.jpg,6.67,27.08,42.7,<16px,122.9,87.4,35.5,1.13,69.4
train/IMG_0927.jpg,8.33,14.58,53.3,<16px,156.4,143.0,13.4,1.91,8.3
train/IMG_0928.jpg,28.33,33.75,181.3,16-32px,199.5,199.6,-0.1,1.08,143.8
train/IMG_0928.jpg,18.75,22.92,120.0,16-32px,161.2,148.3,12.9,1.51,29.5
train/IMG_0928.jpg,19.58,36.25,125.3,16-32px,194.0,137.2,56.8,4.51,81.6
train/IMG_0928.jpg,55.0,55.42,352.0,32-64px,168.4,138.0,30.4,1.64,751.6
train/IMG_0928.jpg,52.92,59.58,338.7,32-64px,166.5,102.1,64.4,0.41,1210.9
train/IMG_0928.jpg,50.83,53.33,325.3,32-64px,117.7,95.3,22.3,2.51,598.4
train/IMG_0928.jpg,44.17,46.67,282.7,32-64px,160.6,100.2,60.5,2.34,1537.0
train/IMG_0928.jpg,35.83,45.0,229.3,32-64px,97.2,92.3,4.9,1.59,387.5
train/IMG_0928.jpg,51.25,52.5,328.0,32-64px,118.1,71.8,46.3,5.13,796.4
train/IMG_0928.jpg,48.33,49.58,309.3,32-64px,144.7,78.7,66.1,2.27,577.0
train/IMG_0928.jpg,43.75,52.08,280.0,32-64px,155.7,99.6,56.1,0.52,742.9
train/IMG_0928.jpg,24.17,28.75,154.7,16-32px,116.1,68.0,48.1,0.79,79.5
train/IMG_0928.jpg,25.42,25.83,162.7,16-32px,125.4,110.7,14.7,0.91,132.1
train/IMG_0928.jpg,31.67,45.42,202.7,16-32px,129.8,108.9,20.9,2.39,432.0
train/IMG_0928.jpg,24.58,30.83,157.3,16-32px,144.0,105.6,38.4,1.06,313.7
train/IMG_0928.jpg,24.58,26.25,157.3,16-32px,83.4,73.0,10.4,3.41,111.5
train/IMG_0928.jpg,24.58,26.25,157.3,16-32px,78.7,98.0,-19.3,2.6,100.8
train/IMG_0928.jpg,20.0,26.67,128.0,16-32px,90.4,76.1,14.3,1.4,35.6
train/IMG_0928.jpg,17.08,18.33,109.3,16-32px,116.0,108.2,7.8,0.22,15.4
train/IMG_0928.jpg,17.92,28.33,114.7,16-32px,136.2,185.9,-49.7,0.64,361.3
train/IMG_0928.jpg,11.67,14.58,74.7,<16px,145.7,189.5,-43.7,1.66,42.9
train/IMG_0928.jpg,12.5,23.33,80.0,<16px,140.7,162.8,-22.1,0.32,104.5
train/IMG_0928.jpg,21.25,25.0,136.0,16-32px,187.8,153.0,34.7,1.29,80.7
train/IMG_0928.jpg,20.83,33.75,133.3,16-32px,162.4,108.9,53.5,4.32,99.6
train/IMG_0928.jpg,18.75,24.17,120.0,16-32px,125.9,114.2,11.7,4.12,48.5
train/IMG_0928.jpg,18.75,21.25,120.0,16-32px,100.7,89.8,10.8,2.85,42.7
train/IMG_0928.jpg,19.17,21.25,122.7,16-32px,67.0,79.8,-12.8,3.14,43.6
train/IMG_0928.jpg,32.92,33.75,210.7,32-64px,164.6,101.3,63.3,1.81,264.8
train/IMG_0928.jpg,25.83,29.58,165.3,16-32px,141.2,125.0,16.2,1.54,270.7
train/IMG_0928.jpg,12.08,18.33,77.3,<16px,115.4,114.2,1.2,1.15,10.8
train/IMG_0928.jpg,16.25,26.25,104.0,16-32px,113.4,118.0,-4.7,0.4,33.9
train/IMG_0928.jpg,23.33,26.25,149.3,16-32px,108.6,96.2,12.4,2.26,123.1
train/IMG_0928.jpg,9.17,10.83,58.7,<16px,118.6,73.6,45.0,0.79,11.1
train/IMG_0928.jpg,6.25,22.08,40.0,<16px,130.9,87.9,43.0,0.36,31.6
train/IMG_0928.jpg,10.83,11.25,69.3,<16px,89.2,70.0,19.2,0.59,5.2
train/IMG_0928.jpg,9.17,12.92,58.7,<16px,75.2,65.6,9.6,2.82,4.9
train/IMG_0928.jpg,16.25,19.58,104.0,16-32px,92.0,129.0,-36.9,1.23,65.3
train/IMG_0929.jpg,81.67,91.25,522.7,64-128px,179.3,121.2,58.0,0.82,1321.8
train/IMG_0929.jpg,81.25,87.5,520.0,64-128px,146.5,101.9,44.5,2.03,959.9
train/IMG_0929.jpg,25.0,31.67,160.0,16-32px,109.5,87.9,21.6,2.77,57.1
train/IMG_0929.jpg,30.42,52.5,194.7,16-32px,134.3,123.1,11.2,0.47,250.9
train/IMG_0929.jpg,44.58,60.42,285.3,32-64px,193.7,131.5,62.3,1.56,3595.8
train/IMG_0929.jpg,28.33,34.58,181.3,16-32px,116.3,104.1,12.1,1.62,124.1
train/IMG_0929.jpg,27.92,30.42,178.7,16-32px,175.5,122.8,52.8,0.92,220.8
train/IMG_0929.jpg,42.5,67.08,272.0,32-64px,173.7,114.3,59.4,0.77,228.1
train/IMG_0929.jpg,60.42,71.67,386.7,32-64px,111.1,110.8,0.3,1.73,619.8
train/IMG_0929.jpg,68.75,77.08,440.0,64-128px,148.8,113.5,35.3,2.17,1460.4
train/IMG_0929.jpg,67.08,71.67,429.3,64-128px,175.0,96.2,78.7,1.69,741.2
train/IMG_0929.jpg,21.25,23.75,136.0,16-32px,160.0,90.0,70.1,2.72,61.3
train/IMG_0929.jpg,32.08,41.25,205.3,32-64px,90.9,117.9,-26.9,1.51,795.4
train/IMG_0929.jpg,15.83,30.0,101.3,<16px,120.1,124.4,-4.3,1.83,146.0
train/IMG_0929.jpg,23.75,32.08,152.0,16-32px,105.1,112.4,-7.2,0.99,116.8
train/IMG_0929.jpg,17.08,42.08,109.3,16-32px,175.2,102.5,72.7,0.44,306.7
train/IMG_0929.jpg,29.58,47.08,189.3,16-32px,87.6,112.5,-24.9,1.87,188.0
train/IMG_0929.jpg,19.17,20.0,122.7,16-32px,154.5,77.7,76.8,3.8,64.7
train/IMG_0930.jpg,59.17,70.83,378.7,32-64px,134.7,112.8,21.9,4.19,441.4
train/IMG_0930.jpg,95.0,95.83,608.0,64-128px,171.1,99.8,71.3,4.74,1773.8
train/IMG_0930.jpg,91.67,97.92,586.7,64-128px,179.4,117.7,61.6,5.59,2346.3
train/IMG_0930.jpg,63.33,87.5,405.3,32-64px,144.0,153.2,-9.1,1.55,2923.3
train/IMG_0930.jpg,22.08,34.17,141.3,16-32px,58.2,70.1,-11.9,5.57,80.5
train/IMG_0930.jpg,25.0,37.92,160.0,16-32px,107.9,69.6,38.3,4.83,111.3
train/IMG_0930.jpg,14.17,20.0,90.7,<16px,115.5,105.8,9.7,0.49,46.1
train/IMG_0930.jpg,22.5,25.42,144.0,16-32px,192.5,98.7,93.7,0.26,278.0
train/IMG_0930.jpg,26.67,37.5,170.7,16-32px,96.7,115.0,-18.3,1.72,216.4
train/IMG_0930.jpg,32.5,57.08,208.0,32-64px,162.9,155.6,7.3,3.53,697.9
train/IMG_0930.jpg,35.83,35.83,229.3,32-64px,149.1,114.6,34.5,6.96,108.6
train/IMG_0930.jpg,25.42,26.67,162.7,16-32px,125.6,93.7,31.9,1.53,325.1
train/IMG_0931.jpg,84.17,89.17,538.7,64-128px,170.1,82.3,87.8,7.11,1872.6
train/IMG_0931.jpg,43.75,59.17,280.0,32-64px,123.2,88.8,34.3,6.05,514.9
train/IMG_0931.jpg,27.92,37.08,178.7,16-32px,158.6,118.6,40.0,3.34,53.1
train/IMG_0931.jpg,78.75,83.75,504.0,64-128px,173.2,90.6,82.6,9.18,1515.1
train/IMG_0931.jpg,74.58,78.75,477.3,64-128px,168.6,128.3,40.3,13.46,1846.4
train/IMG_0931.jpg,85.42,89.17,546.7,64-128px,180.4,131.9,48.5,9.12,1658.3
train/IMG_0931.jpg,55.0,64.58,352.0,32-64px,137.4,148.9,-11.5,6.4,823.2
train/IMG_0931.jpg,25.0,37.5,160.0,16-32px,165.4,127.1,38.4,8.58,752.6
train/IMG_0931.jpg,34.17,44.58,218.7,32-64px,103.9,90.5,13.4,0.13,62.5
train/IMG_0932.jpg,109.17,114.58,698.7,64-128px,150.0,147.5,2.5,3.68,1615.3
train/IMG_0932.jpg,122.08,125.42,781.3,64-128px,161.0,109.5,51.6,4.25,3008.7
train/IMG_0932.jpg,98.33,102.92,629.3,64-128px,158.7,125.8,33.0,2.95,1710.6
train/IMG_0932.jpg,31.67,39.58,202.7,16-32px,137.9,92.5,45.4,5.09,99.7
train/IMG_0932.jpg,29.17,30.42,186.7,16-32px,86.9,113.6,-26.7,0.63,88.1
train/IMG_0932.jpg,17.5,28.75,112.0,16-32px,109.3,122.8,-13.4,3.21,52.0
train/IMG_0932.jpg,33.75,35.42,216.0,32-64px,175.5,166.1,9.4,4.8,128.5
train/IMG_0932.jpg,19.17,26.25,122.7,16-32px,167.5,154.0,13.5,3.67,120.7
train/IMG_0933.jpg,66.67,86.25,426.7,64-128px,165.1,118.5,46.6,4.86,1638.5
train/IMG_0933.jpg,77.92,87.92,498.7,64-128px,153.6,108.2,45.4,1.94,2313.9
train/IMG_0933.jpg,75.42,82.5,482.7,64-128px,161.1,88.8,72.3,9.32,1642.6
train/IMG_0933.jpg,134.58,134.58,861.3,>=128px,180.0,106.3,73.7,6.07,3188.5
train/IMG_0933.jpg,35.42,54.58,226.7,32-64px,126.9,92.3,34.5,1.3,805.7
train/IMG_0933.jpg,26.25,48.33,168.0,16-32px,116.6,95.4,21.2,2.71,861.1
train/IMG_0935.jpg,150.0,151.67,960.0,>=128px,99.8,91.8,8.0,1.15,1634.2
train/IMG_0935.jpg,173.33,198.33,1109.3,>=128px,118.8,129.7,-10.9,3.01,1062.3
train/IMG_0935.jpg,27.08,28.75,173.3,16-32px,113.9,144.0,-30.1,6.14,52.1
train/IMG_0935.jpg,24.58,32.92,157.3,16-32px,148.2,139.1,9.2,10.38,34.8
train/IMG_0935.jpg,15.83,23.75,101.3,<16px,119.8,120.0,-0.2,9.29,31.8
train/IMG_0935.jpg,19.58,26.67,125.3,16-32px,94.5,115.3,-20.8,4.72,58.8
train/IMG_0936.jpg,46.67,65.42,298.7,32-64px,140.6,170.8,-30.1,1.15,263.9
train/IMG_0936.jpg,164.17,190.83,1050.7,>=128px,170.1,123.9,46.2,9.29,2349.1
train/IMG_0936.jpg,97.5,121.67,624.0,64-128px,152.2,107.5,44.6,7.31,499.2
train/IMG_0936.jpg,122.92,125.83,786.7,64-128px,111.1,110.2,1.0,1.03,311.4
train/IMG_0936.jpg,25.42,36.67,162.7,16-32px,86.7,69.3,17.4,3.16,50.1
train/IMG_0936.jpg,22.92,25.0,146.7,16-32px,120.7,105.0,15.7,0.37,33.2
train/IMG_0936.jpg,18.33,19.17,117.3,16-32px,184.9,126.9,58.1,0.93,19.7
train/IMG_0937.jpg,85.83,88.75,549.3,64-128px,108.9,85.4,23.5,6.63,203.6
train/IMG_0937.jpg,55.42,58.75,354.7,32-64px,115.8,79.0,36.8,4.77,140.7
train/IMG_0937.jpg,91.67,92.92,586.7,64-128px,132.2,80.6,51.6,7.98,237.5
train/IMG_0937.jpg,11.25,42.5,72.0,<16px,185.2,110.1,75.1,0.24,48.7
train/IMG_0937.jpg,87.08,92.08,557.3,64-128px,122.8,126.2,-3.4,8.11,449.4
train/IMG_0937.jpg,105.0,105.42,672.0,64-128px,142.6,106.7,35.9,8.55,885.9
train/IMG_0937.jpg,86.67,93.75,554.7,64-128px,91.5,78.1,13.4,5.07,198.5
train/IMG_0937.jpg,100.83,109.58,645.3,64-128px,98.3,141.6,-43.3,1.23,1230.8
train/IMG_0937.jpg,156.67,162.92,1002.7,>=128px,160.8,138.2,22.5,2.93,1354.9
train/IMG_0937.jpg,26.25,32.5,168.0,16-32px,156.8,103.8,53.0,8.12,97.3
train/IMG_0938.jpg,72.5,89.58,464.0,64-128px,133.2,107.6,25.7,3.85,235.3
train/IMG_0938.jpg,71.67,75.83,458.7,64-128px,149.9,145.5,4.4,3.54,403.2
train/IMG_0938.jpg,126.67,144.58,810.7,64-128px,168.9,113.1,55.8,8.27,1306.7
train/IMG_0938.jpg,99.58,100.0,637.3,64-128px,152.4,118.2,34.2,7.19,523.2
train/IMG_0938.jpg,91.25,95.83,584.0,64-128px,160.2,102.9,57.4,0.84,247.7
train/IMG_0938.jpg,22.5,76.67,144.0,16-32px,114.1,124.0,-9.9,0.68,168.4
train/IMG_0939.jpg,39.58,57.5,253.3,32-64px,191.4,123.4,68.0,1.55,901.4
train/IMG_0939.jpg,39.58,58.75,253.3,32-64px,151.9,122.9,28.9,1.66,785.2
train/IMG_0939.jpg,58.75,60.0,376.0,32-64px,155.8,96.2,59.5,8.88,2255.8
train/IMG_0939.jpg,41.67,57.92,266.7,32-64px,185.9,124.9,61.0,5.59,919.9
train/IMG_0939.jpg,20.0,34.17,128.0,16-32px,117.9,142.5,-24.6,6.22,344.7
train/IMG_0939.jpg,29.17,43.75,186.7,16-32px,182.3,113.4,68.9,6.5,980.8
train/IMG_0939.jpg,22.5,26.25,144.0,16-32px,69.2,102.0,-32.8,2.51,598.6
train/IMG_0939.jpg,35.83,58.75,229.3,32-64px,121.6,98.0,23.6,0.11,613.6
train/IMG_0939.jpg,53.33,63.75,341.3,32-64px,169.6,124.6,45.0,2.75,1421.1
train/IMG_0939.jpg,22.92,23.75,146.7,16-32px,129.2,117.4,11.8,0.44,262.0
train/IMG_0939.jpg,31.67,47.08,202.7,16-32px,153.0,117.6,35.4,5.94,1167.3
train/IMG_0939.jpg,28.33,34.17,181.3,16-32px,151.7,111.4,40.3,4.02,277.4
train/IMG_0939.jpg,20.0,25.0,128.0,16-32px,104.0,93.3,10.7,3.37,100.4
train/IMG_0939.jpg,55.83,58.33,357.3,32-64px,161.6,139.1,22.5,5.75,2507.9
train/IMG_0939.jpg,20.42,32.08,130.7,16-32px,89.7,104.5,-14.8,1.04,350.7
train/IMG_0939.jpg,12.92,21.25,82.7,<16px,112.3,115.8,-3.4,6.52,80.6
train/IMG_0939.jpg,27.92,40.0,178.7,16-32px,100.7,101.0,-0.3,2.06,1146.2
train/IMG_0943.jpg,37.92,37.92,242.7,32-64px,137.7,96.5,41.3,5.89,129.8
train/IMG_0943.jpg,64.58,66.25,413.3,64-128px,181.9,93.9,87.9,4.35,782.7
train/IMG_0943.jpg,57.92,62.5,370.7,32-64px,175.0,99.2,75.8,0.58,1216.4
train/IMG_0943.jpg,51.25,53.33,328.0,32-64px,178.1,126.4,51.7,6.28,1477.7
train/IMG_0943.jpg,47.92,60.42,306.7,32-64px,171.0,109.6,61.4,3.03,1025.1
train/IMG_0943.jpg,34.58,52.08,221.3,32-64px,160.9,105.2,55.7,3.59,1599.9
train/IMG_0943.jpg,40.42,41.25,258.7,32-64px,109.1,102.1,7.0,2.37,939.3
train/IMG_0943.jpg,21.67,40.0,138.7,16-32px,98.7,104.5,-5.8,4.17,147.7
train/IMG_0943.jpg,33.33,41.67,213.3,32-64px,125.0,117.2,7.8,8.87,288.5
train/IMG_0943.jpg,22.08,37.5,141.3,16-32px,157.8,108.1,49.8,7.76,78.5
train/IMG_0943.jpg,26.25,36.25,168.0,16-32px,160.8,118.8,42.0,1.25,126.8
train/IMG_0943.jpg,27.08,32.08,173.3,16-32px,101.0,107.0,-6.0,1.77,121.5
train/IMG_0943.jpg,39.58,45.0,253.3,32-64px,146.7,89.5,57.2,5.07,463.8
train/IMG_0943.jpg,38.33,44.58,245.3,32-64px,135.5,124.6,10.9,0.98,912.9
train/IMG_0943.jpg,32.08,40.42,205.3,32-64px,81.3,104.1,-22.8,1.98,395.0
train/IMG_0943.jpg,17.08,25.83,109.3,16-32px,108.0,114.8,-6.8,1.6,78.3
train/IMG_0943.jpg,17.5,21.25,112.0,16-32px,97.2,75.1,22.1,0.86,74.7
train/IMG_0943.jpg,20.83,34.58,133.3,16-32px,112.8,96.0,16.8,0.67,75.0
train/IMG_0943.jpg,36.25,38.75,232.0,32-64px,105.4,155.3,-49.9,0.32,866.6
train/IMG_0943.jpg,21.67,23.33,138.7,16-32px,155.4,142.0,13.4,6.7,35.0
train/IMG_0943.jpg,18.33,18.33,117.3,16-32px,81.1,55.4,25.7,3.77,18.3
train/IMG_0943.jpg,24.58,26.25,157.3,16-32px,92.4,104.5,-12.1,0.38,86.0
train/IMG_0943.jpg,28.75,59.58,184.0,16-32px,144.0,119.4,24.7,2.53,709.8
train/IMG_0944.jpg,56.25,59.17,360.0,32-64px,171.5,118.3,53.2,5.33,363.7
train/IMG_0944.jpg,32.08,35.83,205.3,32-64px,187.5,127.3,60.2,8.43,491.0
train/IMG_0944.jpg,27.08,80.83,173.3,16-32px,108.5,109.1,-0.5,2.93,715.1
train/IMG_0944.jpg,92.08,106.67,589.3,64-128px,173.5,110.7,62.8,8.17,2336.6
train/IMG_0944.jpg,58.33,76.67,373.3,32-64px,181.6,142.7,38.9,0.86,1329.4
train/IMG_0944.jpg,45.0,58.75,288.0,32-64px,189.1,136.0,53.1,1.77,500.1
train/IMG_0944.jpg,13.75,28.75,88.0,<16px,142.6,166.2,-23.6,0.69,66.0
train/IMG_0944.jpg,62.92,63.33,402.7,32-64px,159.2,88.3,70.9,4.52,357.2
train/IMG_0944.jpg,67.08,71.67,429.3,64-128px,152.2,86.6,65.5,4.71,1106.8
train/IMG_0944.jpg,88.75,98.33,568.0,64-128px,158.2,146.6,11.6,2.03,2012.3
train/IMG_0944.jpg,76.67,76.67,490.7,64-128px,200.9,130.9,70.0,3.18,736.4
train/IMG_0944.jpg,43.33,48.75,277.3,32-64px,116.4,106.3,10.1,4.47,155.3
train/IMG_0944.jpg,37.08,39.58,237.3,32-64px,173.7,116.7,57.0,2.95,201.0
train/IMG_0944.jpg,60.42,72.92,386.7,32-64px,156.9,94.6,62.3,8.08,311.8
train/IMG_0944.jpg,41.25,57.08,264.0,32-64px,136.5,115.3,21.1,3.4,134.7
train/IMG_0944.jpg,26.67,50.83,170.7,16-32px,103.9,117.5,-13.6,1.23,222.4
train/IMG_0944.jpg,18.33,23.75,117.3,16-32px,146.0,156.3,-10.3,5.87,182.4
train/IMG_0944.jpg,37.92,61.67,242.7,32-64px,84.5,127.3,-42.7,0.72,704.7
train/IMG_0944.jpg,32.92,34.17,210.7,32-64px,95.7,94.7,1.0,3.94,296.3
train/IMG_0944.jpg,34.17,34.58,218.7,32-64px,103.2,109.7,-6.5,0.41,151.3
train/IMG_0944.jpg,18.75,21.67,120.0,16-32px,84.5,80.3,4.2,4.93,26.7
train/IMG_0944.jpg,13.75,24.17,88.0,<16px,68.9,80.6,-11.7,0.82,14.2
train/IMG_0944.jpg,12.08,13.33,77.3,<16px,98.9,95.0,3.9,4.02,6.4
train/IMG_0945.jpg,75.83,82.5,485.3,64-128px,178.6,86.8,91.7,0.92,258.9
train/IMG_0945.jpg,77.92,89.17,498.7,64-128px,201.5,117.3,84.3,2.23,2624.0
train/IMG_0945.jpg,98.33,103.75,629.3,64-128px,198.6,105.9,92.6,2.47,1381.5
train/IMG_0945.jpg,19.17,19.58,122.7,16-32px,175.9,143.7,32.2,6.48,118.2
train/IMG_0945.jpg,46.67,72.92,298.7,32-64px,121.3,136.7,-15.4,0.02,612.2
train/IMG_0945.jpg,34.17,47.5,218.7,32-64px,124.4,133.0,-8.6,2.16,679.0
train/IMG_0945.jpg,22.08,26.25,141.3,16-32px,159.2,115.7,43.6,0.76,114.6
train/IMG_0946.jpg,105.0,110.42,672.0,64-128px,171.3,108.4,62.9,11.05,1067.9
train/IMG_0946.jpg,68.75,76.25,440.0,64-128px,149.3,130.2,19.1,8.2,653.9
train/IMG_0946.jpg,102.08,107.92,653.3,64-128px,163.2,117.4,45.8,8.31,1694.4
train/IMG_0946.jpg,30.83,39.58,197.3,16-32px,117.5,119.7,-2.2,4.73,316.8
train/IMG_0946.jpg,42.5,80.42,272.0,32-64px,108.5,131.3,-22.9,5.6,911.5
train/IMG_0946.jpg,93.75,113.33,600.0,64-128px,179.4,109.6,69.8,13.69,1135.1
train/IMG_0946.jpg,20.42,24.58,130.7,16-32px,125.0,110.3,14.7,11.17,43.2
train/IMG_0951.jpg,63.75,67.08,408.0,32-64px,169.7,87.9,81.8,4.84,1361.5
train/IMG_0951.jpg,62.92,66.25,402.7,32-64px,175.9,109.7,66.2,3.82,1290.7
train/IMG_0951.jpg,55.0,63.75,352.0,32-64px,102.2,103.7,-1.5,1.47,835.4
train/IMG_0951.jpg,87.5,100.42,560.0,64-128px,161.4,114.0,47.4,3.05,1733.5
train/IMG_0951.jpg,50.42,55.83,322.7,32-64px,136.3,123.8,12.5,5.81,718.3
train/IMG_0951.jpg,30.83,41.25,197.3,16-32px,121.8,106.1,15.7,3.91,365.7
train/IMG_0951.jpg,52.5,59.58,336.0,32-64px,171.4,91.6,79.8,8.33,880.2
train/IMG_0951.jpg,21.25,40.83,136.0,16-32px,115.8,128.1,-12.3,3.19,242.8
train/IMG_0951.jpg,95.42,98.33,610.7,64-128px,177.0,81.2,95.8,4.26,1634.3
train/IMG_0951.jpg,28.33,67.08,181.3,16-32px,95.5,99.5,-4.0,1.51,276.6
train/IMG_0951.jpg,27.08,32.92,173.3,16-32px,156.3,113.8,42.4,3.89,130.3
train/IMG_0951.jpg,43.75,52.92,280.0,32-64px,83.8,123.8,-40.0,1.61,295.3
train/IMG_0951.jpg,18.33,32.5,117.3,16-32px,171.7,153.7,18.0,1.68,440.2
train/IMG_0951.jpg,17.08,17.5,109.3,16-32px,128.3,167.0,-38.6,1.44,325.8
train/IMG_0951.jpg,12.92,24.58,82.7,<16px,127.5,114.2,13.3,1.34,28.0
train/IMG_0951.jpg,28.33,41.67,181.3,16-32px,142.0,77.2,64.8,6.7,445.0
train/IMG_0951.jpg,23.75,24.17,152.0,16-32px,54.6,113.5,-58.9,3.79,185.4
train/IMG_0951.jpg,41.67,55.83,266.7,32-64px,111.8,120.3,-8.5,0.31,1720.9
train/IMG_0951.jpg,35.0,41.25,224.0,32-64px,118.3,76.2,42.1,5.56,373.0
train/IMG_0952.jpg,73.75,76.25,472.0,64-128px,179.1,86.3,92.8,4.55,1718.0
train/IMG_0952.jpg,49.58,61.25,317.3,32-64px,136.4,100.5,35.9,7.12,642.8
train/IMG_0952.jpg,51.25,57.08,328.0,32-64px,144.7,120.2,24.6,7.46,707.3
train/IMG_0952.jpg,26.67,56.67,170.7,16-32px,175.2,167.6,7.6,2.32,551.5
train/IMG_0952.jpg,12.5,55.0,80.0,<16px,155.2,156.8,-1.6,3.34,122.5
train/IMG_0952.jpg,49.58,60.0,317.3,32-64px,186.3,117.9,68.4,7.56,503.0
train/IMG_0952.jpg,28.75,34.58,184.0,16-32px,175.9,143.0,32.9,4.54,337.0
train/IMG_0952.jpg,10.83,13.75,69.3,<16px,125.7,116.8,8.9,1.59,24.0
train/IMG_0952.jpg,25.83,34.17,165.3,16-32px,143.6,106.9,36.7,3.46,211.3
train/IMG_0952.jpg,57.08,62.08,365.3,32-64px,149.9,113.0,36.9,2.8,690.4
train/IMG_0952.jpg,15.83,45.42,101.3,<16px,151.8,109.3,42.5,5.18,179.9
train/IMG_0952.jpg,29.17,46.25,186.7,16-32px,150.5,139.1,11.4,4.53,280.4
train/IMG_0952.jpg,19.58,30.0,125.3,16-32px,157.5,134.8,22.7,1.32,133.0
train/IMG_0952.jpg,57.08,65.42,365.3,32-64px,178.6,80.0,98.7,11.02,936.4
train/IMG_0952.jpg,67.08,69.17,429.3,64-128px,112.4,61.2,51.2,13.06,790.9
train/IMG_0952.jpg,66.67,89.17,426.7,64-128px,167.6,124.4,43.3,3.43,376.6
train/IMG_0952.jpg,28.33,55.42,181.3,16-32px,91.8,96.6,-4.8,0.63,322.0
train/IMG_0952.jpg,29.58,52.5,189.3,16-32px,124.6,135.1,-10.5,2.19,627.0
train/IMG_0952.jpg,10.0,26.25,64.0,<16px,83.9,66.4,17.4,7.34,30.3
train/IMG_0952.jpg,27.5,42.08,176.0,16-32px,68.0,111.3,-43.3,4.4,669.8
train/IMG_0952.jpg,14.58,26.25,93.3,<16px,154.9,143.0,11.9,7.52,260.7
train/IMG_0952.jpg,14.17,27.92,90.7,<16px,110.9,136.2,-25.4,0.12,194.8
train/IMG_0954.jpg,83.33,84.58,533.3,64-128px,170.8,93.6,77.3,4.95,1310.5
train/IMG_0954.jpg,60.42,78.33,386.7,32-64px,164.6,126.9,37.7,1.75,2238.8
train/IMG_0954.jpg,39.58,41.25,253.3,32-64px,177.0,105.2,71.8,2.16,1078.6
train/IMG_0954.jpg,68.75,72.92,440.0,64-128px,183.7,98.1,85.6,0.67,2361.8
train/IMG_0954.jpg,66.25,80.42,424.0,64-128px,137.4,108.3,29.1,3.69,2309.3
train/IMG_0954.jpg,25.0,26.25,160.0,16-32px,83.3,115.2,-31.9,1.17,688.7
train/IMG_0954.jpg,12.08,26.25,77.3,<16px,168.3,84.9,83.3,7.21,477.2
train/IMG_0954.jpg,27.08,30.83,173.3,16-32px,144.6,88.6,56.0,0.76,1091.2
train/IMG_0954.jpg,25.0,36.67,160.0,16-32px,89.4,85.9,3.5,0.28,238.3
train/IMG_0954.jpg,18.33,26.67,117.3,16-32px,69.2,91.8,-22.6,3.23,266.7
train/IMG_0954.jpg,25.42,35.83,162.7,16-32px,110.0,186.5,-76.4,7.67,498.4
train/IMG_0954.jpg,15.0,22.08,96.0,<16px,92.3,104.1,-11.8,5.1,71.4
train/IMG_0955.jpg,72.08,75.83,461.3,64-128px,187.0,102.8,84.2,6.68,1759.6
train/IMG_0955.jpg,38.33,42.92,245.3,32-64px,144.7,105.2,39.4,0.35,298.8
train/IMG_0955.jpg,13.75,26.67,88.0,<16px,80.9,104.8,-23.9,1.31,51.6
train/IMG_0955.jpg,17.92,23.33,114.7,16-32px,174.0,124.3,49.7,3.99,56.0
train/IMG_0955.jpg,30.42,45.0,194.7,16-32px,116.6,110.6,6.0,2.33,462.9
train/IMG_0955.jpg,22.08,47.5,141.3,16-32px,127.2,92.0,35.2,1.67,155.9
train/IMG_0955.jpg,36.67,45.83,234.7,32-64px,102.1,97.9,4.2,3.91,326.5
train/IMG_0955.jpg,50.42,55.42,322.7,32-64px,172.4,129.7,42.8,1.32,1582.5
train/IMG_0955.jpg,38.75,43.33,248.0,32-64px,123.3,111.7,11.7,4.49,954.6
train/IMG_0955.jpg,38.75,51.67,248.0,32-64px,130.2,131.8,-1.7,2.98,1536.2
train/IMG_0955.jpg,42.5,48.75,272.0,32-64px,157.0,143.8,13.2,1.31,4254.8
train/IMG_0955.jpg,52.5,54.17,336.0,32-64px,187.3,100.3,86.9,0.93,1833.2
train/IMG_0955.jpg,22.5,24.17,144.0,16-32px,180.3,129.4,50.9,7.02,262.7
train/IMG_0955.jpg,39.17,40.42,250.7,32-64px,149.9,111.7,38.2,9.27,885.4
train/IMG_0955.jpg,50.42,59.17,322.7,32-64px,145.6,98.7,46.8,3.71,1689.4
train/IMG_0955.jpg,35.0,54.17,224.0,32-64px,169.4,126.0,43.4,1.15,1296.0
train/IMG_0955.jpg,17.5,19.58,112.0,16-32px,123.7,130.0,-6.2,3.36,483.6
train/IMG_0955.jpg,38.33,40.0,245.3,32-64px,160.2,114.1,46.2,5.78,1391.9
train/IMG_0955.jpg,13.75,27.08,88.0,<16px,161.7,146.2,15.5,3.29,168.4
train/IMG_0955.jpg,55.42,64.17,354.7,32-64px,158.4,126.6,31.8,4.3,2595.4
train/IMG_0955.jpg,20.83,29.58,133.3,16-32px,91.1,77.5,13.6,3.49,456.9
train/IMG_0955.jpg,37.08,42.92,237.3,32-64px,182.0,113.1,68.9,0.26,1354.0
train/IMG_0955.jpg,57.5,59.58,368.0,32-64px,183.3,115.2,68.1,3.1,1595.0
train/IMG_0955.jpg,59.58,66.67,381.3,32-64px,173.0,110.2,62.9,0.42,2186.5
train/IMG_0955.jpg,17.92,24.17,114.7,16-32px,109.7,87.0,22.7,2.77,553.8
train/IMG_0955.jpg,25.0,27.5,160.0,16-32px,124.6,121.7,3.0,0.79,680.1
train/IMG_0955.jpg,39.58,45.42,253.3,32-64px,162.1,95.7,66.4,2.78,667.4
train/IMG_0955.jpg,17.08,39.17,109.3,16-32px,109.6,76.2,33.4,6.08,82.6
train/IMG_0955.jpg,20.42,20.83,130.7,16-32px,63.5,59.9,3.6,0.18,26.5
train/IMG_0955.jpg,19.58,30.0,125.3,16-32px,64.2,110.3,-46.1,6.0,791.4
train/IMG_0955.jpg,19.58,32.5,125.3,16-32px,77.7,56.8,20.9,4.91,80.2
train/IMG_0955.jpg,17.08,22.5,109.3,16-32px,86.0,65.8,20.2,8.95,47.2
train/IMG_0955.jpg,15.0,32.5,96.0,<16px,73.9,67.0,6.9,3.15,88.0
train/IMG_0955.jpg,10.42,11.25,66.7,<16px,91.6,126.0,-34.3,4.26,34.5
train/IMG_0955.jpg,13.75,27.5,88.0,<16px,180.7,183.0,-2.4,1.53,264.1
train/IMG_0955.jpg,33.75,45.42,216.0,32-64px,97.6,121.3,-23.6,0.86,977.5
train/IMG_0955.jpg,25.83,27.5,165.3,16-32px,91.7,114.0,-22.3,0.76,526.3
train/IMG_0955.jpg,15.0,34.17,96.0,<16px,80.7,85.2,-4.4,1.08,66.3
train/IMG_0955.jpg,13.33,15.0,85.3,<16px,171.3,163.4,7.8,0.69,22.3
train/IMG_0956.jpg,75.0,91.67,480.0,64-128px,138.0,112.3,25.7,1.02,150.1
train/IMG_0956.jpg,27.92,40.0,178.7,16-32px,87.8,82.4,5.3,2.86,196.2
train/IMG_0956.jpg,24.58,27.08,157.3,16-32px,119.1,119.6,-0.5,5.4,71.8
train/IMG_0956.jpg,82.08,92.5,525.3,64-128px,151.5,106.0,45.4,1.86,477.6
train/IMG_0956.jpg,40.83,43.75,261.3,32-64px,88.4,66.7,21.7,2.72,47.8
train/IMG_0956.jpg,103.33,104.17,661.3,64-128px,161.9,90.4,71.5,2.35,357.3
train/IMG_0956.jpg,96.67,99.17,618.7,64-128px,169.3,118.6,50.7,4.53,423.4
train/IMG_0956.jpg,34.58,43.33,221.3,32-64px,125.7,100.4,25.3,2.53,34.1
train/IMG_0956.jpg,27.08,47.08,173.3,16-32px,80.5,53.1,27.4,4.31,36.1
train/IMG_0956.jpg,21.25,22.92,136.0,16-32px,128.4,109.1,19.3,2.14,30.0
train/IMG_0956.jpg,15.42,19.17,98.7,<16px,94.9,119.8,-24.8,0.58,64.7
train/IMG_0956.jpg,22.08,22.92,141.3,16-32px,75.0,67.9,7.2,1.64,14.5
train/IMG_0956.jpg,16.67,26.25,106.7,16-32px,93.6,92.8,0.8,0.75,26.7
train/IMG_0956.jpg,18.75,26.25,120.0,16-32px,85.7,96.3,-10.6,0.33,24.9
train/IMG_0956.jpg,14.58,24.17,93.3,<16px,126.6,133.0,-6.4,2.09,10.7
train/IMG_0957.jpg,67.92,73.33,434.7,64-128px,175.6,99.5,76.1,3.61,1877.4
train/IMG_0957.jpg,62.92,72.5,402.7,32-64px,164.7,103.3,61.4,0.85,1942.3
train/IMG_0957.jpg,30.83,39.58,197.3,16-32px,191.9,148.3,43.6,3.61,972.5
train/IMG_0957.jpg,67.08,71.25,429.3,64-128px,151.9,111.6,40.4,9.79,2163.0
train/IMG_0957.jpg,79.58,83.33,509.3,64-128px,166.1,118.9,47.2,2.92,1143.0
train/IMG_0957.jpg,35.0,55.0,224.0,32-64px,96.7,103.0,-6.3,0.06,444.1
train/IMG_0957.jpg,70.0,76.67,448.0,64-128px,174.3,126.2,48.1,2.08,779.4
train/IMG_0957.jpg,90.42,92.5,578.7,64-128px,200.0,114.4,85.5,2.18,1825.5
train/IMG_0957.jpg,25.83,40.83,165.3,16-32px,175.0,146.0,29.0,6.76,540.8
train/IMG_0957.jpg,55.42,75.0,354.7,32-64px,162.1,154.5,7.7,1.49,1326.9
train/IMG_0957.jpg,21.25,37.92,136.0,16-32px,189.6,150.9,38.6,0.35,199.0
train/IMG_0957.jpg,77.5,88.33,496.0,64-128px,157.9,109.7,48.2,4.3,2672.0
train/IMG_0957.jpg,21.25,65.42,136.0,16-32px,150.5,167.2,-16.7,4.21,697.3
train/IMG_0957.jpg,87.08,99.58,557.3,64-128px,173.2,110.8,62.5,0.55,2596.9
train/IMG_0957.jpg,37.08,38.33,237.3,32-64px,155.8,99.1,56.6,6.64,391.5
train/IMG_0957.jpg,26.67,49.17,170.7,16-32px,75.8,51.9,24.0,3.6,99.2
train/IMG_0957.jpg,25.83,30.42,165.3,16-32px,91.9,94.4,-2.5,1.77,97.4
train/IMG_0957.jpg,32.5,39.58,208.0,32-64px,95.5,61.5,34.0,0.79,279.6
train/IMG_0957.jpg,48.33,75.0,309.3,32-64px,134.7,94.8,39.9,3.77,1726.1
train/IMG_0957.jpg,50.83,53.33,325.3,32-64px,63.0,73.5,-10.6,1.69,605.8
train/IMG_0957.jpg,22.5,43.75,144.0,16-32px,100.4,106.4,-6.0,0.32,719.8
train/IMG_0957.jpg,25.0,51.25,160.0,16-32px,90.4,134.2,-43.8,1.97,661.8
train/IMG_0957.jpg,27.08,42.92,173.3,16-32px,84.6,87.7,-3.2,0.22,693.0
train/IMG_0957.jpg,5.42,10.0,34.7,<16px,173.5,166.7,6.8,0.31,2.3
train/IMG_0957.jpg,8.75,24.17,56.0,<16px,63.9,70.6,-6.7,1.66,55.6
train/IMG_0957.jpg,29.58,43.75,189.3,16-32px,84.3,88.8,-4.5,0.54,795.9
train/IMG_0957.jpg,17.92,24.17,114.7,16-32px,156.3,110.5,45.8,3.31,44.2
train/IMG_0957.jpg,19.17,20.42,122.7,16-32px,74.4,46.8,27.6,0.59,20.2
train/IMG_0957.jpg,21.25,34.17,136.0,16-32px,70.2,96.2,-26.0,1.93,232.2
train/IMG_0957.jpg,20.0,32.5,128.0,16-32px,100.4,110.1,-9.7,1.41,268.4
train/IMG_0958.jpg,127.08,130.0,813.3,64-128px,164.7,99.9,64.9,6.78,2187.2
train/IMG_0958.jpg,41.25,57.5,264.0,32-64px,116.1,107.3,8.9,5.03,1407.0
train/IMG_0958.jpg,32.5,50.42,208.0,32-64px,177.0,129.0,48.0,5.23,1205.2
train/IMG_0958.jpg,66.67,70.0,426.7,64-128px,176.4,127.6,48.7,4.73,2909.3
train/IMG_0958.jpg,59.58,61.25,381.3,32-64px,164.8,102.9,61.8,6.54,2289.1
train/IMG_0958.jpg,12.5,16.25,80.0,<16px,85.3,94.3,-9.0,3.23,37.4
train/IMG_0958.jpg,53.75,53.75,344.0,32-64px,118.4,96.6,21.8,7.67,1110.3
train/IMG_0958.jpg,29.58,31.67,189.3,16-32px,154.0,82.8,71.2,5.47,485.8
train/IMG_0958.jpg,142.5,144.58,912.0,>=128px,165.8,100.0,65.8,8.2,1440.2
train/IMG_0958.jpg,33.75,42.08,216.0,32-64px,103.0,90.6,12.4,2.08,600.4
train/IMG_0958.jpg,38.75,41.25,248.0,32-64px,104.9,106.3,-1.4,5.93,604.7
train/IMG_0958.jpg,13.75,26.67,88.0,<16px,136.0,99.7,36.3,5.75,74.2
train/IMG_0958.jpg,19.58,24.17,125.3,16-32px,127.7,97.4,30.3,2.11,53.7
train/IMG_0958.jpg,26.67,30.83,170.7,16-32px,118.6,104.2,14.5,0.7,353.3
train/IMG_0958.jpg,18.33,22.08,117.3,16-32px,137.7,95.4,42.3,1.24,79.0
train/IMG_0958.jpg,21.25,28.33,136.0,16-32px,151.6,117.0,34.7,4.18,93.0
train/IMG_0958.jpg,25.42,26.25,162.7,16-32px,169.7,144.7,25.0,3.41,177.5
train/IMG_0958.jpg,17.92,23.75,114.7,16-32px,81.8,121.7,-40.0,3.89,152.8
train/IMG_0959.jpg,25.42,52.08,162.7,16-32px,87.8,122.6,-34.7,3.21,203.2
train/IMG_0959.jpg,52.5,77.92,336.0,32-64px,140.2,136.5,3.7,5.45,297.6
train/IMG_0959.jpg,6.67,15.42,42.7,<16px,157.2,162.2,-5.0,0.64,13.5
train/IMG_0959.jpg,5.83,12.92,37.3,<16px,149.4,149.8,-0.4,0.3,8.2
train/IMG_0959.jpg,5.0,13.33,32.0,<16px,127.5,120.2,7.2,1.73,7.5
train/IMG_0959.jpg,52.5,61.25,336.0,32-64px,126.1,164.0,-37.9,2.07,202.3
train/IMG_0959.jpg,72.5,82.92,464.0,64-128px,141.2,71.9,69.3,9.23,877.9
train/IMG_0959.jpg,90.42,93.75,578.7,64-128px,187.2,102.6,84.6,8.91,2928.8
train/IMG_0959.jpg,71.67,74.17,458.7,64-128px,146.1,113.5,32.6,7.03,3222.8
train/IMG_0959.jpg,70.0,84.17,448.0,64-128px,131.9,120.2,11.7,7.13,3672.3
train/IMG_0959.jpg,10.83,30.83,69.3,<16px,46.3,94.0,-47.7,1.18,78.7
train/IMG_0959.jpg,47.92,50.83,306.7,32-64px,118.3,118.9,-0.6,0.01,3832.7
train/IMG_0960.jpg,77.92,91.67,498.7,64-128px,153.5,77.7,75.8,8.62,580.2
train/IMG_0960.jpg,102.08,105.0,653.3,64-128px,180.5,117.9,62.6,10.2,2014.7
train/IMG_0960.jpg,82.92,97.08,530.7,64-128px,132.6,123.3,9.3,8.72,4312.0
train/IMG_0960.jpg,73.33,83.33,469.3,64-128px,143.6,116.3,27.3,5.54,2455.3
train/IMG_0960.jpg,27.08,49.58,173.3,16-32px,93.6,98.8,-5.2,5.37,651.2
train/IMG_0960.jpg,75.83,88.33,485.3,64-128px,200.0,108.0,92.0,3.4,84.5
train/IMG_0960.jpg,16.25,28.75,104.0,16-32px,76.7,120.2,-43.6,2.5,253.8
train/IMG_0960.jpg,35.42,37.5,226.7,32-64px,136.2,134.6,1.6,0.76,937.3
train/IMG_0960.jpg,25.0,40.83,160.0,16-32px,65.8,94.9,-29.1,0.9,113.8
train/IMG_0960.jpg,84.58,97.08,541.3,64-128px,171.5,78.3,93.2,10.59,236.1
train/IMG_0962.jpg,50.83,52.92,325.3,32-64px,147.6,85.1,62.4,1.58,2408.6
train/IMG_0962.jpg,50.42,51.67,322.7,32-64px,174.5,93.6,80.8,3.38,3853.5
train/IMG_0962.jpg,51.67,54.17,330.7,32-64px,169.9,77.9,92.0,5.88,2071.5
train/IMG_0962.jpg,17.08,18.75,109.3,16-32px,105.5,114.7,-9.1,5.35,149.3
train/IMG_0962.jpg,29.17,32.08,186.7,16-32px,104.5,62.5,42.0,1.87,186.9
train/IMG_0962.jpg,29.17,30.83,186.7,16-32px,134.1,110.3,23.7,7.01,625.7
train/IMG_0962.jpg,14.58,15.0,93.3,<16px,93.8,81.2,12.5,5.72,101.4
train/IMG_0962.jpg,12.08,14.58,77.3,<16px,165.4,145.2,20.3,1.44,235.3
train/IMG_0962.jpg,14.17,22.08,90.7,<16px,133.9,94.7,39.3,7.49,237.8
train/IMG_0962.jpg,12.5,15.0,80.0,<16px,163.1,166.4,-3.3,5.53,145.0
train/IMG_0962.jpg,22.5,24.17,144.0,16-32px,109.8,81.5,28.3,3.06,230.9
train/IMG_0962.jpg,13.33,14.17,85.3,<16px,101.8,121.4,-19.6,4.9,108.7
train/IMG_0962.jpg,16.67,17.5,106.7,16-32px,77.3,66.8,10.4,1.65,296.7
train/IMG_0962.jpg,19.17,20.42,122.7,16-32px,117.8,81.0,36.8,4.78,397.6
train/IMG_0962.jpg,15.83,19.17,101.3,<16px,74.3,110.6,-36.3,1.57,192.3
train/IMG_0962.jpg,15.83,19.58,101.3,<16px,103.3,118.3,-14.9,5.97,108.4
train/IMG_0962.jpg,14.58,20.83,93.3,<16px,202.3,114.7,87.6,14.88,152.6
train/IMG_0962.jpg,18.33,19.17,117.3,16-32px,125.4,114.2,11.2,2.63,803.4
train/IMG_0962.jpg,12.92,13.33,82.7,<16px,149.7,122.0,27.8,1.56,215.1
train/IMG_0962.jpg,3.33,5.42,21.3,<16px,153.6,145.8,7.8,1.93,3.4
train/IMG_0962.jpg,5.0,8.75,32.0,<16px,152.7,143.5,9.2,0.01,11.7
train/IMG_0963.jpg,52.08,53.33,333.3,32-64px,153.5,85.0,68.5,1.74,2900.6
train/IMG_0963.jpg,53.75,57.5,344.0,32-64px,171.7,79.7,92.1,4.55,2365.5
train/IMG_0963.jpg,50.83,51.25,325.3,32-64px,175.2,102.8,72.4,3.49,3613.4
train/IMG_0963.jpg,22.92,25.83,146.7,16-32px,123.7,94.8,29.0,7.47,795.8
train/IMG_0963.jpg,15.42,17.5,98.7,<16px,101.5,106.8,-5.3,7.43,74.9
train/IMG_0963.jpg,14.17,19.58,90.7,<16px,201.1,123.2,77.9,13.67,125.4
train/IMG_0963.jpg,15.42,17.5,98.7,<16px,201.8,109.6,92.2,4.31,128.2
train/IMG_0963.jpg,30.0,30.83,192.0,16-32px,103.6,55.6,48.0,2.35,165.7
train/IMG_0963.jpg,18.33,27.92,117.3,16-32px,132.6,59.5,73.1,1.71,92.6
train/IMG_0963.jpg,24.58,24.58,157.3,16-32px,115.7,90.4,25.3,1.91,327.2
train/IMG_0963.jpg,9.58,10.42,61.3,<16px,144.6,129.6,15.0,1.99,67.9
train/IMG_0963.jpg,6.67,8.33,42.7,<16px,93.3,96.2,-2.9,2.24,7.2
train/IMG_0963.jpg,14.58,14.58,93.3,<16px,115.6,112.1,3.5,0.68,471.7
train/IMG_0963.jpg,18.75,20.83,120.0,16-32px,149.0,137.4,11.6,1.69,1148.4
train/IMG_0963.jpg,2.92,8.75,18.7,<16px,156.4,161.9,-5.5,0.41,11.6
train/IMG_0963.jpg,4.17,5.0,26.7,<16px,75.7,79.8,-4.2,0.16,2.2
train/IMG_0963.jpg,5.0,5.83,32.0,<16px,96.3,107.8,-11.5,2.26,5.7
train/IMG_0963.jpg,15.0,15.42,96.0,<16px,121.1,111.7,9.4,1.82,531.3
train/IMG_0963.jpg,12.08,20.83,77.3,<16px,72.8,99.5,-26.7,0.45,339.8
train/IMG_0963.jpg,13.33,18.75,85.3,<16px,124.9,163.2,-38.3,2.76,182.0
train/IMG_0963.jpg,14.17,18.75,90.7,<16px,120.0,77.3,42.8,2.94,256.4
val/IMG_0014.jpg,65.0,70.42,312.0,64-128px,123.5,148.7,-25.2,3.94,8313.9
val/IMG_0014.jpg,52.08,61.67,250.0,32-64px,106.8,110.4,-3.7,1.24,3253.5
val/IMG_0014.jpg,50.0,55.0,240.0,32-64px,64.3,76.2,-11.9,1.73,459.2
val/IMG_0014.jpg,27.92,39.17,134.0,16-32px,37.9,90.5,-52.7,3.28,162.6
val/IMG_0014.jpg,10.83,11.67,52.0,<16px,108.9,87.2,21.7,3.25,5.8
val/IMG_0016.jpg,68.75,77.08,330.0,64-128px,74.5,97.4,-22.9,9.54,1393.2
val/IMG_0019.jpg,69.17,72.08,332.0,64-128px,141.7,124.3,17.5,3.98,6322.6
val/IMG_0019.jpg,55.83,57.92,268.0,32-64px,95.7,157.1,-61.4,4.29,7417.2
val/IMG_0019.jpg,65.0,68.75,312.0,64-128px,131.9,108.2,23.7,3.04,8080.6
val/IMG_0019.jpg,52.08,57.5,250.0,32-64px,83.2,100.9,-17.7,0.65,6081.8
val/IMG_0019.jpg,40.0,42.08,192.0,32-64px,99.3,171.3,-72.0,3.93,2563.8
val/IMG_0019.jpg,36.25,53.33,174.0,32-64px,143.3,148.7,-5.4,0.3,4859.4
val/IMG_0019.jpg,17.5,32.08,84.0,16-32px,65.8,117.3,-51.5,3.78,698.1
val/IMG_0019.jpg,30.0,35.83,144.0,16-32px,53.6,133.9,-80.2,4.11,3419.4
val/IMG_0022.jpg,70.42,70.83,338.0,64-128px,112.1,79.5,32.6,5.37,6233.9
val/IMG_0025.jpg,69.17,73.33,332.0,64-128px,130.7,120.6,10.1,2.32,6408.0
val/IMG_0025.jpg,48.75,62.92,234.0,32-64px,107.5,166.4,-58.8,7.56,4136.8
val/IMG_0025.jpg,87.92,88.33,422.0,64-128px,155.4,178.2,-22.8,9.7,6255.0
val/IMG_0025.jpg,68.75,73.75,330.0,64-128px,134.0,98.6,35.4,3.61,5671.4
val/IMG_0025.jpg,22.92,35.0,110.0,16-32px,124.4,169.7,-45.3,2.17,826.6
val/IMG_0025.jpg,23.33,35.42,112.0,16-32px,175.4,159.7,15.8,1.89,744.5
val/IMG_0025.jpg,33.33,43.33,160.0,32-64px,138.1,122.5,15.5,8.49,326.0
val/IMG_0025.jpg,33.33,47.5,160.0,32-64px,82.7,134.1,-51.4,10.87,1018.8
val/IMG_0030.jpg,40.42,40.42,194.0,32-64px,124.2,110.0,14.1,4.3,4694.5
val/IMG_0030.jpg,25.42,36.67,122.0,16-32px,75.3,77.2,-1.8,0.36,1046.9
val/IMG_0033.jpg,31.25,39.17,150.0,16-32px,78.7,97.9,-19.1,2.67,3367.9
val/IMG_0034.jpg,46.25,48.33,222.0,32-64px,116.6,156.9,-40.2,2.28,8411.8
val/IMG_0034.jpg,72.5,82.92,348.0,64-128px,86.9,159.3,-72.4,6.8,4568.9
val/IMG_0034.jpg,41.67,67.5,200.0,32-64px,102.9,106.4,-3.5,0.04,4348.1
val/IMG_0040.jpg,18.33,24.17,88.0,16-32px,121.3,112.0,9.3,1.93,390.9
val/IMG_0040.jpg,51.67,56.67,248.0,32-64px,98.4,183.5,-85.1,6.21,4519.4
val/IMG_0040.jpg,24.58,32.08,118.0,16-32px,71.2,144.3,-73.1,1.17,2153.3
val/IMG_0040.jpg,59.58,64.17,286.0,32-64px,141.9,114.3,27.6,5.83,7111.5
val/IMG_0040.jpg,45.42,53.33,218.0,32-64px,111.5,155.1,-43.6,0.26,7297.7
val/IMG_0040.jpg,17.92,47.5,86.0,16-32px,168.8,138.1,30.7,7.17,2929.5
val/IMG_0040.jpg,43.33,62.08,208.0,32-64px,159.9,173.2,-13.3,4.88,9112.5
val/IMG_0041.jpg,61.67,67.92,296.0,32-64px,145.7,187.9,-42.1,0.32,3458.4
val/IMG_0041.jpg,55.42,55.83,266.0,32-64px,123.6,136.5,-12.9,2.08,9914.2
val/IMG_0041.jpg,45.42,47.5,218.0,32-64px,122.3,118.9,3.4,1.5,1653.9
val/IMG_0041.jpg,56.67,57.08,272.0,32-64px,148.1,138.4,9.7,0.53,10043.2
val/IMG_0043.jpg,22.08,28.75,106.0,16-32px,82.3,170.4,-88.1,1.18,4195.8
val/IMG_0043.jpg,38.75,45.42,186.0,32-64px,145.3,157.0,-11.6,4.87,4387.4
val/IMG_0043.jpg,52.5,66.25,252.0,32-64px,72.6,107.2,-34.6,0.41,4921.5
val/IMG_0043.jpg,37.5,64.58,180.0,32-64px,50.9,115.1,-64.3,4.59,2933.1
val/IMG_0043.jpg,37.92,47.5,182.0,32-64px,81.8,119.5,-37.8,1.43,1986.3
val/IMG_0052.jpg,57.92,59.17,278.0,32-64px,103.0,135.8,-32.8,4.83,5616.8
val/IMG_0052.jpg,60.42,62.08,290.0,32-64px,89.9,104.6,-14.7,2.89,3523.9
val/IMG_0052.jpg,30.42,32.5,146.0,16-32px,32.4,111.0,-78.6,1.93,566.5
val/IMG_0055.jpg,70.0,75.83,336.0,64-128px,123.0,119.9,3.0,5.79,12164.3
val/IMG_0055.jpg,67.5,82.5,324.0,64-128px,114.2,134.8,-20.5,2.78,10562.9
val/IMG_0055.jpg,50.42,74.58,242.0,32-64px,111.1,101.6,9.5,0.26,7777.0
val/IMG_0064.jpg,35.0,41.67,168.0,32-64px,142.4,135.0,7.4,6.16,4472.7
val/IMG_0064.jpg,46.67,46.67,224.0,32-64px,139.3,112.9,26.5,0.81,7942.6
val/IMG_0064.jpg,36.67,37.5,176.0,32-64px,131.6,101.5,30.1,9.71,3522.5
val/IMG_0064.jpg,35.0,35.42,168.0,32-64px,78.9,155.3,-76.4,1.6,1516.5
val/IMG_0064.jpg,73.75,74.58,354.0,64-128px,196.0,186.0,9.9,2.59,5187.9
val/IMG_0064.jpg,42.08,51.25,202.0,32-64px,123.8,154.6,-30.8,1.24,2072.9
val/IMG_0064.jpg,12.92,47.08,62.0,<16px,108.7,141.0,-32.3,3.16,803.0
val/IMG_0064.jpg,21.25,35.83,102.0,16-32px,107.6,131.1,-23.5,2.09,1082.1
val/IMG_0067.jpg,57.08,59.17,274.0,32-64px,173.9,166.6,7.4,1.14,7293.1
val/IMG_0067.jpg,39.17,40.42,188.0,32-64px,147.1,165.6,-18.5,9.41,816.3
val/IMG_0075.jpg,25.42,25.42,122.0,16-32px,146.3,141.4,4.9,2.54,1761.0
val/IMG_0075.jpg,40.83,43.75,196.0,32-64px,178.3,138.8,39.5,6.07,4983.5
val/IMG_0075.jpg,25.42,42.92,122.0,16-32px,119.4,162.4,-43.0,1.96,1434.1
val/IMG_0075.jpg,20.42,23.75,98.0,16-32px,130.8,175.9,-45.1,0.48,1015.9
val/IMG_0075.jpg,15.0,32.92,72.0,<16px,111.4,164.9,-53.5,4.66,736.6
val/IMG_0075.jpg,7.5,12.5,36.0,<16px,95.0,145.3,-50.3,1.09,102.3
val/IMG_0075.jpg,7.5,27.92,36.0,<16px,100.6,114.2,-13.7,0.63,105.4
val/IMG_0075.jpg,30.42,46.25,146.0,16-32px,131.5,144.5,-13.0,0.27,1572.4
val/IMG_0078.jpg,32.08,38.33,154.0,32-64px,129.4,174.6,-45.1,0.34,105.4
val/IMG_0078.jpg,78.33,79.17,376.0,64-128px,151.6,176.7,-25.1,1.92,148.5
val/IMG_0078.jpg,85.0,94.58,408.0,64-128px,160.3,184.0,-23.6,1.68,772.1
val/IMG_0078.jpg,40.83,70.42,196.0,32-64px,169.6,176.6,-7.0,1.78,599.7
val/IMG_0078.jpg,107.92,113.75,518.0,64-128px,168.0,155.2,12.8,0.96,4326.4
val/IMG_0078.jpg,133.75,135.42,642.0,>=128px,158.4,120.5,37.8,1.08,7792.8
val/IMG_0079.jpg,45.83,48.33,220.0,32-64px,186.4,159.5,26.9,12.97,4190.0
val/IMG_0079.jpg,45.83,46.25,220.0,32-64px,195.1,141.7,53.3,9.97,2822.4
val/IMG_0081.jpg,35.42,52.08,170.0,32-64px,139.3,180.1,-40.7,5.68,2745.3
val/IMG_0081.jpg,62.08,62.5,298.0,32-64px,167.1,166.9,0.2,1.63,5087.7
val/IMG_0081.jpg,41.25,43.33,198.0,32-64px,147.0,140.4,6.7,6.95,2875.2
val/IMG_0081.jpg,51.67,61.67,248.0,32-64px,161.2,129.7,31.5,2.34,2507.1
val/IMG_0081.jpg,48.33,53.33,232.0,32-64px,128.0,150.1,-22.2,2.94,2727.6
val/IMG_0081.jpg,52.92,53.33,254.0,32-64px,164.9,123.2,41.7,3.74,6873.4
val/IMG_0081.jpg,37.92,38.33,182.0,32-64px,151.4,122.2,29.3,1.68,3579.5
val/IMG_0081.jpg,45.0,45.0,216.0,32-64px,163.0,161.8,1.2,5.92,3969.9
val/IMG_0081.jpg,36.25,42.92,174.0,32-64px,105.8,113.7,-7.9,0.05,1989.2
val/IMG_0081.jpg,42.08,45.83,202.0,32-64px,97.2,131.8,-34.6,1.43,2961.5
val/IMG_0081.jpg,43.33,43.75,208.0,32-64px,108.2,107.0,1.2,3.2,2468.1
val/IMG_0081.jpg,49.17,50.83,236.0,32-64px,174.5,132.9,41.6,8.37,5119.4
val/IMG_0081.jpg,63.33,66.67,304.0,32-64px,166.4,156.6,9.8,8.26,3810.9
val/IMG_0081.jpg,28.33,31.25,136.0,16-32px,116.0,146.8,-30.8,0.46,1208.1
val/IMG_0093.jpg,57.5,65.0,276.0,32-64px,171.2,180.7,-9.5,1.44,2261.5
val/IMG_0093.jpg,61.67,62.5,296.0,32-64px,154.2,156.2,-1.9,4.66,5060.9
val/IMG_0093.jpg,32.5,35.0,156.0,32-64px,156.4,157.8,-1.3,4.07,521.8
val/IMG_0093.jpg,57.08,58.33,274.0,32-64px,154.9,136.7,18.1,3.2,1394.7
val/IMG_0093.jpg,35.0,58.33,168.0,32-64px,185.6,161.3,24.3,5.79,888.4
val/IMG_0093.jpg,17.92,35.0,86.0,16-32px,122.6,103.1,19.5,2.93,79.8
val/IMG_0093.jpg,26.67,53.75,128.0,16-32px,151.3,153.4,-2.1,2.74,1450.3
val/IMG_0094.jpg,93.33,100.0,448.0,64-128px,146.3,141.8,4.6,1.85,10349.5
val/IMG_0096.jpg,82.08,89.17,394.0,64-128px,153.2,104.0,49.1,6.58,8782.2
val/IMG_0097.jpg,12.5,44.58,60.0,<16px,90.3,148.9,-58.6,2.4,2174.2
val/IMG_0097.jpg,62.5,77.5,300.0,32-64px,164.2,117.4,46.8,2.56,16808.6
val/IMG_0097.jpg,65.83,68.33,316.0,64-128px,98.1,165.7,-67.5,1.84,5953.9
val/IMG_0097.jpg,24.17,48.75,116.0,16-32px,58.7,181.5,-122.9,1.05,2370.3
val/IMG_0097.jpg,42.08,74.17,202.0,32-64px,146.5,204.1,-57.6,1.89,8056.3
val/IMG_0097.jpg,19.58,30.42,94.0,16-32px,211.2,188.6,22.6,9.77,3147.2
val/IMG_0097.jpg,40.42,64.17,194.0,32-64px,166.1,167.4,-1.3,0.82,9500.6
val/IMG_0097.jpg,42.5,42.92,204.0,32-64px,134.6,165.6,-31.1,0.63,2002.6
val/IMG_0100.jpg,55.42,57.92,266.0,32-64px,171.9,162.8,9.1,12.4,9695.6
val/IMG_0100.jpg,28.75,48.33,138.0,16-32px,202.9,191.8,11.1,7.94,5423.6
val/IMG_0100.jpg,13.33,16.25,64.0,<16px,187.8,143.8,44.0,2.99,40.8
val/IMG_0100.jpg,10.42,10.83,50.0,<16px,94.6,97.7,-3.1,0.96,14.8
val/IMG_0100.jpg,11.67,14.58,56.0,<16px,97.1,110.8,-13.8,1.15,48.6
val/IMG_0100.jpg,10.42,16.67,50.0,<16px,162.9,122.3,40.7,3.83,70.6
val/IMG_0102.jpg,84.58,84.58,406.0,64-128px,154.6,117.1,37.5,3.68,3464.0
val/IMG_0102.jpg,82.08,89.17,394.0,64-128px,158.6,132.1,26.5,7.16,5639.8
val/IMG_0102.jpg,62.92,66.67,302.0,32-64px,156.3,151.2,5.2,5.35,6417.2
val/IMG_0102.jpg,8.75,45.83,42.0,<16px,118.3,149.0,-30.7,1.99,222.0
val/IMG_0108.jpg,87.08,94.17,418.0,64-128px,117.4,149.9,-32.5,1.97,4586.7
val/IMG_0110.jpg,109.58,114.17,526.0,64-128px,178.1,163.2,15.0,0.81,8346.6
val/IMG_0116.jpg,7.5,11.25,36.0,<16px,75.2,131.5,-56.3,5.11,36.6
val/IMG_0116.jpg,9.17,15.42,44.0,<16px,68.4,166.1,-97.8,6.84,290.2
val/IMG_0116.jpg,17.08,25.83,82.0,16-32px,148.9,138.4,10.5,3.56,669.8
val/IMG_0116.jpg,24.58,27.92,118.0,16-32px,96.3,147.2,-50.9,7.05,1171.7
val/IMG_0116.jpg,11.67,18.75,56.0,<16px,179.8,165.9,13.9,3.84,128.9
val/IMG_0116.jpg,21.25,27.5,102.0,16-32px,125.1,167.1,-42.1,2.25,680.7
val/IMG_0116.jpg,63.33,65.83,304.0,32-64px,120.0,137.5,-17.4,0.53,15567.9
val/IMG_0116.jpg,24.17,25.83,116.0,16-32px,67.3,112.8,-45.5,2.66,391.2
val/IMG_0116.jpg,65.0,66.67,312.0,64-128px,134.1,138.4,-4.3,1.67,10297.2
val/IMG_0116.jpg,63.33,66.25,304.0,32-64px,105.0,105.2,-0.2,0.52,6051.2
val/IMG_0116.jpg,53.75,59.17,258.0,32-64px,78.8,120.7,-41.9,0.79,3137.1
val/IMG_0116.jpg,25.42,25.42,122.0,16-32px,68.5,85.6,-17.1,0.71,199.9
val/IMG_0116.jpg,24.17,25.42,116.0,16-32px,116.3,145.0,-28.7,5.02,272.5
val/IMG_0116.jpg,22.08,22.08,106.0,16-32px,61.7,102.5,-40.8,1.38,236.7
val/IMG_0116.jpg,24.17,37.5,116.0,16-32px,94.1,101.5,-7.4,1.87,454.3
val/IMG_0116.jpg,10.83,26.67,52.0,<16px,39.0,83.8,-44.8,1.94,88.3
val/IMG_0117.jpg,42.92,42.92,206.0,32-64px,146.4,120.8,25.6,0.39,10721.6
val/IMG_0120.jpg,43.33,48.75,208.0,32-64px,162.1,162.2,-0.1,0.17,4119.1
val/IMG_0120.jpg,38.33,40.0,184.0,32-64px,133.8,81.4,52.4,0.18,5115.3
val/IMG_0120.jpg,7.92,19.58,38.0,<16px,105.1,152.4,-47.3,3.98,182.7
val/IMG_0120.jpg,22.5,37.5,108.0,16-32px,137.8,142.2,-4.4,1.53,1914.4
val/IMG_0120.jpg,30.83,42.5,148.0,16-32px,85.6,117.5,-31.9,4.33,4259.3
val/IMG_0121.jpg,124.17,125.0,596.0,64-128px,143.2,183.9,-40.6,2.77,5928.3
val/IMG_0121.jpg,76.25,76.25,366.0,64-128px,144.3,174.3,-30.1,2.43,7956.3
val/IMG_0121.jpg,75.42,85.0,362.0,64-128px,159.2,158.7,0.5,6.8,7708.2
val/IMG_0121.jpg,41.67,93.33,200.0,32-64px,143.9,126.7,17.2,3.98,4195.1
val/IMG_0128.jpg,96.67,103.75,464.0,64-128px,93.6,166.8,-73.2,2.04,3077.8
val/IMG_0128.jpg,40.83,79.58,196.0,32-64px,181.4,172.1,9.3,2.91,1092.1
val/IMG_0128.jpg,20.0,35.42,96.0,16-32px,90.9,154.4,-63.5,2.96,356.7
val/IMG_0129.jpg,88.33,90.83,424.0,64-128px,154.2,159.3,-5.1,6.33,5318.5
val/IMG_0131.jpg,85.83,92.5,412.0,64-128px,129.3,169.1,-39.8,6.14,5994.1
val/IMG_0131.jpg,37.92,43.75,182.0,32-64px,131.8,158.2,-26.4,5.45,6432.0
val/IMG_0131.jpg,39.58,57.5,190.0,32-64px,97.1,165.3,-68.2,2.19,895.1
val/IMG_0154.jpg,139.17,142.5,668.0,>=128px,157.3,115.8,41.5,8.74,2476.5
val/IMG_0163.jpg,69.58,75.0,334.0,64-128px,140.5,140.2,0.3,2.31,3458.8
val/IMG_0168.jpg,53.33,58.75,256.0,32-64px,75.7,170.0,-94.4,8.71,3981.3
val/IMG_0168.jpg,44.58,47.08,214.0,32-64px,89.7,164.4,-74.7,6.19,4951.1
val/IMG_0168.jpg,10.42,13.33,50.0,<16px,66.0,143.3,-77.3,0.07,114.3
val/IMG_0168.jpg,21.67,40.0,104.0,16-32px,70.1,114.1,-43.9,1.14,1326.7
val/IMG_0168.jpg,24.58,27.92,118.0,16-32px,86.7,143.1,-56.4,0.91,1085.2
val/IMG_0168.jpg,43.75,44.58,210.0,32-64px,48.3,128.4,-80.0,0.3,1258.7
val/IMG_0171.jpg,40.42,44.17,194.0,32-64px,101.6,140.3,-38.6,10.26,3804.7
val/IMG_0171.jpg,15.0,15.83,72.0,<16px,66.5,63.0,3.5,1.71,69.4
val/IMG_0173.jpg,25.83,48.75,124.0,16-32px,63.8,112.3,-48.5,2.63,418.8
val/IMG_0173.jpg,27.08,45.83,130.0,16-32px,31.4,95.4,-64.0,7.05,246.7
val/IMG_0176.jpg,86.25,87.5,414.0,64-128px,86.5,94.1,-7.6,2.09,9684.9
val/IMG_0176.jpg,57.92,59.58,278.0,32-64px,98.3,159.7,-61.4,3.25,6680.7
val/IMG_0177.jpg,80.0,81.67,384.0,64-128px,104.7,126.2,-21.5,3.1,8161.0
val/IMG_0177.jpg,29.58,52.5,142.0,16-32px,171.6,152.1,19.5,0.25,5436.6
val/IMG_0178.jpg,81.25,81.67,390.0,64-128px,107.3,121.8,-14.5,1.79,5110.4
val/IMG_0178.jpg,10.0,10.42,48.0,<16px,129.7,129.9,-0.2,6.31,7.4
val/IMG_0181.jpg,64.17,64.58,308.0,64-128px,139.5,108.6,30.9,2.01,11528.5
val/IMG_0181.jpg,46.67,50.0,224.0,32-64px,73.2,95.1,-21.9,3.82,3257.5
val/IMG_0181.jpg,42.92,45.0,206.0,32-64px,79.8,92.1,-12.3,5.7,2722.0
val/IMG_0181.jpg,22.92,25.83,110.0,16-32px,49.5,103.4,-53.9,1.2,273.3
val/IMG_0191.jpg,54.58,60.42,262.0,32-64px,87.0,139.8,-52.7,0.38,3189.8
val/IMG_0192.jpg,79.17,79.58,380.0,64-128px,90.2,144.5,-54.3,7.26,4308.1
val/IMG_0192.jpg,95.42,98.75,458.0,64-128px,112.3,127.0,-14.8,2.97,9543.3
val/IMG_0192.jpg,75.83,76.67,364.0,64-128px,104.7,118.2,-13.5,6.46,1867.4
val/IMG_0192.jpg,49.17,54.58,236.0,32-64px,86.7,93.5,-6.8,6.18,288.5
val/IMG_0192.jpg,29.58,32.5,142.0,16-32px,50.2,102.7,-52.6,7.64,423.0
val/IMG_0192.jpg,20.42,23.33,98.0,16-32px,119.8,166.1,-46.3,9.97,222.4
val/IMG_0196.jpg,52.92,55.0,254.0,32-64px,143.7,157.3,-13.5,1.34,5001.6
val/IMG_0196.jpg,34.58,34.58,166.0,32-64px,75.5,64.2,11.3,2.76,978.8
val/IMG_0197.jpg,57.08,57.92,274.0,32-64px,96.8,77.3,19.5,4.76,1807.5
val/IMG_0206.jpg,88.33,97.5,424.0,64-128px,103.9,128.6,-24.8,0.01,10058.5
val/IMG_0206.jpg,34.58,36.25,166.0,32-64px,117.6,175.2,-57.7,5.64,1560.4
val/IMG_0212.jpg,50.83,50.83,244.0,32-64px,82.6,108.6,-26.0,2.49,3246.1
val/IMG_0212.jpg,23.75,23.75,114.0,16-32px,107.3,133.8,-26.5,0.44,362.8
val/IMG_0220.jpg,38.33,63.75,184.0,32-64px,202.7,199.7,3.1,1.38,2512.2
val/IMG_0220.jpg,50.0,55.0,240.0,32-64px,168.4,182.9,-14.5,2.94,3373.5
val/IMG_0220.jpg,60.42,64.17,290.0,32-64px,116.6,149.1,-32.5,2.02,2063.8
val/IMG_0220.jpg,33.33,38.33,160.0,32-64px,102.6,148.3,-45.7,0.75,1685.9
val/IMG_0220.jpg,42.5,45.0,204.0,32-64px,84.0,105.8,-21.8,3.5,1026.7
val/IMG_0220.jpg,56.25,57.5,270.0,32-64px,111.5,104.8,6.7,3.19,1585.8
val/IMG_0220.jpg,29.58,45.0,142.0,16-32px,129.7,112.3,17.4,3.22,1294.2
val/IMG_0220.jpg,55.83,55.83,268.0,32-64px,149.8,114.6,35.2,3.24,2505.5
val/IMG_0220.jpg,48.33,55.42,232.0,32-64px,109.1,134.0,-24.9,0.48,2207.7
val/IMG_0220.jpg,50.83,54.17,244.0,32-64px,112.0,137.1,-25.0,3.31,1578.8
val/IMG_0220.jpg,15.0,17.5,72.0,<16px,194.8,215.2,-20.4,0.46,140.6
val/IMG_0220.jpg,29.58,64.17,142.0,16-32px,128.7,185.7,-57.0,1.97,1661.3
val/IMG_0221.jpg,121.25,128.33,582.0,64-128px,103.0,126.4,-23.5,2.26,2139.8
val/IMG_0221.jpg,84.17,88.33,404.0,64-128px,70.0,93.1,-23.1,3.29,1892.8
val/IMG_0221.jpg,59.58,78.33,286.0,32-64px,83.9,121.8,-37.8,1.77,4089.0
val/IMG_0221.jpg,34.58,50.0,166.0,32-64px,58.2,71.0,-12.8,1.02,370.6
val/IMG_0221.jpg,83.75,110.83,402.0,64-128px,147.8,100.1,47.6,5.14,2718.5
val/IMG_0221.jpg,54.17,92.5,260.0,32-64px,129.7,108.1,21.5,5.48,1945.9
val/IMG_0221.jpg,80.0,105.83,384.0,64-128px,112.9,101.9,11.0,4.87,2135.0
val/IMG_0224.jpg,93.33,93.75,448.0,64-128px,101.5,145.9,-44.4,7.89,6945.8
val/IMG_0224.jpg,64.58,137.92,310.0,64-128px,95.2,112.6,-17.3,2.22,2246.8
val/IMG_0229.jpg,52.5,56.25,252.0,32-64px,71.0,168.9,-98.0,0.0,5410.3
val/IMG_0229.jpg,24.17,50.83,116.0,16-32px,52.9,107.1,-54.2,0.8,1802.2
val/IMG_0229.jpg,35.83,63.33,172.0,32-64px,83.0,125.6,-42.7,4.42,5414.5
val/IMG_0229.jpg,92.92,95.83,446.0,64-128px,89.7,100.7,-11.1,0.16,1146.3
val/IMG_0236.jpg,59.17,62.08,284.0,32-64px,116.6,127.5,-10.9,2.35,5873.4
val/IMG_0236.jpg,67.92,68.75,326.0,64-128px,121.0,130.4,-9.4,0.7,10627.3
val/IMG_0236.jpg,60.0,67.92,288.0,32-64px,140.4,147.6,-7.2,0.33,5459.7
val/IMG_0236.jpg,34.17,38.33,164.0,32-64px,112.5,92.4,20.1,1.04,2207.4
val/IMG_0236.jpg,7.08,18.33,34.0,<16px,146.1,104.0,42.1,0.75,312.1
val/IMG_0239.jpg,52.5,52.92,252.0,32-64px,119.0,108.4,10.6,1.88,8047.9
val/IMG_0239.jpg,51.25,52.5,246.0,32-64px,149.0,131.8,17.1,3.51,7806.2
val/IMG_0239.jpg,12.92,13.33,62.0,<16px,80.7,109.0,-28.3,4.18,23.4
val/IMG_0242.jpg,85.0,88.33,408.0,64-128px,139.1,181.4,-42.3,0.47,4099.6
val/IMG_0242.jpg,44.17,48.75,212.0,32-64px,110.2,161.9,-51.7,5.37,3842.6
val/IMG_0242.jpg,22.5,35.0,108.0,16-32px,152.9,152.6,0.3,2.23,655.3
val/IMG_0242.jpg,39.17,42.08,188.0,32-64px,120.6,116.6,4.0,2.2,2894.5
val/IMG_0242.jpg,24.58,27.92,118.0,16-32px,84.9,159.7,-74.8,1.29,1452.2
val/IMG_0242.jpg,20.42,23.33,98.0,16-32px,76.4,130.0,-53.6,1.8,979.5
val/IMG_0242.jpg,44.17,48.33,212.0,32-64px,109.7,96.7,12.9,2.05,3886.1
val/IMG_0242.jpg,55.83,56.67,268.0,32-64px,91.6,98.9,-7.2,0.33,4052.7
val/IMG_0242.jpg,58.75,58.75,282.0,32-64px,98.1,88.1,10.0,0.05,3921.7
val/IMG_0242.jpg,13.75,15.0,66.0,<16px,132.6,133.0,-0.3,4.18,29.8
val/IMG_0242.jpg,24.58,38.75,118.0,16-32px,126.2,155.8,-29.6,3.32,952.7
val/IMG_0243.jpg,92.08,97.5,442.0,64-128px,108.4,119.2,-10.7,0.38,6406.0
val/IMG_0243.jpg,43.33,61.25,208.0,32-64px,134.1,128.6,5.5,1.85,4344.4
val/IMG_0243.jpg,34.17,44.17,164.0,32-64px,174.4,127.6,46.8,1.48,2701.8
val/IMG_0243.jpg,72.5,78.75,348.0,64-128px,132.0,107.1,25.0,2.72,6400.2
val/IMG_0243.jpg,29.58,50.42,142.0,16-32px,63.2,164.2,-101.0,5.95,595.0
val/IMG_0243.jpg,39.58,52.92,190.0,32-64px,188.6,208.1,-19.6,3.32,1675.0
val/IMG_0243.jpg,97.08,102.5,466.0,64-128px,103.8,93.3,10.5,1.85,5825.2
val/IMG_0243.jpg,18.33,28.33,88.0,16-32px,204.5,188.1,16.4,5.84,229.3
val/IMG_0243.jpg,28.75,41.67,138.0,16-32px,106.6,163.3,-56.7,1.7,438.3
val/IMG_0243.jpg,59.58,62.08,286.0,32-64px,63.6,155.0,-91.4,2.82,3396.1
val/IMG_0257.jpg,132.5,133.33,636.0,>=128px,159.4,151.0,8.5,2.94,6532.3
val/IMG_0257.jpg,48.75,52.08,234.0,32-64px,121.1,142.7,-21.6,3.97,1204.8
val/IMG_0264.jpg,71.25,78.33,342.0,64-128px,132.0,114.4,17.6,2.4,5672.2
val/IMG_0264.jpg,67.08,71.67,322.0,64-128px,129.9,135.6,-5.7,1.09,7469.6
val/IMG_0264.jpg,52.5,62.92,252.0,32-64px,82.6,118.5,-35.8,0.39,3430.6
val/IMG_0264.jpg,64.17,74.58,308.0,64-128px,187.0,174.0,13.0,0.69,4046.5
val/IMG_0264.jpg,25.0,51.25,120.0,16-32px,54.5,161.3,-106.7,7.56,1177.5
val/IMG_0267.jpg,17.5,21.67,84.0,16-32px,69.2,63.7,5.5,3.43,18.7
val/IMG_0277.jpg,40.0,40.83,192.0,32-64px,157.3,104.2,53.1,9.78,8985.9
val/IMG_0278.jpg,147.92,153.33,710.0,>=128px,114.3,121.0,-6.7,0.23,2083.8
val/IMG_0278.jpg,155.42,160.83,746.0,>=128px,117.0,112.2,4.8,2.97,2273.8
val/IMG_0278.jpg,95.83,120.42,460.0,64-128px,99.7,137.5,-37.7,2.28,340.6
val/IMG_0279.jpg,59.58,65.0,286.0,32-64px,74.5,122.4,-47.8,2.27,3170.8
val/IMG_0279.jpg,27.5,30.0,132.0,16-32px,36.8,33.2,3.6,1.02,29.8
val/IMG_0279.jpg,22.92,24.17,110.0,16-32px,32.4,67.9,-35.5,2.08,131.1
val/IMG_0280.jpg,45.42,48.75,218.0,32-64px,86.0,120.8,-34.7,1.79,4635.4
val/IMG_0280.jpg,49.58,50.83,238.0,32-64px,98.1,165.6,-67.4,5.45,4385.2
val/IMG_0280.jpg,47.08,49.58,226.0,32-64px,51.0,98.9,-47.9,2.76,3200.4
val/IMG_0280.jpg,10.42,23.33,50.0,<16px,49.1,71.9,-22.8,0.25,226.6
val/IMG_0280.jpg,7.5,11.67,36.0,<16px,71.7,109.5,-37.8,4.05,146.9
val/IMG_0280.jpg,9.17,12.08,44.0,<16px,104.0,107.1,-3.2,0.12,204.4
val/IMG_0286.jpg,65.42,67.08,314.0,64-128px,111.8,104.0,7.8,3.95,5456.8
val/IMG_0286.jpg,63.33,64.17,304.0,32-64px,88.5,114.1,-25.6,1.84,2719.7
val/IMG_0286.jpg,35.0,52.5,168.0,32-64px,137.5,136.0,1.4,4.78,1415.1
val/IMG_0293.jpg,44.17,49.58,212.0,32-64px,97.5,160.3,-62.8,2.82,952.3
val/IMG_0293.jpg,17.5,45.83,84.0,16-32px,130.2,169.0,-38.8,2.23,202.4
val/IMG_0293.jpg,22.08,22.92,106.0,16-32px,202.3,182.1,20.2,0.25,238.3
val/IMG_0293.jpg,43.33,63.75,208.0,32-64px,175.8,158.6,17.2,3.29,1346.0
val/IMG_0296.jpg,63.33,78.33,304.0,32-64px,123.8,151.9,-28.2,1.57,6871.1
val/IMG_0299.jpg,30.83,37.92,148.0,16-32px,132.3,160.0,-27.7,7.28,3451.7
val/IMG_0299.jpg,49.58,52.5,238.0,32-64px,146.9,103.0,43.9,5.87,6085.5
val/IMG_0299.jpg,33.75,38.75,162.0,32-64px,130.1,134.7,-4.6,7.19,4580.7
val/IMG_0299.jpg,27.5,30.42,132.0,16-32px,119.0,126.5,-7.5,5.06,2233.8
val/IMG_0299.jpg,37.5,42.5,180.0,32-64px,71.5,89.8,-18.3,2.3,1262.7
val/IMG_0299.jpg,13.75,31.25,66.0,<16px,107.1,140.6,-33.5,1.2,194.4
val/IMG_0301.jpg,48.33,50.0,232.0,32-64px,125.7,135.5,-9.8,0.39,4553.9
val/IMG_0301.jpg,37.5,39.17,180.0,32-64px,78.0,99.1,-21.2,0.54,1064.3
val/IMG_0303.jpg,115.83,122.92,556.0,64-128px,95.7,94.2,1.5,2.42,3351.5
val/IMG_0303.jpg,39.17,101.67,188.0,32-64px,168.3,83.6,84.7,6.05,3997.5
val/IMG_0303.jpg,43.33,46.25,208.0,32-64px,76.9,138.3,-61.4,0.64,1740.4
val/IMG_0303.jpg,35.42,52.92,170.0,32-64px,98.2,125.7,-27.4,3.94,1680.0
val/IMG_0303.jpg,18.33,22.92,88.0,16-32px,172.6,133.9,38.7,0.71,174.7
val/IMG_0304.jpg,37.5,40.0,180.0,32-64px,92.9,125.5,-32.6,1.81,1067.4
val/IMG_0304.jpg,27.92,31.67,134.0,16-32px,105.3,103.5,1.9,4.24,619.2
val/IMG_0305.jpg,35.42,36.25,170.0,32-64px,115.6,142.8,-27.2,3.49,3209.4
val/IMG_0305.jpg,45.83,50.83,220.0,32-64px,133.3,126.5,6.8,1.66,4697.4
val/IMG_0305.jpg,46.25,47.08,222.0,32-64px,127.6,136.8,-9.3,0.67,3506.6
val/IMG_0305.jpg,34.58,35.0,166.0,32-64px,71.9,133.0,-61.1,2.17,1425.8
val/IMG_0305.jpg,34.17,35.0,164.0,32-64px,63.1,88.5,-25.4,0.27,1430.3
val/IMG_0305.jpg,27.5,29.17,132.0,16-32px,91.5,79.0,12.5,4.56,1132.9
val/IMG_0305.jpg,29.17,30.0,140.0,16-32px,76.2,97.4,-21.1,2.54,1236.2
val/IMG_0305.jpg,30.0,33.33,144.0,16-32px,103.8,122.2,-18.4,1.68,1087.0
val/IMG_0305.jpg,37.08,39.17,178.0,32-64px,112.3,67.5,44.7,7.82,573.3
val/IMG_0305.jpg,30.42,34.58,146.0,16-32px,50.1,76.6,-26.5,0.62,423.5
val/IMG_0305.jpg,26.25,30.42,126.0,16-32px,62.4,119.8,-57.4,0.35,1586.7
val/IMG_0305.jpg,19.17,25.83,92.0,16-32px,121.1,120.4,0.7,1.46,964.2
val/IMG_0305.jpg,24.17,31.25,116.0,16-32px,60.2,148.7,-88.6,0.42,1072.2
val/IMG_0305.jpg,7.08,7.5,34.0,<16px,114.7,141.5,-26.8,1.82,16.9
val/IMG_0305.jpg,5.83,6.25,28.0,<16px,101.8,97.6,4.2,0.06,4.6
val/IMG_0305.jpg,22.92,26.67,110.0,16-32px,63.1,81.1,-18.0,1.66,106.5
val/IMG_0305.jpg,29.58,41.67,142.0,16-32px,36.4,87.1,-50.7,4.9,166.9
val/IMG_0305.jpg,4.58,5.42,22.0,<16px,145.2,170.4,-25.2,0.1,8.9
val/IMG_0315.jpg,125.0,126.67,600.0,64-128px,134.7,103.6,31.1,2.25,6899.9
val/IMG_0316.jpg,133.33,155.42,640.0,>=128px,125.7,186.0,-60.3,0.82,3627.5
val/IMG_0316.jpg,140.0,152.92,672.0,>=128px,136.6,166.7,-30.1,4.21,4822.8
val/IMG_0324.jpg,154.17,155.83,740.0,>=128px,135.4,109.2,26.2,4.75,3196.8
val/IMG_0324.jpg,133.33,147.5,640.0,>=128px,111.6,104.0,7.7,0.54,3335.7
val/IMG_0324.jpg,117.92,132.08,566.0,64-128px,84.0,146.9,-62.9,5.66,2190.3
val/IMG_0324.jpg,31.67,120.0,152.0,16-32px,90.6,136.4,-45.8,4.86,388.5
val/IMG_0324.jpg,102.5,104.17,492.0,64-128px,92.3,108.4,-16.1,0.41,441.6
val/IMG_0324.jpg,103.33,110.83,496.0,64-128px,92.0,142.3,-50.4,4.25,354.7
val/IMG_0324.jpg,81.67,169.17,392.0,64-128px,132.2,111.9,20.4,9.09,1585.4
val/IMG_0330.jpg,65.42,66.67,314.0,64-128px,69.7,83.4,-13.7,0.4,2669.9
val/IMG_0330.jpg,78.33,80.83,376.0,64-128px,57.1,134.7,-77.6,0.48,1432.0
val/IMG_0330.jpg,68.33,110.42,328.0,64-128px,71.2,138.3,-67.1,0.39,1568.7
val/IMG_0330.jpg,62.08,63.33,298.0,32-64px,77.4,121.8,-44.4,5.6,3248.1
val/IMG_0330.jpg,42.08,45.83,202.0,32-64px,92.0,142.0,-50.0,2.87,1396.9
val/IMG_0330.jpg,73.33,75.42,352.0,64-128px,46.0,71.6,-25.6,1.69,1589.0
val/IMG_0331.jpg,90.83,93.75,436.0,64-128px,77.4,149.6,-72.2,4.11,1899.9
val/IMG_0331.jpg,66.67,68.33,320.0,64-128px,68.2,81.6,-13.4,0.27,174.0
val/IMG_0331.jpg,62.08,65.0,298.0,32-64px,77.4,134.6,-57.1,5.59,331.0
val/IMG_0331.jpg,43.75,47.5,210.0,32-64px,38.0,82.8,-44.8,2.31,360.7
val/IMG_0331.jpg,28.33,72.5,136.0,16-32px,58.8,115.8,-57.0,4.1,951.5
val/IMG_0331.jpg,34.58,50.0,166.0,32-64px,39.4,108.7,-69.2,5.07,230.3
val/IMG_0335.jpg,5.0,5.42,24.0,<16px,72.9,119.1,-46.2,1.21,27.3
val/IMG_0335.jpg,3.33,4.17,16.0,<16px,70.3,101.2,-30.8,1.53,3.6
val/IMG_0337.jpg,5.83,7.08,28.0,<16px,85.1,78.7,6.3,0.06,34.4
val/IMG_0337.jpg,4.58,7.08,22.0,<16px,114.3,94.6,19.7,1.48,14.2
val/IMG_0337.jpg,7.08,7.92,34.0,<16px,41.9,102.4,-60.5,3.08,33.2
val/IMG_0337.jpg,8.33,8.75,40.0,<16px,25.9,65.2,-39.3,1.35,42.4
val/IMG_0337.jpg,11.25,11.67,54.0,<16px,81.3,100.7,-19.4,3.68,120.3
val/IMG_0337.jpg,7.92,8.33,38.0,<16px,86.4,90.5,-4.0,0.81,19.2
val/IMG_0337.jpg,21.67,22.92,104.0,16-32px,89.9,112.7,-22.8,3.56,661.1
val/IMG_0337.jpg,22.5,25.83,108.0,16-32px,80.9,88.5,-7.6,3.22,1010.3
val/IMG_0337.jpg,11.67,12.08,56.0,<16px,69.6,95.8,-26.2,0.9,33.5
val/IMG_0338.jpg,85.0,89.58,408.0,64-128px,139.0,175.1,-36.1,0.58,6580.3
val/IMG_0338.jpg,101.67,102.92,488.0,64-128px,114.9,127.9,-12.9,0.72,6321.3
val/IMG_0338.jpg,82.08,90.83,394.0,64-128px,102.1,125.0,-22.9,0.65,8418.7
val/IMG_0338.jpg,110.42,112.08,530.0,64-128px,136.7,111.2,25.5,11.36,6662.1
val/IMG_0338.jpg,74.17,83.75,356.0,64-128px,63.5,125.3,-61.8,7.31,3303.8
val/IMG_0338.jpg,57.92,92.92,278.0,32-64px,69.2,166.6,-97.4,10.09,2780.5
val/IMG_0338.jpg,108.75,113.33,522.0,64-128px,103.1,118.7,-15.7,0.53,6778.0
val/IMG_0338.jpg,97.5,99.58,468.0,64-128px,100.3,99.7,0.6,0.18,4541.0
val/IMG_0338.jpg,32.92,52.08,158.0,32-64px,80.5,170.0,-89.6,4.11,11302.0
val/IMG_0338.jpg,22.08,30.42,106.0,16-32px,112.9,108.7,4.1,1.33,622.8
val/IMG_0338.jpg,26.25,60.83,126.0,16-32px,207.7,182.5,25.2,1.93,2286.4
val/IMG_0338.jpg,106.25,109.58,510.0,64-128px,124.8,175.1,-50.3,2.32,5042.9
val/IMG_0338.jpg,25.42,53.75,122.0,16-32px,118.6,133.5,-14.9,3.14,555.5
val/IMG_0338.jpg,48.33,77.08,232.0,32-64px,48.4,110.0,-61.6,3.11,2086.6
val/IMG_0340.jpg,75.42,76.25,362.0,64-128px,86.1,107.4,-21.4,0.45,5441.6
val/IMG_0340.jpg,58.33,62.92,280.0,32-64px,80.4,78.8,1.6,0.69,3176.4
val/IMG_0340.jpg,68.75,70.42,330.0,64-128px,97.8,76.0,21.8,2.58,5035.1
val/IMG_0340.jpg,60.0,62.92,288.0,32-64px,96.6,88.6,8.0,1.71,3225.7
val/IMG_0340.jpg,38.33,42.92,184.0,32-64px,78.4,87.5,-9.0,0.68,4834.8
val/IMG_0340.jpg,25.83,31.67,124.0,16-32px,67.4,107.0,-39.6,0.76,1622.4
val/IMG_0340.jpg,24.17,25.83,116.0,16-32px,54.2,82.5,-28.3,2.7,141.9
val/IMG_0340.jpg,35.83,44.58,172.0,32-64px,56.7,81.3,-24.6,2.1,497.9
val/IMG_0340.jpg,26.25,41.67,126.0,16-32px,62.6,145.9,-83.3,3.53,123.6
val/IMG_0350.jpg,82.5,84.58,396.0,64-128px,88.6,105.1,-16.4,1.35,1830.0
val/IMG_0350.jpg,80.0,80.0,384.0,64-128px,55.6,89.3,-33.7,5.39,4366.1
val/IMG_0350.jpg,57.5,58.33,276.0,32-64px,54.1,89.5,-35.4,2.21,2562.5
val/IMG_0350.jpg,56.25,131.67,270.0,32-64px,72.5,134.6,-62.1,0.29,495.8
val/IMG_0351.jpg,60.83,62.92,292.0,32-64px,57.2,109.4,-52.2,2.68,960.0
val/IMG_0351.jpg,60.83,61.25,292.0,32-64px,105.8,150.9,-45.2,3.61,658.6
val/IMG_0351.jpg,37.5,52.92,180.0,32-64px,45.5,89.9,-44.4,4.38,2375.0
val/IMG_0351.jpg,42.08,46.67,202.0,32-64px,45.5,48.3,-2.8,1.81,15.8
val/IMG_0355.jpg,52.08,58.33,250.0,32-64px,106.6,161.3,-54.7,0.4,5885.2
val/IMG_0355.jpg,47.92,54.58,230.0,32-64px,86.2,127.7,-41.5,0.68,2161.7
val/IMG_0360.jpg,61.67,63.75,296.0,32-64px,142.0,116.2,25.8,11.37,7094.1
val/IMG_0362.jpg,44.58,45.0,214.0,32-64px,103.0,129.4,-26.4,7.15,6180.6
val/IMG_0367.jpg,52.08,56.25,250.0,32-64px,139.5,149.8,-10.3,5.84,4285.6
val/IMG_0367.jpg,68.33,69.17,328.0,64-128px,124.0,104.0,20.0,1.41,3807.1
val/IMG_0367.jpg,69.58,70.42,334.0,64-128px,115.0,107.3,7.7,0.77,4891.1
val/IMG_0367.jpg,62.92,73.33,302.0,32-64px,118.3,136.4,-18.1,2.39,4460.2
val/IMG_0367.jpg,50.42,50.83,242.0,32-64px,137.6,147.8,-10.3,0.44,4449.6
val/IMG_0367.jpg,73.33,73.75,352.0,64-128px,115.1,130.7,-15.6,2.43,6331.3
val/IMG_0380.jpg,99.58,147.5,478.0,64-128px,110.8,131.6,-20.8,2.55,3202.3
val/IMG_0380.jpg,53.75,71.67,258.0,32-64px,109.4,141.7,-32.2,1.7,2465.6
val/IMG_0380.jpg,38.75,91.25,186.0,32-64px,53.5,136.1,-82.7,5.84,1492.4
val/IMG_0380.jpg,157.08,158.75,754.0,>=128px,135.0,148.5,-13.5,4.66,3736.7
val/IMG_0381.jpg,66.67,74.58,320.0,64-128px,124.6,139.6,-15.0,2.43,1075.5
val/IMG_0381.jpg,19.17,20.42,92.0,16-32px,129.8,136.0,-6.2,0.61,10.0
val/IMG_0385.jpg,62.5,64.58,300.0,32-64px,72.8,110.0,-37.2,3.89,2524.4
val/IMG_0385.jpg,49.17,54.58,236.0,32-64px,62.4,102.9,-40.5,4.8,3759.5
val/IMG_0385.jpg,42.08,56.25,202.0,32-64px,86.4,107.9,-21.5,4.43,1300.2
val/IMG_0385.jpg,11.25,11.25,54.0,<16px,82.0,76.8,5.2,2.97,5.9
val/IMG_0393.jpg,28.33,28.75,136.0,16-32px,65.0,84.8,-19.8,5.02,527.8
val/IMG_0400.jpg,65.0,74.58,312.0,64-128px,129.0,122.5,6.5,1.12,6297.2
val/IMG_0400.jpg,59.17,62.92,284.0,32-64px,74.8,83.2,-8.3,4.18,2142.7
val/IMG_0404.jpg,34.17,37.5,164.0,32-64px,106.2,165.8,-59.6,7.25,6651.8
val/IMG_0408.jpg,42.08,45.83,202.0,32-64px,119.6,100.7,19.0,6.21,3094.7
val/IMG_0408.jpg,39.58,41.25,190.0,32-64px,134.1,115.6,18.5,0.57,184.9
val/IMG_0413.jpg,51.25,55.0,246.0,32-64px,109.6,116.0,-6.5,1.74,4158.5
val/IMG_0413.jpg,28.33,34.17,136.0,16-32px,80.8,135.8,-55.0,0.31,1427.9
val/IMG_0413.jpg,30.0,41.25,144.0,16-32px,70.6,102.0,-31.4,2.31,532.9
val/IMG_0413.jpg,24.17,29.58,116.0,16-32px,64.9,101.9,-37.0,3.17,2388.0
val/IMG_0417.jpg,69.58,70.83,334.0,64-128px,136.6,154.2,-17.6,0.39,6552.9
val/IMG_0417.jpg,50.0,51.25,240.0,32-64px,137.3,141.9,-4.6,0.14,8375.3
val/IMG_0417.jpg,56.25,61.25,270.0,32-64px,125.0,158.9,-34.0,0.81,6934.8
val/IMG_0417.jpg,55.83,58.33,268.0,32-64px,152.0,86.7,65.3,10.53,7755.0
val/IMG_0417.jpg,39.17,39.17,188.0,32-64px,85.4,63.4,22.0,4.35,293.2
val/IMG_0417.jpg,32.92,36.25,158.0,32-64px,78.7,85.2,-6.5,3.24,337.3
val/IMG_0417.jpg,27.92,37.08,134.0,16-32px,61.2,84.5,-23.3,0.34,192.7
val/IMG_0417.jpg,41.25,42.08,198.0,32-64px,150.7,136.4,14.3,7.4,1913.7
val/IMG_0417.jpg,16.25,24.17,78.0,16-32px,75.5,123.1,-47.5,2.53,382.7
val/IMG_0417.jpg,15.83,33.33,76.0,<16px,65.4,166.4,-101.0,0.19,565.1
val/IMG_0417.jpg,10.83,14.58,52.0,<16px,202.7,189.5,13.2,2.11,62.7
val/IMG_0417.jpg,18.75,18.75,90.0,16-32px,204.8,176.2,28.6,2.2,220.5
val/IMG_0417.jpg,30.0,30.42,144.0,16-32px,87.5,184.3,-96.8,3.15,1444.9
val/IMG_0420.jpg,71.67,72.5,344.0,64-128px,99.2,157.1,-57.8,3.1,5942.1
val/IMG_0420.jpg,57.92,70.42,278.0,32-64px,113.0,145.0,-32.1,2.1,4983.9
val/IMG_0420.jpg,30.83,38.75,148.0,16-32px,47.8,143.3,-95.5,4.94,1046.3
val/IMG_0422.jpg,56.67,59.17,272.0,32-64px,110.9,85.7,25.2,3.34,3743.5
val/IMG_0422.jpg,45.0,46.25,216.0,32-64px,110.1,62.0,48.1,6.76,1979.5
val/IMG_0422.jpg,19.17,21.67,92.0,16-32px,156.0,140.5,15.6,0.66,428.7
val/IMG_0425.jpg,21.67,27.5,104.0,16-32px,101.0,90.7,10.3,0.94,1814.6
val/IMG_0425.jpg,12.08,20.42,58.0,<16px,29.5,65.5,-36.0,1.99,346.9
val/IMG_0426.jpg,51.25,52.5,246.0,32-64px,102.6,97.7,4.9,0.95,5837.8
val/IMG_0426.jpg,17.08,26.25,82.0,16-32px,136.6,176.8,-40.2,1.38,649.1
val/IMG_0426.jpg,13.33,15.83,64.0,<16px,58.5,161.3,-102.8,5.54,309.8
val/IMG_0432.jpg,28.33,31.67,136.0,16-32px,83.8,118.6,-34.8,0.76,3516.0
val/IMG_0432.jpg,27.5,27.92,132.0,16-32px,77.6,131.7,-54.1,7.62,839.9
val/IMG_0432.jpg,23.75,36.67,114.0,16-32px,40.5,112.7,-72.2,5.14,757.4
val/IMG_0445.jpg,60.42,63.33,290.0,32-64px,120.4,110.2,10.1,4.24,8173.6
val/IMG_0445.jpg,57.5,57.5,276.0,32-64px,90.4,106.5,-16.1,2.42,7625.1
val/IMG_0445.jpg,50.83,52.5,244.0,32-64px,122.6,120.6,2.0,3.09,7928.9
val/IMG_0445.jpg,22.5,25.0,108.0,16-32px,162.7,128.6,34.1,4.49,794.1
val/IMG_0445.jpg,19.17,32.5,92.0,16-32px,80.7,124.6,-43.9,2.39,517.6
val/IMG_0445.jpg,14.58,17.92,70.0,<16px,73.1,97.6,-24.5,1.93,79.1
val/IMG_0445.jpg,6.67,12.08,32.0,<16px,133.9,88.3,45.6,6.06,23.4
val/IMG_0445.jpg,5.0,11.67,24.0,<16px,81.2,48.2,33.0,2.71,19.7
val/IMG_0445.jpg,35.42,47.92,170.0,32-64px,56.2,71.7,-15.4,0.62,2016.7
val/IMG_0445.jpg,19.58,22.08,94.0,16-32px,83.9,178.2,-94.2,1.2,318.3
val/IMG_0445.jpg,15.83,26.25,76.0,<16px,188.2,153.6,34.6,0.51,336.6
val/IMG_0448.jpg,102.5,107.92,492.0,64-128px,129.8,119.6,10.3,0.37,5019.0
val/IMG_0451.jpg,161.25,190.42,774.0,>=128px,152.0,166.4,-14.4,5.47,493.4
val/IMG_0451.jpg,37.5,127.5,180.0,32-64px,168.3,168.6,-0.3,9.74,2226.2
val/IMG_0451.jpg,108.75,202.08,522.0,64-128px,108.2,151.5,-43.3,1.53,941.0
val/IMG_0453.jpg,80.0,81.67,384.0,64-128px,145.0,115.3,29.8,2.97,855.7
val/IMG_0453.jpg,78.33,80.0,376.0,64-128px,99.4,95.6,3.7,1.24,1194.3
val/IMG_0453.jpg,44.17,75.83,212.0,32-64px,93.8,128.1,-34.3,1.32,676.3
val/IMG_0454.jpg,92.92,94.17,446.0,64-128px,144.2,135.9,8.3,0.11,7345.0
val/IMG_0454.jpg,85.83,108.33,412.0,64-128px,138.0,136.9,1.1,0.99,7188.6
val/IMG_0454.jpg,71.67,105.0,344.0,64-128px,80.8,141.7,-60.9,2.42,1194.5
val/IMG_0454.jpg,52.92,53.33,254.0,32-64px,96.9,86.8,10.1,3.44,273.8
val/IMG_0454.jpg,70.0,100.42,336.0,64-128px,168.0,118.0,50.0,10.82,5501.9
val/IMG_0454.jpg,35.0,51.25,168.0,32-64px,66.3,100.1,-33.8,0.22,87.1
val/IMG_0459.jpg,70.83,73.33,340.0,64-128px,151.8,161.4,-9.6,0.51,5507.5
val/IMG_0459.jpg,50.42,53.33,242.0,32-64px,132.5,140.3,-7.9,4.56,5483.8
val/IMG_0459.jpg,26.25,41.25,126.0,16-32px,132.0,128.8,3.3,4.1,1266.8
val/IMG_0459.jpg,17.92,42.92,86.0,16-32px,53.8,103.0,-49.2,2.37,411.7
val/IMG_0460.jpg,66.25,67.5,318.0,64-128px,147.7,138.6,9.1,6.59,5905.4
val/IMG_0460.jpg,35.0,52.08,168.0,32-64px,103.6,104.3,-0.8,2.7,2007.8
val/IMG_0460.jpg,80.42,84.17,386.0,64-128px,139.2,184.0,-44.8,0.3,3420.5
val/IMG_0460.jpg,51.67,57.5,248.0,32-64px,86.4,115.8,-29.3,0.54,1750.7
val/IMG_0469.jpg,58.33,58.33,280.0,32-64px,147.5,140.9,6.6,2.04,6476.7
val/IMG_0470.jpg,29.17,31.67,140.0,16-32px,130.8,93.0,37.8,5.99,2560.0
val/IMG_0470.jpg,32.92,33.75,158.0,32-64px,139.4,96.1,43.3,5.75,3988.1
val/IMG_0470.jpg,23.75,26.25,114.0,16-32px,140.8,149.6,-8.8,0.58,913.0
val/IMG_0470.jpg,12.08,12.92,58.0,<16px,66.5,81.9,-15.4,2.34,35.0
val/IMG_0476.jpg,60.83,63.75,292.0,32-64px,146.3,132.0,14.3,0.8,5441.3
val/IMG_0476.jpg,51.67,60.83,248.0,32-64px,124.6,116.5,8.1,0.05,7562.1
val/IMG_0476.jpg,49.17,52.5,236.0,32-64px,155.2,150.5,4.7,9.51,3641.1
val/IMG_0476.jpg,64.17,64.58,308.0,64-128px,156.7,109.5,47.2,6.69,2507.4
val/IMG_0476.jpg,54.17,61.25,260.0,32-64px,106.9,114.1,-7.2,0.75,1890.1
val/IMG_0477.jpg,31.67,35.0,152.0,16-32px,135.2,156.1,-20.8,0.82,3709.3
val/IMG_0477.jpg,65.83,66.25,316.0,64-128px,161.3,125.3,36.0,4.96,1549.5
val/IMG_0477.jpg,21.25,29.58,102.0,16-32px,98.7,153.6,-54.9,2.38,229.9
val/IMG_0477.jpg,20.83,20.83,100.0,16-32px,160.3,170.5,-10.2,2.16,150.7
val/IMG_0477.jpg,12.92,22.5,62.0,<16px,139.7,183.1,-43.4,1.67,161.1
val/IMG_0490.jpg,93.33,94.58,448.0,64-128px,129.4,174.7,-45.4,7.91,2991.7
val/IMG_0490.jpg,85.83,86.67,412.0,64-128px,108.8,138.5,-29.7,3.29,2527.9
val/IMG_0490.jpg,98.75,102.92,474.0,64-128px,95.4,158.3,-62.8,2.68,3081.5
val/IMG_0491.jpg,110.42,113.75,530.0,64-128px,127.9,131.7,-3.9,5.6,1992.3
val/IMG_0491.jpg,99.58,105.0,478.0,64-128px,139.4,167.6,-28.2,0.93,954.5
val/IMG_0491.jpg,40.83,52.92,196.0,32-64px,89.7,134.5,-44.7,1.89,129.4
val/IMG_0511.jpg,34.58,34.58,166.0,32-64px,118.4,143.0,-24.6,3.89,3759.3
val/IMG_0511.jpg,32.5,32.92,156.0,32-64px,120.3,95.5,24.8,3.17,2119.3
val/IMG_0511.jpg,22.5,25.0,108.0,16-32px,53.5,72.5,-18.9,0.26,377.4
val/IMG_0511.jpg,10.42,11.25,50.0,<16px,139.6,111.9,27.7,5.87,207.4
val/IMG_0511.jpg,20.0,20.0,96.0,16-32px,116.4,111.7,4.7,1.88,1167.5
val/IMG_0511.jpg,6.67,7.92,32.0,<16px,115.1,113.2,1.9,0.1,22.1
val/IMG_0511.jpg,10.0,20.83,48.0,<16px,116.4,170.6,-54.2,1.41,607.5
val/IMG_0511.jpg,5.0,6.25,24.0,<16px,123.7,138.5,-14.9,1.98,3.6
val/IMG_0511.jpg,5.0,5.0,24.0,<16px,76.0,75.2,0.8,0.25,1.9
val/IMG_0511.jpg,6.25,6.67,30.0,<16px,109.2,150.0,-40.8,4.89,28.4
val/IMG_0513.jpg,30.83,40.0,148.0,16-32px,166.4,151.1,15.2,4.35,1504.5
val/IMG_0513.jpg,30.42,32.08,146.0,16-32px,114.5,122.2,-7.7,9.36,77.8
val/IMG_0513.jpg,20.0,25.83,96.0,16-32px,103.0,187.1,-84.1,0.33,59.8
val/IMG_0513.jpg,32.5,39.58,156.0,32-64px,68.5,149.2,-80.6,2.81,128.2
val/IMG_0513.jpg,25.83,27.08,124.0,16-32px,115.9,155.7,-39.8,1.31,902.4
val/IMG_0513.jpg,70.83,86.67,340.0,64-128px,116.8,114.7,2.1,1.91,4218.4
val/IMG_0514.jpg,38.75,41.67,186.0,32-64px,98.0,131.8,-33.7,3.41,2656.6
val/IMG_0514.jpg,39.58,45.0,190.0,32-64px,61.4,144.7,-83.3,0.14,3629.1
val/IMG_0514.jpg,35.83,40.42,172.0,32-64px,99.5,103.3,-3.9,7.84,4008.4
val/IMG_0514.jpg,17.92,25.83,86.0,16-32px,67.8,119.1,-51.3,3.59,821.8
val/IMG_0514.jpg,33.75,47.08,162.0,32-64px,81.9,149.3,-67.5,1.18,1369.0
val/IMG_0516.jpg,54.17,55.42,260.0,32-64px,163.7,143.4,20.4,3.86,10754.0
val/IMG_0516.jpg,25.83,29.58,124.0,16-32px,124.6,121.9,2.7,5.8,793.1
val/IMG_0516.jpg,24.58,25.0,118.0,16-32px,116.3,120.1,-3.8,4.82,644.0
val/IMG_0523.jpg,26.67,30.83,128.0,16-32px,128.6,151.1,-22.5,7.64,4860.7
val/IMG_0523.jpg,20.42,25.0,98.0,16-32px,63.0,152.5,-89.5,4.11,1754.9
val/IMG_0523.jpg,27.5,28.33,132.0,16-32px,75.5,150.0,-74.5,6.58,3952.8
val/IMG_0523.jpg,9.58,12.5,46.0,<16px,86.8,113.9,-27.1,2.08,122.4
val/IMG_0527.jpg,61.25,61.25,294.0,32-64px,112.9,103.0,9.9,1.93,6971.4
val/IMG_0527.jpg,41.25,47.08,198.0,32-64px,85.5,77.8,7.7,1.49,2929.0
val/IMG_0527.jpg,49.17,50.42,236.0,32-64px,112.6,60.1,52.5,5.35,4413.6
val/IMG_0527.jpg,42.92,45.0,206.0,32-64px,83.6,115.5,-31.9,4.37,4533.5
val/IMG_0527.jpg,44.17,48.33,212.0,32-64px,86.9,96.0,-9.1,1.23,4705.0
val/IMG_0527.jpg,14.17,19.17,68.0,<16px,85.9,95.4,-9.5,0.63,561.8
val/IMG_0528.jpg,77.92,78.75,374.0,64-128px,99.3,129.9,-30.5,0.39,1948.9
val/IMG_0528.jpg,54.17,61.67,260.0,32-64px,61.8,136.4,-74.5,2.67,1508.8
val/IMG_0528.jpg,22.08,27.92,106.0,16-32px,50.0,91.7,-41.7,1.67,356.2
val/IMG_0528.jpg,8.75,17.5,42.0,<16px,83.7,121.3,-37.6,1.01,137.0
val/IMG_0528.jpg,22.92,24.58,110.0,16-32px,128.0,123.1,4.9,0.24,1611.0
val/IMG_0528.jpg,7.5,7.5,36.0,<16px,75.1,89.6,-14.5,0.02,7.2
val/IMG_0528.jpg,3.33,5.42,16.0,<16px,94.0,70.6,23.4,0.51,2.7
val/IMG_0528.jpg,7.5,7.92,36.0,<16px,84.4,83.8,0.6,2.07,8.3
val/IMG_0528.jpg,7.5,7.92,36.0,<16px,103.5,83.5,20.1,0.9,6.9
val/IMG_0528.jpg,5.83,7.08,28.0,<16px,99.9,97.0,2.8,1.27,5.7
val/IMG_0528.jpg,7.08,9.17,34.0,<16px,85.6,79.7,5.9,1.52,5.6
val/IMG_0528.jpg,8.75,9.17,42.0,<16px,69.0,146.9,-77.9,1.44,22.0
val/IMG_0528.jpg,9.17,9.17,44.0,<16px,72.6,62.1,10.5,1.58,4.1
val/IMG_0528.jpg,7.5,8.33,36.0,<16px,109.1,94.7,14.3,2.46,13.7
val/IMG_0528.jpg,8.33,8.33,40.0,<16px,130.4,142.3,-11.9,2.83,59.8
val/IMG_0528.jpg,8.33,8.75,40.0,<16px,82.2,89.0,-6.8,1.1,24.7
val/IMG_0528.jpg,5.42,8.75,26.0,<16px,135.3,127.0,8.3,3.9,18.4
val/IMG_0528.jpg,7.5,7.92,36.0,<16px,123.9,127.3,-3.3,2.16,23.9
val/IMG_0528.jpg,4.58,10.42,22.0,<16px,124.5,174.6,-50.0,5.78,27.2
val/IMG_0528.jpg,7.08,8.75,34.0,<16px,119.9,158.3,-38.4,1.46,34.9
val/IMG_0528.jpg,4.58,5.42,22.0,<16px,132.1,91.5,40.7,4.5,3.0
val/IMG_0528.jpg,2.92,3.75,14.0,<16px,77.8,123.4,-45.6,1.34,2.5
val/IMG_0528.jpg,2.92,2.92,14.0,<16px,58.3,71.6,-13.3,0.15,1.7
val/IMG_0528.jpg,3.33,3.33,16.0,<16px,69.9,88.7,-18.8,0.54,2.2
val/IMG_0542.jpg,52.5,54.17,252.0,32-64px,126.6,114.7,11.9,1.34,2883.2
val/IMG_0542.jpg,37.08,52.5,178.0,32-64px,99.2,91.4,7.8,1.91,784.8
val/IMG_0545.jpg,65.83,65.83,316.0,64-128px,104.5,94.6,9.9,4.83,1179.5
val/IMG_0545.jpg,66.67,73.75,320.0,64-128px,67.8,90.7,-22.8,0.67,116.7
val/IMG_0545.jpg,64.58,86.67,310.0,64-128px,87.5,74.4,13.1,4.19,399.7
val/IMG_0548.jpg,97.5,97.92,468.0,64-128px,123.1,106.9,16.3,1.74,2909.4
val/IMG_0552.jpg,75.0,80.83,360.0,64-128px,102.9,110.9,-8.0,0.72,1169.4
val/IMG_0552.jpg,81.67,84.58,392.0,64-128px,57.8,85.6,-27.8,1.93,733.0
val/IMG_0552.jpg,39.17,45.42,188.0,32-64px,51.9,98.2,-46.3,3.57,141.6
val/IMG_0552.jpg,49.58,58.33,238.0,32-64px,84.8,153.6,-68.8,6.41,765.4
val/IMG_0552.jpg,11.25,44.17,54.0,<16px,103.9,169.6,-65.8,6.79,165.4
val/IMG_0567.jpg,31.67,35.0,152.0,16-32px,115.9,121.0,-5.0,6.54,3618.3
val/IMG_0567.jpg,36.67,37.08,176.0,32-64px,114.4,106.6,7.8,3.61,5023.3
val/IMG_0567.jpg,35.83,36.67,172.0,32-64px,110.9,113.9,-3.0,2.01,4436.5
val/IMG_0567.jpg,31.67,41.67,152.0,16-32px,123.0,119.1,3.9,2.17,3180.0
val/IMG_0567.jpg,13.75,15.42,66.0,<16px,89.8,95.5,-5.7,0.82,268.1
val/IMG_0567.jpg,6.67,7.08,32.0,<16px,136.1,157.6,-21.5,0.67,6.4
val/IMG_0569.jpg,139.17,146.67,668.0,>=128px,148.3,104.5,43.8,4.99,8272.2
val/IMG_0569.jpg,27.92,40.42,134.0,16-32px,66.4,162.0,-95.6,3.18,2148.1
val/IMG_0569.jpg,70.83,82.08,340.0,64-128px,141.0,141.3,-0.3,9.2,4637.5
val/IMG_0569.jpg,27.92,31.67,134.0,16-32px,79.5,78.8,0.8,0.13,624.2
val/IMG_0569.jpg,101.25,102.08,486.0,64-128px,135.6,150.7,-15.2,5.32,5495.1
val/IMG_0569.jpg,15.42,20.0,74.0,<16px,114.2,99.5,14.8,3.57,31.1
val/IMG_0569.jpg,10.83,15.0,52.0,<16px,73.1,57.0,16.1,2.16,2.8
val/IMG_0569.jpg,12.92,12.92,62.0,<16px,80.0,56.9,23.1,5.47,3.8
val/IMG_0569.jpg,10.83,14.17,52.0,<16px,66.0,67.4,-1.4,0.46,3.1
val/IMG_0569.jpg,30.42,72.08,146.0,16-32px,52.2,95.1,-42.9,1.36,4023.2
val/IMG_0569.jpg,49.58,94.58,238.0,32-64px,98.7,113.6,-14.8,2.58,7980.5
val/IMG_0569.jpg,28.33,34.58,136.0,16-32px,85.5,130.0,-44.5,0.77,404.6
val/IMG_0573.jpg,161.67,164.58,776.0,>=128px,124.2,162.0,-37.8,13.65,10572.4
val/IMG_0573.jpg,40.42,102.08,194.0,32-64px,95.6,159.1,-63.4,3.64,399.3
val/IMG_0574.jpg,95.83,96.25,460.0,64-128px,93.3,126.4,-33.1,4.84,5016.9
val/IMG_0616.jpg,42.5,45.0,204.0,32-64px,187.9,168.9,19.0,13.32,1711.0
val/IMG_0616.jpg,29.17,31.25,140.0,16-32px,128.3,143.5,-15.2,4.75,509.6
val/IMG_0616.jpg,64.58,73.75,310.0,64-128px,132.4,104.9,27.6,6.12,3158.8
val/IMG_0616.jpg,75.83,82.92,364.0,64-128px,127.5,123.8,3.8,1.69,3917.1
val/IMG_0625.jpg,61.67,77.92,296.0,32-64px,109.5,116.2,-6.7,0.78,3472.9
val/IMG_0627.jpg,61.67,62.92,296.0,32-64px,137.7,117.6,20.1,1.87,2985.5
val/IMG_0627.jpg,34.58,41.25,166.0,32-64px,130.1,166.4,-36.3,3.59,1950.4
val/IMG_0627.jpg,55.83,56.67,268.0,32-64px,76.6,132.8,-56.2,1.12,2245.3
val/IMG_0627.jpg,20.0,40.83,96.0,16-32px,95.0,126.1,-31.0,0.93,691.4
val/IMG_0627.jpg,51.25,62.92,246.0,32-64px,114.7,122.0,-7.4,1.0,2936.5
val/IMG_0627.jpg,35.0,41.25,168.0,32-64px,130.1,166.3,-36.2,3.56,1900.0
val/IMG_0627.jpg,38.33,50.42,184.0,32-64px,146.8,117.7,29.2,1.18,2804.5
val/IMG_0627.jpg,15.0,44.58,72.0,<16px,151.6,174.7,-23.2,0.63,1833.3
val/IMG_0627.jpg,40.0,52.92,192.0,32-64px,125.6,154.0,-28.4,0.58,2795.3
val/IMG_0627.jpg,27.92,32.08,134.0,16-32px,70.6,104.1,-33.5,2.37,143.5
val/IMG_0627.jpg,10.42,15.83,50.0,<16px,76.3,155.3,-79.0,1.57,156.6
val/IMG_0627.jpg,22.08,30.42,106.0,16-32px,71.7,107.3,-35.7,2.54,115.4
val/IMG_0627.jpg,13.75,18.75,66.0,<16px,161.5,142.2,19.3,0.58,148.1
val/IMG_0627.jpg,5.83,17.08,28.0,<16px,155.3,152.4,3.0,0.57,45.9
val/IMG_0627.jpg,28.75,34.17,138.0,16-32px,151.2,155.2,-4.1,0.34,1219.0
val/IMG_0627.jpg,17.08,24.58,82.0,16-32px,100.8,123.6,-22.9,2.8,155.3
val/IMG_0633.jpg,82.92,87.92,398.0,64-128px,119.4,160.7,-41.3,1.06,4785.4
val/IMG_0633.jpg,83.33,84.17,400.0,64-128px,122.6,144.9,-22.3,0.66,4333.3
val/IMG_0633.jpg,79.58,80.0,382.0,64-128px,124.6,104.4,20.1,1.43,3689.0
val/IMG_0636.jpg,77.5,82.92,372.0,64-128px,75.8,123.9,-48.0,1.87,4620.0
val/IMG_0641.jpg,89.17,93.33,428.0,64-128px,109.8,137.8,-28.0,3.04,1668.8
val/IMG_0641.jpg,93.75,94.58,450.0,64-128px,121.5,116.5,5.0,3.56,1628.4
val/IMG_0641.jpg,46.67,69.17,224.0,32-64px,104.2,161.3,-57.1,1.38,1121.8
val/IMG_0641.jpg,29.17,67.92,140.0,16-32px,201.1,155.8,45.3,2.88,1163.4
val/IMG_0641.jpg,37.08,101.67,178.0,32-64px,111.9,161.9,-50.0,3.35,154.9
val/IMG_0641.jpg,24.58,30.42,118.0,16-32px,109.7,162.2,-52.4,2.39,410.1
val/IMG_0641.jpg,27.5,72.5,132.0,16-32px,81.4,105.2,-23.7,2.17,94.1
val/IMG_0646.jpg,197.08,200.83,946.0,>=128px,173.1,126.2,47.0,7.34,314.7
val/IMG_0649.jpg,30.42,32.08,146.0,16-32px,62.0,89.3,-27.4,1.41,1962.3
val/IMG_0649.jpg,21.25,30.42,102.0,16-32px,57.1,78.6,-21.4,0.51,953.0
val/IMG_0649.jpg,15.83,28.75,76.0,<16px,112.1,103.5,8.5,5.4,1364.7
val/IMG_0649.jpg,12.08,13.75,58.0,<16px,123.1,71.6,51.5,9.52,133.9
val/IMG_0649.jpg,10.83,13.33,52.0,<16px,63.7,65.0,-1.3,0.58,32.9
val/IMG_0649.jpg,12.08,12.5,58.0,<16px,70.2,74.3,-4.1,2.48,125.2
val/IMG_0652.jpg,52.5,55.42,252.0,32-64px,120.7,97.8,22.9,2.75,2394.9
val/IMG_0652.jpg,55.83,59.17,268.0,32-64px,127.1,114.1,13.0,4.04,1698.3
val/IMG_0652.jpg,22.5,26.25,108.0,16-32px,133.6,138.6,-5.0,6.41,646.6
val/IMG_0652.jpg,4.17,14.17,20.0,<16px,105.5,109.1,-3.6,0.5,53.5
val/IMG_0658.jpg,83.75,86.67,402.0,64-128px,101.8,134.7,-33.0,5.86,5151.8
val/IMG_0658.jpg,78.33,81.25,376.0,64-128px,120.2,143.8,-23.5,0.89,6806.1
val/IMG_0658.jpg,61.67,65.83,296.0,32-64px,58.2,109.8,-51.6,3.46,2449.8
val/IMG_0658.jpg,43.33,48.33,208.0,32-64px,125.2,125.9,-0.7,1.57,4509.1
val/IMG_0658.jpg,17.92,38.75,86.0,16-32px,114.0,159.9,-46.0,1.51,1052.7
val/IMG_0660.jpg,27.5,31.67,132.0,16-32px,84.5,94.2,-9.7,0.3,1971.7
val/IMG_0661.jpg,39.58,55.0,190.0,32-64px,111.1,123.7,-12.6,0.08,4723.9
val/IMG_0661.jpg,61.67,65.0,296.0,32-64px,93.8,127.7,-33.8,2.15,2759.4
val/IMG_0661.jpg,21.25,26.67,102.0,16-32px,114.7,138.7,-24.0,1.55,376.8
val/IMG_0667.jpg,37.92,40.0,182.0,32-64px,68.0,120.7,-52.7,5.17,2696.4
val/IMG_0667.jpg,87.92,100.42,422.0,64-128px,85.5,113.8,-28.3,3.75,3666.7
val/IMG_0667.jpg,86.67,88.75,416.0,64-128px,90.1,108.7,-18.5,5.52,3341.2
val/IMG_0693.jpg,63.33,65.0,304.0,32-64px,85.3,116.1,-30.8,6.1,3722.4
val/IMG_0693.jpg,80.42,81.25,386.0,64-128px,94.4,105.6,-11.3,1.44,3052.5
val/IMG_0696.jpg,41.25,42.5,198.0,32-64px,80.3,134.6,-54.3,5.52,4822.9
val/IMG_0699.jpg,53.75,54.58,258.0,32-64px,117.3,116.6,0.6,0.26,244.0
val/IMG_0699.jpg,62.08,65.0,298.0,32-64px,155.5,129.2,26.3,4.19,264.7
val/IMG_0699.jpg,23.75,25.42,114.0,16-32px,91.6,130.2,-38.5,4.28,16.1
val/IMG_0703.jpg,77.5,79.17,372.0,64-128px,101.4,95.5,5.9,1.14,6332.8
val/IMG_0703.jpg,81.25,82.5,390.0,64-128px,97.9,99.6,-1.7,5.45,8568.1
val/IMG_0703.jpg,61.25,63.33,294.0,32-64px,123.6,102.9,20.7,7.43,6454.6
val/IMG_0705.jpg,59.58,61.25,286.0,32-64px,86.3,85.8,0.5,0.22,1535.5
val/IMG_0705.jpg,29.58,44.17,142.0,16-32px,163.0,167.1,-4.1,2.59,817.1
val/IMG_0706.jpg,38.33,57.08,184.0,32-64px,107.5,93.8,13.7,1.56,6603.1
val/IMG_0706.jpg,62.92,62.92,302.0,32-64px,74.7,62.2,12.5,1.1,1151.7
val/IMG_0707.jpg,80.83,82.5,388.0,64-128px,143.6,144.1,-0.5,0.73,11143.5
val/IMG_0710.jpg,60.42,85.83,290.0,32-64px,61.1,124.1,-63.0,4.43,178.3
val/IMG_0710.jpg,97.5,165.83,468.0,64-128px,89.5,131.7,-42.2,4.11,1355.4
val/IMG_0710.jpg,60.83,122.5,292.0,32-64px,55.9,174.7,-118.8,5.84,392.7
val/IMG_0710.jpg,37.92,54.58,182.0,32-64px,101.1,60.2,40.9,3.42,143.8
val/IMG_0714.jpg,62.5,63.33,300.0,32-64px,125.3,126.1,-0.7,1.09,8545.4
val/IMG_0714.jpg,16.25,24.58,78.0,16-32px,99.6,142.6,-42.9,4.11,142.5
val/IMG_0723.jpg,78.33,97.92,376.0,64-128px,141.6,134.4,7.3,1.75,10399.6
val/IMG_0723.jpg,101.67,105.0,488.0,64-128px,143.2,111.3,31.9,3.02,13936.2
val/IMG_0723.jpg,92.92,94.17,446.0,64-128px,129.0,119.3,9.7,0.47,15597.6
val/IMG_0723.jpg,74.58,81.67,358.0,64-128px,142.2,120.6,21.7,4.06,8188.1
val/IMG_0725.jpg,76.67,104.17,368.0,64-128px,163.6,155.4,8.2,1.29,8077.3
val/IMG_0727.jpg,62.08,62.08,298.0,32-64px,120.7,139.4,-18.7,4.5,9841.7
val/IMG_0727.jpg,27.92,31.25,134.0,16-32px,38.7,86.3,-47.6,1.75,619.8
val/IMG_0727.jpg,29.17,30.0,140.0,16-32px,59.8,94.6,-34.8,2.83,1169.5
val/IMG_0727.jpg,17.5,30.83,84.0,16-32px,52.8,92.1,-39.3,1.15,995.0
val/IMG_0727.jpg,18.33,20.42,88.0,16-32px,57.3,117.7,-60.3,1.69,933.5
val/IMG_0727.jpg,27.08,59.17,130.0,16-32px,94.6,69.7,24.9,7.42,1058.2
val/IMG_0729.jpg,67.92,68.75,326.0,64-128px,71.9,102.3,-30.5,3.0,5931.8
val/IMG_0729.jpg,35.0,55.0,168.0,32-64px,96.7,125.5,-28.8,3.14,4479.6
val/IMG_0732.jpg,7.08,9.58,34.0,<16px,80.9,103.1,-22.2,1.08,29.4
val/IMG_0732.jpg,9.58,9.58,46.0,<16px,76.7,63.7,12.9,0.58,18.3
val/IMG_0732.jpg,6.25,6.67,30.0,<16px,102.0,84.0,18.1,0.96,6.6
val/IMG_0732.jpg,5.42,7.5,26.0,<16px,86.9,89.3,-2.4,1.45,10.9
val/IMG_0732.jpg,8.33,8.75,40.0,<16px,80.2,64.2,15.9,0.98,12.0
val/IMG_0732.jpg,8.33,8.75,40.0,<16px,63.8,110.0,-46.2,0.53,56.8
val/IMG_0732.jpg,7.08,7.5,34.0,<16px,50.2,101.4,-51.2,0.08,21.9
val/IMG_0732.jpg,8.75,9.58,42.0,<16px,43.3,112.0,-68.7,2.08,100.5
val/IMG_0732.jpg,8.75,9.17,42.0,<16px,63.2,109.3,-46.1,1.35,66.6
val/IMG_0732.jpg,7.5,7.5,36.0,<16px,78.9,97.1,-18.2,0.01,44.2
val/IMG_0732.jpg,7.5,8.33,36.0,<16px,77.9,96.7,-18.8,0.45,33.1
val/IMG_0732.jpg,8.75,10.0,42.0,<16px,103.8,107.2,-3.4,0.36,64.2
val/IMG_0732.jpg,6.25,7.5,30.0,<16px,91.7,87.9,3.8,0.52,19.2
val/IMG_0732.jpg,3.75,4.17,18.0,<16px,78.5,119.6,-41.1,0.83,6.2
val/IMG_0740.jpg,74.58,77.5,358.0,64-128px,125.0,139.8,-14.8,1.52,1025.1
val/IMG_0740.jpg,42.92,60.83,206.0,32-64px,85.2,128.9,-43.6,1.68,463.8
val/IMG_0740.jpg,56.67,62.92,272.0,32-64px,132.5,144.6,-12.1,4.17,1144.2
val/IMG_0741.jpg,63.75,64.17,306.0,32-64px,102.1,96.6,5.5,3.42,1478.2
val/IMG_0741.jpg,47.08,50.83,226.0,32-64px,169.5,102.8,66.8,0.26,897.0
val/IMG_0741.jpg,29.58,77.92,142.0,16-32px,127.0,119.5,7.4,0.26,677.9
val/IMG_0741.jpg,30.83,37.08,148.0,16-32px,80.6,160.4,-79.8,3.77,365.9
val/IMG_0741.jpg,11.67,14.58,56.0,<16px,170.6,156.4,14.2,0.79,28.6
val/IMG_0741.jpg,88.75,101.67,426.0,64-128px,112.5,117.4,-4.9,0.46,2144.8
val/IMG_0741.jpg,81.25,107.92,390.0,64-128px,115.0,139.4,-24.4,0.13,4085.0
val/IMG_0741.jpg,51.67,61.67,248.0,32-64px,115.7,115.0,0.7,0.75,316.0
val/IMG_0741.jpg,45.83,59.58,220.0,32-64px,75.6,124.4,-48.8,4.02,311.6
val/IMG_0741.jpg,118.75,119.58,570.0,64-128px,89.1,91.6,-2.6,2.25,1649.5
val/IMG_0741.jpg,33.33,40.42,160.0,32-64px,88.6,148.7,-60.1,2.91,684.1
val/IMG_0751.jpg,58.75,60.0,282.0,32-64px,71.1,155.7,-84.6,5.25,7677.3
val/IMG_0751.jpg,63.75,64.17,306.0,32-64px,84.0,121.5,-37.5,5.35,9068.5
val/IMG_0751.jpg,18.33,21.25,88.0,16-32px,92.5,135.6,-43.1,2.66,1294.7
val/IMG_0751.jpg,10.0,30.0,48.0,<16px,34.0,115.9,-81.9,5.92,337.2
val/IMG_0751.jpg,28.33,40.83,136.0,16-32px,84.8,132.7,-47.9,0.7,805.7
val/IMG_0752.jpg,42.08,44.17,202.0,32-64px,81.4,97.8,-16.5,2.02,2221.2
val/IMG_0752.jpg,44.58,45.0,214.0,32-64px,78.1,125.7,-47.6,0.71,3698.8
val/IMG_0752.jpg,40.83,41.25,196.0,32-64px,81.8,86.0,-4.1,0.72,2167.0
val/IMG_0752.jpg,36.25,36.25,174.0,32-64px,79.9,53.9,26.1,3.06,1343.5
val/IMG_0752.jpg,37.08,37.5,178.0,32-64px,68.4,54.8,13.7,0.8,1098.7
val/IMG_0752.jpg,45.0,58.75,216.0,32-64px,115.2,146.2,-30.9,0.32,2632.6
val/IMG_0752.jpg,15.42,25.0,74.0,<16px,107.3,119.0,-11.7,5.63,458.7
val/IMG_0752.jpg,8.33,8.75,40.0,<16px,72.3,92.2,-19.9,0.71,9.2
val/IMG_0752.jpg,7.5,10.42,36.0,<16px,98.6,90.1,8.5,0.28,9.9
val/IMG_0752.jpg,5.83,14.17,28.0,<16px,60.2,94.4,-34.3,1.53,53.0
val/IMG_0752.jpg,11.67,16.25,56.0,<16px,77.2,141.3,-64.1,3.56,168.7
val/IMG_0752.jpg,5.83,11.67,28.0,<16px,142.1,168.9,-26.7,0.84,92.5
val/IMG_0752.jpg,10.42,10.83,50.0,<16px,48.0,136.4,-88.4,4.23,90.3
val/IMG_0752.jpg,12.08,13.75,58.0,<16px,84.7,156.0,-71.3,1.07,151.4
val/IMG_0754.jpg,95.83,97.92,460.0,64-128px,73.7,163.8,-90.1,6.7,2956.4
val/IMG_0754.jpg,51.67,51.67,248.0,32-64px,68.2,87.0,-18.7,2.13,418.2
val/IMG_0754.jpg,26.25,30.42,126.0,16-32px,53.6,75.1,-21.5,0.72,144.1
val/IMG_0755.jpg,114.58,115.0,550.0,64-128px,124.7,148.8,-24.0,1.16,5586.3
val/IMG_0755.jpg,50.83,97.08,244.0,32-64px,86.3,114.4,-28.0,1.93,2329.5
val/IMG_0755.jpg,66.25,73.75,318.0,64-128px,66.9,125.0,-58.1,6.19,3779.5
val/IMG_0755.jpg,30.83,41.67,148.0,16-32px,147.2,145.4,1.9,3.72,987.2
val/IMG_0755.jpg,102.92,103.33,494.0,64-128px,97.2,114.7,-17.6,0.81,7212.2
val/IMG_0755.jpg,111.25,117.5,534.0,64-128px,122.6,96.7,25.8,9.02,3520.8
val/IMG_0755.jpg,74.58,109.17,358.0,64-128px,65.8,142.4,-76.6,7.49,1917.3
val/IMG_0755.jpg,35.83,52.5,172.0,32-64px,79.3,94.2,-14.9,2.28,1416.8
val/IMG_0755.jpg,33.33,105.83,160.0,32-64px,61.9,122.0,-60.1,4.37,1165.5
val/IMG_0755.jpg,78.33,83.75,376.0,64-128px,106.4,121.3,-14.9,0.01,7810.3
val/IMG_0755.jpg,78.75,82.92,378.0,64-128px,79.7,130.2,-50.5,0.63,1099.7
val/IMG_0755.jpg,45.0,45.0,216.0,32-64px,86.6,147.3,-60.7,3.45,234.5
val/IMG_0768.jpg,83.75,90.83,402.0,64-128px,128.9,142.2,-13.3,5.86,3294.9
val/IMG_0768.jpg,80.0,87.08,384.0,64-128px,135.7,135.4,0.3,4.26,2372.8
val/IMG_0768.jpg,42.5,43.75,204.0,32-64px,147.0,134.7,12.4,0.87,734.7
val/IMG_0770.jpg,211.25,226.67,1014.0,>=128px,147.9,156.5,-8.7,4.5,3111.2
val/IMG_0773.jpg,73.33,74.17,352.0,64-128px,109.5,80.4,29.1,2.59,7097.9
val/IMG_0785.jpg,44.58,45.42,214.0,32-64px,80.6,165.5,-84.9,7.52,2377.9
val/IMG_0785.jpg,36.25,38.75,174.0,32-64px,104.3,155.9,-51.6,5.67,2316.5
val/IMG_0785.jpg,20.0,26.25,96.0,16-32px,54.7,120.3,-65.7,1.15,582.7
val/IMG_0785.jpg,28.75,30.42,138.0,16-32px,84.4,139.9,-55.5,3.58,697.6
val/IMG_0792.jpg,60.0,63.33,288.0,32-64px,85.0,107.2,-22.2,0.27,5394.7
val/IMG_0792.jpg,58.33,60.83,280.0,32-64px,91.0,124.9,-33.9,1.22,5988.0
val/IMG_0792.jpg,45.83,71.67,220.0,32-64px,114.7,99.3,15.4,5.53,5982.5
val/IMG_0792.jpg,27.5,27.92,132.0,16-32px,56.0,114.8,-58.7,4.49,372.4
val/IMG_0792.jpg,29.17,34.58,140.0,16-32px,54.7,134.7,-79.9,2.45,3056.4
val/IMG_0792.jpg,12.5,16.25,60.0,<16px,60.8,149.1,-88.4,3.69,253.5
val/IMG_0792.jpg,6.25,7.5,30.0,<16px,66.8,121.0,-54.2,0.05,22.3
val/IMG_0792.jpg,14.17,21.67,68.0,<16px,46.8,71.5,-24.7,0.84,614.6
val/IMG_0792.jpg,13.33,16.67,64.0,<16px,73.1,124.0,-50.9,2.61,293.1
val/IMG_0792.jpg,10.42,17.5,50.0,<16px,56.8,118.5,-61.7,2.3,273.5
val/IMG_0792.jpg,30.0,35.42,144.0,16-32px,75.3,140.8,-65.6,3.04,977.8
val/IMG_0799.jpg,90.42,94.17,434.0,64-128px,121.4,148.0,-26.6,2.37,1233.7
val/IMG_0799.jpg,47.08,49.58,226.0,32-64px,106.5,130.2,-23.7,0.89,248.2
val/IMG_0804.jpg,33.75,43.33,162.0,32-64px,151.6,175.6,-24.0,2.02,3529.6
val/IMG_0804.jpg,66.25,69.17,318.0,64-128px,109.8,113.6,-3.8,2.73,6478.4
val/IMG_0804.jpg,15.0,32.5,72.0,<16px,70.5,168.7,-98.2,0.49,825.3
val/IMG_0808.jpg,22.5,23.75,108.0,16-32px,132.0,130.5,1.5,1.25,725.1
val/IMG_0808.jpg,15.42,17.08,74.0,<16px,113.2,137.9,-24.7,0.49,216.2
val/IMG_0808.jpg,56.67,57.08,272.0,32-64px,134.5,131.1,3.3,3.03,8202.2
val/IMG_0808.jpg,54.58,55.83,262.0,32-64px,128.3,133.1,-4.8,0.89,8653.4
val/IMG_0808.jpg,45.0,58.75,216.0,32-64px,141.1,167.8,-26.6,5.48,3858.9
val/IMG_0808.jpg,58.33,62.5,280.0,32-64px,141.2,144.4,-3.2,3.97,5908.5
val/IMG_0814.jpg,60.83,61.67,292.0,32-64px,109.2,92.0,17.2,2.1,4854.6
val/IMG_0814.jpg,36.25,39.17,174.0,32-64px,112.5,170.2,-57.7,1.97,2019.5
val/IMG_0814.jpg,52.5,57.5,252.0,32-64px,72.2,52.4,19.8,1.75,2606.9
val/IMG_0815.jpg,46.25,48.75,222.0,32-64px,122.2,78.4,43.8,6.06,3381.4
val/IMG_0815.jpg,45.83,46.67,220.0,32-64px,150.5,122.1,28.4,3.61,8386.2
val/IMG_0815.jpg,43.33,45.42,208.0,32-64px,125.0,128.8,-3.9,4.4,5260.6
val/IMG_0815.jpg,27.08,45.83,130.0,16-32px,128.1,163.9,-35.7,0.24,1007.3
val/IMG_0815.jpg,25.0,61.67,120.0,16-32px,114.7,139.0,-24.3,1.15,1235.2
val/IMG_0819.jpg,34.58,37.08,166.0,32-64px,90.2,94.9,-4.7,0.75,2200.6
val/IMG_0852.jpg,102.08,112.5,653.3,64-128px,118.8,124.4,-5.6,10.46,5305.6
val/IMG_0852.jpg,111.25,127.08,712.0,64-128px,129.2,93.8,35.4,7.67,4050.1
val/IMG_0852.jpg,74.58,114.58,477.3,64-128px,134.2,106.0,28.2,3.55,3357.1
val/IMG_0852.jpg,89.17,104.17,570.7,64-128px,126.6,130.8,-4.2,12.31,4011.0
val/IMG_0852.jpg,105.0,106.25,672.0,64-128px,75.1,106.0,-30.9,7.57,4494.8
val/IMG_0853.jpg,160.42,170.83,1026.7,>=128px,138.1,115.6,22.6,2.65,4534.6
val/IMG_0853.jpg,124.58,132.08,797.3,64-128px,143.7,125.3,18.4,4.07,1572.5
val/IMG_0853.jpg,126.25,133.33,808.0,64-128px,111.8,105.4,6.4,2.38,4558.9
val/IMG_0853.jpg,112.08,116.25,717.3,64-128px,145.4,108.2,37.2,0.84,1944.5
val/IMG_0853.jpg,65.42,65.83,418.7,64-128px,159.4,167.3,-7.8,9.02,298.0
val/IMG_0853.jpg,52.08,60.0,333.3,32-64px,109.2,86.9,22.3,3.07,228.4
val/IMG_0853.jpg,49.17,63.33,314.7,32-64px,112.4,78.7,33.7,7.08,152.8
val/IMG_0853.jpg,17.5,24.58,112.0,16-32px,128.3,110.3,17.9,4.88,46.7
val/IMG_0853.jpg,19.17,50.42,122.7,16-32px,117.0,130.2,-13.2,3.22,112.4
val/IMG_0853.jpg,40.0,46.25,256.0,32-64px,169.3,139.5,29.8,7.59,184.9
val/IMG_0853.jpg,77.92,83.75,498.7,64-128px,140.7,105.3,35.4,1.1,443.0
val/IMG_0853.jpg,31.25,64.58,200.0,16-32px,101.7,103.0,-1.3,2.23,108.8
val/IMG_0863.jpg,68.75,71.67,440.0,64-128px,148.2,116.9,31.3,4.8,1478.3
val/IMG_0863.jpg,45.42,82.5,290.7,32-64px,142.2,92.8,49.4,0.3,394.7
val/IMG_0863.jpg,72.08,81.25,461.3,64-128px,140.1,97.8,42.2,7.8,1323.5
val/IMG_0863.jpg,45.83,49.58,293.3,32-64px,117.0,109.7,7.2,0.29,919.5
val/IMG_0863.jpg,34.58,38.33,221.3,32-64px,145.2,157.8,-12.6,6.52,379.5
val/IMG_0863.jpg,10.42,11.25,66.7,<16px,79.1,89.6,-10.4,0.83,13.7
val/IMG_0863.jpg,39.17,45.83,250.7,32-64px,151.1,114.5,36.7,8.15,793.5
val/IMG_0863.jpg,85.0,92.5,544.0,64-128px,148.2,96.6,51.6,9.96,2100.1
val/IMG_0863.jpg,54.17,67.08,346.7,32-64px,131.3,108.8,22.4,8.21,1903.9
val/IMG_0863.jpg,60.42,88.33,386.7,32-64px,157.4,108.5,48.9,6.81,1968.1
val/IMG_0863.jpg,36.67,42.92,234.7,32-64px,127.3,117.1,10.2,0.21,823.8
val/IMG_0863.jpg,47.92,52.5,306.7,32-64px,146.6,106.9,39.8,12.0,449.1
val/IMG_0865.jpg,63.75,75.42,408.0,32-64px,124.9,109.0,15.9,7.5,1291.0
val/IMG_0865.jpg,67.92,76.67,434.7,64-128px,153.4,118.7,34.6,13.9,898.2
val/IMG_0865.jpg,73.33,74.58,469.3,64-128px,177.6,119.6,58.0,15.74,1111.1
val/IMG_0865.jpg,52.08,52.5,333.3,32-64px,130.2,122.7,7.6,2.98,554.8
val/IMG_0865.jpg,37.5,54.17,240.0,32-64px,86.6,114.7,-28.1,2.63,865.9
val/IMG_0865.jpg,17.92,23.33,114.7,16-32px,110.0,112.3,-2.3,4.72,104.1
val/IMG_0866.jpg,33.33,37.92,213.3,32-64px,155.4,143.4,12.0,2.11,755.1
val/IMG_0866.jpg,47.08,49.58,301.3,32-64px,162.8,112.3,50.6,4.24,1611.5
val/IMG_0866.jpg,39.58,44.17,253.3,32-64px,180.3,132.1,48.2,0.2,1324.3
val/IMG_0866.jpg,32.92,37.92,210.7,32-64px,181.2,121.1,60.1,3.08,1277.2
val/IMG_0866.jpg,36.67,40.0,234.7,32-64px,165.9,124.6,41.3,1.63,688.7
val/IMG_0866.jpg,48.33,49.58,309.3,32-64px,147.7,112.1,35.6,3.72,2563.5
val/IMG_0866.jpg,27.5,42.92,176.0,16-32px,133.7,127.1,6.7,1.28,807.9
val/IMG_0866.jpg,49.17,55.42,314.7,32-64px,185.3,125.5,59.9,0.93,1393.8
val/IMG_0866.jpg,44.17,47.92,282.7,32-64px,174.8,94.2,80.6,6.92,1303.9
val/IMG_0866.jpg,42.92,54.58,274.7,32-64px,174.4,110.5,63.9,4.11,2024.7
val/IMG_0866.jpg,39.17,40.83,250.7,32-64px,130.6,86.1,44.5,6.18,932.3
val/IMG_0866.jpg,43.75,48.33,280.0,32-64px,163.2,100.5,62.7,0.88,1196.7
val/IMG_0866.jpg,43.75,45.0,280.0,32-64px,152.8,137.1,15.8,0.41,331.9
val/IMG_0866.jpg,10.83,23.33,69.3,<16px,112.1,107.3,4.8,4.75,40.9
val/IMG_0866.jpg,41.25,42.08,264.0,32-64px,163.4,96.7,66.8,0.58,1011.3
val/IMG_0866.jpg,28.75,30.42,184.0,16-32px,151.3,113.9,37.4,0.84,992.2
val/IMG_0866.jpg,41.25,47.08,264.0,32-64px,142.7,94.0,48.7,1.27,1695.9
val/IMG_0866.jpg,41.67,43.33,266.7,32-64px,148.7,93.4,55.3,3.36,1703.0
val/IMG_0866.jpg,12.5,20.42,80.0,<16px,133.0,99.0,33.9,2.29,258.5
val/IMG_0866.jpg,28.75,47.5,184.0,16-32px,164.3,105.8,58.4,4.35,1660.2
val/IMG_0866.jpg,52.92,61.67,338.7,32-64px,178.0,113.1,64.9,0.52,1195.3
val/IMG_0866.jpg,49.17,65.0,314.7,32-64px,149.9,176.5,-26.6,0.8,331.1
val/IMG_0866.jpg,35.83,47.5,229.3,32-64px,176.7,141.8,34.9,0.62,82.9
val/IMG_0866.jpg,14.17,33.75,90.7,<16px,108.7,121.4,-12.7,3.33,257.0
val/IMG_0866.jpg,16.25,26.25,104.0,16-32px,121.2,101.6,19.6,0.96,237.0
val/IMG_0866.jpg,14.17,17.92,90.7,<16px,75.9,66.8,9.1,2.4,17.0
val/IMG_0866.jpg,14.17,14.17,90.7,<16px,71.9,63.6,8.3,2.66,21.1
val/IMG_0866.jpg,20.0,21.25,128.0,16-32px,53.5,92.8,-39.3,2.65,73.9
val/IMG_0866.jpg,12.08,19.17,77.3,<16px,67.2,56.3,11.0,1.31,12.0
val/IMG_0866.jpg,27.92,30.0,178.7,16-32px,146.6,146.8,-0.2,1.46,482.4
val/IMG_0866.jpg,19.17,22.08,122.7,16-32px,110.3,130.1,-19.8,5.8,333.8
val/IMG_0866.jpg,17.08,22.08,109.3,16-32px,150.6,134.5,16.1,3.4,217.7
val/IMG_0866.jpg,18.75,36.25,120.0,16-32px,124.2,135.7,-11.6,3.21,701.3
val/IMG_0866.jpg,11.67,29.17,74.7,<16px,145.3,121.0,24.3,1.26,759.2
val/IMG_0866.jpg,19.58,27.08,125.3,16-32px,87.3,114.5,-27.2,1.63,1229.5
val/IMG_0866.jpg,16.67,17.92,106.7,16-32px,94.3,77.9,16.4,3.18,117.9
val/IMG_0866.jpg,25.0,27.5,160.0,16-32px,67.1,81.3,-14.2,0.77,698.8
val/IMG_0866.jpg,10.83,19.17,69.3,<16px,78.2,80.5,-2.2,0.59,30.5
val/IMG_0866.jpg,7.92,14.17,50.7,<16px,77.5,84.6,-7.1,2.55,27.0
val/IMG_0866.jpg,13.33,15.0,85.3,<16px,106.7,127.7,-21.1,6.84,203.3
val/IMG_0866.jpg,5.83,7.92,37.3,<16px,174.0,118.1,55.9,3.18,14.6
val/IMG_0866.jpg,13.75,15.0,88.0,<16px,139.6,119.3,20.3,0.62,143.0
val/IMG_0866.jpg,5.0,7.5,32.0,<16px,180.3,120.8,59.6,1.02,15.9
val/IMG_0866.jpg,11.67,19.17,74.7,<16px,135.9,128.5,7.4,3.95,78.5
val/IMG_0866.jpg,20.42,24.17,130.7,16-32px,148.1,129.2,19.0,3.37,260.1
val/IMG_0869.jpg,83.75,92.92,536.0,64-128px,168.9,111.1,57.8,0.02,1226.3
val/IMG_0869.jpg,67.92,76.67,434.7,64-128px,149.0,89.2,59.8,7.58,769.9
val/IMG_0869.jpg,25.42,79.58,162.7,16-32px,166.6,100.5,66.1,7.65,425.5
val/IMG_0869.jpg,39.17,98.75,250.7,32-64px,173.5,129.6,43.9,5.17,390.8
val/IMG_0869.jpg,95.0,104.17,608.0,64-128px,185.2,116.9,68.3,3.72,2436.3
val/IMG_0869.jpg,49.17,57.92,314.7,32-64px,166.9,128.4,38.5,3.93,1104.3
val/IMG_0869.jpg,37.5,52.92,240.0,32-64px,135.3,145.1,-9.7,1.83,946.5
val/IMG_0869.jpg,85.0,86.25,544.0,64-128px,162.7,106.4,56.3,5.29,1477.2
val/IMG_0869.jpg,38.33,56.25,245.3,32-64px,110.8,100.8,10.0,12.79,3155.1
val/IMG_0869.jpg,36.25,45.42,232.0,32-64px,156.1,134.6,21.5,15.09,4572.4
val/IMG_0869.jpg,25.42,26.25,162.7,16-32px,85.5,89.5,-3.9,3.46,1043.9
val/IMG_0869.jpg,16.67,40.83,106.7,16-32px,98.2,126.6,-28.4,8.96,1460.0
val/IMG_0869.jpg,25.83,38.33,165.3,16-32px,85.5,78.5,7.0,6.03,77.1
val/IMG_0869.jpg,37.92,40.83,242.7,32-64px,95.7,87.5,8.2,6.74,92.2
val/IMG_0869.jpg,15.42,34.58,98.7,<16px,105.5,108.3,-2.7,1.24,60.8
val/IMG_0869.jpg,20.0,85.42,128.0,16-32px,82.3,120.4,-38.1,0.07,143.7
val/IMG_0871.jpg,79.58,86.25,509.3,64-128px,127.5,93.4,34.1,4.14,771.2
val/IMG_0871.jpg,72.08,110.42,461.3,64-128px,165.7,86.3,79.4,5.83,1133.4
val/IMG_0871.jpg,29.17,80.42,186.7,16-32px,130.0,82.6,47.4,0.78,287.1
val/IMG_0871.jpg,46.25,68.33,296.0,32-64px,130.9,104.6,26.3,12.46,1654.1
val/IMG_0871.jpg,40.42,63.75,258.7,32-64px,148.1,136.1,11.9,9.86,2300.6
val/IMG_0871.jpg,85.42,86.67,546.7,64-128px,180.8,110.1,70.7,3.53,3083.0
val/IMG_0871.jpg,105.42,111.67,674.7,64-128px,193.5,117.8,75.7,0.27,1290.7
val/IMG_0871.jpg,42.92,79.58,274.7,32-64px,161.7,134.7,27.0,3.53,1335.0
val/IMG_0871.jpg,41.67,64.17,266.7,32-64px,169.5,136.3,33.2,0.06,244.7
val/IMG_0871.jpg,48.75,91.67,312.0,32-64px,146.2,118.1,28.1,4.8,2134.0
val/IMG_0871.jpg,30.42,30.42,194.7,16-32px,159.5,112.1,47.3,2.2,118.6
val/IMG_0871.jpg,21.67,42.08,138.7,16-32px,105.6,113.1,-7.6,2.41,134.0
val/IMG_0871.jpg,30.42,32.5,194.7,16-32px,103.2,66.7,36.4,8.79,381.7
val/IMG_0871.jpg,13.33,39.17,85.3,<16px,96.9,146.2,-49.2,10.01,199.5
val/IMG_0871.jpg,43.33,62.92,277.3,32-64px,136.6,112.9,23.7,4.49,979.1
val/IMG_0871.jpg,33.75,41.25,216.0,32-64px,87.5,102.3,-14.8,0.38,93.3
val/IMG_0871.jpg,40.0,40.0,256.0,32-64px,88.7,96.4,-7.7,3.23,255.2
val/IMG_0871.jpg,26.25,28.75,168.0,16-32px,102.0,122.4,-20.4,0.22,150.0
val/IMG_0873.jpg,80.83,84.58,517.3,64-128px,186.5,112.6,73.9,7.84,1163.9
val/IMG_0873.jpg,90.42,92.08,578.7,64-128px,161.6,136.1,25.5,0.91,726.5
val/IMG_0873.jpg,56.67,71.25,362.7,32-64px,120.6,111.5,9.1,7.79,809.2
val/IMG_0873.jpg,21.25,22.92,136.0,16-32px,153.0,134.4,18.6,5.49,97.4
val/IMG_0873.jpg,7.5,35.0,48.0,<16px,139.1,83.5,55.6,7.93,71.5
val/IMG_0873.jpg,63.33,67.92,405.3,32-64px,161.6,99.0,62.6,9.26,357.5
val/IMG_0873.jpg,62.92,67.08,402.7,32-64px,181.8,125.6,56.3,7.95,1229.1
val/IMG_0873.jpg,31.67,36.25,202.7,16-32px,132.5,115.1,17.3,2.43,419.9
val/IMG_0873.jpg,38.33,48.33,245.3,32-64px,144.8,128.6,16.2,2.81,839.6
val/IMG_0873.jpg,83.33,92.92,533.3,64-128px,195.5,136.4,59.2,0.96,985.2
val/IMG_0873.jpg,18.33,18.75,117.3,16-32px,144.4,114.0,30.4,2.36,75.3
val/IMG_0873.jpg,28.33,37.5,181.3,16-32px,115.9,113.3,2.6,1.37,448.3
val/IMG_0873.jpg,85.0,85.42,544.0,64-128px,177.4,103.6,73.9,5.33,1691.5
val/IMG_0873.jpg,55.42,73.33,354.7,32-64px,169.9,143.9,26.1,1.79,682.0
val/IMG_0873.jpg,70.0,72.08,448.0,64-128px,185.5,146.5,39.1,1.58,1509.2
val/IMG_0873.jpg,47.5,52.5,304.0,32-64px,201.0,131.4,69.6,12.76,661.4
val/IMG_0873.jpg,40.42,62.92,258.7,32-64px,162.5,166.2,-3.6,2.17,859.0
val/IMG_0873.jpg,58.75,68.75,376.0,32-64px,114.3,103.0,11.2,4.34,770.1
val/IMG_0873.jpg,79.17,100.83,506.7,64-128px,180.2,97.8,82.4,2.72,1584.5
val/IMG_0873.jpg,37.08,49.17,237.3,32-64px,83.9,123.0,-39.1,5.72,1281.5
val/IMG_0873.jpg,8.75,21.67,56.0,<16px,92.5,69.8,22.8,3.09,34.4
val/IMG_0873.jpg,18.33,27.5,117.3,16-32px,70.5,100.6,-30.2,1.98,208.0
val/IMG_0873.jpg,12.08,20.42,77.3,<16px,81.2,82.6,-1.4,0.54,27.0
val/IMG_0873.jpg,14.58,34.17,93.3,<16px,143.7,110.6,33.1,5.81,308.0
val/IMG_0878.jpg,115.42,119.17,738.7,64-128px,189.3,94.6,94.6,3.82,1366.5
val/IMG_0878.jpg,47.08,51.25,301.3,32-64px,94.9,126.3,-31.4,1.8,545.4
val/IMG_0878.jpg,31.67,45.83,202.7,16-32px,169.9,148.9,21.0,0.23,657.2
val/IMG_0878.jpg,28.75,36.67,184.0,16-32px,132.3,133.9,-1.6,0.39,326.3
val/IMG_0878.jpg,56.25,71.25,360.0,32-64px,172.4,147.0,25.4,1.15,829.0
val/IMG_0878.jpg,27.08,64.17,173.3,16-32px,74.4,116.8,-42.4,3.18,357.5
val/IMG_0878.jpg,19.58,23.75,125.3,16-32px,85.7,109.6,-23.9,2.8,92.2
val/IMG_0878.jpg,23.33,29.58,149.3,16-32px,103.9,110.7,-6.9,0.45,86.7
val/IMG_0878.jpg,99.58,103.75,637.3,64-128px,186.1,88.5,97.5,2.93,1593.5
val/IMG_0878.jpg,68.33,74.58,437.3,64-128px,173.8,99.8,74.0,0.08,667.2
val/IMG_0878.jpg,45.83,70.0,293.3,32-64px,126.2,119.1,7.1,5.67,893.9
val/IMG_0878.jpg,31.67,47.92,202.7,16-32px,104.1,110.9,-6.8,1.87,733.6
val/IMG_0878.jpg,52.92,67.5,338.7,32-64px,121.4,95.5,25.9,0.81,1016.9
val/IMG_0878.jpg,30.42,53.75,194.7,16-32px,119.1,91.1,28.0,3.54,1248.8
val/IMG_0878.jpg,20.0,29.58,128.0,16-32px,126.8,102.2,24.6,2.89,86.7
val/IMG_0878.jpg,87.08,91.25,557.3,64-128px,189.9,106.1,83.8,5.64,1149.0
val/IMG_0878.jpg,75.83,87.08,485.3,64-128px,186.3,104.7,81.5,5.86,1035.8
val/IMG_0878.jpg,40.0,47.5,256.0,32-64px,145.8,117.9,28.0,2.72,458.2
val/IMG_0878.jpg,15.83,25.83,101.3,<16px,95.2,134.0,-38.8,3.76,95.0
val/IMG_0878.jpg,15.83,26.67,101.3,<16px,93.3,102.7,-9.4,1.37,54.8
val/IMG_0878.jpg,30.42,43.33,194.7,16-32px,171.8,131.2,40.6,4.58,324.4
val/IMG_0878.jpg,14.17,15.0,90.7,<16px,108.0,113.0,-4.9,1.02,38.4
val/IMG_0878.jpg,27.5,45.83,176.0,16-32px,158.0,117.9,40.1,3.18,353.9
val/IMG_0878.jpg,25.42,51.67,162.7,16-32px,144.3,139.7,4.6,2.82,508.8
val/IMG_0878.jpg,19.58,23.75,125.3,16-32px,103.8,107.5,-3.7,0.27,39.0
val/IMG_0880.jpg,80.83,89.58,517.3,64-128px,166.9,100.4,66.4,6.6,1431.6
val/IMG_0880.jpg,90.42,95.42,578.7,64-128px,173.6,127.1,46.5,1.25,1233.8
val/IMG_0880.jpg,46.67,85.83,298.7,32-64px,180.9,139.7,41.2,3.36,1200.1
val/IMG_0880.jpg,77.5,81.25,496.0,64-128px,198.6,142.7,55.9,6.66,1047.6
val/IMG_0880.jpg,20.42,21.25,130.7,16-32px,197.4,148.3,49.1,6.98,84.5
val/IMG_0880.jpg,14.58,40.42,93.3,<16px,205.2,139.5,65.7,5.32,76.4
val/IMG_0880.jpg,50.83,87.5,325.3,32-64px,135.4,89.4,45.9,6.4,681.2
val/IMG_0880.jpg,38.75,41.67,248.0,32-64px,120.9,107.1,13.7,2.82,126.6
val/IMG_0880.jpg,96.25,96.25,616.0,64-128px,152.7,92.6,60.1,9.26,1341.8
val/IMG_0880.jpg,43.33,47.5,277.3,32-64px,142.4,105.2,37.1,5.38,603.5
val/IMG_0880.jpg,47.08,56.67,301.3,32-64px,147.7,144.2,3.5,4.11,185.6
val/IMG_0880.jpg,36.25,46.25,232.0,32-64px,91.3,98.9,-7.6,0.58,486.8
val/IMG_0880.jpg,39.17,44.17,250.7,32-64px,73.7,158.1,-84.4,5.92,377.8
val/IMG_0880.jpg,22.5,42.08,144.0,16-32px,143.4,119.4,23.9,5.55,353.8
val/IMG_0880.jpg,14.58,20.83,93.3,<16px,134.6,176.5,-41.8,4.25,50.5
val/IMG_0880.jpg,22.5,32.08,144.0,16-32px,133.7,126.0,7.8,4.18,134.2
val/IMG_0880.jpg,15.0,22.92,96.0,<16px,158.7,132.3,26.4,3.43,104.4
val/IMG_0880.jpg,10.0,10.83,64.0,<16px,174.1,139.9,34.2,0.33,11.5
val/IMG_0880.jpg,22.5,24.17,144.0,16-32px,90.7,104.2,-13.6,0.62,118.0
val/IMG_0881.jpg,60.83,69.58,389.3,32-64px,133.1,101.5,31.6,8.45,134.0
val/IMG_0881.jpg,79.58,79.58,509.3,64-128px,174.8,93.1,81.7,7.6,588.5
val/IMG_0881.jpg,59.17,60.0,378.7,32-64px,144.7,111.0,33.7,3.87,179.1
val/IMG_0881.jpg,33.75,58.75,216.0,32-64px,125.6,130.2,-4.6,2.41,253.9
val/IMG_0881.jpg,45.0,62.08,288.0,32-64px,90.5,99.1,-8.6,0.7,194.9
val/IMG_0881.jpg,30.0,42.08,192.0,16-32px,106.5,101.4,5.1,2.04,340.2
val/IMG_0881.jpg,15.0,26.67,96.0,<16px,124.6,110.0,14.6,1.4,43.9
val/IMG_0881.jpg,26.67,31.67,170.7,16-32px,92.2,127.1,-34.8,0.76,152.8
val/IMG_0883.jpg,148.75,152.92,952.0,>=128px,168.5,89.5,79.0,5.72,1874.1
val/IMG_0883.jpg,97.92,106.67,626.7,64-128px,148.9,95.9,53.0,5.49,1495.8
val/IMG_0883.jpg,107.5,107.5,688.0,64-128px,163.5,80.7,82.8,5.44,1579.9
val/IMG_0883.jpg,62.92,91.67,402.7,32-64px,168.2,129.0,39.2,3.74,709.9
val/IMG_0883.jpg,86.25,95.42,552.0,64-128px,153.2,142.1,11.2,1.37,1198.4
val/IMG_0883.jpg,40.83,50.83,261.3,32-64px,159.7,156.7,3.0,0.52,105.1
val/IMG_0883.jpg,115.42,120.83,738.7,64-128px,146.0,126.1,19.9,4.18,1837.3
val/IMG_0883.jpg,62.08,77.08,397.3,32-64px,139.1,94.6,44.5,4.37,1728.3
val/IMG_0883.jpg,109.58,117.08,701.3,64-128px,112.2,92.9,19.3,2.85,1333.4
val/IMG_0883.jpg,56.67,83.33,362.7,32-64px,76.1,85.5,-9.4,1.61,912.0
val/IMG_0883.jpg,31.67,55.42,202.7,16-32px,115.4,117.3,-2.0,6.13,570.0
val/IMG_0915.jpg,15.0,23.33,96.0,<16px,99.3,125.5,-26.2,0.81,46.5
val/IMG_0915.jpg,50.0,52.08,320.0,32-64px,173.1,144.0,29.1,4.37,451.6
val/IMG_0915.jpg,49.58,54.58,317.3,32-64px,172.9,146.4,26.5,2.91,272.8
val/IMG_0915.jpg,34.17,37.92,218.7,32-64px,190.5,130.9,59.6,4.45,259.1
val/IMG_0915.jpg,42.92,49.17,274.7,32-64px,139.4,105.2,34.2,6.63,276.3
val/IMG_0915.jpg,46.67,47.92,298.7,32-64px,152.7,114.2,38.5,3.68,286.6
val/IMG_0915.jpg,25.0,26.25,160.0,16-32px,139.4,120.4,19.0,1.74,55.3
val/IMG_0915.jpg,30.0,42.92,192.0,16-32px,111.3,87.9,23.5,4.31,150.5
val/IMG_0915.jpg,11.67,27.5,74.7,<16px,108.6,116.9,-8.3,2.8,47.1
val/IMG_0915.jpg,31.25,40.0,200.0,16-32px,134.9,98.6,36.3,5.24,347.2
val/IMG_0915.jpg,37.5,39.58,240.0,32-64px,130.2,118.5,11.7,3.25,526.6
val/IMG_0915.jpg,43.33,44.17,277.3,32-64px,139.9,106.7,33.2,5.67,471.6
val/IMG_0915.jpg,40.0,52.92,256.0,32-64px,113.6,118.6,-5.0,2.33,1216.8
val/IMG_0915.jpg,65.0,67.5,416.0,64-128px,172.1,132.4,39.6,1.15,1718.2
val/IMG_0915.jpg,54.58,62.08,349.3,32-64px,134.4,134.1,0.3,2.46,1252.0
val/IMG_0915.jpg,20.83,21.25,133.3,16-32px,113.2,118.4,-5.3,2.31,185.6
val/IMG_0915.jpg,35.42,50.42,226.7,32-64px,65.7,90.4,-24.7,1.06,422.3
val/IMG_0915.jpg,67.5,73.75,432.0,64-128px,149.8,79.5,70.3,8.69,1343.8
val/IMG_0915.jpg,40.42,51.67,258.7,32-64px,106.2,89.4,16.9,3.2,633.9
val/IMG_0915.jpg,31.25,38.33,200.0,16-32px,93.0,130.7,-37.7,0.17,448.6
val/IMG_0915.jpg,26.67,35.0,170.7,16-32px,96.3,105.4,-9.1,2.31,102.9
val/IMG_0915.jpg,19.58,21.67,125.3,16-32px,196.5,145.5,51.1,1.25,73.5
val/IMG_0915.jpg,24.58,37.08,157.3,16-32px,131.5,112.6,18.9,3.05,137.6
val/IMG_0915.jpg,17.5,17.92,112.0,16-32px,206.5,179.9,26.6,0.23,45.3
val/IMG_0915.jpg,11.67,12.92,74.7,<16px,190.4,145.7,44.6,1.12,15.8
val/IMG_0915.jpg,5.42,12.08,34.7,<16px,206.6,179.9,26.7,0.73,6.7
val/IMG_0916.jpg,116.25,118.75,744.0,64-128px,157.2,99.9,57.3,5.15,978.3
val/IMG_0916.jpg,85.83,109.17,549.3,64-128px,133.6,97.4,36.2,1.8,888.3
val/IMG_0916.jpg,56.67,73.75,362.7,32-64px,94.6,93.6,1.0,6.35,321.5
val/IMG_0916.jpg,26.67,27.92,170.7,16-32px,114.9,85.0,29.9,7.73,56.6
val/IMG_0916.jpg,21.67,27.08,138.7,16-32px,171.4,131.3,40.1,1.53,32.9
val/IMG_0916.jpg,14.58,15.83,93.3,<16px,90.0,74.5,15.5,3.6,11.4
val/IMG_0916.jpg,16.67,20.42,106.7,16-32px,91.0,75.6,15.5,2.88,20.4
val/IMG_0934.jpg,96.25,102.92,616.0,64-128px,177.5,119.3,58.2,1.38,2474.4
val/IMG_0934.jpg,91.67,108.75,586.7,64-128px,175.4,100.2,75.2,4.76,2518.2
val/IMG_0941.jpg,32.08,34.17,205.3,32-64px,161.0,85.0,76.0,13.56,476.7
val/IMG_0941.jpg,59.58,81.67,381.3,32-64px,124.1,87.8,36.3,5.51,1765.5
val/IMG_0941.jpg,80.0,92.08,512.0,64-128px,129.8,108.6,21.2,4.48,1413.8
val/IMG_0941.jpg,57.08,80.83,365.3,32-64px,158.2,117.4,40.8,7.33,1988.6
val/IMG_0941.jpg,76.25,81.25,488.0,64-128px,155.2,132.2,23.0,9.13,2092.7
val/IMG_0941.jpg,38.33,66.25,245.3,32-64px,103.5,121.6,-18.1,4.65,947.8
val/IMG_0941.jpg,94.58,97.92,605.3,64-128px,157.4,94.5,62.9,7.84,1946.6
val/IMG_0941.jpg,55.0,63.33,352.0,32-64px,117.5,110.5,7.0,8.52,518.4
val/IMG_0941.jpg,21.67,36.67,138.7,16-32px,84.2,82.9,1.3,5.64,244.7
val/IMG_0941.jpg,22.08,26.25,141.3,16-32px,99.4,101.7,-2.2,13.62,175.2
val/IMG_0941.jpg,29.58,39.58,189.3,16-32px,101.7,97.7,4.1,1.49,190.8
val/IMG_0941.jpg,44.17,51.67,282.7,32-64px,96.5,96.8,-0.3,0.37,427.3
val/IMG_0941.jpg,23.33,24.17,149.3,16-32px,175.6,159.8,15.8,3.43,193.8
val/IMG_0941.jpg,20.83,39.58,133.3,16-32px,80.8,85.2,-4.4,0.86,82.3
val/IMG_0941.jpg,38.75,42.5,248.0,32-64px,80.8,124.5,-43.7,1.19,407.2
val/IMG_0941.jpg,17.08,40.0,109.3,16-32px,101.1,140.6,-39.5,2.57,297.1
val/IMG_0941.jpg,15.42,29.17,98.7,<16px,71.6,118.5,-47.0,1.33,73.8
val/IMG_0941.jpg,12.5,16.25,80.0,<16px,103.6,116.2,-12.6,3.41,18.6
val/IMG_0941.jpg,31.67,40.83,202.7,16-32px,125.9,107.1,18.8,2.85,210.8
val/IMG_0941.jpg,20.0,20.42,128.0,16-32px,99.7,93.9,5.7,5.53,45.6
val/IMG_0942.jpg,33.33,45.42,213.3,32-64px,188.6,135.2,53.4,4.48,252.6
val/IMG_0942.jpg,57.5,75.0,368.0,32-64px,141.6,118.8,22.8,4.34,1326.9
val/IMG_0942.jpg,56.25,76.25,360.0,32-64px,128.6,102.3,26.3,5.72,2512.6
val/IMG_0942.jpg,57.5,75.83,368.0,32-64px,163.5,116.5,47.0,7.58,1949.2
val/IMG_0942.jpg,74.58,77.92,477.3,64-128px,165.6,126.4,39.2,6.67,1942.8
val/IMG_0942.jpg,42.92,51.25,274.7,32-64px,140.2,117.1,23.1,6.8,198.7
val/IMG_0942.jpg,92.92,104.58,594.7,64-128px,160.0,108.0,52.0,8.22,2343.8
val/IMG_0942.jpg,27.08,45.83,173.3,16-32px,117.8,101.6,16.2,2.67,345.9
val/IMG_0942.jpg,62.08,75.83,397.3,32-64px,148.8,134.4,14.4,4.96,1761.3
val/IMG_0942.jpg,45.42,57.92,290.7,32-64px,154.3,124.4,29.9,4.41,288.5
val/IMG_0942.jpg,27.92,28.75,178.7,16-32px,203.2,159.8,43.4,0.83,89.3
val/IMG_0947.jpg,103.33,104.17,661.3,64-128px,160.4,122.3,38.1,11.74,662.3
val/IMG_0947.jpg,63.33,72.5,405.3,32-64px,136.9,106.5,30.3,5.44,145.9
val/IMG_0947.jpg,102.92,110.42,658.7,64-128px,153.7,100.2,53.5,9.9,1256.4
val/IMG_0947.jpg,105.42,116.67,674.7,64-128px,184.6,100.2,84.3,10.17,1311.9
val/IMG_0947.jpg,53.75,54.58,344.0,32-64px,93.8,121.2,-27.4,4.99,675.7
val/IMG_0947.jpg,35.42,42.5,226.7,32-64px,101.1,120.7,-19.7,4.71,103.7
val/IMG_0948.jpg,96.25,99.17,616.0,64-128px,171.7,135.7,36.0,11.87,535.9
val/IMG_0948.jpg,100.0,100.42,640.0,64-128px,157.3,118.2,39.2,6.87,921.9
val/IMG_0948.jpg,44.17,55.0,282.7,32-64px,171.1,131.9,39.2,6.72,401.9
val/IMG_0948.jpg,108.75,118.75,696.0,64-128px,187.6,112.0,75.6,14.92,1443.5
val/IMG_0948.jpg,15.83,28.33,101.3,<16px,76.1,126.0,-49.9,2.29,194.0
val/IMG_0948.jpg,25.0,25.83,160.0,16-32px,82.6,143.1,-60.6,2.03,393.1
val/IMG_0948.jpg,20.0,20.42,128.0,16-32px,133.6,142.5,-8.9,7.25,86.1
val/IMG_0948.jpg,29.17,40.42,186.7,16-32px,88.0,125.3,-37.3,6.07,60.4
val/IMG_0961.jpg,103.33,105.0,661.3,64-128px,165.3,124.6,40.6,5.45,1240.6
val/IMG_0961.jpg,114.17,117.5,730.7,64-128px,189.8,100.3,89.5,6.6,1473.4
val/IMG_0961.jpg,80.0,90.83,512.0,64-128px,141.1,89.2,51.9,11.84,1236.0
val/IMG_0961.jpg,87.08,101.67,557.3,64-128px,167.4,87.0,80.5,13.76,1889.2
val/IMG_0961.jpg,80.0,83.33,512.0,64-128px,174.1,115.8,58.3,10.52,1091.0
val/IMG_0961.jpg,42.5,50.42,272.0,32-64px,127.4,135.7,-8.3,11.84,530.5
val/IMG_0961.jpg,31.25,67.08,200.0,16-32px,160.4,138.7,21.7,4.28,941.2
val/IMG_0961.jpg,43.75,50.0,280.0,32-64px,150.1,112.4,37.7,6.42,1209.2
val/IMG_0961.jpg,26.67,67.5,170.7,16-32px,108.0,108.3,-0.3,4.78,304.5
test/IMG_0012.jpg,66.67,70.83,320.0,64-128px,78.8,127.1,-48.4,1.33,4380.1
test/IMG_0013.jpg,31.67,32.5,152.0,16-32px,78.2,101.1,-22.9,4.09,1917.8
test/IMG_0013.jpg,33.33,33.75,160.0,32-64px,97.8,83.2,14.6,0.71,2688.0
test/IMG_0013.jpg,31.67,32.5,152.0,16-32px,125.2,95.4,29.8,1.87,3198.8
test/IMG_0013.jpg,50.83,51.25,244.0,32-64px,139.1,99.5,39.7,2.31,8062.2
test/IMG_0015.jpg,63.75,77.5,306.0,32-64px,122.1,142.1,-20.1,2.95,8268.4
test/IMG_0015.jpg,49.17,57.5,236.0,32-64px,83.3,135.2,-51.8,0.16,5003.6
test/IMG_0015.jpg,47.08,62.5,226.0,32-64px,93.8,121.4,-27.6,3.01,1273.6
test/IMG_0018.jpg,72.92,73.75,350.0,64-128px,103.8,94.8,8.9,0.64,7477.6
test/IMG_0018.jpg,39.17,64.17,188.0,32-64px,61.9,95.2,-33.3,3.09,2758.8
test/IMG_0021.jpg,77.08,78.75,370.0,64-128px,112.1,97.3,14.8,4.21,6055.4
test/IMG_0021.jpg,72.92,74.58,350.0,64-128px,74.8,59.2,15.6,2.99,4076.0
test/IMG_0021.jpg,59.17,70.42,284.0,32-64px,92.5,156.8,-64.3,7.73,4846.9
test/IMG_0021.jpg,30.83,34.58,148.0,16-32px,80.9,135.8,-54.9,2.64,1730.8
test/IMG_0021.jpg,12.5,19.58,60.0,<16px,148.6,170.4,-21.8,0.03,161.5
test/IMG_0023.jpg,48.75,51.67,234.0,32-64px,86.8,93.6,-6.8,6.14,2098.5
test/IMG_0023.jpg,36.25,49.58,174.0,32-64px,122.7,129.0,-6.3,0.38,2822.3
test/IMG_0023.jpg,24.58,27.92,118.0,16-32px,61.4,93.0,-31.6,2.12,84.5
test/IMG_0023.jpg,22.5,26.67,108.0,16-32px,74.9,68.8,6.1,0.49,92.5
test/IMG_0024.jpg,54.58,55.42,262.0,32-64px,144.8,122.3,22.5,12.5,3952.9
test/IMG_0024.jpg,31.67,34.17,152.0,16-32px,177.9,124.4,53.6,7.96,142.4
test/IMG_0024.jpg,27.92,29.17,134.0,16-32px,128.7,115.8,12.9,7.05,190.8
test/IMG_0024.jpg,42.08,53.75,202.0,32-64px,124.1,145.5,-21.4,3.85,3911.4
test/IMG_0024.jpg,57.08,64.58,274.0,32-64px,168.2,143.6,24.6,0.03,4821.3
test/IMG_0024.jpg,15.42,15.42,74.0,<16px,123.6,80.4,43.1,6.48,7.3
test/IMG_0024.jpg,15.0,17.92,72.0,<16px,65.2,64.3,0.8,0.82,9.1
test/IMG_0024.jpg,15.83,17.5,76.0,<16px,65.0,51.1,13.9,2.3,5.0
test/IMG_0028.jpg,55.0,63.33,264.0,32-64px,111.7,168.4,-56.7,2.76,3876.6
test/IMG_0028.jpg,55.83,61.67,268.0,32-64px,105.2,105.0,0.2,0.79,2855.8
test/IMG_0032.jpg,52.92,53.33,254.0,32-64px,112.7,150.9,-38.2,3.2,3106.8
test/IMG_0032.jpg,33.75,36.25,162.0,32-64px,86.0,153.7,-67.7,4.81,2594.9
test/IMG_0038.jpg,25.42,36.67,122.0,16-32px,145.0,176.5,-31.4,0.32,971.6
test/IMG_0038.jpg,47.5,55.42,228.0,32-64px,125.6,158.6,-33.1,3.03,3682.3
test/IMG_0038.jpg,51.67,55.0,248.0,32-64px,132.8,116.0,16.7,2.15,3552.4
test/IMG_0038.jpg,37.08,40.42,178.0,32-64px,121.6,91.5,30.1,1.28,2878.1
test/IMG_0038.jpg,43.75,45.42,210.0,32-64px,136.2,103.8,32.5,0.25,2588.7
test/IMG_0038.jpg,93.75,97.92,450.0,64-128px,169.3,115.1,54.2,2.82,10294.1
test/IMG_0038.jpg,104.17,105.42,500.0,64-128px,136.7,139.7,-3.0,5.78,11462.3
test/IMG_0038.jpg,29.58,32.92,142.0,16-32px,68.8,50.6,18.2,3.91,45.5
test/IMG_0038.jpg,21.25,32.92,102.0,16-32px,48.8,85.7,-36.9,2.82,235.9
test/IMG_0082.jpg,84.17,88.75,404.0,64-128px,179.0,147.0,31.9,11.52,1369.4
test/IMG_0082.jpg,59.17,61.25,284.0,32-64px,157.1,135.9,21.3,12.2,240.7
test/IMG_0082.jpg,109.58,115.0,526.0,64-128px,170.1,173.2,-3.0,3.54,6294.6
test/IMG_0082.jpg,125.0,126.25,600.0,64-128px,174.8,143.8,31.0,2.83,4673.7
test/IMG_0082.jpg,73.75,99.17,354.0,64-128px,190.7,163.1,27.6,4.83,5474.8
test/IMG_0082.jpg,53.75,75.83,258.0,32-64px,115.5,151.4,-35.9,4.23,2695.0
test/IMG_0114.jpg,132.08,141.25,634.0,>=128px,128.0,141.7,-13.7,1.51,10326.6
test/IMG_0114.jpg,48.33,54.17,232.0,32-64px,110.1,125.3,-15.2,2.13,360.4
test/IMG_0114.jpg,30.0,45.83,144.0,16-32px,128.9,134.1,-5.2,0.35,191.2
test/IMG_0114.jpg,36.25,36.67,174.0,32-64px,126.6,174.4,-47.8,0.97,210.9
test/IMG_0125.jpg,66.67,95.42,320.0,64-128px,101.3,176.2,-74.9,1.32,2114.0
test/IMG_0125.jpg,108.75,135.42,522.0,64-128px,188.9,165.1,23.8,0.38,5255.4
test/IMG_0125.jpg,54.17,105.83,260.0,32-64px,147.5,182.1,-34.6,3.82,3278.1
test/IMG_0127.jpg,77.92,86.67,374.0,64-128px,106.9,144.2,-37.4,4.98,663.0
test/IMG_0127.jpg,81.67,82.5,392.0,64-128px,124.8,129.4,-4.6,8.39,600.6
test/IMG_0127.jpg,56.25,66.25,270.0,32-64px,121.2,149.6,-28.4,5.92,465.2
test/IMG_0134.jpg,59.17,96.25,284.0,32-64px,130.5,149.8,-19.3,3.69,5824.7
test/IMG_0134.jpg,102.5,102.92,492.0,64-128px,118.0,111.2,6.8,0.34,11094.9
test/IMG_0134.jpg,67.5,77.92,324.0,64-128px,99.5,120.7,-21.2,1.1,4132.6
test/IMG_0134.jpg,27.5,33.75,132.0,16-32px,91.1,116.6,-25.4,0.36,775.9
test/IMG_0142.jpg,37.08,39.58,178.0,32-64px,115.1,131.4,-16.3,3.04,411.3
test/IMG_0142.jpg,105.42,133.33,506.0,64-128px,131.9,145.9,-14.0,2.6,7831.5
test/IMG_0142.jpg,101.25,110.0,486.0,64-128px,125.4,162.4,-37.0,0.83,6537.4
test/IMG_0142.jpg,81.67,82.08,392.0,64-128px,135.2,157.5,-22.3,1.14,4965.1
test/IMG_0142.jpg,50.42,52.5,242.0,32-64px,175.4,133.6,41.8,3.36,1303.7
test/IMG_0146.jpg,63.75,66.67,306.0,32-64px,176.7,166.9,9.9,0.55,8110.7
test/IMG_0146.jpg,59.58,63.33,286.0,32-64px,125.3,98.8,26.5,4.78,6151.0
test/IMG_0146.jpg,59.17,62.92,284.0,32-64px,157.7,121.8,35.9,6.89,10213.0
test/IMG_0146.jpg,58.33,60.0,280.0,32-64px,135.0,118.5,16.6,4.29,4989.2
test/IMG_0146.jpg,32.92,46.25,158.0,32-64px,101.3,152.0,-50.7,2.95,475.9
test/IMG_0146.jpg,15.0,56.67,72.0,<16px,154.9,158.6,-3.7,5.23,1544.7
test/IMG_0151.jpg,90.42,96.67,434.0,64-128px,122.0,139.8,-17.8,1.05,5758.9
test/IMG_0158.jpg,102.08,113.75,490.0,64-128px,125.5,137.4,-11.9,0.23,1167.6
test/IMG_0167.jpg,37.92,37.92,182.0,32-64px,91.0,95.5,-4.5,1.35,4792.0
test/IMG_0169.jpg,38.33,46.67,184.0,32-64px,117.6,107.1,10.5,0.53,9687.9
test/IMG_0169.jpg,41.67,50.42,200.0,32-64px,106.6,131.0,-24.4,1.79,8831.4
test/IMG_0169.jpg,31.25,35.42,150.0,16-32px,113.1,151.0,-37.9,3.66,5134.9
test/IMG_0169.jpg,102.08,113.33,490.0,64-128px,113.1,133.8,-20.7,0.66,3253.6
test/IMG_0169.jpg,16.67,17.5,80.0,16-32px,156.9,154.4,2.5,3.21,189.8
test/IMG_0169.jpg,13.33,14.17,64.0,<16px,173.3,180.8,-7.5,3.47,110.3
test/IMG_0169.jpg,11.67,15.42,56.0,<16px,143.7,162.2,-18.4,4.24,85.0
test/IMG_0169.jpg,19.17,23.33,92.0,16-32px,152.3,145.3,7.0,0.43,3277.9
test/IMG_0169.jpg,4.17,20.83,20.0,<16px,103.6,150.0,-46.4,1.97,566.1
test/IMG_0184.jpg,40.83,44.58,196.0,32-64px,77.1,121.8,-44.8,0.19,1199.3
test/IMG_0187.jpg,40.0,41.67,192.0,32-64px,72.4,72.8,-0.5,10.91,2006.2
test/IMG_0187.jpg,77.92,82.08,374.0,64-128px,138.4,146.2,-7.8,7.58,2331.1
test/IMG_0200.jpg,75.0,77.92,360.0,64-128px,149.2,134.5,14.8,6.7,4502.1
test/IMG_0200.jpg,82.92,89.17,398.0,64-128px,126.4,128.7,-2.4,7.06,4635.2
test/IMG_0200.jpg,46.67,71.67,224.0,32-64px,75.5,96.1,-20.6,0.61,1324.4
test/IMG_0200.jpg,24.17,26.67,116.0,16-32px,108.7,119.4,-10.7,0.71,25.1
test/IMG_0200.jpg,20.83,51.25,100.0,16-32px,146.2,202.3,-56.1,0.7,445.4
test/IMG_0216.jpg,72.08,72.08,346.0,64-128px,136.3,131.2,5.1,11.26,619.0
test/IMG_0216.jpg,45.0,61.67,216.0,32-64px,159.6,130.6,29.0,9.52,2867.2
test/IMG_0249.jpg,85.0,110.0,408.0,64-128px,109.4,147.8,-38.5,7.19,6329.6
test/IMG_0252.jpg,18.75,19.58,90.0,16-32px,99.7,142.1,-42.4,4.17,1340.7
test/IMG_0252.jpg,22.5,24.58,108.0,16-32px,95.8,151.5,-55.7,3.92,2297.1
test/IMG_0271.jpg,74.58,75.0,358.0,64-128px,129.1,116.7,12.4,1.19,9756.3
test/IMG_0271.jpg,38.75,41.25,186.0,32-64px,74.3,128.7,-54.5,2.3,1563.9
test/IMG_0271.jpg,29.17,62.92,140.0,16-32px,98.9,46.8,52.1,4.79,1931.5
test/IMG_0271.jpg,35.0,52.92,168.0,32-64px,41.0,77.3,-36.3,3.52,554.5
test/IMG_0282.jpg,55.0,60.83,264.0,32-64px,167.8,107.7,60.1,10.61,7257.7
test/IMG_0290.jpg,34.58,40.42,166.0,32-64px,81.2,61.9,19.3,3.29,407.7
test/IMG_0290.jpg,26.67,28.75,128.0,16-32px,98.4,95.2,3.2,2.98,367.0
test/IMG_0295.jpg,82.5,91.67,396.0,64-128px,123.3,155.2,-31.9,3.53,2639.9
test/IMG_0295.jpg,50.83,54.58,244.0,32-64px,124.1,129.3,-5.2,4.86,6646.2
test/IMG_0295.jpg,21.67,27.08,104.0,16-32px,112.6,118.5,-5.9,1.81,1565.3
test/IMG_0309.jpg,32.92,32.92,158.0,32-64px,75.4,74.2,1.2,3.98,911.7
test/IMG_0309.jpg,61.25,63.75,294.0,32-64px,103.0,114.4,-11.4,0.34,7645.3
test/IMG_0309.jpg,72.92,73.33,350.0,64-128px,128.9,137.9,-9.0,0.13,9290.4
test/IMG_0309.jpg,42.92,65.42,206.0,32-64px,175.5,144.9,30.6,1.95,8751.1
test/IMG_0309.jpg,15.0,15.0,72.0,<16px,123.6,112.3,11.3,0.34,17.8
test/IMG_0309.jpg,12.92,15.42,62.0,<16px,143.0,147.0,-4.0,0.3,40.8
test/IMG_0309.jpg,10.83,12.08,52.0,<16px,84.8,146.4,-61.5,2.25,22.7
test/IMG_0323.jpg,27.92,39.17,134.0,16-32px,149.9,166.0,-16.0,1.68,4899.0
test/IMG_0323.jpg,41.67,44.17,200.0,32-64px,146.0,142.0,4.0,4.62,5324.8
test/IMG_0323.jpg,39.58,40.83,190.0,32-64px,91.9,110.7,-18.8,4.12,4232.0
test/IMG_0323.jpg,37.5,38.33,180.0,32-64px,88.8,146.2,-57.4,1.22,5431.1
test/IMG_0323.jpg,47.08,47.92,226.0,32-64px,114.9,109.1,5.8,0.86,6226.2
test/IMG_0323.jpg,42.5,42.92,204.0,32-64px,115.1,95.9,19.2,5.51,3538.7
test/IMG_0323.jpg,37.08,37.92,178.0,32-64px,85.1,86.4,-1.3,0.23,3164.1
test/IMG_0323.jpg,35.0,39.58,168.0,32-64px,70.9,133.8,-63.0,0.6,1742.7
test/IMG_0323.jpg,27.08,27.92,130.0,16-32px,50.0,120.7,-70.6,0.04,1364.0
test/IMG_0323.jpg,25.0,30.0,120.0,16-32px,95.4,150.6,-55.2,2.46,2164.5
test/IMG_0323.jpg,26.67,32.08,128.0,16-32px,40.4,106.9,-66.5,3.72,1503.5
test/IMG_0323.jpg,25.0,28.33,120.0,16-32px,68.3,141.6,-73.3,0.12,924.2
test/IMG_0323.jpg,22.92,32.08,110.0,16-32px,114.5,134.4,-19.9,0.23,1896.8
test/IMG_0323.jpg,18.33,32.92,88.0,16-32px,45.9,139.3,-93.3,5.09,716.0
test/IMG_0323.jpg,40.42,42.08,194.0,32-64px,75.8,137.8,-62.0,2.03,3116.9
test/IMG_0323.jpg,22.92,34.58,110.0,16-32px,69.4,139.5,-70.1,4.62,977.3
test/IMG_0323.jpg,38.33,47.92,184.0,32-64px,115.8,145.8,-30.0,1.8,3838.8
test/IMG_0323.jpg,13.33,15.0,64.0,<16px,85.1,175.1,-90.1,3.58,235.2
test/IMG_0323.jpg,16.25,16.67,78.0,16-32px,96.9,119.4,-22.5,2.57,370.2
test/IMG_0357.jpg,106.25,108.75,510.0,64-128px,153.2,101.4,51.9,3.83,6359.4
test/IMG_0357.jpg,60.0,65.83,288.0,32-64px,111.1,101.7,9.5,6.63,1224.9
test/IMG_0357.jpg,40.83,41.25,196.0,32-64px,130.4,115.7,14.7,8.72,122.5
test/IMG_0357.jpg,32.08,58.75,154.0,32-64px,95.2,117.4,-22.1,3.1,280.4
test/IMG_0357.jpg,6.25,26.25,30.0,<16px,61.9,100.0,-38.1,3.76,26.1
test/IMG_0357.jpg,13.33,21.67,64.0,<16px,86.9,75.8,11.1,3.17,4.2
test/IMG_0369.jpg,44.58,45.42,214.0,32-64px,107.1,142.1,-35.0,2.39,4898.1
test/IMG_0369.jpg,28.75,30.0,138.0,16-32px,95.3,144.2,-48.9,6.07,1806.9
test/IMG_0369.jpg,30.0,33.33,144.0,16-32px,63.0,141.9,-78.9,0.77,1988.5
test/IMG_0369.jpg,63.33,69.58,304.0,32-64px,105.8,122.8,-16.9,3.92,3492.3
test/IMG_0369.jpg,32.5,34.17,156.0,32-64px,43.2,114.5,-71.3,1.96,1267.7
test/IMG_0369.jpg,14.17,15.42,68.0,<16px,99.9,115.7,-15.8,5.34,82.9
test/IMG_0369.jpg,14.17,15.83,68.0,<16px,91.3,115.5,-24.2,1.85,183.5
test/IMG_0369.jpg,36.25,37.08,174.0,32-64px,50.1,115.3,-65.2,0.41,1187.6
test/IMG_0369.jpg,29.17,46.25,140.0,16-32px,72.5,160.4,-87.9,0.32,2028.6
test/IMG_0369.jpg,13.33,16.25,64.0,<16px,131.7,140.1,-8.4,3.09,189.1
test/IMG_0369.jpg,17.5,24.58,84.0,16-32px,91.0,120.9,-29.9,3.52,1174.5
test/IMG_0369.jpg,8.33,11.67,40.0,<16px,43.9,103.8,-59.9,3.82,20.2
test/IMG_0369.jpg,19.58,22.92,94.0,16-32px,79.8,143.4,-63.6,5.27,1226.6
test/IMG_0369.jpg,18.33,26.67,88.0,16-32px,72.1,155.6,-83.6,6.97,706.9
test/IMG_0369.jpg,20.83,24.58,100.0,16-32px,148.7,199.5,-50.8,3.42,897.4
test/IMG_0369.jpg,23.33,23.75,112.0,16-32px,88.6,158.0,-69.5,6.7,470.9
test/IMG_0369.jpg,19.58,25.83,94.0,16-32px,91.4,98.4,-7.0,3.27,729.6
test/IMG_0373.jpg,67.92,73.33,326.0,64-128px,115.5,152.1,-36.6,12.33,4854.3
test/IMG_0373.jpg,60.83,61.25,292.0,32-64px,111.6,95.1,16.5,11.17,4439.2
test/IMG_0373.jpg,51.25,52.92,246.0,32-64px,82.3,85.3,-3.0,0.66,504.1
test/IMG_0373.jpg,37.5,45.83,180.0,32-64px,47.0,77.8,-30.8,0.7,423.3
test/IMG_0373.jpg,31.67,36.25,152.0,16-32px,42.8,69.5,-26.7,2.47,61.8
test/IMG_0373.jpg,42.5,46.25,204.0,32-64px,123.8,82.1,41.7,8.09,1288.9
test/IMG_0373.jpg,42.08,48.33,202.0,32-64px,124.7,113.7,11.0,0.09,1605.3
test/IMG_0375.jpg,34.17,45.42,164.0,32-64px,109.5,140.0,-30.5,7.44,2159.3
test/IMG_0375.jpg,52.5,59.17,252.0,32-64px,119.9,144.8,-24.9,2.18,3425.8
test/IMG_0375.jpg,21.25,47.92,102.0,16-32px,160.3,180.5,-20.2,5.45,1069.1
test/IMG_0375.jpg,45.83,63.75,220.0,32-64px,96.0,187.8,-91.7,2.01,2418.0
test/IMG_0375.jpg,63.75,63.75,306.0,32-64px,87.5,101.0,-13.5,0.2,4031.5
test/IMG_0375.jpg,46.25,47.92,222.0,32-64px,46.3,77.9,-31.6,1.19,872.0
test/IMG_0375.jpg,21.25,23.75,102.0,16-32px,88.6,158.2,-69.5,2.51,159.4
test/IMG_0375.jpg,30.83,34.17,148.0,16-32px,59.7,161.8,-102.1,6.03,1852.5
test/IMG_0386.jpg,83.75,119.58,402.0,64-128px,128.6,156.4,-27.8,2.31,4237.1
test/IMG_0386.jpg,60.42,110.0,290.0,32-64px,74.3,165.7,-91.4,5.94,529.4
test/IMG_0386.jpg,120.0,125.0,576.0,64-128px,101.8,143.5,-41.7,4.27,4188.3
test/IMG_0395.jpg,37.5,41.25,180.0,32-64px,76.4,140.3,-63.9,8.6,3512.5
test/IMG_0395.jpg,25.83,32.08,124.0,16-32px,72.1,139.0,-66.9,3.8,1314.3
test/IMG_0418.jpg,106.25,109.58,510.0,64-128px,174.0,110.6,63.4,6.44,2276.7
test/IMG_0418.jpg,45.42,47.08,218.0,32-64px,93.3,115.5,-22.2,3.2,4573.2
test/IMG_0418.jpg,31.67,48.33,152.0,16-32px,72.5,104.0,-31.5,1.16,2816.1
test/IMG_0418.jpg,47.08,50.42,226.0,32-64px,101.2,87.7,13.5,5.57,4795.0
test/IMG_0424.jpg,56.67,56.67,272.0,32-64px,116.3,121.5,-5.3,2.57,3201.7
test/IMG_0424.jpg,30.0,43.75,144.0,16-32px,46.1,127.4,-81.4,5.8,1115.3
test/IMG_0429.jpg,35.0,67.92,168.0,32-64px,136.1,158.1,-22.0,3.48,4879.7
test/IMG_0429.jpg,40.0,48.33,192.0,32-64px,40.1,149.0,-108.9,10.17,3118.7
test/IMG_0437.jpg,94.58,95.42,454.0,64-128px,114.2,160.5,-46.3,6.41,3992.6
test/IMG_0437.jpg,75.42,79.58,362.0,64-128px,73.7,120.5,-46.8,2.59,4529.7
test/IMG_0437.jpg,88.75,91.67,426.0,64-128px,131.2,146.4,-15.2,1.85,5899.5
test/IMG_0441.jpg,98.75,100.42,474.0,64-128px,145.8,137.2,8.6,0.61,7320.6
test/IMG_0441.jpg,51.67,55.83,248.0,32-64px,90.4,120.2,-29.8,3.57,307.9
test/IMG_0441.jpg,41.67,45.0,200.0,32-64px,142.3,144.0,-1.7,0.47,97.8
test/IMG_0443.jpg,18.75,24.17,90.0,16-32px,133.7,107.2,26.5,5.17,3167.9
test/IMG_0443.jpg,22.08,35.83,106.0,16-32px,66.1,105.8,-39.7,4.51,1992.0
test/IMG_0443.jpg,54.58,56.67,262.0,32-64px,109.6,100.7,8.9,3.2,6675.5
test/IMG_0443.jpg,32.08,49.17,154.0,32-64px,125.0,122.7,2.4,4.26,6001.5
test/IMG_0443.jpg,52.92,53.33,254.0,32-64px,83.7,100.5,-16.9,1.89,6033.1
test/IMG_0443.jpg,32.5,43.33,156.0,32-64px,50.9,75.0,-24.1,2.11,1348.3
test/IMG_0443.jpg,10.83,25.0,52.0,<16px,200.9,180.7,20.1,0.28,380.9
test/IMG_0443.jpg,29.17,37.5,140.0,16-32px,75.0,150.9,-75.9,1.96,2118.6
test/IMG_0443.jpg,14.58,19.17,70.0,<16px,67.5,139.8,-72.3,1.87,321.2
test/IMG_0443.jpg,16.25,22.5,78.0,16-32px,155.3,129.4,25.9,0.33,772.5
test/IMG_0447.jpg,133.75,135.83,642.0,>=128px,140.8,126.1,14.7,5.28,5547.5
test/IMG_0466.jpg,24.58,24.58,118.0,16-32px,111.3,105.6,5.8,6.52,1969.6
test/IMG_0466.jpg,51.67,62.92,248.0,32-64px,114.8,118.8,-4.0,2.18,2879.5
test/IMG_0466.jpg,7.92,9.58,38.0,<16px,93.8,98.4,-4.6,1.14,50.9
test/IMG_0466.jpg,8.33,9.58,40.0,<16px,93.5,81.7,11.7,0.55,23.1
test/IMG_0466.jpg,5.83,7.92,28.0,<16px,109.7,85.2,24.5,0.54,9.7
test/IMG_0466.jpg,6.67,10.42,32.0,<16px,119.1,143.1,-24.0,1.71,47.5
test/IMG_0466.jpg,7.92,8.33,38.0,<16px,78.9,155.8,-76.8,3.3,36.5
test/IMG_0466.jpg,9.58,10.0,46.0,<16px,101.5,123.9,-22.3,0.82,35.4
test/IMG_0471.jpg,45.0,47.5,216.0,32-64px,108.4,168.5,-60.2,6.44,4422.5
test/IMG_0471.jpg,79.17,79.58,380.0,64-128px,121.0,124.6,-3.6,3.1,5567.4
test/IMG_0471.jpg,24.17,37.92,116.0,16-32px,59.4,116.2,-56.8,1.94,673.1
test/IMG_0472.jpg,30.83,37.92,148.0,16-32px,121.2,156.3,-35.1,0.76,628.3
test/IMG_0478.jpg,68.75,70.0,330.0,64-128px,136.1,86.4,49.7,5.85,3389.2
test/IMG_0478.jpg,48.75,50.42,234.0,32-64px,93.2,104.4,-11.2,0.33,1004.0
test/IMG_0478.jpg,24.17,44.17,116.0,16-32px,66.7,79.3,-12.6,1.3,109.1
test/IMG_0479.jpg,105.83,108.75,508.0,64-128px,177.3,114.4,62.9,7.62,1644.2
test/IMG_0479.jpg,43.33,51.67,208.0,32-64px,109.3,127.1,-17.9,1.45,1683.1
test/IMG_0479.jpg,50.0,60.83,240.0,32-64px,89.6,88.2,1.4,1.99,3678.7
test/IMG_0479.jpg,65.42,67.08,314.0,64-128px,117.7,106.3,11.4,0.82,6912.4
test/IMG_0479.jpg,57.92,62.5,278.0,32-64px,140.0,103.5,36.5,8.13,5946.2
test/IMG_0479.jpg,28.75,61.25,138.0,16-32px,129.9,125.7,4.2,1.67,3264.5
test/IMG_0479.jpg,38.33,40.0,184.0,32-64px,105.1,113.6,-8.5,1.23,5133.2
test/IMG_0479.jpg,19.17,21.67,92.0,16-32px,58.3,71.3,-13.0,1.26,611.1
test/IMG_0479.jpg,20.83,31.67,100.0,16-32px,80.8,69.3,11.5,3.53,120.8
test/IMG_0479.jpg,29.58,31.67,142.0,16-32px,40.5,92.2,-51.8,2.75,1044.9
test/IMG_0483.jpg,78.33,79.58,376.0,64-128px,149.4,134.3,15.1,0.56,5036.9
test/IMG_0483.jpg,68.75,78.33,330.0,64-128px,130.5,120.0,10.5,0.16,9426.2
test/IMG_0483.jpg,20.42,59.17,98.0,16-32px,114.1,182.3,-68.2,0.64,1467.3
test/IMG_0483.jpg,84.58,84.58,406.0,64-128px,157.2,106.4,50.8,7.32,1779.5
test/IMG_0483.jpg,60.83,79.17,292.0,32-64px,97.3,107.1,-9.8,1.13,863.4
test/IMG_0483.jpg,31.25,38.75,150.0,16-32px,100.6,127.7,-27.1,3.18,3283.9
test/IMG_0495.jpg,89.17,93.75,428.0,64-128px,118.8,135.4,-16.5,0.09,800.7
test/IMG_0495.jpg,93.33,93.75,448.0,64-128px,148.0,146.3,1.7,0.47,2655.3
test/IMG_0495.jpg,59.17,86.25,284.0,32-64px,132.5,168.7,-36.2,4.66,2869.8
test/IMG_0495.jpg,38.75,40.83,186.0,32-64px,55.9,100.1,-44.2,1.9,405.4
test/IMG_0495.jpg,20.42,24.58,98.0,16-32px,48.3,62.4,-14.1,0.87,34.9
test/IMG_0503.jpg,54.17,56.67,260.0,32-64px,114.9,150.4,-35.5,5.08,5907.5
test/IMG_0503.jpg,50.0,50.0,240.0,32-64px,129.9,106.1,23.9,3.96,4022.8
test/IMG_0503.jpg,21.25,29.17,102.0,16-32px,162.3,177.8,-15.4,4.85,519.8
test/IMG_0503.jpg,10.0,11.25,48.0,<16px,79.2,118.8,-39.6,1.29,17.1
test/IMG_0505.jpg,23.75,31.25,114.0,16-32px,181.0,140.3,40.7,0.82,1520.3
test/IMG_0505.jpg,40.42,44.17,194.0,32-64px,141.6,156.4,-14.8,0.8,2240.2
test/IMG_0505.jpg,36.67,43.33,176.0,32-64px,122.4,156.3,-33.9,1.81,1783.2
test/IMG_0505.jpg,43.75,44.17,210.0,32-64px,128.5,90.1,38.4,3.2,1936.7
test/IMG_0505.jpg,44.17,46.67,212.0,32-64px,136.5,161.1,-24.6,0.62,2422.6
test/IMG_0505.jpg,50.83,53.33,244.0,32-64px,124.0,122.3,1.6,1.32,3280.7
test/IMG_0505.jpg,42.08,47.08,202.0,32-64px,100.9,85.4,15.4,2.85,1720.6
test/IMG_0505.jpg,19.58,19.58,94.0,16-32px,118.0,96.3,21.7,1.94,54.3
test/IMG_0505.jpg,15.83,17.08,76.0,<16px,86.8,78.8,8.0,1.19,20.0
test/IMG_0505.jpg,51.67,60.0,248.0,32-64px,131.2,89.5,41.8,3.19,2292.3
test/IMG_0509.jpg,85.0,95.42,408.0,64-128px,131.3,132.3,-1.0,3.55,2709.8
test/IMG_0509.jpg,55.0,80.83,264.0,32-64px,113.0,113.2,-0.2,1.52,682.0
test/IMG_0509.jpg,68.33,77.92,328.0,64-128px,81.9,101.7,-19.8,0.64,1018.6
test/IMG_0509.jpg,72.5,75.83,348.0,64-128px,72.7,114.4,-41.8,1.09,731.8
test/IMG_0509.jpg,56.67,74.17,272.0,32-64px,119.8,119.2,0.6,0.59,2174.2
test/IMG_0509.jpg,68.75,86.67,330.0,64-128px,72.9,113.6,-40.7,2.27,732.2
test/IMG_0524.jpg,62.92,62.92,302.0,32-64px,112.7,104.4,8.3,1.24,6272.2
test/IMG_0524.jpg,47.92,52.08,230.0,32-64px,120.6,93.6,27.0,3.63,4459.3
test/IMG_0524.jpg,40.42,48.33,194.0,32-64px,96.4,85.8,10.6,1.45,2317.6
test/IMG_0524.jpg,37.5,43.75,180.0,32-64px,74.4,106.0,-31.6,2.65,2813.8
test/IMG_0524.jpg,27.5,34.58,132.0,16-32px,105.4,124.7,-19.2,0.59,2485.3
test/IMG_0524.jpg,32.08,43.33,154.0,32-64px,91.9,127.5,-35.6,5.55,3880.6
test/IMG_0524.jpg,22.08,29.17,106.0,16-32px,79.9,146.8,-66.8,4.09,1016.4
test/IMG_0529.jpg,32.08,34.17,154.0,32-64px,120.5,111.2,9.3,3.17,5445.9
test/IMG_0539.jpg,120.83,122.08,580.0,64-128px,125.4,117.1,8.4,3.85,4806.8
test/IMG_0539.jpg,35.83,78.75,172.0,32-64px,109.0,178.3,-69.3,5.73,2024.7
test/IMG_0541.jpg,37.5,52.5,180.0,32-64px,128.9,121.0,7.9,1.51,546.6
test/IMG_0541.jpg,47.92,52.92,230.0,32-64px,142.7,134.3,8.4,0.39,1039.2
test/IMG_0541.jpg,18.75,30.0,90.0,16-32px,98.6,153.6,-55.0,0.28,271.2
test/IMG_0544.jpg,49.17,50.42,236.0,32-64px,96.6,80.3,16.3,3.26,5323.8
test/IMG_0544.jpg,32.92,34.17,158.0,32-64px,86.3,135.5,-49.2,3.37,625.2
test/IMG_0544.jpg,30.83,42.5,148.0,16-32px,76.1,145.5,-69.4,3.38,827.9
test/IMG_0544.jpg,25.42,28.33,122.0,16-32px,118.5,117.0,1.5,3.55,698.5
test/IMG_0544.jpg,21.25,27.92,102.0,16-32px,96.5,113.4,-16.9,2.41,491.5
test/IMG_0554.jpg,107.5,108.33,516.0,64-128px,152.9,157.0,-4.1,2.01,1018.9
test/IMG_0554.jpg,25.42,106.25,122.0,16-32px,164.1,140.5,23.6,8.94,728.5
test/IMG_0554.jpg,37.5,53.75,180.0,32-64px,165.7,98.1,67.5,3.83,145.6
test/IMG_0563.jpg,67.08,69.17,322.0,64-128px,120.5,121.9,-1.4,6.59,3706.5
test/IMG_0564.jpg,65.42,69.17,314.0,64-128px,132.3,133.9,-1.6,6.9,4074.7
test/IMG_0568.jpg,47.5,56.25,228.0,32-64px,129.7,120.7,9.0,0.62,4003.4
test/IMG_0568.jpg,63.33,64.58,304.0,32-64px,141.5,103.0,38.6,4.58,6345.9
test/IMG_0568.jpg,46.25,48.75,222.0,32-64px,125.7,134.0,-8.4,0.65,8613.6
test/IMG_0568.jpg,25.83,46.25,124.0,16-32px,85.9,127.7,-41.8,1.23,4766.1
test/IMG_0568.jpg,30.83,41.67,148.0,16-32px,115.7,139.8,-24.1,3.01,3638.4
test/IMG_0568.jpg,16.67,36.67,80.0,16-32px,158.9,140.3,18.6,5.7,2229.3
test/IMG_0568.jpg,14.17,15.0,68.0,<16px,126.4,106.2,20.2,3.83,95.6
test/IMG_0568.jpg,10.42,10.42,50.0,<16px,83.6,65.0,18.6,2.91,3.9
test/IMG_0568.jpg,10.0,10.83,48.0,<16px,75.6,75.2,0.4,0.6,5.1
test/IMG_0568.jpg,9.58,10.83,46.0,<16px,100.4,101.4,-1.0,1.85,133.9
test/IMG_0590.jpg,53.75,55.0,258.0,32-64px,135.9,96.2,39.8,6.17,8904.4
test/IMG_0590.jpg,27.08,29.17,130.0,16-32px,163.2,137.2,26.0,1.51,1291.0
test/IMG_0590.jpg,35.0,35.0,168.0,32-64px,108.1,129.6,-21.5,2.03,1598.3
test/IMG_0600.jpg,152.5,155.0,732.0,>=128px,126.8,124.2,2.6,6.5,4723.3
test/IMG_0600.jpg,68.75,142.08,330.0,64-128px,112.6,174.7,-62.1,3.73,3259.9
test/IMG_0612.jpg,92.5,93.75,444.0,64-128px,146.9,115.4,31.5,2.95,8907.2
test/IMG_0612.jpg,56.67,60.83,272.0,32-64px,112.3,146.8,-34.5,4.84,4446.5
test/IMG_0612.jpg,14.17,16.25,68.0,<16px,152.0,148.6,3.3,0.99,41.0
test/IMG_0612.jpg,6.67,7.08,32.0,<16px,137.3,143.6,-6.2,0.64,3.4
test/IMG_0612.jpg,6.67,7.92,32.0,<16px,80.4,85.6,-5.2,1.06,3.3
test/IMG_0612.jpg,7.08,7.08,34.0,<16px,108.6,106.5,2.1,0.61,3.2
test/IMG_0612.jpg,5.83,6.67,28.0,<16px,131.4,103.8,27.6,1.41,2.7
test/IMG_0613.jpg,68.75,72.5,330.0,64-128px,132.6,121.7,11.0,1.45,8102.8
test/IMG_0613.jpg,25.0,39.58,120.0,16-32px,94.9,129.8,-34.9,0.91,1886.5
test/IMG_0613.jpg,10.0,15.0,48.0,<16px,148.6,168.0,-19.3,3.13,11.3
test/IMG_0613.jpg,11.25,12.5,54.0,<16px,65.8,95.5,-29.7,0.88,6.8
test/IMG_0613.jpg,10.83,15.83,52.0,<16px,110.6,158.4,-47.7,3.81,12.4
test/IMG_0617.jpg,105.0,116.25,504.0,64-128px,136.0,152.3,-16.3,1.75,9621.6
test/IMG_0617.jpg,107.08,108.75,514.0,64-128px,136.5,104.7,31.8,4.35,7478.6
test/IMG_0617.jpg,32.08,35.42,154.0,32-64px,66.1,104.0,-37.9,0.7,58.9
test/IMG_0623.jpg,99.17,100.42,476.0,64-128px,115.8,129.9,-14.1,5.31,7154.9
test/IMG_0623.jpg,76.67,94.58,368.0,64-128px,117.7,145.4,-27.7,7.59,5807.0
test/IMG_0623.jpg,95.0,100.0,456.0,64-128px,112.4,118.6,-6.2,6.46,7785.8
test/IMG_0623.jpg,28.33,32.92,136.0,16-32px,110.5,132.0,-21.5,1.99,165.8
test/IMG_0628.jpg,61.25,62.5,294.0,32-64px,124.7,103.0,21.8,1.7,2184.8
test/IMG_0628.jpg,53.33,62.08,256.0,32-64px,104.0,112.2,-8.2,0.9,2366.5
test/IMG_0628.jpg,34.58,41.25,166.0,32-64px,117.9,149.5,-31.6,2.85,2608.3
test/IMG_0628.jpg,55.83,57.08,268.0,32-64px,66.6,129.2,-62.7,1.51,2422.4
test/IMG_0628.jpg,20.42,37.08,98.0,16-32px,82.1,116.6,-34.5,1.3,670.1
test/IMG_0628.jpg,49.17,49.58,236.0,32-64px,125.0,102.2,22.8,1.56,2715.4
test/IMG_0628.jpg,42.08,46.67,202.0,32-64px,98.0,171.8,-73.8,6.09,1876.9
test/IMG_0628.jpg,38.75,46.67,186.0,32-64px,154.4,142.7,11.7,0.47,2440.2
test/IMG_0628.jpg,20.83,30.0,100.0,16-32px,87.7,140.0,-52.3,2.28,546.7
test/IMG_0628.jpg,42.5,43.33,204.0,32-64px,132.4,150.7,-18.2,3.03,2378.3
test/IMG_0628.jpg,40.42,52.92,194.0,32-64px,109.2,135.7,-26.5,0.67,2579.4
test/IMG_0628.jpg,29.17,29.58,140.0,16-32px,138.7,142.6,-3.8,0.2,1448.9
test/IMG_0628.jpg,15.42,26.67,74.0,<16px,82.9,107.1,-24.1,2.17,196.9
test/IMG_0628.jpg,14.58,20.0,70.0,<16px,143.9,109.0,34.9,1.48,174.5
test/IMG_0648.jpg,35.42,44.58,170.0,32-64px,73.1,83.1,-10.0,0.6,2749.2
test/IMG_0648.jpg,22.92,30.42,110.0,16-32px,108.5,84.5,24.1,0.47,1685.2
test/IMG_0654.jpg,43.75,44.17,210.0,32-64px,180.5,85.5,95.0,13.92,2473.0
test/IMG_0669.jpg,83.75,91.67,402.0,64-128px,103.9,103.1,0.8,1.96,4951.9
test/IMG_0670.jpg,86.67,92.08,416.0,64-128px,113.8,138.7,-24.9,2.58,5870.3
test/IMG_0670.jpg,48.33,50.83,232.0,32-64px,77.2,84.3,-7.1,4.87,450.8
test/IMG_0670.jpg,67.5,70.0,324.0,64-128px,106.0,138.5,-32.5,6.15,2911.8
test/IMG_0670.jpg,30.42,40.83,146.0,16-32px,140.6,149.4,-8.8,5.13,800.2
test/IMG_0670.jpg,73.75,79.17,354.0,64-128px,107.8,155.2,-47.4,9.14,3189.8
test/IMG_0690.jpg,8.33,23.33,40.0,<16px,99.0,127.0,-28.0,11.05,190.4
test/IMG_0690.jpg,31.67,49.58,152.0,16-32px,127.3,173.0,-45.8,16.86,4493.4
test/IMG_0695.jpg,77.92,82.92,374.0,64-128px,112.2,109.1,3.1,1.43,6291.0
test/IMG_0718.jpg,99.17,126.67,476.0,64-128px,140.7,144.7,-4.1,1.83,3413.1
test/IMG_0718.jpg,99.17,99.17,476.0,64-128px,107.2,121.9,-14.7,0.11,1477.9
test/IMG_0743.jpg,135.0,135.42,648.0,>=128px,91.2,117.1,-25.9,0.85,594.2
test/IMG_0743.jpg,103.33,110.42,496.0,64-128px,81.6,143.5,-61.9,1.71,601.2
test/IMG_0743.jpg,68.33,70.42,328.0,64-128px,54.1,137.0,-82.9,0.97,121.1
test/IMG_0743.jpg,50.0,51.67,240.0,32-64px,54.5,110.9,-56.4,0.53,79.8
test/IMG_0743.jpg,15.83,55.0,76.0,<16px,77.2,163.9,-86.7,5.44,117.9
test/IMG_0744.jpg,71.25,72.08,342.0,64-128px,125.2,91.4,33.8,3.5,504.6
test/IMG_0744.jpg,66.67,67.08,320.0,64-128px,122.7,111.0,11.7,1.56,424.2
test/IMG_0744.jpg,52.08,53.33,250.0,32-64px,156.6,155.7,0.9,0.21,606.4
test/IMG_0744.jpg,44.58,56.25,214.0,32-64px,139.1,118.7,20.5,3.49,331.9
test/IMG_0744.jpg,60.0,61.25,288.0,32-64px,125.0,107.0,18.0,1.49,515.8
test/IMG_0744.jpg,20.0,25.42,96.0,16-32px,93.0,140.5,-47.6,6.96,180.5
test/IMG_0744.jpg,66.25,66.67,318.0,64-128px,103.8,137.3,-33.5,2.63,1266.5
test/IMG_0744.jpg,65.83,65.83,316.0,64-128px,121.5,109.9,11.5,0.35,631.5
test/IMG_0744.jpg,30.83,45.83,148.0,16-32px,95.7,166.1,-70.3,0.27,362.0
test/IMG_0744.jpg,48.33,60.42,232.0,32-64px,85.3,136.7,-51.4,3.26,383.2
test/IMG_0744.jpg,58.75,63.75,282.0,32-64px,78.5,89.1,-10.6,1.59,160.1
test/IMG_0744.jpg,56.67,69.17,272.0,32-64px,80.9,137.8,-56.8,1.15,874.0
test/IMG_0744.jpg,40.42,68.33,194.0,32-64px,82.7,101.5,-18.8,2.38,44.7
test/IMG_0749.jpg,118.33,118.33,568.0,64-128px,75.4,122.0,-46.6,3.52,1019.2
test/IMG_0749.jpg,31.67,96.25,152.0,16-32px,50.9,127.2,-76.4,0.15,672.2
test/IMG_0757.jpg,35.0,37.08,168.0,32-64px,78.8,87.5,-8.6,0.66,3363.2
test/IMG_0757.jpg,25.42,25.83,122.0,16-32px,50.3,93.1,-42.8,3.66,803.1
test/IMG_0757.jpg,32.92,39.17,158.0,32-64px,49.1,70.7,-21.6,1.84,1138.4
test/IMG_0757.jpg,33.75,36.25,162.0,32-64px,78.2,106.4,-28.2,4.32,478.5
test/IMG_0757.jpg,32.5,38.33,156.0,32-64px,56.0,81.3,-25.3,0.29,529.3
test/IMG_0757.jpg,26.25,33.33,126.0,16-32px,51.7,62.5,-10.8,0.22,308.4
test/IMG_0757.jpg,16.25,23.75,78.0,16-32px,89.0,157.2,-68.3,0.78,153.3
test/IMG_0763.jpg,90.42,91.67,434.0,64-128px,110.2,101.8,8.4,1.52,1194.5
test/IMG_0763.jpg,78.75,93.75,378.0,64-128px,124.1,126.5,-2.3,0.35,1661.8
test/IMG_0763.jpg,50.83,72.5,244.0,32-64px,166.0,161.6,4.4,0.91,1237.1
test/IMG_0763.jpg,35.83,69.58,172.0,32-64px,140.9,130.8,10.1,3.54,741.7
test/IMG_0763.jpg,77.08,78.75,370.0,64-128px,121.1,145.1,-24.0,2.01,1722.7
test/IMG_0763.jpg,67.5,87.08,324.0,64-128px,99.6,149.1,-49.5,4.23,1220.2
test/IMG_0796.jpg,24.58,25.42,118.0,16-32px,77.1,113.5,-36.4,7.52,4136.0
test/IMG_0816.jpg,44.17,45.83,212.0,32-64px,81.7,90.8,-9.1,3.98,123.3
test/IMG_0816.jpg,32.5,36.67,156.0,32-64px,56.6,91.2,-34.6,3.7,154.6
test/IMG_0818.jpg,57.92,59.58,278.0,32-64px,80.1,137.0,-56.9,6.93,229.5
test/IMG_0893.jpg,130.83,149.17,837.3,>=128px,174.7,115.5,59.2,2.2,965.3
test/IMG_0893.jpg,76.67,99.58,490.7,64-128px,143.8,98.1,45.7,3.19,917.8
test/IMG_0893.jpg,107.08,130.42,685.3,64-128px,186.2,141.1,45.1,6.27,808.0
test/IMG_0893.jpg,69.17,79.58,442.7,64-128px,145.0,127.9,17.1,11.87,225.7
test/IMG_0893.jpg,77.92,81.25,498.7,64-128px,154.5,90.1,64.3,10.11,181.5
test/IMG_0893.jpg,122.08,132.08,781.3,64-128px,159.0,100.1,58.9,4.56,1668.1
test/IMG_0893.jpg,116.25,125.0,744.0,64-128px,161.0,87.3,73.7,1.43,1104.9
test/IMG_0893.jpg,36.67,38.75,234.7,32-64px,170.5,135.8,34.8,1.4,185.8
test/IMG_0893.jpg,18.75,18.75,120.0,16-32px,154.9,101.2,53.7,0.75,56.4
test/IMG_0893.jpg,17.08,25.83,109.3,16-32px,166.4,125.0,41.4,0.05,45.6
test/IMG_0893.jpg,45.0,80.42,288.0,32-64px,146.4,118.9,27.5,5.11,119.7
test/IMG_0893.jpg,22.5,44.17,144.0,16-32px,146.4,167.7,-21.2,1.47,74.8
test/IMG_0893.jpg,32.92,45.42,210.7,32-64px,111.5,142.5,-31.0,4.76,313.3
test/IMG_0914.jpg,57.92,62.08,370.7,32-64px,153.9,114.5,39.4,2.61,1143.0
test/IMG_0914.jpg,59.58,60.42,381.3,32-64px,158.8,118.8,39.9,3.0,1332.2
test/IMG_0914.jpg,59.58,60.83,381.3,32-64px,158.8,135.8,23.0,3.89,1119.6
test/IMG_0914.jpg,44.17,53.33,282.7,32-64px,143.4,105.4,38.1,2.98,428.7
test/IMG_0914.jpg,52.08,54.58,333.3,32-64px,163.8,103.7,60.1,3.02,601.2
test/IMG_0914.jpg,40.83,46.67,261.3,32-64px,165.3,112.3,53.0,4.95,1040.0
test/IMG_0914.jpg,40.83,45.42,261.3,32-64px,168.8,95.6,73.2,0.87,472.4
test/IMG_0914.jpg,36.67,37.92,234.7,32-64px,123.1,117.9,5.2,2.46,509.5
test/IMG_0914.jpg,29.17,34.17,186.7,16-32px,153.0,137.3,15.7,3.99,393.8
test/IMG_0914.jpg,36.25,42.92,232.0,32-64px,100.7,108.1,-7.5,1.91,467.4
test/IMG_0914.jpg,10.42,22.92,66.7,<16px,79.9,93.8,-14.0,0.5,46.4
test/IMG_0914.jpg,40.83,41.67,261.3,32-64px,95.8,86.0,9.8,0.6,177.5
test/IMG_0914.jpg,54.17,59.17,346.7,32-64px,182.4,114.5,67.9,2.56,1734.7
test/IMG_0914.jpg,31.67,37.92,202.7,16-32px,158.1,112.6,45.5,7.31,274.3
test/IMG_0914.jpg,29.58,39.17,189.3,16-32px,109.7,103.2,6.5,6.12,288.0
test/IMG_0914.jpg,29.17,30.42,186.7,16-32px,107.1,127.0,-19.8,4.97,180.0
test/IMG_0914.jpg,58.33,64.17,373.3,32-64px,181.0,117.8,63.2,2.25,1784.0
test/IMG_0914.jpg,38.75,41.67,248.0,32-64px,187.5,113.2,74.3,1.0,222.5
test/IMG_0914.jpg,23.33,31.67,149.3,16-32px,142.7,120.0,22.7,5.68,139.5
test/IMG_0914.jpg,44.58,49.17,285.3,32-64px,173.1,112.3,60.8,2.51,1279.2
test/IMG_0914.jpg,17.08,25.42,109.3,16-32px,130.8,130.6,0.2,0.41,122.6
test/IMG_0920.jpg,84.17,87.92,538.7,64-128px,138.5,120.9,17.5,3.35,2725.1
test/IMG_0920.jpg,79.58,90.83,509.3,64-128px,171.2,88.5,82.7,5.6,431.7
test/IMG_0920.jpg,103.75,107.5,664.0,64-128px,177.3,108.5,68.7,2.28,3362.6
test/IMG_0920.jpg,102.5,103.33,656.0,64-128px,161.9,98.4,63.5,4.64,3288.6
test/IMG_0923.jpg,63.33,64.58,405.3,32-64px,170.8,154.4,16.3,0.14,2084.8
test/IMG_0923.jpg,30.0,32.08,192.0,16-32px,207.5,207.6,-0.1,1.38,246.5
test/IMG_0923.jpg,27.5,30.0,176.0,16-32px,198.8,183.0,15.9,3.16,482.6
test/IMG_0923.jpg,32.5,42.92,208.0,32-64px,163.7,136.0,27.8,3.29,364.0
test/IMG_0923.jpg,18.33,27.92,117.3,16-32px,184.6,167.4,17.2,0.63,83.7
test/IMG_0923.jpg,9.58,18.75,61.3,<16px,182.1,158.0,24.1,4.6,20.5
test/IMG_0923.jpg,32.92,37.08,210.7,32-64px,107.6,130.4,-22.8,1.21,420.9
test/IMG_0923.jpg,55.0,67.92,352.0,32-64px,185.6,128.0,57.6,0.07,2620.9
test/IMG_0923.jpg,47.92,49.58,306.7,32-64px,129.3,131.8,-2.5,2.52,1424.6
test/IMG_0923.jpg,52.5,57.92,336.0,32-64px,151.6,122.0,29.6,2.08,1686.3
test/IMG_0923.jpg,49.17,53.75,314.7,32-64px,131.0,112.7,18.3,2.12,1197.2
test/IMG_0923.jpg,25.42,30.42,162.7,16-32px,103.5,125.8,-22.3,0.94,479.8
test/IMG_0923.jpg,52.5,54.58,336.0,32-64px,158.6,103.4,55.2,1.95,1762.4
test/IMG_0923.jpg,67.5,67.5,432.0,64-128px,161.2,112.6,48.6,1.04,2199.4
test/IMG_0923.jpg,31.67,44.58,202.7,16-32px,106.7,77.4,29.3,3.96,1105.1
test/IMG_0923.jpg,39.58,51.67,253.3,32-64px,127.1,114.6,12.5,0.9,1413.2
test/IMG_0923.jpg,42.08,42.92,269.3,32-64px,154.6,118.5,36.1,0.16,2765.3
test/IMG_0923.jpg,47.5,52.08,304.0,32-64px,152.4,98.0,54.4,2.08,1582.8
test/IMG_0923.jpg,33.75,34.58,216.0,32-64px,108.5,122.0,-13.6,1.55,1119.9
test/IMG_0923.jpg,31.25,56.25,200.0,16-32px,75.7,127.2,-51.5,1.74,1088.5
test/IMG_0923.jpg,27.92,41.67,178.7,16-32px,177.7,175.6,2.1,5.16,990.3
test/IMG_0923.jpg,25.83,30.42,165.3,16-32px,102.5,77.7,24.8,2.18,37.9
test/IMG_0923.jpg,30.0,32.08,192.0,16-32px,110.3,107.0,3.2,3.0,169.7
test/IMG_0923.jpg,14.17,21.25,90.7,<16px,70.3,68.1,2.2,0.6,7.5
test/IMG_0923.jpg,38.75,41.67,248.0,32-64px,172.2,90.2,82.0,4.48,1640.8
test/IMG_0923.jpg,37.08,37.5,237.3,32-64px,152.2,106.5,45.8,2.71,1269.3
test/IMG_0923.jpg,17.08,22.08,109.3,16-32px,76.9,111.5,-34.6,2.62,126.2
test/IMG_0923.jpg,22.08,39.17,141.3,16-32px,129.7,108.8,20.9,0.98,355.1
test/IMG_0923.jpg,14.58,18.75,93.3,<16px,135.6,121.3,14.4,1.35,132.9
test/IMG_0923.jpg,7.08,15.0,45.3,<16px,175.0,160.5,14.5,0.38,54.9
test/IMG_0923.jpg,26.67,37.08,170.7,16-32px,122.3,70.4,51.9,1.08,170.4
test/IMG_0923.jpg,27.5,35.42,176.0,16-32px,174.2,166.5,7.6,1.74,765.4
test/IMG_0923.jpg,10.83,16.25,69.3,<16px,121.8,118.8,3.0,2.98,20.4
test/IMG_0923.jpg,13.75,15.42,88.0,<16px,166.6,122.0,44.6,3.58,39.3
test/IMG_0923.jpg,17.08,37.92,109.3,16-32px,78.4,98.4,-20.0,1.49,99.7
test/IMG_0923.jpg,15.83,20.83,101.3,<16px,83.9,133.5,-49.6,1.64,413.7
test/IMG_0923.jpg,13.75,20.42,88.0,<16px,82.1,108.6,-26.5,0.71,187.6
test/IMG_0923.jpg,9.17,12.08,58.7,<16px,105.9,95.3,10.6,2.6,18.1
test/IMG_0923.jpg,9.58,22.5,61.3,<16px,77.8,86.2,-8.4,0.34,42.4
test/IMG_0923.jpg,10.42,12.92,66.7,<16px,240.5,172.7,67.8,1.27,22.6
test/IMG_0940.jpg,52.5,53.33,336.0,32-64px,153.5,98.4,55.2,6.6,700.1
test/IMG_0940.jpg,40.0,61.25,256.0,32-64px,196.7,180.9,15.8,9.65,597.3
test/IMG_0940.jpg,36.25,50.42,232.0,32-64px,165.1,133.8,31.4,3.61,463.7
test/IMG_0940.jpg,52.5,57.92,336.0,32-64px,176.7,118.0,58.7,6.06,527.5
test/IMG_0940.jpg,38.75,46.67,248.0,32-64px,121.1,125.6,-4.5,7.42,892.2
test/IMG_0940.jpg,41.25,57.92,264.0,32-64px,148.7,100.3,48.4,5.88,500.6
test/IMG_0940.jpg,18.33,37.08,117.3,16-32px,92.8,94.5,-1.7,0.97,359.8
test/IMG_0940.jpg,32.5,42.08,208.0,32-64px,137.6,130.2,7.5,8.98,562.7
test/IMG_0940.jpg,35.83,57.08,229.3,32-64px,153.2,108.8,44.5,5.49,344.1
test/IMG_0940.jpg,28.75,42.92,184.0,16-32px,136.1,114.5,21.6,7.93,197.4
test/IMG_0940.jpg,37.5,41.25,240.0,32-64px,90.8,117.2,-26.4,2.16,351.7
test/IMG_0940.jpg,59.58,69.17,381.3,32-64px,140.4,95.2,45.2,7.67,785.3
test/IMG_0940.jpg,24.17,38.75,154.7,16-32px,72.7,98.1,-25.4,1.59,172.1
test/IMG_0940.jpg,52.5,56.67,336.0,32-64px,164.3,120.0,44.3,5.04,877.1
test/IMG_0940.jpg,27.5,44.17,176.0,16-32px,131.3,155.0,-23.7,3.95,445.8
test/IMG_0940.jpg,30.0,34.17,192.0,16-32px,116.3,104.2,12.1,4.99,165.4
test/IMG_0940.jpg,11.25,28.33,72.0,<16px,78.1,80.5,-2.4,1.66,111.9
test/IMG_0940.jpg,31.67,42.08,202.7,16-32px,89.4,89.0,0.3,2.29,394.5
test/IMG_0940.jpg,15.83,20.0,101.3,<16px,146.4,147.2,-0.8,4.49,94.3
test/IMG_0940.jpg,11.67,15.83,74.7,<16px,159.2,158.6,0.6,2.35,29.9
test/IMG_0940.jpg,10.0,15.83,64.0,<16px,119.5,133.9,-14.4,0.1,16.6
test/IMG_0940.jpg,21.67,33.75,138.7,16-32px,87.0,99.9,-12.9,0.75,75.1
test/IMG_0940.jpg,9.58,19.17,61.3,<16px,111.5,163.5,-52.0,0.65,73.3
test/IMG_0949.jpg,83.33,85.42,533.3,64-128px,169.3,116.0,53.4,11.17,509.1
test/IMG_0949.jpg,77.92,87.08,498.7,64-128px,161.4,133.8,27.6,6.42,675.3
test/IMG_0949.jpg,24.17,31.67,154.7,16-32px,193.1,144.7,48.4,1.72,39.1
test/IMG_0949.jpg,99.17,106.67,634.7,64-128px,189.0,112.0,77.1,15.45,1045.8
test/IMG_0949.jpg,27.5,28.75,176.0,16-32px,117.9,150.3,-32.3,5.7,102.8
test/IMG_0949.jpg,25.0,55.83,160.0,16-32px,94.9,134.0,-39.1,3.02,283.8
test/IMG_0949.jpg,14.58,17.5,93.3,<16px,85.5,84.3,1.1,6.0,13.8
test/IMG_0950.jpg,31.67,79.58,202.7,16-32px,96.1,91.5,4.6,1.95,667.3
test/IMG_0950.jpg,59.58,91.25,381.3,32-64px,197.9,119.2,78.6,4.37,1639.9
test/IMG_0950.jpg,64.17,67.5,410.7,64-128px,169.0,92.9,76.2,3.89,1685.5
test/IMG_0950.jpg,50.83,62.5,325.3,32-64px,91.5,91.4,0.1,1.84,436.1
test/IMG_0950.jpg,65.0,66.25,416.0,64-128px,161.3,93.3,68.0,3.92,1399.4
test/IMG_0950.jpg,54.17,60.0,346.7,32-64px,163.3,88.2,75.1,7.43,603.2
test/IMG_0950.jpg,84.58,96.67,541.3,64-128px,177.0,80.2,96.9,4.43,993.4
test/IMG_0950.jpg,20.0,28.33,128.0,16-32px,197.8,170.6,27.2,0.82,63.9
test/IMG_0950.jpg,16.25,26.25,104.0,16-32px,173.7,140.9,32.8,2.97,31.5
test/IMG_0950.jpg,10.83,28.75,69.3,<16px,135.8,108.7,27.1,2.59,25.7
test/IMG_0950.jpg,36.25,37.08,232.0,32-64px,114.7,103.1,11.6,5.56,702.3
test/IMG_0950.jpg,20.83,40.0,133.3,16-32px,169.9,132.4,37.4,4.16,214.7
test/IMG_0950.jpg,26.25,26.25,168.0,16-32px,195.7,147.5,48.1,3.0,165.0
test/IMG_0950.jpg,32.5,34.17,208.0,32-64px,130.9,224.5,-93.5,3.37,283.8
test/IMG_0950.jpg,34.17,48.33,218.7,32-64px,105.6,121.6,-16.0,3.44,513.6
test/IMG_0950.jpg,11.67,18.33,74.7,<16px,112.2,106.0,6.2,4.3,125.5
test/IMG_0950.jpg,22.5,25.0,144.0,16-32px,167.5,125.7,41.8,0.33,217.5
test/IMG_0953.jpg,70.0,72.5,448.0,64-128px,193.7,145.5,48.2,3.5,2025.5
test/IMG_0953.jpg,36.25,40.0,232.0,32-64px,173.8,113.8,60.0,3.89,1135.3
test/IMG_0953.jpg,53.75,60.42,344.0,32-64px,158.1,81.8,76.3,6.08,1227.5
test/IMG_0953.jpg,18.75,29.17,120.0,16-32px,109.2,90.2,19.0,3.06,289.0
test/IMG_0953.jpg,37.5,39.58,240.0,32-64px,171.7,86.4,85.3,0.97,2077.6
test/IMG_0953.jpg,12.08,18.33,77.3,<16px,89.3,116.3,-27.0,1.55,110.2
test/IMG_0953.jpg,10.42,12.08,66.7,<16px,130.8,105.7,25.2,1.79,36.7
test/IMG_0953.jpg,19.17,31.67,122.7,16-32px,156.8,132.8,24.0,1.67,82.0
test/IMG_0953.jpg,27.5,28.75,176.0,16-32px,88.8,115.4,-26.6,0.97,499.3
test/IMG_0964.jpg,46.67,49.58,298.7,32-64px,150.2,106.5,43.8,4.89,1219.1
test/IMG_0964.jpg,49.17,52.08,314.7,32-64px,125.4,117.2,8.2,2.25,678.7
test/IMG_0964.jpg,39.58,45.0,253.3,32-64px,128.7,108.9,19.8,3.44,687.2
test/IMG_0964.jpg,13.33,14.17,85.3,<16px,159.1,126.2,32.9,3.65,89.4
test/IMG_0964.jpg,16.67,30.83,106.7,16-32px,145.0,172.2,-27.2,0.41,302.7
test/IMG_0964.jpg,15.0,40.83,96.0,<16px,162.5,102.7,59.8,0.52,362.5
test/IMG_0964.jpg,21.67,45.83,138.7,16-32px,134.4,101.6,32.7,0.93,539.9
test/IMG_0964.jpg,17.92,19.17,114.7,16-32px,158.1,121.4,36.7,6.28,265.3
test/IMG_0964.jpg,6.67,12.5,42.7,<16px,176.1,178.5,-2.4,5.19,7.3
test/IMG_0964.jpg,10.0,12.08,64.0,<16px,132.5,158.0,-25.5,6.41,6.7
test/IMG_0964.jpg,8.75,13.75,56.0,<16px,177.0,148.3,28.7,3.99,29.5
test/IMG_0964.jpg,5.42,10.42,34.7,<16px,193.0,162.9,30.1,3.61,4.3
