nohup: ignoring input

================================================================
批量训练计划：71 个待跑 / 2 个跳过
轮数 300ep | batch 16 | device 0
结果目录 /data/sxq/results/000_anyothers
日志目录 /data/sxq/code/ultralytics-main-new/1_batch/logs
随时中断：Ctrl+C，或建立文件 STOP（当前实验跑完即停）
================================================================

跳过：F42_yolo11-seg-shallowheavy, F50_yolo11-seg-lce

待跑顺序：
   1. F62_yolo11-seg-hsf
   2. F22_yolo11-seg-csfg
   3. F55_yolo11-seg-mwca
   4. F04_yolo11-seg-hwd
   5. F60_yolo11-seg-tgp
   6. F53_yolo11-seg-citrusformer-plus  [--iou-type NWDWise --tal-metric NWD --tal-min-pos]
   7. F52_yolo11-seg-citrusfar-edge-v2
   8. F56_yolo11-seg-freqsuite  [--freq-loss 0.1]
   9. SXQNet-seg  [--iou-type NWDWise --tal-metric NWD --tal-min-pos --freq-loss 0.1]
  10. SXQNet-V2-nano
  11. F01_yolo11-seg-p2
  12. F02_yolo11-seg-p2-spd
  13. F03_yolo11-seg-spdconv
  14. F05_yolo11-seg-c3k2faster
  15. F06_yolo11-seg-c3k2wt
  16. F07_yolo11-seg-c3k2dwr
  17. F08_yolo11-seg-ema
  18. F09_yolo11-seg-simam
  19. F10_yolo11-seg-cbam
  20. F11_yolo11-seg-coordatt
  21. F12_yolo11-seg-ela
  22. F13_yolo11-seg-caa
  23. F14_yolo11-seg-sppf-lska
  24. F15_yolo11-seg-rfb
  25. F16_yolo11-seg-bifpn
  26. F17_yolo11-seg-carafe
  27. F18_yolo11-seg-dysample
  28. F19_yolo11-seg-dfem
  29. F20_yolo11-seg-dfem-p2p3
  30. F21_yolo11-seg-liam
  31. F23_yolo11-seg-hvi-dfem
  32. F24_yolo11-seg-spd-dysample
  33. F25_yolo11-seg-spd-ema
  34. F26_yolo11-seg-dfem-liam
  35. F27_yolo11-seg-bifpn-dysample
  36. F28_yolo11-seg-dfem-spd
  37. F30_yolo11-seg-ours-lite
  38. F31_yolo11-seg-ours-full  [--iou-type NWDWise]
  39. F32_yolo11-seg-ours-no-dfem
  40. F33_yolo11-seg-ours-no-spd
  41. F34_yolo11-seg-ours-no-lska
  42. F35_yolo11-seg-ours-no-bifpn
  43. F36_yolo11-seg-ours-no-dysample
  44. F37_yolo11-seg-ours-no-liam
  45. F38_yolo11-seg-ours-full-p2
  46. F40_yolo11-seg-hrstream
  47. F41_yolo11-seg-freqdetail-pan
  48. F43_yolo11-seg-citrusfar-v2  [--iou-type NWDWise]
  49. F44_yolo11-seg-citrusfar-edge
  50. F45_yolo11-seg-citrusfar-edge-nano
  51. F46_yolo11-seg-farformer
  52. F47_yolo11-seg-lumiformer
  53. F48_yolo11-seg-citrusformer-net  [--iou-type NWDWise]
  54. F49_yolo11-seg-tdam
  55. F51_yolo11-seg-lce-tdam
  56. F54_yolo11-seg-farformer-fla
  57. F57_yolo11-seg-hco
  58. F58_yolo11-seg-hyperace
  59. F59_yolo11-seg-c3k2ls
  60. F61_yolo11-seg-tgp-tdam
  61. F63_yolo11-seg-c3k2sxq
  62. F64_yolo11-seg-c3k2moce
  63. F65_yolo11-seg-hyperres
  64. SXQNet-V10-max  [--iou-type NWDWise --tal-metric NWD --tal-min-pos --freq-loss 0.1]
  65. SXQNet-V3-freq  [--freq-loss 0.1]
  66. SXQNet-V4-former
  67. SXQNet-V5-hyper
  68. SXQNet-V6-p2
  69. SXQNet-V7-fast
  70. SXQNet-V8-texture
  71. SXQNet-V9-dark  [--aug-preset dark]

----------------------------------------------------------------
起飞前自检
----------------------------------------------------------------
  [OK]   数据集 /data/sxq/datasets/orange_yolo/data.yaml
  [OK]   预训练权重 yolo11n-seg.pt
  [OK]   ultralytics 来自本 fork
  [OK]   torch 1.13.1+cu117 CUDA True
----------------------------------------------------------------

>>> 进度 1/71  已用 0 min

================================================================
[BATCH] F62_yolo11-seg-hsf  (300 ep)
[CMD]   /home/amax/sxq/bin/python /data/sxq/code/ultralytics-main-new/train_citrus_seg.py --model 0_orange_yaml/1_far_small/F62_yolo11-seg-hsf.yaml --pretrained yolo11n-seg.pt --name F62_yolo11-seg-hsf_300ep --epochs 300 --batch 16 --device 0
[LOG]   /data/sxq/code/ultralytics-main-new/1_batch/logs/F62_yolo11-seg-hsf_300ep.log
================================================================

WARNING ⚠️ no model scale passed. Assuming scale='n'.
Transferred 240/577 items from pretrained weights
New https://pypi.org/project/ultralytics/8.4.120 available 😃 Update with 'pip install -U ultralytics'
Ultralytics 8.4.60 🚀 Python-3.8.10 torch-1.13.1+cu117 CUDA:0 (NVIDIA GeForce RTX 3090, 24260MiB)
WARNING ⚠️ Upgrade to torch>=2.0.0 for deterministic training.
[34m[1mengine/trainer: [0magnostic_nms=False, amp=0, angle=1.0, augment=False, auto_augment=randaugment, batch=16, bgr=0.0, box=7.5, cache=True, cfg=None, classes=None, close_mosaic=10, cls=0.5, cls_pw=0.0, compile=False, conf=None, copy_paste=0.0, copy_paste_mode=flip, cos_lr=False, cutmix=0.0, data=/data/sxq/datasets/orange_yolo/data.yaml, degrees=0.0, deterministic=True, device=0, dfl=1.5, dnn=False, dropout=0.1, dynamic=False, embed=None, end2end=None, epochs=300, erasing=0.4, exist_ok=False, fliplr=0.5, flipud=0.0, format=torchscript, fraction=1.0, freeze=None, freq_loss=0.0, half=False, hsv_h=0.015, hsv_s=0.7, hsv_v=0.4, imgsz=640, inner_ratio=1.0, int8=False, iou=0.7, iou_type=CIoU, keras=False, kobj=1.0, line_width=None, lr0=0.001, lrf=0.01, mask_ratio=4, max_det=300, mixup=0.0, mode=train, model=0_orange_yaml/1_far_small/F62_yolo11-seg-hsf.yaml, momentum=0.937, mosaic=1.0, multi_scale=0.0, name=F62_yolo11-seg-hsf_300ep, nbs=64, nms=False, nwd_ratio=0.0, opset=None, optimize=False, optimizer=AdamW, overlap_mask=True, patience=100, perspective=0.0, plots=True, pose=12.0, pretrained=yolo11n-seg.pt, profile=False, project=/data/sxq/results/000_anyothers, rect=False, resume=False, retina_masks=False, rle=1.0, save=True, save_conf=False, save_crop=False, save_dir=/data/sxq/results/000_anyothers/F62_yolo11-seg-hsf_300ep, save_frames=False, save_json=False, save_period=-1, save_txt=False, scale=0.5, seed=42, shear=0.0, show=False, show_boxes=True, show_conf=True, show_labels=True, simplify=True, single_cls=False, smc_beta1_low=0.88, smc_escape_cooldown=100, smc_escape_max_duration=20, smc_lr_boost=1.05, smc_noise_decay=0.9, smc_noise_max_steps=10, smc_noise_scale=0.001, smc_surface_patience=100, smc_surface_threshold=0.05, smcao_a0=5.0, smcao_a_neg=1.0, smcao_alpha_frac=0.5, smcao_c_beta=1.0, smcao_c_eps=0.01, smcao_dither_alpha=1.5, smcao_dither_decay=0.9, smcao_dither_max_steps=12, smcao_dither_scale=0.002, smcao_gamma_damping=2.0, smcao_grad_threshold=0.01, smcao_kappa_mem=0.1, smcao_memory_window=20, source=None, split=val, stream_buffer=False, tal_metric=CIoU, tal_min_pos=False, task=segment, time=None, tracker=botsort.yaml, translate=0.1, use_slide=False, val=True, verbose=True, vid_stride=1, visualize=False, warmup_bias_lr=0.1, warmup_epochs=3.0, warmup_momentum=0.8, weight_decay=0.0005, workers=4, workspace=None
Overriding model.yaml nc=80 with nc=1
WARNING ⚠️ no model scale passed. Assuming scale='n'.

                   from  n    params  module                                       arguments                     
  0                  -1  1       464  ultralytics.nn.modules.conv.Conv             [3, 16, 3, 2]                 
  1                  -1  1      4672  ultralytics.nn.modules.conv.Conv             [16, 32, 3, 2]                
  2                  -1  1      6640  ultralytics.nn.modules.block.C3k2            [32, 64, 1, False, 0.25]      
  3                  -1  1     36992  ultralytics.nn.modules.conv.Conv             [64, 64, 3, 2]                
  4                  -1  1     26080  ultralytics.nn.modules.block.C3k2            [64, 128, 1, False, 0.25]     
  5                  -1  1    147712  ultralytics.nn.modules.conv.Conv             [128, 128, 3, 2]              
  6                  -1  1     87040  ultralytics.nn.modules.block.C3k2            [128, 128, 1, True]           
  7                  -1  1    295424  ultralytics.nn.modules.conv.Conv             [128, 256, 3, 2]              
  8                  -1  1    346112  ultralytics.nn.modules.block.C3k2            [256, 256, 1, True]           
  9                  -1  1    164608  ultralytics.nn.modules.block.SPPF            [256, 256, 5]                 
 10                  -1  1    249728  ultralytics.nn.modules.block.C2PSA           [256, 256, 1]                 
 11             [6, 10]  1     65920  ultralytics.nn.modules.citrus_far.HSF        [128, 256]                    
 12                  -1  1     78528  ultralytics.nn.modules.block.C3k2            [128, 128, 1, False]          
 13             [4, 12]  1     33152  ultralytics.nn.modules.citrus_far.HSF        [128, 128]                    
 14                  -1  1     23904  ultralytics.nn.modules.block.C3k2            [128, 64, 1, False]           
 15                  -1  1     36992  ultralytics.nn.modules.conv.Conv             [64, 64, 3, 2]                
 16            [-1, 12]  1         0  ultralytics.nn.modules.conv.Concat           [1]                           
 17                  -1  1     86720  ultralytics.nn.modules.block.C3k2            [192, 128, 1, False]          
 18                  -1  1    147712  ultralytics.nn.modules.conv.Conv             [128, 128, 3, 2]              
 19            [-1, 10]  1         0  ultralytics.nn.modules.conv.Concat           [1]                           
 20                  -1  1    378880  ultralytics.nn.modules.block.C3k2            [384, 256, 1, True]           
 21        [14, 17, 20]  1    683635  ultralytics.nn.modules.head.Segment          [1, 32, 64, 16, None, [64, 128, 256]]
F62_YOLO11-seg-hsf summary: 206 layers, 2,900,915 parameters, 2,900,899 gradients, 9.6 GFLOPs

Transferred 526/577 items from pretrained weights
Freezing layer 'model.21.dfl.conv.weight'
[34m[1mtrain: [0mFast image access ✅ (ping: 0.0±0.0 ms, read: 2900.6±1940.7 MB/s, size: 2758.5 KB)

[K[34m[1mtrain: [0mScanning /data/sxq/datasets/orange_yolo/train/labels.cache... 676 images, 1 backgrounds, 0 corrupt: 100% ━━━━━━━━━━━━ 676/676 128.9Mit/s 0.0s
[34m[1mtrain: [0m/data/sxq/datasets/orange_yolo/train/images/IMG_0063.jpg: corrupt JPEG restored and saved
[34m[1mtrain: [0m/data/sxq/datasets/orange_yolo/train/images/IMG_0065.jpg: corrupt JPEG restored and saved
[34m[1mtrain: [0m/data/sxq/datasets/orange_yolo/train/images/IMG_0066.jpg: corrupt JPEG restored and saved
[34m[1mtrain: [0m/data/sxq/datasets/orange_yolo/train/images/IMG_0068.jpg: corrupt JPEG restored and saved
[34m[1mtrain: [0m/data/sxq/datasets/orange_yolo/train/images/IMG_0069.jpg: corrupt JPEG restored and saved
[34m[1mtrain: [0m/data/sxq/datasets/orange_yolo/train/images/IMG_0070.jpg: corrupt JPEG restored and saved
[34m[1mtrain: [0m/data/sxq/datasets/orange_yolo/train/images/IMG_0071.jpg: corrupt JPEG restored and saved
[34m[1mtrain: [0m/data/sxq/datasets/orange_yolo/train/images/IMG_0072.jpg: corrupt JPEG restored and saved
[34m[1mtrain: [0m/data/sxq/datasets/orange_yolo/train/images/IMG_0073.jpg: corrupt JPEG restored and saved
[34m[1mtrain: [0m/data/sxq/datasets/orange_yolo/train/images/IMG_0074.jpg: corrupt JPEG restored and saved
[34m[1mtrain: [0m/data/sxq/datasets/orange_yolo/train/images/IMG_0076.jpg: corrupt JPEG restored and saved
[34m[1mtrain: [0m/data/sxq/datasets/orange_yolo/train/images/IMG_0077.jpg: corrupt JPEG restored and saved
[34m[1mtrain: [0m/data/sxq/datasets/orange_yolo/train/images/IMG_0080.jpg: corrupt JPEG restored and saved
[34m[1mtrain: [0m/data/sxq/datasets/orange_yolo/train/images/IMG_0083.jpg: corrupt JPEG restored and saved
[34m[1mtrain: [0m/data/sxq/datasets/orange_yolo/train/images/IMG_0084.jpg: corrupt JPEG restored and saved
[34m[1mtrain: [0m/data/sxq/datasets/orange_yolo/train/images/IMG_0085.jpg: corrupt JPEG restored and saved
[34m[1mtrain: [0m/data/sxq/datasets/orange_yolo/train/images/IMG_0086.jpg: corrupt JPEG restored and saved
[34m[1mtrain: [0m/data/sxq/datasets/orange_yolo/train/images/IMG_0087.jpg: corrupt JPEG restored and saved
[34m[1mtrain: [0m/data/sxq/datasets/orange_yolo/train/images/IMG_0088.jpg: corrupt JPEG restored and saved
[34m[1mtrain: [0m/data/sxq/datasets/orange_yolo/train/images/IMG_0089.jpg: corrupt JPEG restored and saved
[34m[1mtrain: [0m/data/sxq/datasets/orange_yolo/train/images/IMG_0090.jpg: corrupt JPEG restored and saved
[34m[1mtrain: [0m/data/sxq/datasets/orange_yolo/train/images/IMG_0091.jpg: corrupt JPEG restored and saved
[34m[1mtrain: [0m/data/sxq/datasets/orange_yolo/train/images/IMG_0092.jpg: corrupt JPEG restored and saved
[34m[1mtrain: [0m/data/sxq/datasets/orange_yolo/train/images/IMG_0095.jpg: corrupt JPEG restored and saved
[34m[1mtrain: [0m/data/sxq/datasets/orange_yolo/train/images/IMG_0098.jpg: corrupt JPEG restored and saved
[34m[1mtrain: [0m/data/sxq/datasets/orange_yolo/train/images/IMG_0099.jpg: corrupt JPEG restored and saved
[34m[1mtrain: [0m/data/sxq/datasets/orange_yolo/train/images/IMG_0101.jpg: corrupt JPEG restored and saved
[34m[1mtrain: [0m/data/sxq/datasets/orange_yolo/train/images/IMG_0103.jpg: corrupt JPEG restored and saved
[34m[1mtrain: [0m/data/sxq/datasets/orange_yolo/train/images/IMG_0104.jpg: corrupt JPEG restored and saved
[34m[1mtrain: [0m/data/sxq/datasets/orange_yolo/train/images/IMG_0105.jpg: corrupt JPEG restored and saved
[34m[1mtrain: [0m/data/sxq/datasets/orange_yolo/train/images/IMG_0106.jpg: corrupt JPEG restored and saved
[34m[1mtrain: [0m/data/sxq/datasets/orange_yolo/train/images/IMG_0107.jpg: corrupt JPEG restored and saved
[34m[1mtrain: [0m/data/sxq/datasets/orange_yolo/train/images/IMG_0109.jpg: corrupt JPEG restored and saved
[34m[1mtrain: [0m/data/sxq/datasets/orange_yolo/train/images/IMG_0111.jpg: corrupt JPEG restored and saved
[34m[1mtrain: [0m/data/sxq/datasets/orange_yolo/train/images/IMG_0112.jpg: corrupt JPEG restored and saved
[34m[1mtrain: [0m/data/sxq/datasets/orange_yolo/train/images/IMG_0113.jpg: corrupt JPEG restored and saved
[34m[1mtrain: [0m/data/sxq/datasets/orange_yolo/train/images/IMG_0115.jpg: corrupt JPEG restored and saved
[34m[1mtrain: [0m/data/sxq/datasets/orange_yolo/train/images/IMG_0118.jpg: corrupt JPEG restored and saved
[34m[1mtrain: [0m/data/sxq/datasets/orange_yolo/train/images/IMG_0119.jpg: corrupt JPEG restored and saved
[34m[1mtrain: [0m/data/sxq/datasets/orange_yolo/train/images/IMG_0122.jpg: corrupt JPEG restored and saved
[34m[1mtrain: [0m/data/sxq/datasets/orange_yolo/train/images/IMG_0123.jpg: corrupt JPEG restored and saved
[34m[1mtrain: [0m/data/sxq/datasets/orange_yolo/train/images/IMG_0124.jpg: corrupt JPEG restored and saved
[34m[1mtrain: [0m/data/sxq/datasets/orange_yolo/train/images/IMG_0126.jpg: corrupt JPEG restored and saved
[34m[1mtrain: [0m/data/sxq/datasets/orange_yolo/train/images/IMG_0130.jpg: corrupt JPEG restored and saved
[34m[1mtrain: [0m/data/sxq/datasets/orange_yolo/train/images/IMG_0132.jpg: corrupt JPEG restored and saved
[34m[1mtrain: [0m/data/sxq/datasets/orange_yolo/train/images/IMG_0675.jpg: corrupt JPEG restored and saved
[34m[1mtrain: [0m/data/sxq/datasets/orange_yolo/train/images/IMG_0676.jpg: corrupt JPEG restored and saved
[34m[1mtrain: [0m/data/sxq/datasets/orange_yolo/train/images/IMG_0677.jpg: corrupt JPEG restored and saved
[34m[1mtrain: [0m/data/sxq/datasets/orange_yolo/train/images/IMG_0678.jpg: corrupt JPEG restored and saved
[34m[1mtrain: [0m/data/sxq/datasets/orange_yolo/train/images/IMG_0679.jpg: corrupt JPEG restored and saved
[34m[1mtrain: [0m/data/sxq/datasets/orange_yolo/train/images/IMG_0680.jpg: corrupt JPEG restored and saved
[34m[1mtrain: [0m/data/sxq/datasets/orange_yolo/train/images/IMG_0681.jpg: corrupt JPEG restored and saved
[34m[1mtrain: [0m/data/sxq/datasets/orange_yolo/train/images/IMG_0682.jpg: corrupt JPEG restored and saved
[34m[1mtrain: [0m/data/sxq/datasets/orange_yolo/train/images/IMG_0683.jpg: corrupt JPEG restored and saved
[34m[1mtrain: [0m/data/sxq/datasets/orange_yolo/train/images/IMG_0684.jpg: corrupt JPEG restored and saved
[34m[1mtrain: [0m/data/sxq/datasets/orange_yolo/train/images/IMG_0685.jpg: corrupt JPEG restored and saved
[34m[1mtrain: [0m/data/sxq/datasets/orange_yolo/train/images/IMG_0686.jpg: corrupt JPEG restored and saved
[34m[1mtrain: [0m/data/sxq/datasets/orange_yolo/train/images/IMG_0687.jpg: corrupt JPEG restored and saved
[34m[1mtrain: [0m/data/sxq/datasets/orange_yolo/train/images/IMG_0688.jpg: corrupt JPEG restored and saved
[34m[1mtrain: [0m/data/sxq/datasets/orange_yolo/train/images/IMG_0689.jpg: corrupt JPEG restored and saved
[34m[1mtrain: [0m/data/sxq/datasets/orange_yolo/train/images/IMG_0691.jpg: corrupt JPEG restored and saved
[34m[1mtrain: [0m/data/sxq/datasets/orange_yolo/train/images/IMG_0692.jpg: corrupt JPEG restored and saved
[34m[1mtrain: [0m/data/sxq/datasets/orange_yolo/train/images/IMG_0694.jpg: corrupt JPEG restored and saved
[34m[1mtrain: [0m/data/sxq/datasets/orange_yolo/train/images/IMG_0697.jpg: corrupt JPEG restored and saved
[34m[1mtrain: [0m/data/sxq/datasets/orange_yolo/train/images/IMG_0698.jpg: corrupt JPEG restored and saved
[34m[1mtrain: [0m/data/sxq/datasets/orange_yolo/train/images/IMG_0700.jpg: corrupt JPEG restored and saved
[34m[1mtrain: [0m/data/sxq/datasets/orange_yolo/train/images/IMG_0701.jpg: corrupt JPEG restored and saved
[34m[1mtrain: [0m/data/sxq/datasets/orange_yolo/train/images/IMG_0702.jpg: corrupt JPEG restored and saved
[34m[1mtrain: [0m/data/sxq/datasets/orange_yolo/train/images/IMG_0704.jpg: corrupt JPEG restored and saved
[34m[1mtrain: [0m/data/sxq/datasets/orange_yolo/train/images/IMG_0708.jpg: corrupt JPEG restored and saved
[34m[1mtrain: [0m/data/sxq/datasets/orange_yolo/train/images/IMG_0709.jpg: corrupt JPEG restored and saved
[34m[1mtrain: [0m/data/sxq/datasets/orange_yolo/train/images/IMG_0711.jpg: corrupt JPEG restored and saved
[34m[1mtrain: [0m/data/sxq/datasets/orange_yolo/train/images/IMG_0712.jpg: corrupt JPEG restored and saved
[34m[1mtrain: [0m/data/sxq/datasets/orange_yolo/train/images/IMG_0713.jpg: corrupt JPEG restored and saved
[34m[1mtrain: [0m/data/sxq/datasets/orange_yolo/train/images/IMG_0715.jpg: corrupt JPEG restored and saved
[34m[1mtrain: [0m/data/sxq/datasets/orange_yolo/train/images/IMG_0716.jpg: corrupt JPEG restored and saved
[34m[1mtrain: [0m/data/sxq/datasets/orange_yolo/train/images/IMG_0717.jpg: corrupt JPEG restored and saved
[34m[1mtrain: [0m/data/sxq/datasets/orange_yolo/train/images/IMG_0719.jpg: corrupt JPEG restored and saved
[34m[1mtrain: [0m/data/sxq/datasets/orange_yolo/train/images/IMG_0720.jpg: corrupt JPEG restored and saved
[34m[1mtrain: [0m/data/sxq/datasets/orange_yolo/train/images/IMG_0721.jpg: corrupt JPEG restored and saved
[34m[1mtrain: [0m/data/sxq/datasets/orange_yolo/train/images/IMG_0722.jpg: corrupt JPEG restored and saved
[34m[1mtrain: [0m/data/sxq/datasets/orange_yolo/train/images/IMG_0724.jpg: corrupt JPEG restored and saved
[34m[1mtrain: [0m/data/sxq/datasets/orange_yolo/train/images/IMG_0726.jpg: corrupt JPEG restored and saved
[34m[1mtrain: [0m/data/sxq/datasets/orange_yolo/train/images/IMG_0728.jpg: corrupt JPEG restored and saved
[34m[1mtrain: [0m/data/sxq/datasets/orange_yolo/train/images/IMG_0730.jpg: corrupt JPEG restored and saved
[34m[1mtrain: [0m/data/sxq/datasets/orange_yolo/train/images/IMG_0731.jpg: corrupt JPEG restored and saved
[34m[1mtrain: [0m/data/sxq/datasets/orange_yolo/train/images/IMG_0733.jpg: corrupt JPEG restored and saved
[34m[1mtrain: [0m/data/sxq/datasets/orange_yolo/train/images/IMG_0734.jpg: corrupt JPEG restored and saved
[34m[1mtrain: [0m/data/sxq/datasets/orange_yolo/train/images/IMG_0735.jpg: corrupt JPEG restored and saved
[34m[1mtrain: [0m/data/sxq/datasets/orange_yolo/train/images/IMG_0736.jpg: corrupt JPEG restored and saved
[34m[1mtrain: [0m/data/sxq/datasets/orange_yolo/train/images/IMG_0737.jpg: corrupt JPEG restored and saved
[34m[1mtrain: [0m/data/sxq/datasets/orange_yolo/train/images/IMG_0738.jpg: corrupt JPEG restored and saved
[34m[1mtrain: [0m/data/sxq/datasets/orange_yolo/train/images/IMG_0739.jpg: corrupt JPEG restored and saved
[34m[1mtrain: [0m/data/sxq/datasets/orange_yolo/train/images/IMG_0742.jpg: corrupt JPEG restored and saved
[34m[1mtrain: [0m/data/sxq/datasets/orange_yolo/train/images/IMG_0745.jpg: corrupt JPEG restored and saved
[34m[1mtrain: [0m/data/sxq/datasets/orange_yolo/train/images/IMG_0746.jpg: corrupt JPEG restored and saved
[34m[1mtrain: [0m/data/sxq/datasets/orange_yolo/train/images/IMG_0747.jpg: corrupt JPEG restored and saved
[34m[1mtrain: [0m/data/sxq/datasets/orange_yolo/train/images/IMG_0748.jpg: corrupt JPEG restored and saved
[34m[1mtrain: [0m/data/sxq/datasets/orange_yolo/train/images/IMG_0750.jpg: corrupt JPEG restored and saved
[34m[1mtrain: [0m/data/sxq/datasets/orange_yolo/train/images/IMG_0753.jpg: corrupt JPEG restored and saved
[34m[1mtrain: [0m/data/sxq/datasets/orange_yolo/train/images/IMG_0756.jpg: corrupt JPEG restored and saved
[34m[1mtrain: [0m/data/sxq/datasets/orange_yolo/train/images/IMG_0758.jpg: corrupt JPEG restored and saved
[34m[1mtrain: [0m/data/sxq/datasets/orange_yolo/train/images/IMG_0759.jpg: corrupt JPEG restored and saved
[34m[1mtrain: [0m/data/sxq/datasets/orange_yolo/train/images/IMG_0760.jpg: corrupt JPEG restored and saved
[34m[1mtrain: [0m/data/sxq/datasets/orange_yolo/train/images/IMG_0761.jpg: corrupt JPEG restored and saved
[34m[1mtrain: [0m/data/sxq/datasets/orange_yolo/train/images/IMG_0762.jpg: corrupt JPEG restored and saved
[34m[1mtrain: [0m/data/sxq/datasets/orange_yolo/train/images/IMG_0764.jpg: corrupt JPEG restored and saved
[34m[1mtrain: [0m/data/sxq/datasets/orange_yolo/train/images/IMG_0765.jpg: corrupt JPEG restored and saved
[34m[1mtrain: [0m/data/sxq/datasets/orange_yolo/train/images/IMG_0766.jpg: corrupt JPEG restored and saved
[34m[1mtrain: [0m/data/sxq/datasets/orange_yolo/train/images/IMG_0767.jpg: corrupt JPEG restored and saved
[34m[1mtrain: [0m/data/sxq/datasets/orange_yolo/train/images/IMG_0769.jpg: corrupt JPEG restored and saved
[34m[1mtrain: [0m/data/sxq/datasets/orange_yolo/train/images/IMG_0771.jpg: corrupt JPEG restored and saved
[34m[1mtrain: [0m/data/sxq/datasets/orange_yolo/train/images/IMG_0772.jpg: corrupt JPEG restored and saved
[34m[1mtrain: [0m/data/sxq/datasets/orange_yolo/train/images/IMG_0774.jpg: corrupt JPEG restored and saved
[34m[1mtrain: [0m/data/sxq/datasets/orange_yolo/train/images/IMG_0775.jpg: corrupt JPEG restored and saved
[34m[1mtrain: [0m/data/sxq/datasets/orange_yolo/train/images/IMG_0776.jpg: corrupt JPEG restored and saved
[34m[1mtrain: [0m/data/sxq/datasets/orange_yolo/train/images/IMG_0777.jpg: corrupt JPEG restored and saved
[34m[1mtrain: [0m/data/sxq/datasets/orange_yolo/train/images/IMG_0778.jpg: corrupt JPEG restored and saved
[34m[1mtrain: [0m/data/sxq/datasets/orange_yolo/train/images/IMG_0779.jpg: corrupt JPEG restored and saved
[34m[1mtrain: [0m/data/sxq/datasets/orange_yolo/train/images/IMG_0780.jpg: corrupt JPEG restored and saved
[34m[1mtrain: [0m/data/sxq/datasets/orange_yolo/train/images/IMG_0781.jpg: corrupt JPEG restored and saved
[34m[1mtrain: [0m/data/sxq/datasets/orange_yolo/train/images/IMG_0782.jpg: corrupt JPEG restored and saved
[34m[1mtrain: [0m/data/sxq/datasets/orange_yolo/train/images/IMG_0783.jpg: corrupt JPEG restored and saved
[34m[1mtrain: [0m/data/sxq/datasets/orange_yolo/train/images/IMG_0784.jpg: corrupt JPEG restored and saved
[34m[1mtrain: [0m/data/sxq/datasets/orange_yolo/train/images/IMG_0786.jpg: corrupt JPEG restored and saved
[34m[1mtrain: [0m/data/sxq/datasets/orange_yolo/train/images/IMG_0787.jpg: corrupt JPEG restored and saved
[34m[1mtrain: [0m/data/sxq/datasets/orange_yolo/train/images/IMG_0788.jpg: corrupt JPEG restored and saved
[34m[1mtrain: [0m/data/sxq/datasets/orange_yolo/train/images/IMG_0789.jpg: corrupt JPEG restored and saved
[34m[1mtrain: [0m/data/sxq/datasets/orange_yolo/train/images/IMG_0790.jpg: corrupt JPEG restored and saved
[34m[1mtrain: [0m/data/sxq/datasets/orange_yolo/train/images/IMG_0791.jpg: corrupt JPEG restored and saved
[34m[1mtrain: [0m/data/sxq/datasets/orange_yolo/train/images/IMG_0793.jpg: corrupt JPEG restored and saved
[34m[1mtrain: [0m/data/sxq/datasets/orange_yolo/train/images/IMG_0794.jpg: corrupt JPEG restored and saved
[34m[1mtrain: [0m/data/sxq/datasets/orange_yolo/train/images/IMG_0795.jpg: corrupt JPEG restored and saved
[34m[1mtrain: [0m/data/sxq/datasets/orange_yolo/train/images/IMG_0797.jpg: corrupt JPEG restored and saved
[34m[1mtrain: [0m/data/sxq/datasets/orange_yolo/train/images/IMG_0798.jpg: corrupt JPEG restored and saved
[34m[1mtrain: [0m/data/sxq/datasets/orange_yolo/train/images/IMG_0800.jpg: corrupt JPEG restored and saved
[34m[1mtrain: [0m/data/sxq/datasets/orange_yolo/train/images/IMG_0801.jpg: corrupt JPEG restored and saved
[34m[1mtrain: [0m/data/sxq/datasets/orange_yolo/train/images/IMG_0802.jpg: corrupt JPEG restored and saved
[34m[1mtrain: [0m/data/sxq/datasets/orange_yolo/train/images/IMG_0803.jpg: corrupt JPEG restored and saved
[34m[1mtrain: [0m/data/sxq/datasets/orange_yolo/train/images/IMG_0805.jpg: corrupt JPEG restored and saved
[34m[1mtrain: [0m/data/sxq/datasets/orange_yolo/train/images/IMG_0806.jpg: corrupt JPEG restored and saved
[34m[1mtrain: [0m/data/sxq/datasets/orange_yolo/train/images/IMG_0807.jpg: corrupt JPEG restored and saved
[34m[1mtrain: [0m/data/sxq/datasets/orange_yolo/train/images/IMG_0809.jpg: corrupt JPEG restored and saved
[34m[1mtrain: [0m/data/sxq/datasets/orange_yolo/train/images/IMG_0810.jpg: corrupt JPEG restored and saved
[34m[1mtrain: [0m/data/sxq/datasets/orange_yolo/train/images/IMG_0811.jpg: corrupt JPEG restored and saved
[34m[1mtrain: [0m/data/sxq/datasets/orange_yolo/train/images/IMG_0812.jpg: corrupt JPEG restored and saved
[34m[1mtrain: [0m/data/sxq/datasets/orange_yolo/train/images/IMG_0813.jpg: corrupt JPEG restored and saved
[34m[1mtrain: [0m/data/sxq/datasets/orange_yolo/train/images/IMG_0817.jpg: corrupt JPEG restored and saved
[34m[1mtrain: [0m/data/sxq/datasets/orange_yolo/train/images/IMG_0849.jpg: corrupt JPEG restored and saved
[34m[1mtrain: [0m/data/sxq/datasets/orange_yolo/train/images/IMG_0850.jpg: corrupt JPEG restored and saved
[34m[1mtrain: [0m/data/sxq/datasets/orange_yolo/train/images/IMG_0851.jpg: corrupt JPEG restored and saved
[34m[1mtrain: [0m/data/sxq/datasets/orange_yolo/train/images/IMG_0854.jpg: corrupt JPEG restored and saved
[34m[1mtrain: [0m/data/sxq/datasets/orange_yolo/train/images/IMG_0855.jpg: corrupt JPEG restored and saved
[34m[1mtrain: [0m/data/sxq/datasets/orange_yolo/train/images/IMG_0856.jpg: corrupt JPEG restored and saved
[34m[1mtrain: [0m/data/sxq/datasets/orange_yolo/train/images/IMG_0857.jpg: corrupt JPEG restored and saved
[34m[1mtrain: [0m/data/sxq/datasets/orange_yolo/train/images/IMG_0858.jpg: corrupt JPEG restored and saved
[34m[1mtrain: [0m/data/sxq/datasets/orange_yolo/train/images/IMG_0859.jpg: corrupt JPEG restored and saved
[34m[1mtrain: [0m/data/sxq/datasets/orange_yolo/train/images/IMG_0860.jpg: corrupt JPEG restored and saved
[34m[1mtrain: [0m/data/sxq/datasets/orange_yolo/train/images/IMG_0861.jpg: corrupt JPEG restored and saved
[34m[1mtrain: [0m/data/sxq/datasets/orange_yolo/train/images/IMG_0862.jpg: corrupt JPEG restored and saved
[34m[1mtrain: [0m/data/sxq/datasets/orange_yolo/train/images/IMG_0864.jpg: corrupt JPEG restored and saved
[34m[1mtrain: [0m/data/sxq/datasets/orange_yolo/train/images/IMG_0867.jpg: corrupt JPEG restored and saved
[34m[1mtrain: [0m/data/sxq/datasets/orange_yolo/train/images/IMG_0868.jpg: corrupt JPEG restored and saved
[34m[1mtrain: [0m/data/sxq/datasets/orange_yolo/train/images/IMG_0870.jpg: corrupt JPEG restored and saved
[34m[1mtrain: [0m/data/sxq/datasets/orange_yolo/train/images/IMG_0872.jpg: corrupt JPEG restored and saved
[34m[1mtrain: [0m/data/sxq/datasets/orange_yolo/train/images/IMG_0874.jpg: corrupt JPEG restored and saved
[34m[1mtrain: [0m/data/sxq/datasets/orange_yolo/train/images/IMG_0875.jpg: corrupt JPEG restored and saved
[34m[1mtrain: [0m/data/sxq/datasets/orange_yolo/train/images/IMG_0876.jpg: corrupt JPEG restored and saved
[34m[1mtrain: [0m/data/sxq/datasets/orange_yolo/train/images/IMG_0877.jpg: corrupt JPEG restored and saved
[34m[1mtrain: [0m/data/sxq/datasets/orange_yolo/train/images/IMG_0879.jpg: corrupt JPEG restored and saved
[34m[1mtrain: [0m/data/sxq/datasets/orange_yolo/train/images/IMG_0882.jpg: corrupt JPEG restored and saved
[34m[1mtrain: [0m/data/sxq/datasets/orange_yolo/train/images/IMG_0884.jpg: corrupt JPEG restored and saved
[34m[1mtrain: [0m/data/sxq/datasets/orange_yolo/train/images/IMG_0885.jpg: corrupt JPEG restored and saved
[34m[1mtrain: [0m/data/sxq/datasets/orange_yolo/train/images/IMG_0886.jpg: corrupt JPEG restored and saved
[34m[1mtrain: [0m/data/sxq/datasets/orange_yolo/train/images/IMG_0887.jpg: corrupt JPEG restored and saved
[34m[1mtrain: [0m/data/sxq/datasets/orange_yolo/train/images/IMG_0888.jpg: corrupt JPEG restored and saved
[34m[1mtrain: [0m/data/sxq/datasets/orange_yolo/train/images/IMG_0889.jpg: corrupt JPEG restored and saved
[34m[1mtrain: [0m/data/sxq/datasets/orange_yolo/train/images/IMG_0890.jpg: corrupt JPEG restored and saved
[34m[1mtrain: [0m/data/sxq/datasets/orange_yolo/train/images/IMG_0891.jpg: corrupt JPEG restored and saved
[34m[1mtrain: [0m/data/sxq/datasets/orange_yolo/train/images/IMG_0892.jpg: corrupt JPEG restored and saved
[34m[1mtrain: [0m/data/sxq/datasets/orange_yolo/train/images/IMG_0894.jpg: corrupt JPEG restored and saved
[34m[1mtrain: [0m/data/sxq/datasets/orange_yolo/train/images/IMG_0895.jpg: corrupt JPEG restored and saved
[34m[1mtrain: [0m/data/sxq/datasets/orange_yolo/train/images/IMG_0896.jpg: corrupt JPEG restored and saved
[34m[1mtrain: [0m/data/sxq/datasets/orange_yolo/train/images/IMG_0897.jpg: corrupt JPEG restored and saved
[34m[1mtrain: [0m/data/sxq/datasets/orange_yolo/train/images/IMG_0898.jpg: corrupt JPEG restored and saved
[34m[1mtrain: [0m/data/sxq/datasets/orange_yolo/train/images/IMG_0899.jpg: corrupt JPEG restored and saved
[34m[1mtrain: [0m/data/sxq/datasets/orange_yolo/train/images/IMG_0900.jpg: corrupt JPEG restored and saved
[34m[1mtrain: [0m/data/sxq/datasets/orange_yolo/train/images/IMG_0901.jpg: corrupt JPEG restored and saved
[34m[1mtrain: [0m/data/sxq/datasets/orange_yolo/train/images/IMG_0902.jpg: corrupt JPEG restored and saved
[34m[1mtrain: [0m/data/sxq/datasets/orange_yolo/train/images/IMG_0903.jpg: corrupt JPEG restored and saved
[34m[1mtrain: [0m/data/sxq/datasets/orange_yolo/train/images/IMG_0904.jpg: corrupt JPEG restored and saved
[34m[1mtrain: [0m/data/sxq/datasets/orange_yolo/train/images/IMG_0905.jpg: corrupt JPEG restored and saved
[34m[1mtrain: [0m/data/sxq/datasets/orange_yolo/train/images/IMG_0906.jpg: corrupt JPEG restored and saved
[34m[1mtrain: [0m/data/sxq/datasets/orange_yolo/train/images/IMG_0907.jpg: corrupt JPEG restored and saved
[34m[1mtrain: [0m/data/sxq/datasets/orange_yolo/train/images/IMG_0908.jpg: corrupt JPEG restored and saved
[34m[1mtrain: [0m/data/sxq/datasets/orange_yolo/train/images/IMG_0909.jpg: corrupt JPEG restored and saved
[34m[1mtrain: [0m/data/sxq/datasets/orange_yolo/train/images/IMG_0910.jpg: corrupt JPEG restored and saved
[34m[1mtrain: [0m/data/sxq/datasets/orange_yolo/train/images/IMG_0911.jpg: corrupt JPEG restored and saved
[34m[1mtrain: [0m/data/sxq/datasets/orange_yolo/train/images/IMG_0912.jpg: corrupt JPEG restored and saved
[34m[1mtrain: [0m/data/sxq/datasets/orange_yolo/train/images/IMG_0913.jpg: corrupt JPEG restored and saved
[34m[1mtrain: [0m/data/sxq/datasets/orange_yolo/train/images/IMG_0917.jpg: corrupt JPEG restored and saved
[34m[1mtrain: [0m/data/sxq/datasets/orange_yolo/train/images/IMG_0918.jpg: corrupt JPEG restored and saved
[34m[1mtrain: [0m/data/sxq/datasets/orange_yolo/train/images/IMG_0919.jpg: corrupt JPEG restored and saved
[34m[1mtrain: [0m/data/sxq/datasets/orange_yolo/train/images/IMG_0921.jpg: corrupt JPEG restored and saved
[34m[1mtrain: [0m/data/sxq/datasets/orange_yolo/train/images/IMG_0922.jpg: corrupt JPEG restored and saved
[34m[1mtrain: [0m/data/sxq/datasets/orange_yolo/train/images/IMG_0924.jpg: corrupt JPEG restored and saved
[34m[1mtrain: [0m/data/sxq/datasets/orange_yolo/train/images/IMG_0925.jpg: corrupt JPEG restored and saved
[34m[1mtrain: [0m/data/sxq/datasets/orange_yolo/train/images/IMG_0926.jpg: corrupt JPEG restored and saved
[34m[1mtrain: [0m/data/sxq/datasets/orange_yolo/train/images/IMG_0927.jpg: corrupt JPEG restored and saved
[34m[1mtrain: [0m/data/sxq/datasets/orange_yolo/train/images/IMG_0928.jpg: corrupt JPEG restored and saved
[34m[1mtrain: [0m/data/sxq/datasets/orange_yolo/train/images/IMG_0929.jpg: corrupt JPEG restored and saved
[34m[1mtrain: [0m/data/sxq/datasets/orange_yolo/train/images/IMG_0930.jpg: corrupt JPEG restored and saved
[34m[1mtrain: [0m/data/sxq/datasets/orange_yolo/train/images/IMG_0931.jpg: corrupt JPEG restored and saved
[34m[1mtrain: [0m/data/sxq/datasets/orange_yolo/train/images/IMG_0932.jpg: corrupt JPEG restored and saved
[34m[1mtrain: [0m/data/sxq/datasets/orange_yolo/train/images/IMG_0933.jpg: corrupt JPEG restored and saved
[34m[1mtrain: [0m/data/sxq/datasets/orange_yolo/train/images/IMG_0935.jpg: corrupt JPEG restored and saved
[34m[1mtrain: [0m/data/sxq/datasets/orange_yolo/train/images/IMG_0936.jpg: corrupt JPEG restored and saved
[34m[1mtrain: [0m/data/sxq/datasets/orange_yolo/train/images/IMG_0937.jpg: corrupt JPEG restored and saved
[34m[1mtrain: [0m/data/sxq/datasets/orange_yolo/train/images/IMG_0938.jpg: corrupt JPEG restored and saved
[34m[1mtrain: [0m/data/sxq/datasets/orange_yolo/train/images/IMG_0939.jpg: corrupt JPEG restored and saved
[34m[1mtrain: [0m/data/sxq/datasets/orange_yolo/train/images/IMG_0943.jpg: corrupt JPEG restored and saved
[34m[1mtrain: [0m/data/sxq/datasets/orange_yolo/train/images/IMG_0944.jpg: corrupt JPEG restored and saved
[34m[1mtrain: [0m/data/sxq/datasets/orange_yolo/train/images/IMG_0945.jpg: corrupt JPEG restored and saved
[34m[1mtrain: [0m/data/sxq/datasets/orange_yolo/train/images/IMG_0946.jpg: corrupt JPEG restored and saved
[34m[1mtrain: [0m/data/sxq/datasets/orange_yolo/train/images/IMG_0951.jpg: corrupt JPEG restored and saved
[34m[1mtrain: [0m/data/sxq/datasets/orange_yolo/train/images/IMG_0952.jpg: corrupt JPEG restored and saved
[34m[1mtrain: [0m/data/sxq/datasets/orange_yolo/train/images/IMG_0954.jpg: corrupt JPEG restored and saved
[34m[1mtrain: [0m/data/sxq/datasets/orange_yolo/train/images/IMG_0955.jpg: corrupt JPEG restored and saved
[34m[1mtrain: [0m/data/sxq/datasets/orange_yolo/train/images/IMG_0956.jpg: corrupt JPEG restored and saved
[34m[1mtrain: [0m/data/sxq/datasets/orange_yolo/train/images/IMG_0957.jpg: corrupt JPEG restored and saved
[34m[1mtrain: [0m/data/sxq/datasets/orange_yolo/train/images/IMG_0958.jpg: corrupt JPEG restored and saved
[34m[1mtrain: [0m/data/sxq/datasets/orange_yolo/train/images/IMG_0959.jpg: corrupt JPEG restored and saved
[34m[1mtrain: [0m/data/sxq/datasets/orange_yolo/train/images/IMG_0960.jpg: corrupt JPEG restored and saved
[34m[1mtrain: [0m/data/sxq/datasets/orange_yolo/train/images/IMG_0962.jpg: corrupt JPEG restored and saved
[34m[1mtrain: [0m/data/sxq/datasets/orange_yolo/train/images/IMG_0963.jpg: corrupt JPEG restored and saved
WARNING ⚠️ cache='ram' may produce non-deterministic training results. Consider cache='disk' as a deterministic alternative if your disk space allows.

[K[34m[1mtrain: [0mCaching images (0.0GB RAM): 1% ──────────── 4/676 10.8it/s 0.1s<1:03
[K[34m[1mtrain: [0mCaching images (0.0GB RAM): 3% ──────────── 19/676 52.5it/s 0.2s<12.5s
[K[34m[1mtrain: [0mCaching images (0.0GB RAM): 5% ╸─────────── 33/676 69.6it/s 0.3s<9.2s
[K[34m[1mtrain: [0mCaching images (0.0GB RAM): 6% ╸─────────── 41/676 67.5it/s 0.5s<9.4s
[K[34m[1mtrain: [0mCaching images (0.1GB RAM): 7% ╸─────────── 49/676 68.0it/s 0.6s<9.2s
[K[34m[1mtrain: [0mCaching images (0.1GB RAM): 9% ━─────────── 62/676 84.2it/s 0.7s<7.3s
[K[34m[1mtrain: [0mCaching images (0.1GB RAM): 10% ━─────────── 69/676 79.5it/s 0.8s<7.6s
[K[34m[1mtrain: [0mCaching images (0.1GB RAM): 12% ━─────────── 78/676 79.2it/s 0.9s<7.6s
[K[34m[1mtrain: [0mCaching images (0.1GB RAM): 12% ━─────────── 84/676 73.3it/s 1.0s<8.1s
[K[34m[1mtrain: [0mCaching images (0.1GB RAM): 15% ━╸────────── 104/676 106.4it/s 1.1s<5.4s
[K[34m[1mtrain: [0mCaching images (0.1GB RAM): 17% ━━────────── 117/676 102.4it/s 1.3s<5.5s
[K[34m[1mtrain: [0mCaching images (0.2GB RAM): 20% ━━────────── 138/676 128.6it/s 1.4s<4.2s
[K[34m[1mtrain: [0mCaching images (0.2GB RAM): 23% ━━╸───────── 154/676 135.2it/s 1.5s<3.9s
[K[34m[1mtrain: [0mCaching images (0.2GB RAM): 25% ━━━───────── 170/676 138.3it/s 1.6s<3.7s
[K[34m[1mtrain: [0mCaching images (0.2GB RAM): 28% ━━━───────── 186/676 138.3it/s 1.7s<3.5s
[K[34m[1mtrain: [0mCaching images (0.2GB RAM): 30% ━━━╸──────── 202/676 137.0it/s 1.8s<3.5s
[K[34m[1mtrain: [0mCaching images (0.2GB RAM): 32% ━━━╸──────── 214/676 127.0it/s 1.9s<3.6s
[K[34m[1mtrain: [0mCaching images (0.3GB RAM): 34% ━━━━──────── 230/676 132.3it/s 2.0s<3.4s
[K[34m[1mtrain: [0mCaching images (0.3GB RAM): 36% ━━━━──────── 243/676 125.7it/s 2.2s<3.4s
[K[34m[1mtrain: [0mCaching images (0.3GB RAM): 37% ━━━━──────── 251/676 110.6it/s 2.3s<3.8s
[K[34m[1mtrain: [0mCaching images (0.3GB RAM): 39% ━━━━╸─────── 267/676 123.8it/s 2.4s<3.3s
[K[34m[1mtrain: [0mCaching images (0.3GB RAM): 42% ━━━━━─────── 282/676 114.0it/s 2.5s<3.5s
[K[34m[1mtrain: [0mCaching images (0.3GB RAM): 44% ━━━━━─────── 297/676 118.4it/s 2.7s<3.2s
[K[34m[1mtrain: [0mCaching images (0.4GB RAM): 46% ━━━━━╸────── 312/676 121.3it/s 2.8s<3.0s
[K[34m[1mtrain: [0mCaching images (0.4GB RAM): 49% ━━━━━╸────── 330/676 138.5it/s 2.9s<2.5s
[K[34m[1mtrain: [0mCaching images (0.4GB RAM): 51% ━━━━━━────── 344/676 136.9it/s 3.0s<2.4s
[K[34m[1mtrain: [0mCaching images (0.4GB RAM): 53% ━━━━━━────── 356/676 121.0it/s 3.1s<2.6s
[K[34m[1mtrain: [0mCaching images (0.4GB RAM): 56% ━━━━━━╸───── 376/676 132.9it/s 3.2s<2.3s
[K[34m[1mtrain: [0mCaching images (0.4GB RAM): 58% ━━━━━━╸───── 391/676 134.3it/s 3.4s<2.1s
[K[34m[1mtrain: [0mCaching images (0.5GB RAM): 59% ━━━━━━━───── 400/676 120.7it/s 3.5s<2.3s
[K[34m[1mtrain: [0mCaching images (0.5GB RAM): 61% ━━━━━━━───── 412/676 113.6it/s 3.6s<2.3s
[K[34m[1mtrain: [0mCaching images (0.5GB RAM): 63% ━━━━━━━╸──── 426/676 107.7it/s 3.7s<2.3s
[K[34m[1mtrain: [0mCaching images (0.5GB RAM): 66% ━━━━━━━╸──── 443/676 125.5it/s 3.8s<1.9s
[K[34m[1mtrain: [0mCaching images (0.5GB RAM): 68% ━━━━━━━━──── 458/676 116.5it/s 4.0s<1.9s
[K[34m[1mtrain: [0mCaching images (0.5GB RAM): 69% ━━━━━━━━──── 467/676 107.8it/s 4.1s<1.9s
[K[34m[1mtrain: [0mCaching images (0.5GB RAM): 70% ━━━━━━━━──── 476/676 95.3it/s 4.2s<2.1s
[K[34m[1mtrain: [0mCaching images (0.6GB RAM): 72% ━━━━━━━━╸─── 485/676 87.9it/s 4.4s<2.2s
[K[34m[1mtrain: [0mCaching images (0.6GB RAM): 73% ━━━━━━━━╸─── 494/676 82.9it/s 4.5s<2.2s
[K[34m[1mtrain: [0mCaching images (0.6GB RAM): 74% ━━━━━━━━╸─── 500/676 73.5it/s 4.6s<2.4s
[K[34m[1mtrain: [0mCaching images (0.6GB RAM): 76% ━━━━━━━━━─── 511/676 83.3it/s 4.7s<2.0s
[K[34m[1mtrain: [0mCaching images (0.6GB RAM): 77% ━━━━━━━━━─── 520/676 84.9it/s 4.8s<1.8s
[K[34m[1mtrain: [0mCaching images (0.6GB RAM): 78% ━━━━━━━━━─── 528/676 81.4it/s 4.9s<1.8s
[K[34m[1mtrain: [0mCaching images (0.6GB RAM): 79% ━━━━━━━━━─── 535/676 77.4it/s 5.0s<1.8s
[K[34m[1mtrain: [0mCaching images (0.6GB RAM): 80% ━━━━━━━━━╸── 544/676 76.7it/s 5.1s<1.7s
[K[34m[1mtrain: [0mCaching images (0.6GB RAM): 82% ━━━━━━━━━╸── 556/676 83.0it/s 5.3s<1.4s
[K[34m[1mtrain: [0mCaching images (0.7GB RAM): 87% ━━━━━━━━━━── 590/676 96.6it/s 5.5s<0.9s
[K[34m[1mtrain: [0mCaching images (0.7GB RAM): 89% ━━━━━━━━━━╸─ 600/676 87.0it/s 5.7s<0.9s
[K[34m[1mtrain: [0mCaching images (0.7GB RAM): 90% ━━━━━━━━━━╸─ 608/676 75.3it/s 5.8s<0.9s
[K[34m[1mtrain: [0mCaching images (0.7GB RAM): 91% ━━━━━━━━━━╸─ 616/676 66.3it/s 6.0s<0.9s
[K[34m[1mtrain: [0mCaching images (0.7GB RAM): 92% ━━━━━━━━━━━─ 624/676 62.7it/s 6.2s<0.8s
[K[34m[1mtrain: [0mCaching images (0.7GB RAM): 93% ━━━━━━━━━━━─ 627/676 51.9it/s 6.3s<0.9s
[K[34m[1mtrain: [0mCaching images (0.7GB RAM): 94% ━━━━━━━━━━━─ 634/676 56.5it/s 6.4s<0.7s
[K[34m[1mtrain: [0mCaching images (0.7GB RAM): 95% ━━━━━━━━━━━─ 639/676 53.0it/s 6.5s<0.7s
[K[34m[1mtrain: [0mCaching images (0.7GB RAM): 95% ━━━━━━━━━━━─ 643/676 48.1it/s 6.6s<0.7s
[K[34m[1mtrain: [0mCaching images (0.7GB RAM): 96% ━━━━━━━━━━━╸ 648/676 47.3it/s 6.7s<0.6s
[K[34m[1mtrain: [0mCaching images (0.7GB RAM): 96% ━━━━━━━━━━━╸ 652/676 44.2it/s 6.8s<0.5s
[K[34m[1mtrain: [0mCaching images (0.7GB RAM): 97% ━━━━━━━━━━━╸ 659/676 47.2it/s 6.9s<0.4s
[K[34m[1mtrain: [0mCaching images (0.7GB RAM): 98% ━━━━━━━━━━━╸ 663/676 44.9it/s 7.1s<0.3s
[K[34m[1mtrain: [0mCaching images (0.7GB RAM): 99% ━━━━━━━━━━━╸ 669/676 44.8it/s 7.2s<0.2s
[K[34m[1mtrain: [0mCaching images (0.7GB RAM): 100% ━━━━━━━━━━━╸ 675/676 46.3it/s 7.3s<0.0s
[K[34m[1mtrain: [0mCaching images (0.7GB RAM): 100% ━━━━━━━━━━━━ 676/676 92.5it/s 7.3s
[34m[1mval: [0mFast image access ✅ (ping: 0.0±0.0 ms, read: 2389.2±1896.3 MB/s, size: 4876.3 KB)

[K[34m[1mval: [0mScanning /data/sxq/datasets/orange_yolo/val/labels.cache... 193 images, 0 backgrounds, 0 corrupt: 100% ━━━━━━━━━━━━ 193/193 15.6Mit/s 0.0s
[34m[1mval: [0m/data/sxq/datasets/orange_yolo/val/images/IMG_0064.jpg: corrupt JPEG restored and saved
[34m[1mval: [0m/data/sxq/datasets/orange_yolo/val/images/IMG_0067.jpg: corrupt JPEG restored and saved
[34m[1mval: [0m/data/sxq/datasets/orange_yolo/val/images/IMG_0075.jpg: corrupt JPEG restored and saved
[34m[1mval: [0m/data/sxq/datasets/orange_yolo/val/images/IMG_0078.jpg: corrupt JPEG restored and saved
[34m[1mval: [0m/data/sxq/datasets/orange_yolo/val/images/IMG_0079.jpg: corrupt JPEG restored and saved
[34m[1mval: [0m/data/sxq/datasets/orange_yolo/val/images/IMG_0081.jpg: corrupt JPEG restored and saved
[34m[1mval: [0m/data/sxq/datasets/orange_yolo/val/images/IMG_0093.jpg: corrupt JPEG restored and saved
[34m[1mval: [0m/data/sxq/datasets/orange_yolo/val/images/IMG_0094.jpg: corrupt JPEG restored and saved
[34m[1mval: [0m/data/sxq/datasets/orange_yolo/val/images/IMG_0096.jpg: corrupt JPEG restored and saved
[34m[1mval: [0m/data/sxq/datasets/orange_yolo/val/images/IMG_0097.jpg: corrupt JPEG restored and saved
[34m[1mval: [0m/data/sxq/datasets/orange_yolo/val/images/IMG_0100.jpg: corrupt JPEG restored and saved
[34m[1mval: [0m/data/sxq/datasets/orange_yolo/val/images/IMG_0102.jpg: corrupt JPEG restored and saved
[34m[1mval: [0m/data/sxq/datasets/orange_yolo/val/images/IMG_0108.jpg: corrupt JPEG restored and saved
[34m[1mval: [0m/data/sxq/datasets/orange_yolo/val/images/IMG_0110.jpg: corrupt JPEG restored and saved
[34m[1mval: [0m/data/sxq/datasets/orange_yolo/val/images/IMG_0116.jpg: corrupt JPEG restored and saved
[34m[1mval: [0m/data/sxq/datasets/orange_yolo/val/images/IMG_0117.jpg: corrupt JPEG restored and saved
[34m[1mval: [0m/data/sxq/datasets/orange_yolo/val/images/IMG_0120.jpg: corrupt JPEG restored and saved
[34m[1mval: [0m/data/sxq/datasets/orange_yolo/val/images/IMG_0121.jpg: corrupt JPEG restored and saved
[34m[1mval: [0m/data/sxq/datasets/orange_yolo/val/images/IMG_0128.jpg: corrupt JPEG restored and saved
[34m[1mval: [0m/data/sxq/datasets/orange_yolo/val/images/IMG_0129.jpg: corrupt JPEG restored and saved
[34m[1mval: [0m/data/sxq/datasets/orange_yolo/val/images/IMG_0131.jpg: corrupt JPEG restored and saved
[34m[1mval: [0m/data/sxq/datasets/orange_yolo/val/images/IMG_0693.jpg: corrupt JPEG restored and saved
[34m[1mval: [0m/data/sxq/datasets/orange_yolo/val/images/IMG_0696.jpg: corrupt JPEG restored and saved
[34m[1mval: [0m/data/sxq/datasets/orange_yolo/val/images/IMG_0699.jpg: corrupt JPEG restored and saved
[34m[1mval: [0m/data/sxq/datasets/orange_yolo/val/images/IMG_0703.jpg: corrupt JPEG restored and saved
[34m[1mval: [0m/data/sxq/datasets/orange_yolo/val/images/IMG_0705.jpg: corrupt JPEG restored and saved
[34m[1mval: [0m/data/sxq/datasets/orange_yolo/val/images/IMG_0706.jpg: corrupt JPEG restored and saved
[34m[1mval: [0m/data/sxq/datasets/orange_yolo/val/images/IMG_0707.jpg: corrupt JPEG restored and saved
[34m[1mval: [0m/data/sxq/datasets/orange_yolo/val/images/IMG_0710.jpg: corrupt JPEG restored and saved
[34m[1mval: [0m/data/sxq/datasets/orange_yolo/val/images/IMG_0714.jpg: corrupt JPEG restored and saved
[34m[1mval: [0m/data/sxq/datasets/orange_yolo/val/images/IMG_0723.jpg: corrupt JPEG restored and saved
[34m[1mval: [0m/data/sxq/datasets/orange_yolo/val/images/IMG_0725.jpg: corrupt JPEG restored and saved
[34m[1mval: [0m/data/sxq/datasets/orange_yolo/val/images/IMG_0727.jpg: corrupt JPEG restored and saved
[34m[1mval: [0m/data/sxq/datasets/orange_yolo/val/images/IMG_0729.jpg: corrupt JPEG restored and saved
[34m[1mval: [0m/data/sxq/datasets/orange_yolo/val/images/IMG_0732.jpg: corrupt JPEG restored and saved
[34m[1mval: [0m/data/sxq/datasets/orange_yolo/val/images/IMG_0740.jpg: corrupt JPEG restored and saved
[34m[1mval: [0m/data/sxq/datasets/orange_yolo/val/images/IMG_0741.jpg: corrupt JPEG restored and saved
[34m[1mval: [0m/data/sxq/datasets/orange_yolo/val/images/IMG_0751.jpg: corrupt JPEG restored and saved
[34m[1mval: [0m/data/sxq/datasets/orange_yolo/val/images/IMG_0752.jpg: corrupt JPEG restored and saved
[34m[1mval: [0m/data/sxq/datasets/orange_yolo/val/images/IMG_0754.jpg: corrupt JPEG restored and saved
[34m[1mval: [0m/data/sxq/datasets/orange_yolo/val/images/IMG_0755.jpg: corrupt JPEG restored and saved
[34m[1mval: [0m/data/sxq/datasets/orange_yolo/val/images/IMG_0768.jpg: corrupt JPEG restored and saved
[34m[1mval: [0m/data/sxq/datasets/orange_yolo/val/images/IMG_0770.jpg: corrupt JPEG restored and saved
[34m[1mval: [0m/data/sxq/datasets/orange_yolo/val/images/IMG_0773.jpg: corrupt JPEG restored and saved
[34m[1mval: [0m/data/sxq/datasets/orange_yolo/val/images/IMG_0785.jpg: corrupt JPEG restored and saved
[34m[1mval: [0m/data/sxq/datasets/orange_yolo/val/images/IMG_0792.jpg: corrupt JPEG restored and saved
[34m[1mval: [0m/data/sxq/datasets/orange_yolo/val/images/IMG_0799.jpg: corrupt JPEG restored and saved
[34m[1mval: [0m/data/sxq/datasets/orange_yolo/val/images/IMG_0804.jpg: corrupt JPEG restored and saved
[34m[1mval: [0m/data/sxq/datasets/orange_yolo/val/images/IMG_0808.jpg: corrupt JPEG restored and saved
[34m[1mval: [0m/data/sxq/datasets/orange_yolo/val/images/IMG_0814.jpg: corrupt JPEG restored and saved
[34m[1mval: [0m/data/sxq/datasets/orange_yolo/val/images/IMG_0815.jpg: corrupt JPEG restored and saved
[34m[1mval: [0m/data/sxq/datasets/orange_yolo/val/images/IMG_0819.jpg: corrupt JPEG restored and saved
[34m[1mval: [0m/data/sxq/datasets/orange_yolo/val/images/IMG_0852.jpg: corrupt JPEG restored and saved
[34m[1mval: [0m/data/sxq/datasets/orange_yolo/val/images/IMG_0853.jpg: corrupt JPEG restored and saved
[34m[1mval: [0m/data/sxq/datasets/orange_yolo/val/images/IMG_0863.jpg: corrupt JPEG restored and saved
[34m[1mval: [0m/data/sxq/datasets/orange_yolo/val/images/IMG_0865.jpg: corrupt JPEG restored and saved
[34m[1mval: [0m/data/sxq/datasets/orange_yolo/val/images/IMG_0866.jpg: corrupt JPEG restored and saved
[34m[1mval: [0m/data/sxq/datasets/orange_yolo/val/images/IMG_0869.jpg: corrupt JPEG restored and saved
[34m[1mval: [0m/data/sxq/datasets/orange_yolo/val/images/IMG_0871.jpg: corrupt JPEG restored and saved
[34m[1mval: [0m/data/sxq/datasets/orange_yolo/val/images/IMG_0873.jpg: corrupt JPEG restored and saved
[34m[1mval: [0m/data/sxq/datasets/orange_yolo/val/images/IMG_0878.jpg: corrupt JPEG restored and saved
[34m[1mval: [0m/data/sxq/datasets/orange_yolo/val/images/IMG_0880.jpg: corrupt JPEG restored and saved
[34m[1mval: [0m/data/sxq/datasets/orange_yolo/val/images/IMG_0881.jpg: corrupt JPEG restored and saved
[34m[1mval: [0m/data/sxq/datasets/orange_yolo/val/images/IMG_0883.jpg: corrupt JPEG restored and saved
[34m[1mval: [0m/data/sxq/datasets/orange_yolo/val/images/IMG_0915.jpg: corrupt JPEG restored and saved
[34m[1mval: [0m/data/sxq/datasets/orange_yolo/val/images/IMG_0916.jpg: corrupt JPEG restored and saved
[34m[1mval: [0m/data/sxq/datasets/orange_yolo/val/images/IMG_0934.jpg: corrupt JPEG restored and saved
[34m[1mval: [0m/data/sxq/datasets/orange_yolo/val/images/IMG_0941.jpg: corrupt JPEG restored and saved
[34m[1mval: [0m/data/sxq/datasets/orange_yolo/val/images/IMG_0942.jpg: corrupt JPEG restored and saved
[34m[1mval: [0m/data/sxq/datasets/orange_yolo/val/images/IMG_0947.jpg: corrupt JPEG restored and saved
[34m[1mval: [0m/data/sxq/datasets/orange_yolo/val/images/IMG_0948.jpg: corrupt JPEG restored and saved
[34m[1mval: [0m/data/sxq/datasets/orange_yolo/val/images/IMG_0961.jpg: corrupt JPEG restored and saved
WARNING ⚠️ cache='ram' may produce non-deterministic training results. Consider cache='disk' as a deterministic alternative if your disk space allows.

[K[34m[1mval: [0mCaching images (0.0GB RAM): 1% ──────────── 1/193 1.3it/s 0.2s<2:27
[K[34m[1mval: [0mCaching images (0.0GB RAM): 10% ━─────────── 20/193 45.5it/s 0.4s<3.8s
[K[34m[1mval: [0mCaching images (0.0GB RAM): 19% ━━────────── 37/193 67.3it/s 0.5s<2.3s
[K[34m[1mval: [0mCaching images (0.1GB RAM): 25% ━━╸───────── 48/193 79.4it/s 0.6s<1.8s
[K[34m[1mval: [0mCaching images (0.1GB RAM): 29% ━━━───────── 56/193 74.9it/s 0.7s<1.8s
[K[34m[1mval: [0mCaching images (0.1GB RAM): 34% ━━━━──────── 65/193 72.0it/s 0.9s<1.8s
[K[34m[1mval: [0mCaching images (0.1GB RAM): 41% ━━━━╸─────── 80/193 90.5it/s 1.0s<1.2s
[K[34m[1mval: [0mCaching images (0.1GB RAM): 46% ━━━━━─────── 88/193 80.3it/s 1.1s<1.3s
[K[34m[1mval: [0mCaching images (0.1GB RAM): 52% ━━━━━━────── 101/193 88.6it/s 1.2s<1.0s
[K[34m[1mval: [0mCaching images (0.1GB RAM): 62% ━━━━━━━───── 119/193 113.8it/s 1.3s<0.7s
[K[34m[1mval: [0mCaching images (0.1GB RAM): 65% ━━━━━━━╸──── 126/193 99.4it/s 1.5s<0.7s
[K[34m[1mval: [0mCaching images (0.2GB RAM): 75% ━━━━━━━━╸─── 144/193 112.9it/s 1.6s<0.4s
[K[34m[1mval: [0mCaching images (0.2GB RAM): 81% ━━━━━━━━━╸── 156/193 114.6it/s 1.7s<0.3s
[K[34m[1mval: [0mCaching images (0.2GB RAM): 91% ━━━━━━━━━━╸─ 175/193 130.5it/s 1.8s<0.1s
[K[34m[1mval: [0mCaching images (0.2GB RAM): 93% ━━━━━━━━━━━─ 179/193 97.9it/s 2.0s<0.1s
[K[34m[1mval: [0mCaching images (0.2GB RAM): 97% ━━━━━━━━━━━╸ 188/193 92.4it/s 2.1s<0.1s
[K[34m[1mval: [0mCaching images (0.2GB RAM): 98% ━━━━━━━━━━━╸ 190/193 70.4it/s 2.2s<0.0s
[K[34m[1mval: [0mCaching images (0.2GB RAM): 100% ━━━━━━━━━━━━ 193/193 88.1it/s 2.2s
[34m[1moptimizer:[0m AdamW(lr=0.001, momentum=0.937) with parameter groups 92 weight(decay=0.0), 105 weight(decay=0.0005), 104 bias(decay=0.0)
Plotting labels to /data/sxq/results/000_anyothers/F62_yolo11-seg-hsf_300ep/labels.jpg... 
Image sizes 640 train, 640 val
Using 4 dataloader workers
Logging results to [1m/data/sxq/results/000_anyothers/F62_yolo11-seg-hsf_300ep[0m
Starting training for 300 epochs...

      Epoch    GPU_mem   box_loss   seg_loss   cls_loss   dfl_loss   sem_loss  Instances       Size

[K      1/300      4.89G      5.254      6.313      4.629      4.186          0         16        640: 0% ──────────── 0/43  2.6s
[K      1/300      4.91G      4.909      6.035      4.432      4.109          0         16        640: 2% ──────────── 1/43 1.3s/it 3.0s<54.3s
[K      1/300      4.92G      4.651        5.8      4.285      4.049          0         16        640: 5% ╸─────────── 2/43 1.0s/it 3.7s<41.5s
[K      1/300      4.92G      4.553      5.575      4.173      3.969          0         16        640: 7% ╸─────────── 3/43 1.2it/s 4.3s<33.5s
[K      1/300      4.92G      4.495      5.413      4.081      3.915          0         16        640: 9% ━─────────── 4/43 1.6it/s 4.7s<24.5s
[K      1/300      4.92G      4.467       5.28       4.05      3.846          0         16        640: 12% ━─────────── 5/43 2.6it/s 4.9s<14.8s
[K      1/300      4.92G       4.44      5.212      4.006      3.815          0         16        640: 14% ━╸────────── 6/43 3.0it/s 5.1s<12.5s
[K      1/300      4.93G       4.36      5.197      3.995      3.776          0         16        640: 16% ━╸────────── 7/43 3.3it/s 5.4s<10.8s
[K      1/300      4.93G      4.376       5.12      3.952      3.739          0         16        640: 19% ━━────────── 8/43 3.8it/s 5.6s<9.2s
[K      1/300      4.93G      4.346      5.061      3.917       3.71          0         16        640: 21% ━━╸───────── 9/43 3.9it/s 5.8s<8.7s
[K      1/300      4.93G      4.327      5.056      3.876      3.669          0         16        640: 23% ━━╸───────── 10/43 3.7it/s 6.1s<8.8s
[K      1/300      4.93G      4.286      5.013      3.833      3.632          0         16        640: 26% ━━━───────── 11/43 3.8it/s 6.4s<8.4s
[K      1/300      4.93G      4.244      4.978      3.821      3.605          0         16        640: 28% ━━━───────── 12/43 3.9it/s 6.6s<7.9s
[K      1/300      4.93G      4.242      4.956       3.78      3.567          0         16        640: 30% ━━━╸──────── 13/43 4.0it/s 6.8s<7.4s
[K      1/300      4.93G      4.209      4.911      3.754      3.528          0         16        640: 33% ━━━╸──────── 14/43 4.4it/s 7.0s<6.5s
[K      1/300      4.93G      4.184      4.881      3.734        3.5          0         16        640: 35% ━━━━──────── 15/43 4.0it/s 7.4s<7.1s
[K      1/300      4.93G      4.176       4.85      3.707      3.469          0         16        640: 37% ━━━━──────── 16/43 4.3it/s 7.6s<6.3s
[K      1/300      4.93G      4.163      4.818      3.684       3.44          0         16        640: 40% ━━━━╸─────── 17/43 4.5it/s 7.8s<5.8s
[K      1/300      4.93G      4.147      4.789      3.644       3.41          0         16        640: 42% ━━━━━─────── 18/43 4.1it/s 8.1s<6.1s
[K      1/300      4.93G      4.144      4.768      3.611      3.378          0         16        640: 44% ━━━━━─────── 19/43 4.5it/s 8.3s<5.3s
[K      1/300      4.93G      4.128       4.72      3.588       3.36          0         16        640: 47% ━━━━━╸────── 20/43 4.8it/s 8.4s<4.8s
[K      1/300      4.93G      4.096      4.687      3.563      3.337          0         16        640: 49% ━━━━━╸────── 21/43 4.7it/s 8.7s<4.7s
[K      1/300      4.93G      4.073      4.663      3.533      3.313          0         16        640: 51% ━━━━━━────── 22/43 5.6it/s 8.8s<3.7s
[K      1/300      4.93G      4.041      4.636      3.508      3.289          0         16        640: 53% ━━━━━━────── 23/43 5.0it/s 9.1s<4.0s
[K      1/300      4.93G      4.008       4.59      3.476      3.271          0         16        640: 56% ━━━━━━╸───── 24/43 5.7it/s 9.2s<3.3s
[K      1/300      4.93G      3.977      4.563      3.444      3.252          0         16        640: 58% ━━━━━━╸───── 25/43 4.7it/s 9.7s<3.9s
[K      1/300      4.93G      3.961      4.547       3.41      3.236          0         16        640: 60% ━━━━━━━───── 26/43 5.2it/s 9.8s<3.3s
[K      1/300      4.93G      3.954      4.524       3.38      3.221          0         16        640: 63% ━━━━━━━╸──── 27/43 5.0it/s 10.0s<3.2s
[K      1/300      4.93G      3.939      4.518      3.358       3.21          0         16        640: 65% ━━━━━━━╸──── 28/43 5.4it/s 10.2s<2.8s
[K      1/300      4.93G      3.932      4.496      3.325      3.193          0         16        640: 67% ━━━━━━━━──── 29/43 5.0it/s 10.4s<2.8s
[K      1/300      4.93G      3.907      4.474      3.295      3.174          0         16        640: 70% ━━━━━━━━──── 30/43 5.1it/s 10.6s<2.6s
[K      1/300      4.93G      3.887      4.458      3.272      3.158          0         16        640: 72% ━━━━━━━━╸─── 31/43 4.7it/s 10.9s<2.5s
[K      1/300      4.93G      3.864      4.446       3.25      3.148          0         16        640: 74% ━━━━━━━━╸─── 32/43 5.6it/s 11.0s<2.0s
[K      1/300      4.93G       3.85      4.426       3.23      3.135          0         16        640: 77% ━━━━━━━━━─── 33/43 4.9it/s 11.3s<2.0s
[K      1/300      4.93G      3.834      4.409      3.208      3.123          0         16        640: 79% ━━━━━━━━━─── 34/43 5.0it/s 11.5s<1.8s
[K      1/300      4.93G      3.815      4.397      3.198      3.116          0         16        640: 81% ━━━━━━━━━╸── 35/43 5.0it/s 11.7s<1.6s
[K      1/300      4.93G      3.799      4.381      3.178      3.103          0         16        640: 84% ━━━━━━━━━━── 36/43 5.5it/s 11.9s<1.3s
[K      1/300      4.93G      3.776      4.371      3.159      3.092          0         16        640: 86% ━━━━━━━━━━── 37/43 4.8it/s 12.2s<1.3s
[K      1/300      4.93G      3.758      4.352      3.136      3.079          0         16        640: 88% ━━━━━━━━━━╸─ 38/43 5.0it/s 12.4s<1.0s
[K      1/300      4.93G      3.743      4.336      3.119       3.07          0         16        640: 91% ━━━━━━━━━━╸─ 39/43 4.5it/s 12.7s<0.9s
[K      1/300      4.93G      3.731      4.324      3.096      3.057          0         16        640: 93% ━━━━━━━━━━━─ 40/43 5.2it/s 12.8s<0.6s
[K      1/300      4.93G       3.71      4.308      3.076      3.048          0         16        640: 95% ━━━━━━━━━━━─ 41/43 4.7it/s 13.1s<0.4s
[K      1/300      4.96G      3.706      4.301       3.06      3.033          0          4        640: 98% ━━━━━━━━━━━╸ 42/43 5.7it/s 13.2s<0.2s
[K      1/300      4.96G      3.706      4.301       3.06      3.033          0          4        640: 100% ━━━━━━━━━━━━ 43/43 3.3it/s 13.2s

[K                 Class     Images  Instances      Box(P          R      mAP50  mAP50-95)     Mask(P          R      mAP50  mAP50-95): 14% ━╸────────── 1/7 1.7it/s 0.2s<3.4s
[K                 Class     Images  Instances      Box(P          R      mAP50  mAP50-95)     Mask(P          R      mAP50  mAP50-95): 29% ━━━───────── 2/7 3.8it/s 0.3s<1.3s
[K                 Class     Images  Instances      Box(P          R      mAP50  mAP50-95)     Mask(P          R      mAP50  mAP50-95): 57% ━━━━━━╸───── 4/7 5.8it/s 0.5s<0.5s
[K                 Class     Images  Instances      Box(P          R      mAP50  mAP50-95)     Mask(P          R      mAP50  mAP50-95): 71% ━━━━━━━━╸─── 5/7 7.0it/s 0.6s<0.3s
[K                 Class     Images  Instances      Box(P          R      mAP50  mAP50-95)     Mask(P          R      mAP50  mAP50-95): 86% ━━━━━━━━━━── 6/7 7.6it/s 0.7s<0.1s
[K                 Class     Images  Instances      Box(P          R      mAP50  mAP50-95)     Mask(P          R      mAP50  mAP50-95): 100% ━━━━━━━━━━━━ 7/7 9.5it/s 0.7s
                   all        193       1049          0          0          0          0          0          0          0          0

      Epoch    GPU_mem   box_loss   seg_loss   cls_loss   dfl_loss   sem_loss  Instances       Size

[K      2/300      6.09G      2.814      3.668      2.139      2.628          0         16        640: 0% ──────────── 0/43  0.2s
[K      2/300      6.09G      2.777      3.526      2.244      2.602          0         16        640: 2% ──────────── 1/43 1.9it/s 0.3s<21.9s
[K      2/300      6.09G      2.836      3.522      2.218      2.532          0         16        640: 5% ╸─────────── 2/43 2.4it/s 0.6s<17.1s
[K      2/300      6.09G      2.813      3.494      2.212       2.52          0         16        640: 7% ╸─────────── 3/43 3.4it/s 0.8s<11.7s
[K      2/300      6.09G      2.815      3.522       2.18      2.474          0         16        640: 9% ━─────────── 4/43 3.3it/s 1.1s<11.7s
[K      2/300      6.09G       2.84      3.487       2.18      2.494          0         16        640: 12% ━─────────── 5/43 3.9it/s 1.3s<9.7s
[K      2/300      6.09G      2.795      3.485      2.166      2.468          0         16        640: 14% ━╸────────── 6/43 3.8it/s 1.6s<9.7s
[K      2/300      6.09G      2.776      3.467      2.143      2.456          0         16        640: 16% ━╸────────── 7/43 4.0it/s 1.8s<9.0s
[K      2/300      6.09G      2.756      3.457      2.124      2.438          0         16        640: 19% ━━────────── 8/43 3.6it/s 2.2s<9.7s
[K      2/300      6.09G      2.721      3.439      2.082      2.427          0         16        640: 21% ━━╸───────── 9/43 4.2it/s 2.4s<8.2s
[K      2/300      6.09G      2.715      3.426      2.069      2.427          0         16        640: 23% ━━╸───────── 10/43 3.8it/s 2.7s<8.7s
[K      2/300      6.09G        2.7      3.478      2.061      2.418          0         16        640: 26% ━━━───────── 11/43 3.8it/s 3.0s<8.5s
[K      2/300      6.09G      2.678      3.466      2.045       2.41          0         16        640: 28% ━━━───────── 12/43 3.9it/s 3.2s<7.9s
[K      2/300      6.09G      2.676      3.472      2.033      2.405          0         16        640: 30% ━━━╸──────── 13/43 5.0it/s 3.3s<5.9s
[K      2/300      6.09G      2.669      3.475       2.03      2.402          0         16        640: 33% ━━━╸──────── 14/43 4.6it/s 3.6s<6.3s
[K      2/300      6.09G      2.661      3.458      2.022      2.392          0         16        640: 35% ━━━━──────── 15/43 4.6it/s 3.8s<6.1s
[K      2/300      6.09G      2.656      3.438       2.01      2.392          0         16        640: 37% ━━━━──────── 16/43 4.5it/s 4.1s<6.0s
[K      2/300      6.09G      2.649      3.427      2.005      2.383          0         16        640: 40% ━━━━╸─────── 17/43 5.5it/s 4.2s<4.7s
[K      2/300      6.09G      2.632      3.424      1.988      2.377          0         16        640: 42% ━━━━━─────── 18/43 5.0it/s 4.5s<5.0s
[K      2/300      6.09G      2.619      3.443      1.978      2.367          0         16        640: 44% ━━━━━─────── 19/43 5.2it/s 4.6s<4.6s
[K      2/300      6.09G      2.596      3.429      1.962      2.361          0         16        640: 47% ━━━━━╸────── 20/43 4.6it/s 4.9s<5.0s
[K      2/300      6.09G       2.59      3.415      1.949      2.354          0         16        640: 49% ━━━━━╸────── 21/43 5.0it/s 5.1s<4.4s
[K      2/300      6.09G      2.585      3.423      1.944      2.355          0         16        640: 51% ━━━━━━────── 22/43 5.3it/s 5.3s<4.0s
[K      2/300      6.09G      2.573       3.41       1.93      2.347          0         16        640: 53% ━━━━━━────── 23/43 4.7it/s 5.6s<4.3s
[K      2/300      6.09G      2.561      3.402      1.916      2.338          0         16        640: 56% ━━━━━━╸───── 24/43 4.6it/s 5.8s<4.2s
[K      2/300      6.09G      2.557      3.412       1.91      2.335          0         16        640: 58% ━━━━━━╸───── 25/43 4.1it/s 6.2s<4.4s
[K      2/300      6.09G      2.546      3.395      1.897      2.326          0         16        640: 60% ━━━━━━━───── 26/43 4.3it/s 6.4s<4.0s
[K      2/300      6.09G      2.534      3.384       1.89      2.317          0         16        640: 63% ━━━━━━━╸──── 27/43 4.9it/s 6.5s<3.3s
[K      2/300      6.09G      2.527      3.375      1.879      2.307          0         16        640: 65% ━━━━━━━╸──── 28/43 4.6it/s 6.8s<3.3s
[K      2/300      6.09G       2.51      3.351      1.872      2.307          0         16        640: 67% ━━━━━━━━──── 29/43 4.1it/s 7.1s<3.4s
[K      2/300      6.09G      2.512      3.338       1.87      2.305          0         16        640: 70% ━━━━━━━━──── 30/43 4.2it/s 7.4s<3.1s
[K      2/300      6.09G      2.511      3.336      1.865      2.297          0         16        640: 72% ━━━━━━━━╸─── 31/43 4.2it/s 7.6s<2.9s
[K      2/300      6.09G      2.509      3.327      1.865      2.295          0         16        640: 74% ━━━━━━━━╸─── 32/43 4.1it/s 7.9s<2.7s
[K      2/300      6.09G      2.516      3.323      1.866      2.297          0         16        640: 77% ━━━━━━━━━─── 33/43 4.3it/s 8.1s<2.3s
[K      2/300      6.09G      2.521      3.321      1.863      2.297          0         16        640: 79% ━━━━━━━━━─── 34/43 4.8it/s 8.2s<1.9s
[K      2/300      6.09G      2.513      3.316      1.854      2.289          0         16        640: 81% ━━━━━━━━━╸── 35/43 4.6it/s 8.5s<1.8s
[K      2/300      6.09G      2.508      3.316      1.847      2.285          0         16        640: 84% ━━━━━━━━━━── 36/43 5.2it/s 8.6s<1.3s
[K      2/300      6.09G      2.507      3.321      1.845       2.28          0         16        640: 86% ━━━━━━━━━━── 37/43 4.7it/s 8.9s<1.3s
[K      2/300      6.09G      2.497      3.312      1.838      2.276          0         16        640: 88% ━━━━━━━━━━╸─ 38/43 4.4it/s 9.2s<1.1s
[K      2/300      6.09G      2.493      3.306      1.834      2.274          0         16        640: 91% ━━━━━━━━━━╸─ 39/43 4.9it/s 9.3s<0.8s
[K      2/300      6.09G      2.489      3.305      1.828      2.268          0         16        640: 93% ━━━━━━━━━━━─ 40/43 5.2it/s 9.5s<0.6s
[K      2/300      6.09G      2.483      3.308      1.822       2.26          0         16        640: 95% ━━━━━━━━━━━─ 41/43 4.6it/s 9.8s<0.4s
[K      2/300       6.1G      2.479      3.288      1.817      2.255          0          4        640: 98% ━━━━━━━━━━━╸ 42/43 5.4it/s 10.0s<0.2s
[K      2/300       6.1G      2.479      3.288      1.817      2.255          0          4        640: 100% ━━━━━━━━━━━━ 43/43 4.3it/s 10.0s

[K                 Class     Images  Instances      Box(P          R      mAP50  mAP50-95)     Mask(P          R      mAP50  mAP50-95): 14% ━╸────────── 1/7 1.4it/s 0.2s<4.2s
[K                 Class     Images  Instances      Box(P          R      mAP50  mAP50-95)     Mask(P          R      mAP50  mAP50-95): 29% ━━━───────── 2/7 3.1it/s 0.4s<1.6s
[K                 Class     Images  Instances      Box(P          R      mAP50  mAP50-95)     Mask(P          R      mAP50  mAP50-95): 43% ━━━━━─────── 3/7 4.3it/s 0.5s<0.9s
[K                 Class     Images  Instances      Box(P          R      mAP50  mAP50-95)     Mask(P          R      mAP50  mAP50-95): 57% ━━━━━━╸───── 4/7 5.2it/s 0.6s<0.6s
[K                 Class     Images  Instances      Box(P          R      mAP50  mAP50-95)     Mask(P          R      mAP50  mAP50-95): 71% ━━━━━━━━╸─── 5/7 5.6it/s 0.8s<0.4s
[K                 Class     Images  Instances      Box(P          R      mAP50  mAP50-95)     Mask(P          R      mAP50  mAP50-95): 86% ━━━━━━━━━━── 6/7 6.0it/s 0.9s<0.2s
[K                 Class     Images  Instances      Box(P          R      mAP50  mAP50-95)     Mask(P          R      mAP50  mAP50-95): 100% ━━━━━━━━━━━━ 7/7 7.2it/s 1.0s
                   all        193       1049     0.0169      0.122    0.00211   0.000804    0.00145     0.0105   2.21e-05   2.62e-06

      Epoch    GPU_mem   box_loss   seg_loss   cls_loss   dfl_loss   sem_loss  Instances       Size

[K      3/300       6.1G      1.965      2.939      1.389      1.856          0         16        640: 0% ──────────── 0/43  0.2s
[K      3/300       6.1G      2.141      2.863      1.454      1.958          0         16        640: 2% ──────────── 1/43 1.2s/it 0.5s<48.7s
[K      3/300       6.1G      2.135      2.941       1.52       1.95          0         16        640: 5% ╸─────────── 2/43 2.7it/s 0.7s<15.1s
[K      3/300       6.1G      2.091      2.962      1.476      1.931          0         16        640: 7% ╸─────────── 3/43 3.0it/s 0.9s<13.2s
[K      3/300       6.1G      2.158      2.963      1.507       1.97          0         16        640: 9% ━─────────── 4/43 3.0it/s 1.3s<13.0s
[K      3/300       6.1G      2.163      2.967      1.509      1.976          0         16        640: 12% ━─────────── 5/43 3.9it/s 1.5s<9.8s
[K      3/300       6.1G      2.189      3.008      1.501      1.988          0         16        640: 14% ━╸────────── 6/43 4.3it/s 1.6s<8.5s
[K      3/300       6.1G      2.191      3.018      1.517      1.996          0         16        640: 16% ━╸────────── 7/43 4.3it/s 1.9s<8.4s
[K      3/300       6.1G      2.201      3.044      1.513      1.999          0         16        640: 19% ━━────────── 8/43 5.2it/s 2.0s<6.7s
[K      3/300       6.1G      2.211      3.042      1.502      1.995          0         16        640: 21% ━━╸───────── 9/43 5.2it/s 2.2s<6.5s
[K      3/300       6.1G      2.215      3.022        1.5      1.997          0         16        640: 23% ━━╸───────── 10/43 4.5it/s 2.6s<7.4s
[K      3/300       6.1G      2.227      3.046      1.506      1.995          0         16        640: 26% ━━━───────── 11/43 4.6it/s 2.8s<6.9s
[K      3/300       6.1G      2.233      3.051      1.506      1.978          0         16        640: 28% ━━━───────── 12/43 4.8it/s 3.0s<6.4s
[K      3/300       6.1G      2.219      3.044      1.501       1.98          0         16        640: 30% ━━━╸──────── 13/43 4.2it/s 3.3s<7.1s
[K      3/300       6.1G      2.205      3.047      1.496      1.972          0         16        640: 33% ━━━╸──────── 14/43 5.0it/s 3.5s<5.8s
[K      3/300       6.1G      2.196      3.045      1.491      1.963          0         16        640: 35% ━━━━──────── 15/43 4.9it/s 3.7s<5.7s
[K      3/300       6.1G      2.195      3.064       1.49      1.967          0         16        640: 37% ━━━━──────── 16/43 4.5it/s 4.0s<6.0s
[K      3/300       6.1G      2.183      3.035      1.481      1.967          0         16        640: 40% ━━━━╸─────── 17/43 4.8it/s 4.1s<5.4s
[K      3/300       6.1G      2.185      3.032      1.482      1.968          0         16        640: 42% ━━━━━─────── 18/43 4.8it/s 4.3s<5.2s
[K      3/300       6.1G      2.183      3.034      1.482      1.961          0         16        640: 44% ━━━━━─────── 19/43 4.4it/s 4.6s<5.4s
[K      3/300       6.1G      2.186      3.027      1.483      1.969          0         16        640: 47% ━━━━━╸────── 20/43 5.1it/s 4.8s<4.5s
[K      3/300       6.1G      2.183      3.017      1.485      1.967          0         16        640: 49% ━━━━━╸────── 21/43 4.8it/s 5.0s<4.6s
[K      3/300       6.1G      2.189      3.017      1.493      1.958          0         16        640: 51% ━━━━━━────── 22/43 4.7it/s 5.3s<4.5s
[K      3/300       6.1G      2.189      3.023       1.49      1.954          0         16        640: 53% ━━━━━━────── 23/43 4.3it/s 5.5s<4.6s
[K      3/300       6.1G      2.186      3.018      1.488      1.947          0         16        640: 56% ━━━━━━╸───── 24/43 5.1it/s 5.7s<3.7s
[K      3/300       6.1G       2.18      3.017      1.485      1.948          0         16        640: 58% ━━━━━━╸───── 25/43 4.9it/s 5.9s<3.7s
[K      3/300       6.1G      2.188      3.015       1.49      1.949          0         16        640: 60% ━━━━━━━───── 26/43 5.3it/s 6.1s<3.2s
[K      3/300       6.1G      2.184      2.998      1.484      1.942          0         16        640: 63% ━━━━━━━╸──── 27/43 4.5it/s 6.5s<3.6s
[K      3/300       6.1G      2.183      2.995      1.484      1.942          0         16        640: 65% ━━━━━━━╸──── 28/43 5.3it/s 6.6s<2.8s
[K      3/300       6.1G       2.18      2.982      1.483       1.94          0         16        640: 67% ━━━━━━━━──── 29/43 5.6it/s 6.7s<2.5s
[K      3/300       6.1G      2.169      2.969      1.479      1.936          0         16        640: 70% ━━━━━━━━──── 30/43 5.5it/s 6.9s<2.4s
[K      3/300       6.1G      2.164      2.963      1.478      1.937          0         16        640: 72% ━━━━━━━━╸─── 31/43 4.8it/s 7.3s<2.5s
[K      3/300       6.1G      2.164      2.958      1.474      1.931          0         16        640: 74% ━━━━━━━━╸─── 32/43 4.7it/s 7.5s<2.3s
[K      3/300       6.1G      2.165       2.96      1.474      1.926          0         16        640: 77% ━━━━━━━━━─── 33/43 5.2it/s 7.6s<1.9s
[K      3/300       6.1G      2.165      2.956      1.471      1.923          0         16        640: 79% ━━━━━━━━━─── 34/43 5.3it/s 7.8s<1.7s
[K      3/300       6.1G      2.168       2.95      1.471      1.921          0         16        640: 81% ━━━━━━━━━╸── 35/43 4.8it/s 8.1s<1.7s
[K      3/300       6.1G      2.162      2.946      1.468      1.916          0         16        640: 84% ━━━━━━━━━━── 36/43 5.0it/s 8.3s<1.4s
[K      3/300       6.1G      2.158      2.938      1.464      1.912          0         16        640: 86% ━━━━━━━━━━── 37/43 5.2it/s 8.4s<1.2s
[K      3/300       6.1G      2.154      2.941      1.461      1.908          0         16        640: 88% ━━━━━━━━━━╸─ 38/43 4.8it/s 8.7s<1.0s
[K      3/300       6.1G      2.154      2.943       1.46      1.905          0         16        640: 91% ━━━━━━━━━━╸─ 39/43 4.3it/s 9.0s<0.9s
[K      3/300       6.1G      2.155      2.939      1.462      1.906          0         16        640: 93% ━━━━━━━━━━━─ 40/43 4.5it/s 9.2s<0.7s
[K      3/300       6.1G      2.154      2.932      1.462      1.906          0         16        640: 95% ━━━━━━━━━━━─ 41/43 4.7it/s 9.4s<0.4s
[K      3/300       6.1G      2.153      2.915      1.466      1.909          0          4        640: 98% ━━━━━━━━━━━╸ 42/43 4.6it/s 9.7s<0.2s
[K      3/300       6.1G      2.153      2.915      1.466      1.909          0          4        640: 100% ━━━━━━━━━━━━ 43/43 4.5it/s 9.7s

[K                 Class     Images  Instances      Box(P          R      mAP50  mAP50-95)     Mask(P          R      mAP50  mAP50-95): 14% ━╸────────── 1/7 1.6it/s 0.2s<3.8s
[K                 Class     Images  Instances      Box(P          R      mAP50  mAP50-95)     Mask(P          R      mAP50  mAP50-95): 29% ━━━───────── 2/7 2.4it/s 0.4s<2.1s
[K                 Class     Images  Instances      Box(P          R      mAP50  mAP50-95)     Mask(P          R      mAP50  mAP50-95): 43% ━━━━━─────── 3/7 3.7it/s 0.6s<1.1s
[K                 Class     Images  Instances      Box(P          R      mAP50  mAP50-95)     Mask(P          R      mAP50  mAP50-95): 57% ━━━━━━╸───── 4/7 4.6it/s 0.7s<0.7s
[K                 Class     Images  Instances      Box(P          R      mAP50  mAP50-95)     Mask(P          R      mAP50  mAP50-95): 71% ━━━━━━━━╸─── 5/7 5.1it/s 0.9s<0.4s
[K                 Class     Images  Instances      Box(P          R      mAP50  mAP50-95)     Mask(P          R      mAP50  mAP50-95): 86% ━━━━━━━━━━── 6/7 5.4it/s 1.0s<0.2s
[K                 Class     Images  Instances      Box(P          R      mAP50  mAP50-95)     Mask(P          R      mAP50  mAP50-95): 100% ━━━━━━━━━━━━ 7/7 6.4it/s 1.1s
                   all        193       1049      0.899       0.47      0.566      0.331      0.911      0.468      0.551      0.285

      Epoch    GPU_mem   box_loss   seg_loss   cls_loss   dfl_loss   sem_loss  Instances       Size

[K      4/300       6.1G      2.217      2.772      1.414       1.99          0         16        640: 0% ──────────── 0/43  0.3s
[K      4/300       6.1G      2.176      2.778      1.397      1.933          0         16        640: 2% ──────────── 1/43 1.7it/s 0.5s<24.3s
[K      4/300       6.1G      2.168      2.899      1.404      1.901          0         16        640: 5% ╸─────────── 2/43 2.3it/s 0.8s<18.2s
[K      4/300       6.1G      2.112      2.953      1.409      1.861          0         16        640: 7% ╸─────────── 3/43 3.1it/s 1.0s<12.9s
[K      4/300       6.1G      2.104      2.914      1.396      1.845          0         16        640: 9% ━─────────── 4/43 3.0it/s 1.3s<12.8s
[K      4/300       6.1G      2.111      2.905      1.389      1.839          0         16        640: 12% ━─────────── 5/43 4.7it/s 1.5s<8.1s
[K      4/300       6.1G      2.132      2.874      1.407      1.838          0         16        640: 14% ━╸────────── 6/43 5.6it/s 1.6s<6.6s
[K      4/300       6.1G      2.094      2.863      1.385      1.816          0         16        640: 16% ━╸────────── 7/43 5.6it/s 1.8s<6.5s
[K      4/300       6.1G      2.097      2.865      1.386      1.812          0         16        640: 19% ━━────────── 8/43 4.9it/s 2.1s<7.2s
[K      4/300       6.1G      2.098      2.879      1.395      1.807          0         16        640: 21% ━━╸───────── 9/43 5.3it/s 2.2s<6.5s
[K      4/300       6.1G      2.095      2.841      1.384      1.796          0         16        640: 23% ━━╸───────── 10/43 5.3it/s 2.4s<6.2s
[K      4/300       6.1G      2.086      2.813      1.385      1.788          0         16        640: 26% ━━━───────── 11/43 5.6it/s 2.6s<5.7s
[K      4/300       6.1G       2.07      2.794       1.38      1.787          0         16        640: 28% ━━━───────── 12/43 5.0it/s 2.8s<6.2s
[K      4/300       6.1G      2.057       2.77      1.375      1.781          0         16        640: 30% ━━━╸──────── 13/43 5.0it/s 3.0s<6.0s
[K      4/300       6.1G      2.058      2.783      1.375      1.772          0         16        640: 33% ━━━╸──────── 14/43 5.1it/s 3.2s<5.7s
[K      4/300       6.1G      2.064      2.759      1.375      1.783          0         16        640: 35% ━━━━──────── 15/43 4.9it/s 3.5s<5.7s
[K      4/300       6.1G      2.062      2.764      1.373      1.777          0         16        640: 37% ━━━━──────── 16/43 4.3it/s 3.8s<6.3s
[K      4/300       6.1G      2.055      2.758      1.368      1.767          0         16        640: 40% ━━━━╸─────── 17/43 4.0it/s 4.1s<6.6s
[K      4/300       6.1G      2.045      2.751      1.372      1.764          0         16        640: 42% ━━━━━─────── 18/43 5.0it/s 4.3s<5.0s
[K      4/300       6.1G      2.058      2.758      1.384      1.778          0         16        640: 44% ━━━━━─────── 19/43 5.0it/s 4.5s<4.8s
[K      4/300       6.1G      2.055      2.752      1.377      1.775          0         16        640: 47% ━━━━━╸────── 20/43 4.4it/s 4.8s<5.2s
[K      4/300       6.1G      2.065       2.75      1.382      1.778          0         16        640: 49% ━━━━━╸────── 21/43 4.6it/s 5.0s<4.8s
[K      4/300       6.1G       2.06       2.75       1.38      1.772          0         16        640: 51% ━━━━━━────── 22/43 4.3it/s 5.3s<4.9s
[K      4/300       6.1G       2.06      2.749      1.382      1.772          0         16        640: 53% ━━━━━━────── 23/43 4.4it/s 5.5s<4.6s
[K      4/300       6.1G      2.056      2.747      1.378      1.766          0         16        640: 56% ━━━━━━╸───── 24/43 3.8it/s 5.9s<5.0s
[K      4/300       6.1G       2.05      2.746      1.376      1.766          0         16        640: 58% ━━━━━━╸───── 25/43 5.1it/s 6.0s<3.5s
[K      4/300       6.1G      2.038      2.725      1.369      1.757          0         16        640: 60% ━━━━━━━───── 26/43 5.6it/s 6.2s<3.0s
[K      4/300       6.1G      2.034      2.721      1.369      1.752          0         16        640: 63% ━━━━━━━╸──── 27/43 6.1it/s 6.3s<2.6s
[K      4/300       6.1G      2.023      2.709      1.364      1.741          0         16        640: 65% ━━━━━━━╸──── 28/43 5.3it/s 6.6s<2.8s
[K      4/300       6.1G      2.016      2.704      1.361      1.739          0         16        640: 67% ━━━━━━━━──── 29/43 5.5it/s 6.8s<2.5s
[K      4/300       6.1G      2.017      2.704      1.366      1.741          0         16        640: 70% ━━━━━━━━──── 30/43 4.9it/s 7.0s<2.6s
[K      4/300       6.1G      2.019      2.705      1.364      1.746          0         16        640: 72% ━━━━━━━━╸─── 31/43 5.7it/s 7.2s<2.1s
[K      4/300       6.1G      2.016      2.705      1.362      1.746          0         16        640: 74% ━━━━━━━━╸─── 32/43 4.8it/s 7.6s<2.3s
[K      4/300       6.1G      2.012      2.691      1.358      1.744          0         16        640: 77% ━━━━━━━━━─── 33/43 4.6it/s 7.8s<2.2s
[K      4/300       6.1G      2.008       2.68      1.357      1.747          0         16        640: 79% ━━━━━━━━━─── 34/43 4.6it/s 8.0s<2.0s
[K      4/300       6.1G      1.999      2.669      1.351      1.742          0         16        640: 81% ━━━━━━━━━╸── 35/43 5.4it/s 8.2s<1.5s
[K      4/300       6.1G      1.997      2.667       1.35      1.739          0         16        640: 84% ━━━━━━━━━━── 36/43 5.3it/s 8.3s<1.3s
[K      4/300       6.1G      1.995      2.663      1.349      1.737          0         16        640: 86% ━━━━━━━━━━── 37/43 5.9it/s 8.5s<1.0s
[K      4/300       6.1G      1.993      2.659      1.348      1.735          0         16        640: 88% ━━━━━━━━━━╸─ 38/43 5.8it/s 8.7s<0.9s
[K      4/300       6.1G      1.995      2.655      1.348      1.734          0         16        640: 91% ━━━━━━━━━━╸─ 39/43 5.5it/s 8.9s<0.7s
[K      4/300       6.1G      1.993       2.66      1.347      1.731          0         16        640: 93% ━━━━━━━━━━━─ 40/43 4.9it/s 9.2s<0.6s
[K      4/300       6.1G      1.985       2.65      1.342      1.726          0         16        640: 95% ━━━━━━━━━━━─ 41/43 5.5it/s 9.3s<0.4s
[K      4/300       6.1G      1.994      2.662      1.346      1.729          0          4        640: 98% ━━━━━━━━━━━╸ 42/43 5.7it/s 9.5s<0.2s
[K      4/300       6.1G      1.994      2.662      1.346      1.729          0          4        640: 100% ━━━━━━━━━━━━ 43/43 4.5it/s 9.5s

[K                 Class     Images  Instances      Box(P          R      mAP50  mAP50-95)     Mask(P          R      mAP50  mAP50-95): 14% ━╸────────── 1/7 1.1it/s 0.3s<5.5s
[K                 Class     Images  Instances      Box(P          R      mAP50  mAP50-95)     Mask(P          R      mAP50  mAP50-95): 29% ━━━───────── 2/7 1.8it/s 0.6s<2.7s
[K                 Class     Images  Instances      Box(P          R      mAP50  mAP50-95)     Mask(P          R      mAP50  mAP50-95): 43% ━━━━━─────── 3/7 2.9it/s 0.7s<1.4s
[K                 Class     Images  Instances      Box(P          R      mAP50  mAP50-95)     Mask(P          R      mAP50  mAP50-95): 57% ━━━━━━╸───── 4/7 3.9it/s 0.9s<0.8s
[K                 Class     Images  Instances      Box(P          R      mAP50  mAP50-95)     Mask(P          R      mAP50  mAP50-95): 71% ━━━━━━━━╸─── 5/7 4.4it/s 1.1s<0.5s
[K                 Class     Images  Instances      Box(P          R      mAP50  mAP50-95)     Mask(P          R      mAP50  mAP50-95): 86% ━━━━━━━━━━── 6/7 4.7it/s 1.3s<0.2s
[K                 Class     Images  Instances      Box(P          R      mAP50  mAP50-95)     Mask(P          R      mAP50  mAP50-95): 100% ━━━━━━━━━━━━ 7/7 5.4it/s 1.3s
                   all        193       1049      0.829      0.491      0.575      0.352      0.832      0.494      0.573       0.36

      Epoch    GPU_mem   box_loss   seg_loss   cls_loss   dfl_loss   sem_loss  Instances       Size

[K      5/300       6.1G      1.893      2.484      1.248      1.569          0         16        640: 0% ──────────── 0/43  0.2s
[K      5/300       6.1G       1.93      2.526      1.294        1.6          0         16        640: 2% ──────────── 1/43 1.2it/s 0.4s<33.6s
[K      5/300       6.1G      1.921      2.406      1.281      1.621          0         16        640: 5% ╸─────────── 2/43 2.3it/s 0.6s<17.5s
[K      5/300       6.1G       1.96      2.544      1.302      1.649          0         16        640: 7% ╸─────────── 3/43 2.7it/s 0.9s<14.7s
[K      5/300       6.1G      1.926      2.532      1.302      1.668          0         16        640: 9% ━─────────── 4/43 2.7it/s 1.3s<14.5s
[K      5/300       6.1G      1.891      2.524      1.287      1.663          0         16        640: 12% ━─────────── 5/43 2.8it/s 1.6s<13.7s
[K      5/300       6.1G      1.875      2.523      1.298      1.664          0         16        640: 14% ━╸────────── 6/43 4.0it/s 1.7s<9.2s
[K      5/300       6.1G       1.86       2.54      1.285      1.646          0         16        640: 16% ━╸────────── 7/43 4.1it/s 2.0s<8.9s
[K      5/300       6.1G      1.873      2.574      1.293      1.647          0         16        640: 19% ━━────────── 8/43 3.9it/s 2.3s<9.0s
[K      5/300       6.1G      1.868       2.54      1.281      1.647          0         16        640: 21% ━━╸───────── 9/43 4.0it/s 2.5s<8.6s
[K      5/300       6.1G      1.881       2.56      1.284      1.635          0         16        640: 23% ━━╸───────── 10/43 3.7it/s 2.8s<8.9s
[K      5/300       6.1G      1.875      2.554      1.285      1.635          0         16        640: 26% ━━━───────── 11/43 3.9it/s 3.1s<8.3s
[K      5/300       6.1G      1.861      2.529      1.276      1.626          0         16        640: 28% ━━━───────── 12/43 4.3it/s 3.3s<7.3s
[K      5/300       6.1G      1.849      2.486      1.267      1.624          0         16        640: 30% ━━━╸──────── 13/43 4.1it/s 3.5s<7.3s
[K      5/300       6.1G      1.853        2.5      1.271      1.619          0         16        640: 33% ━━━╸──────── 14/43 4.1it/s 3.8s<7.1s
[K      5/300       6.1G      1.845      2.506      1.266      1.608          0         16        640: 35% ━━━━──────── 15/43 4.7it/s 3.9s<5.9s
[K      5/300       6.1G      1.832      2.492      1.258      1.603          0         16        640: 37% ━━━━──────── 16/43 4.4it/s 4.2s<6.2s
[K      5/300       6.1G      1.826      2.498      1.259      1.598          0         16        640: 40% ━━━━╸─────── 17/43 4.0it/s 4.5s<6.5s
[K      5/300       6.1G      1.833      2.498      1.265        1.6          0         16        640: 42% ━━━━━─────── 18/43 4.7it/s 4.7s<5.3s
[K      5/300       6.1G      1.822      2.479       1.26      1.599          0         16        640: 44% ━━━━━─────── 19/43 4.2it/s 5.0s<5.7s
[K      5/300       6.1G      1.816      2.472      1.258      1.596          0         16        640: 47% ━━━━━╸────── 20/43 4.1it/s 5.3s<5.6s
[K      5/300       6.1G      1.812      2.473      1.255      1.595          0         16        640: 49% ━━━━━╸────── 21/43 4.4it/s 5.5s<5.0s
[K      5/300       6.1G      1.806      2.462      1.252      1.592          0         16        640: 51% ━━━━━━────── 22/43 5.1it/s 5.6s<4.1s
[K      5/300       6.1G      1.802      2.457      1.249      1.587          0         16        640: 53% ━━━━━━────── 23/43 4.8it/s 5.9s<4.2s
[K      5/300       6.1G      1.801      2.464      1.247      1.585          0         16        640: 56% ━━━━━━╸───── 24/43 4.8it/s 6.1s<4.0s
[K      5/300       6.1G      1.793      2.463      1.243      1.579          0         16        640: 58% ━━━━━━╸───── 25/43 4.0it/s 6.5s<4.5s
[K      5/300       6.1G      1.807      2.463      1.254      1.585          0         16        640: 60% ━━━━━━━───── 26/43 5.0it/s 6.7s<3.4s
[K      5/300       6.1G      1.802      2.451      1.252      1.585          0         16        640: 63% ━━━━━━━╸──── 27/43 4.7it/s 6.9s<3.4s
[K      5/300       6.1G      1.803      2.446      1.252       1.59          0         16        640: 65% ━━━━━━━╸──── 28/43 4.5it/s 7.2s<3.3s
[K      5/300       6.1G      1.803      2.456       1.25      1.588          0         16        640: 67% ━━━━━━━━──── 29/43 4.4it/s 7.4s<3.2s
[K      5/300       6.1G      1.806      2.459       1.25       1.59          0         16        640: 70% ━━━━━━━━──── 30/43 4.3it/s 7.7s<3.0s
[K      5/300       6.1G      1.803      2.461      1.248       1.59          0         16        640: 72% ━━━━━━━━╸─── 31/43 5.1it/s 7.8s<2.4s
[K      5/300       6.1G      1.804      2.467      1.246      1.587          0         16        640: 74% ━━━━━━━━╸─── 32/43 5.4it/s 8.0s<2.0s
[K      5/300       6.1G      1.804      2.467      1.247      1.585          0         16        640: 77% ━━━━━━━━━─── 33/43 4.7it/s 8.3s<2.1s
[K      5/300       6.1G      1.802      2.464      1.243      1.582          0         16        640: 79% ━━━━━━━━━─── 34/43 4.8it/s 8.5s<1.9s
[K      5/300       6.1G      1.798      2.461      1.244      1.579          0         16        640: 81% ━━━━━━━━━╸── 35/43 4.8it/s 8.7s<1.7s
[K      5/300       6.1G      1.797      2.455      1.245      1.582          0         16        640: 84% ━━━━━━━━━━── 36/43 5.0it/s 8.9s<1.4s
[K      5/300       6.1G      1.799       2.45      1.245      1.583          0         16        640: 86% ━━━━━━━━━━── 37/43 4.2it/s 9.3s<1.4s
[K      5/300       6.1G      1.796       2.45      1.244       1.58          0         16        640: 88% ━━━━━━━━━━╸─ 38/43 5.0it/s 9.5s<1.0s
[K      5/300       6.1G      1.795      2.447      1.242      1.579          0         16        640: 91% ━━━━━━━━━━╸─ 39/43 5.4it/s 9.6s<0.7s
[K      5/300       6.1G      1.797      2.453      1.246      1.581          0         16        640: 93% ━━━━━━━━━━━─ 40/43 5.9it/s 9.8s<0.5s
[K      5/300       6.1G      1.793       2.45      1.242      1.577          0         16        640: 95% ━━━━━━━━━━━─ 41/43 5.0it/s 10.1s<0.4s
[K      5/300       6.1G      1.791      2.448      1.241      1.578          0          4        640: 98% ━━━━━━━━━━━╸ 42/43 5.7it/s 10.3s<0.2s
[K      5/300       6.1G      1.791      2.448      1.241      1.578          0          4        640: 100% ━━━━━━━━━━━━ 43/43 4.2it/s 10.3s

[K                 Class     Images  Instances      Box(P          R      mAP50  mAP50-95)     Mask(P          R      mAP50  mAP50-95): 14% ━╸────────── 1/7 1.7it/s 0.2s<3.5s
[K                 Class     Images  Instances      Box(P          R      mAP50  mAP50-95)     Mask(P          R      mAP50  mAP50-95): 29% ━━━───────── 2/7 2.9it/s 0.4s<1.8s
[K                 Class     Images  Instances      Box(P          R      mAP50  mAP50-95)     Mask(P          R      mAP50  mAP50-95): 43% ━━━━━─────── 3/7 3.6it/s 0.5s<1.1s
[K                 Class     Images  Instances      Box(P          R      mAP50  mAP50-95)     Mask(P          R      mAP50  mAP50-95): 57% ━━━━━━╸───── 4/7 4.4it/s 0.7s<0.7s
[K                 Class     Images  Instances      Box(P          R      mAP50  mAP50-95)     Mask(P          R      mAP50  mAP50-95): 71% ━━━━━━━━╸─── 5/7 5.0it/s 0.9s<0.4s
[K                 Class     Images  Instances      Box(P          R      mAP50  mAP50-95)     Mask(P          R      mAP50  mAP50-95): 86% ━━━━━━━━━━── 6/7 5.0it/s 1.1s<0.2s
[K                 Class     Images  Instances      Box(P          R      mAP50  mAP50-95)     Mask(P          R      mAP50  mAP50-95): 100% ━━━━━━━━━━━━ 7/7 6.4it/s 1.1s
                   all        193       1049      0.853      0.574      0.654      0.402      0.831      0.581       0.65      0.419

      Epoch    GPU_mem   box_loss   seg_loss   cls_loss   dfl_loss   sem_loss  Instances       Size

[K      6/300       6.1G      1.724        2.4      1.201      1.575          0         16        640: 0% ──────────── 0/43  0.1s
[K      6/300       6.1G       1.67      2.542      1.199      1.514          0         16        640: 2% ──────────── 1/43 1.7it/s 0.3s<24.3s
[K      6/300       6.1G       1.69      2.484      1.207      1.514          0         16        640: 5% ╸─────────── 2/43 2.1it/s 0.6s<19.4s
[K      6/300       6.1G      1.703      2.424      1.203      1.493          0         16        640: 7% ╸─────────── 3/43 3.0it/s 0.8s<13.2s
[K      6/300       6.1G      1.705      2.463      1.208      1.518          0         16        640: 9% ━─────────── 4/43 4.3it/s 1.0s<9.1s
[K      6/300       6.1G      1.728      2.469      1.212      1.506          0         16        640: 12% ━─────────── 5/43 4.8it/s 1.1s<7.9s
[K      6/300       6.1G       1.73       2.45      1.214      1.499          0         16        640: 14% ━╸────────── 6/43 4.1it/s 1.5s<9.0s
[K      6/300       6.1G      1.719      2.469      1.208        1.5          0         16        640: 16% ━╸────────── 7/43 3.7it/s 1.9s<9.6s
[K      6/300       6.1G      1.721      2.459      1.204      1.491          0         16        640: 19% ━━────────── 8/43 4.5it/s 2.0s<7.7s
[K      6/300       6.1G      1.709      2.439        1.2       1.48          0         16        640: 21% ━━╸───────── 9/43 5.1it/s 2.2s<6.7s
[K      6/300       6.1G      1.714      2.458      1.209      1.491          0         16        640: 23% ━━╸───────── 10/43 4.8it/s 2.4s<6.9s
[K      6/300       6.1G      1.705       2.44        1.2      1.501          0         16        640: 26% ━━━───────── 11/43 4.6it/s 2.7s<7.0s
[K      6/300       6.1G      1.688      2.417      1.188      1.497          0         16        640: 28% ━━━───────── 12/43 5.2it/s 2.8s<5.9s
[K      6/300       6.1G      1.696      2.424      1.193      1.505          0         16        640: 30% ━━━╸──────── 13/43 4.9it/s 3.1s<6.1s
[K      6/300       6.1G      1.691      2.416      1.189        1.5          0         16        640: 33% ━━━╸──────── 14/43 4.6it/s 3.3s<6.3s
[K      6/300       6.1G      1.679      2.396      1.181      1.494          0         16        640: 35% ━━━━──────── 15/43 4.9it/s 3.5s<5.7s
[K      6/300       6.1G      1.672      2.387      1.176      1.487          0         16        640: 37% ━━━━──────── 16/43 4.7it/s 3.7s<5.7s
[K      6/300       6.1G      1.678      2.394      1.189      1.488          0         16        640: 40% ━━━━╸─────── 17/43 4.7it/s 3.9s<5.5s
[K      6/300       6.1G      1.675      2.398      1.186      1.485          0         16        640: 42% ━━━━━─────── 18/43 4.1it/s 4.3s<6.1s
[K      6/300       6.1G      1.674      2.399       1.19       1.49          0         16        640: 44% ━━━━━─────── 19/43 4.3it/s 4.5s<5.6s
[K      6/300       6.1G      1.681      2.399      1.199      1.493          0         16        640: 47% ━━━━━╸────── 20/43 4.7it/s 4.7s<4.9s
[K      6/300       6.1G      1.675      2.396      1.193      1.488          0         16        640: 49% ━━━━━╸────── 21/43 4.3it/s 5.0s<5.1s
[K      6/300       6.1G       1.67      2.391      1.188      1.487          0         16        640: 51% ━━━━━━────── 22/43 4.2it/s 5.3s<5.0s
[K      6/300       6.1G      1.669      2.394      1.188      1.491          0         16        640: 53% ━━━━━━────── 23/43 5.2it/s 5.4s<3.9s
[K      6/300       6.1G      1.659      2.383      1.181      1.485          0         16        640: 56% ━━━━━━╸───── 24/43 5.0it/s 5.6s<3.8s
[K      6/300       6.1G      1.661      2.389      1.181      1.486          0         16        640: 58% ━━━━━━╸───── 25/43 5.1it/s 5.8s<3.5s
[K      6/300       6.1G      1.656      2.379      1.178      1.484          0         16        640: 60% ━━━━━━━───── 26/43 4.7it/s 6.1s<3.6s
[K      6/300       6.1G      1.651      2.368      1.174      1.481          0         16        640: 63% ━━━━━━━╸──── 27/43 4.8it/s 6.3s<3.4s
[K      6/300       6.1G      1.649      2.367      1.171       1.48          0         16        640: 65% ━━━━━━━╸──── 28/43 5.0it/s 6.5s<3.0s
[K      6/300       6.1G      1.647      2.366       1.17       1.48          0         16        640: 67% ━━━━━━━━──── 29/43 4.4it/s 6.8s<3.2s
[K      6/300       6.1G      1.643      2.356      1.169      1.479          0         16        640: 70% ━━━━━━━━──── 30/43 4.4it/s 7.0s<3.0s
[K      6/300       6.1G      1.637       2.35      1.164      1.476          0         16        640: 72% ━━━━━━━━╸─── 31/43 4.4it/s 7.2s<2.7s
[K      6/300       6.1G      1.635      2.354      1.164      1.471          0         16        640: 74% ━━━━━━━━╸─── 32/43 4.4it/s 7.5s<2.5s
[K      6/300       6.1G      1.634      2.358      1.167      1.471          0         16        640: 77% ━━━━━━━━━─── 33/43 4.6it/s 7.7s<2.2s
[K      6/300       6.1G      1.628      2.347      1.165       1.47          0         16        640: 79% ━━━━━━━━━─── 34/43 4.1it/s 8.0s<2.2s
[K      6/300       6.1G      1.625      2.358      1.162      1.466          0         16        640: 81% ━━━━━━━━━╸── 35/43 4.5it/s 8.2s<1.8s
[K      6/300       6.1G      1.624      2.366      1.162      1.463          0         16        640: 84% ━━━━━━━━━━── 36/43 4.8it/s 8.4s<1.5s
[K      6/300       6.1G      1.621      2.372      1.164      1.463          0         16        640: 86% ━━━━━━━━━━── 37/43 5.1it/s 8.5s<1.2s
[K      6/300       6.1G       1.62      2.364      1.161      1.462          0         16        640: 88% ━━━━━━━━━━╸─ 38/43 5.1it/s 8.7s<1.0s
[K      6/300       6.1G      1.616       2.35      1.165      1.462          0         16        640: 91% ━━━━━━━━━━╸─ 39/43 5.2it/s 8.9s<0.8s
[K      6/300       6.1G      1.613      2.347      1.162      1.461          0         16        640: 93% ━━━━━━━━━━━─ 40/43 5.2it/s 9.1s<0.6s
[K      6/300       6.1G      1.616      2.356      1.164      1.461          0         16        640: 95% ━━━━━━━━━━━─ 41/43 5.2it/s 9.3s<0.4s
[K      6/300       6.1G      1.603      2.343      1.158      1.457          0          4        640: 98% ━━━━━━━━━━━╸ 42/43 4.4it/s 9.7s<0.2s
[K      6/300       6.1G      1.603      2.343      1.158      1.457          0          4        640: 100% ━━━━━━━━━━━━ 43/43 4.4it/s 9.7s

[K                 Class     Images  Instances      Box(P          R      mAP50  mAP50-95)     Mask(P          R      mAP50  mAP50-95): 14% ━╸────────── 1/7 1.4it/s 0.2s<4.1s
[K                 Class     Images  Instances      Box(P          R      mAP50  mAP50-95)     Mask(P          R      mAP50  mAP50-95): 29% ━━━───────── 2/7 2.7it/s 0.4s<1.9s
[K                 Class     Images  Instances      Box(P          R      mAP50  mAP50-95)     Mask(P          R      mAP50  mAP50-95): 43% ━━━━━─────── 3/7 3.6it/s 0.6s<1.1s
[K                 Class     Images  Instances      Box(P          R      mAP50  mAP50-95)     Mask(P          R      mAP50  mAP50-95): 57% ━━━━━━╸───── 4/7 4.2it/s 0.7s<0.7s
[K                 Class     Images  Instances      Box(P          R      mAP50  mAP50-95)     Mask(P          R      mAP50  mAP50-95): 71% ━━━━━━━━╸─── 5/7 4.7it/s 0.9s<0.4s
[K                 Class     Images  Instances      Box(P          R      mAP50  mAP50-95)     Mask(P          R      mAP50  mAP50-95): 86% ━━━━━━━━━━── 6/7 4.8it/s 1.1s<0.2s
[K                 Class     Images  Instances      Box(P          R      mAP50  mAP50-95)     Mask(P          R      mAP50  mAP50-95): 100% ━━━━━━━━━━━━ 7/7 6.0it/s 1.2s
                   all        193       1049      0.841      0.561      0.647      0.432      0.826      0.569      0.648      0.431

      Epoch    GPU_mem   box_loss   seg_loss   cls_loss   dfl_loss   sem_loss  Instances       Size

[K      7/300       6.1G      1.461      2.285      1.107      1.311          0         16        640: 0% ──────────── 0/43  0.1s
[K      7/300       6.1G      1.471      2.203      1.133      1.408          0         16        640: 2% ──────────── 1/43 1.7it/s 0.3s<24.6s
[K      7/300       6.1G      1.525      2.177      1.141      1.438          0         16        640: 5% ╸─────────── 2/43 2.3it/s 0.6s<18.2s
[K      7/300       6.1G      1.507      2.233      1.138      1.401          0         16        640: 7% ╸─────────── 3/43 2.3it/s 1.0s<17.4s
[K      7/300       6.1G      1.534      2.356      1.166      1.402          0         16        640: 9% ━─────────── 4/43 3.7it/s 1.2s<10.5s
[K      7/300       6.1G      1.517      2.314      1.126      1.391          0         16        640: 12% ━─────────── 5/43 3.9it/s 1.4s<9.6s
[K      7/300       6.1G      1.519      2.287      1.122      1.385          0         16        640: 14% ━╸────────── 6/43 4.1it/s 1.6s<9.1s
[K      7/300       6.1G      1.528      2.313      1.132       1.39          0         16        640: 16% ━╸────────── 7/43 3.8it/s 1.9s<9.5s
[K      7/300       6.1G      1.559      2.338      1.143      1.392          0         16        640: 19% ━━────────── 8/43 3.7it/s 2.2s<9.5s
[K      7/300       6.1G      1.548      2.351      1.134      1.384          0         16        640: 21% ━━╸───────── 9/43 3.7it/s 2.5s<9.1s
[K      7/300       6.1G      1.548      2.326      1.131       1.38          0         16        640: 23% ━━╸───────── 10/43 4.9it/s 2.6s<6.8s
[K      7/300       6.1G      1.556      2.328      1.133      1.379          0         16        640: 26% ━━━───────── 11/43 4.3it/s 3.0s<7.5s
[K      7/300       6.1G      1.546       2.34      1.132      1.374          0         16        640: 28% ━━━───────── 12/43 4.1it/s 3.2s<7.5s
[K      7/300       6.1G      1.531      2.318      1.121       1.37          0         16        640: 30% ━━━╸──────── 13/43 4.2it/s 3.5s<7.2s
[K      7/300       6.1G      1.526      2.296      1.117       1.37          0         16        640: 33% ━━━╸──────── 14/43 3.8it/s 3.8s<7.6s
[K      7/300       6.1G      1.536      2.295      1.126      1.382          0         16        640: 35% ━━━━──────── 15/43 3.5it/s 4.2s<8.0s
[K      7/300       6.1G      1.532      2.287      1.121      1.378          0         16        640: 37% ━━━━──────── 16/43 3.9it/s 4.4s<6.9s
[K      7/300       6.1G       1.53      2.279      1.117      1.376          0         16        640: 40% ━━━━╸─────── 17/43 4.2it/s 4.6s<6.2s
[K      7/300       6.1G      1.533      2.273      1.121      1.382          0         16        640: 42% ━━━━━─────── 18/43 4.4it/s 4.8s<5.7s
[K      7/300       6.1G      1.536      2.278      1.123      1.384          0         16        640: 44% ━━━━━─────── 19/43 4.0it/s 5.1s<6.0s
[K      7/300       6.1G      1.534      2.265      1.123      1.386          0         16        640: 47% ━━━━━╸────── 20/43 4.0it/s 5.3s<5.7s
[K      7/300       6.1G      1.532      2.255      1.122      1.393          0         16        640: 49% ━━━━━╸────── 21/43 3.8it/s 5.7s<5.9s
[K      7/300       6.1G      1.541      2.248      1.125      1.397          0         16        640: 51% ━━━━━━────── 22/43 4.5it/s 5.8s<4.7s
[K      7/300       6.1G      1.537       2.24      1.123      1.396          0         16        640: 53% ━━━━━━────── 23/43 4.2it/s 6.1s<4.8s
[K      7/300       6.1G      1.533      2.241      1.121      1.394          0         16        640: 56% ━━━━━━╸───── 24/43 4.6it/s 6.3s<4.1s
[K      7/300       6.1G      1.538      2.237      1.122      1.396          0         16        640: 58% ━━━━━━╸───── 25/43 5.4it/s 6.4s<3.4s
[K      7/300       6.1G      1.538      2.234      1.118      1.393          0         16        640: 60% ━━━━━━━───── 26/43 4.9it/s 6.7s<3.5s
[K      7/300       6.1G      1.537      2.224      1.116      1.392          0         16        640: 63% ━━━━━━━╸──── 27/43 4.6it/s 7.0s<3.5s
[K      7/300       6.1G      1.534      2.218      1.112      1.388          0         16        640: 65% ━━━━━━━╸──── 28/43 5.1it/s 7.1s<2.9s
[K      7/300       6.1G      1.534      2.213      1.111      1.385          0         16        640: 67% ━━━━━━━━──── 29/43 5.4it/s 7.3s<2.6s
[K      7/300       6.1G       1.53      2.205      1.108      1.385          0         16        640: 70% ━━━━━━━━──── 30/43 5.7it/s 7.4s<2.3s
[K      7/300       6.1G      1.525      2.205      1.105      1.385          0         16        640: 72% ━━━━━━━━╸─── 31/43 4.8it/s 7.8s<2.5s
[K      7/300       6.1G      1.524      2.202      1.106      1.382          0         16        640: 74% ━━━━━━━━╸─── 32/43 5.4it/s 8.0s<2.0s
[K      7/300       6.1G      1.522      2.198      1.103      1.384          0         16        640: 77% ━━━━━━━━━─── 33/43 5.1it/s 8.2s<2.0s
[K      7/300       6.1G      1.525      2.196      1.105      1.387          0         16        640: 79% ━━━━━━━━━─── 34/43 5.2it/s 8.4s<1.7s
[K      7/300       6.1G      1.528      2.198      1.107      1.387          0         16        640: 81% ━━━━━━━━━╸── 35/43 4.8it/s 8.6s<1.7s
[K      7/300       6.1G      1.523      2.189      1.105      1.385          0         16        640: 84% ━━━━━━━━━━── 36/43 5.2it/s 8.8s<1.4s
[K      7/300       6.1G      1.519      2.182      1.102      1.384          0         16        640: 86% ━━━━━━━━━━── 37/43 5.8it/s 8.9s<1.0s
[K      7/300       6.1G      1.516      2.176      1.101       1.38          0         16        640: 88% ━━━━━━━━━━╸─ 38/43 5.2it/s 9.2s<1.0s
[K      7/300       6.1G      1.511      2.174      1.098      1.377          0         16        640: 91% ━━━━━━━━━━╸─ 39/43 4.6it/s 9.5s<0.9s
[K      7/300       6.1G      1.511      2.172      1.098      1.378          0         16        640: 93% ━━━━━━━━━━━─ 40/43 4.7it/s 9.7s<0.6s
[K      7/300       6.1G      1.506      2.167      1.095      1.376          0         16        640: 95% ━━━━━━━━━━━─ 41/43 5.0it/s 9.9s<0.4s
[K      7/300       6.1G      1.513       2.16      1.097       1.38          0          4        640: 98% ━━━━━━━━━━━╸ 42/43 5.1it/s 10.1s<0.2s
[K      7/300       6.1G      1.513       2.16      1.097       1.38          0          4        640: 100% ━━━━━━━━━━━━ 43/43 4.3it/s 10.1s

[K                 Class     Images  Instances      Box(P          R      mAP50  mAP50-95)     Mask(P          R      mAP50  mAP50-95): 14% ━╸────────── 1/7 1.1it/s 0.3s<5.3s
[K                 Class     Images  Instances      Box(P          R      mAP50  mAP50-95)     Mask(P          R      mAP50  mAP50-95): 29% ━━━───────── 2/7 2.2it/s 0.5s<2.3s
[K                 Class     Images  Instances      Box(P          R      mAP50  mAP50-95)     Mask(P          R      mAP50  mAP50-95): 43% ━━━━━─────── 3/7 3.3it/s 0.7s<1.2s
[K                 Class     Images  Instances      Box(P          R      mAP50  mAP50-95)     Mask(P          R      mAP50  mAP50-95): 57% ━━━━━━╸───── 4/7 3.9it/s 0.8s<0.8s
[K                 Class     Images  Instances      Box(P          R      mAP50  mAP50-95)     Mask(P          R      mAP50  mAP50-95): 71% ━━━━━━━━╸─── 5/7 4.4it/s 1.0s<0.5s
[K                 Class     Images  Instances      Box(P          R      mAP50  mAP50-95)     Mask(P          R      mAP50  mAP50-95): 86% ━━━━━━━━━━── 6/7 4.6it/s 1.2s<0.2s
[K                 Class     Images  Instances      Box(P          R      mAP50  mAP50-95)     Mask(P          R      mAP50  mAP50-95): 100% ━━━━━━━━━━━━ 7/7 5.5it/s 1.3s
                   all        193       1049      0.862      0.594      0.681      0.437      0.868      0.587      0.675      0.464

      Epoch    GPU_mem   box_loss   seg_loss   cls_loss   dfl_loss   sem_loss  Instances       Size

[K      8/300       6.1G      1.521       2.21      1.116      1.419          0         16        640: 0% ──────────── 0/43  0.2s
[K      8/300       6.1G       1.54      2.169       1.11      1.384          0         16        640: 2% ──────────── 1/43 1.2it/s 0.5s<33.8s
[K      8/300       6.1G      1.519      2.128      1.109      1.382          0         16        640: 5% ╸─────────── 2/43 2.4it/s 0.7s<17.3s
[K      8/300       6.1G      1.526      2.144      1.117      1.378          0         16        640: 7% ╸─────────── 3/43 3.0it/s 0.9s<13.4s
[K      8/300       6.1G      1.489       2.07      1.103      1.379          0         16        640: 9% ━─────────── 4/43 3.2it/s 1.2s<12.3s
[K      8/300       6.1G      1.464      2.025      1.092      1.361          0         16        640: 12% ━─────────── 5/43 3.1it/s 1.5s<12.2s
[K      8/300       6.1G      1.464      2.023      1.092      1.357          0         16        640: 14% ━╸────────── 6/43 4.0it/s 1.7s<9.3s
[K      8/300       6.1G       1.47      2.081      1.093      1.351          0         16        640: 16% ━╸────────── 7/43 4.4it/s 1.8s<8.2s
[K      8/300       6.1G      1.461      2.068      1.083      1.351          0         16        640: 19% ━━────────── 8/43 3.9it/s 2.2s<9.1s
[K      8/300       6.1G      1.447      2.034       1.07      1.342          0         16        640: 21% ━━╸───────── 9/43 3.6it/s 2.6s<9.4s
[K      8/300       6.1G      1.456       2.04      1.079       1.35          0         16        640: 23% ━━╸───────── 10/43 4.2it/s 2.7s<7.8s
[K      8/300       6.1G      1.452      2.026      1.071      1.341          0         16        640: 26% ━━━───────── 11/43 4.5it/s 2.9s<7.2s
[K      8/300       6.1G      1.457      2.071      1.071      1.339          0         16        640: 28% ━━━───────── 12/43 4.0it/s 3.3s<7.7s
[K      8/300       6.1G      1.461      2.053      1.072      1.339          0         16        640: 30% ━━━╸──────── 13/43 4.7it/s 3.4s<6.4s
[K      8/300       6.1G      1.442      2.028      1.065      1.335          0         16        640: 33% ━━━╸──────── 14/43 4.7it/s 3.6s<6.1s
[K      8/300       6.1G      1.444      2.047      1.067      1.326          0         16        640: 35% ━━━━──────── 15/43 4.3it/s 3.9s<6.5s
[K      8/300       6.1G      1.446      2.034      1.066      1.327          0         16        640: 37% ━━━━──────── 16/43 3.7it/s 4.4s<7.3s
[K      8/300       6.1G      1.457      2.056       1.07      1.327          0         16        640: 40% ━━━━╸─────── 17/43 4.0it/s 4.6s<6.5s
[K      8/300       6.1G      1.458      2.058      1.073      1.335          0         16        640: 42% ━━━━━─────── 18/43 3.8it/s 4.9s<6.5s
[K      8/300       6.1G      1.456      2.059      1.071      1.332          0         16        640: 44% ━━━━━─────── 19/43 4.4it/s 5.1s<5.4s
[K      8/300       6.1G      1.461      2.071      1.075      1.334          0         16        640: 47% ━━━━━╸────── 20/43 4.3it/s 5.3s<5.3s
[K      8/300       6.1G      1.462      2.082      1.072      1.332          0         16        640: 49% ━━━━━╸────── 21/43 5.1it/s 5.4s<4.3s
[K      8/300       6.1G      1.455      2.068      1.068      1.326          0         16        640: 51% ━━━━━━────── 22/43 5.1it/s 5.6s<4.1s
[K      8/300       6.1G      1.456      2.061      1.066      1.323          0         16        640: 53% ━━━━━━────── 23/43 5.0it/s 5.8s<4.0s
[K      8/300       6.1G      1.454      2.056      1.071      1.333          0         16        640: 56% ━━━━━━╸───── 24/43 4.5it/s 6.2s<4.2s
[K      8/300       6.1G      1.454      2.053      1.069      1.332          0         16        640: 58% ━━━━━━╸───── 25/43 4.5it/s 6.4s<4.0s
[K      8/300       6.1G      1.451      2.056      1.066       1.33          0         16        640: 60% ━━━━━━━───── 26/43 4.9it/s 6.6s<3.5s
[K      8/300       6.1G      1.447      2.059      1.066      1.329          0         16        640: 63% ━━━━━━━╸──── 27/43 5.1it/s 6.7s<3.2s
[K      8/300       6.1G      1.439      2.044      1.062      1.328          0         16        640: 65% ━━━━━━━╸──── 28/43 4.6it/s 7.0s<3.3s
[K      8/300       6.1G      1.437      2.046      1.062      1.329          0         16        640: 67% ━━━━━━━━──── 29/43 5.2it/s 7.2s<2.7s
[K      8/300       6.1G      1.441      2.043      1.064      1.329          0         16        640: 70% ━━━━━━━━──── 30/43 4.7it/s 7.5s<2.8s
[K      8/300       6.1G      1.442      2.049      1.066      1.328          0         16        640: 72% ━━━━━━━━╸─── 31/43 5.3it/s 7.6s<2.3s
[K      8/300       6.1G      1.441      2.055      1.065      1.326          0         16        640: 74% ━━━━━━━━╸─── 32/43 4.7it/s 7.9s<2.4s
[K      8/300       6.1G      1.443      2.061      1.068      1.326          0         16        640: 77% ━━━━━━━━━─── 33/43 5.6it/s 8.0s<1.8s
[K      8/300       6.1G      1.439      2.057      1.064      1.324          0         16        640: 79% ━━━━━━━━━─── 34/43 5.3it/s 8.3s<1.7s
[K      8/300       6.1G      1.439      2.064      1.062      1.323          0         16        640: 81% ━━━━━━━━━╸── 35/43 5.5it/s 8.4s<1.5s
[K      8/300       6.1G      1.434      2.055       1.06      1.322          0         16        640: 84% ━━━━━━━━━━── 36/43 4.8it/s 8.7s<1.4s
[K      8/300       6.1G      1.432      2.052      1.061      1.321          0         16        640: 86% ━━━━━━━━━━── 37/43 4.8it/s 8.9s<1.2s
[K      8/300       6.1G      1.434      2.057      1.064      1.322          0         16        640: 88% ━━━━━━━━━━╸─ 38/43 4.9it/s 9.1s<1.0s
[K      8/300       6.1G      1.432       2.05      1.063      1.323          0         16        640: 91% ━━━━━━━━━━╸─ 39/43 5.0it/s 9.3s<0.8s
[K      8/300       6.1G      1.431      2.053      1.063      1.321          0         16        640: 93% ━━━━━━━━━━━─ 40/43 4.6it/s 9.6s<0.7s
[K      8/300       6.1G      1.429      2.057      1.062      1.317          0         16        640: 95% ━━━━━━━━━━━─ 41/43 5.2it/s 9.7s<0.4s
[K      8/300       6.1G      1.426      2.044      1.058      1.316          0          4        640: 98% ━━━━━━━━━━━╸ 42/43 5.1it/s 10.0s<0.2s
[K      8/300       6.1G      1.426      2.044      1.058      1.316          0          4        640: 100% ━━━━━━━━━━━━ 43/43 4.3it/s 10.0s

[K                 Class     Images  Instances      Box(P          R      mAP50  mAP50-95)     Mask(P          R      mAP50  mAP50-95): 14% ━╸────────── 1/7 1.5it/s 0.2s<4.1s
[K                 Class     Images  Instances      Box(P          R      mAP50  mAP50-95)     Mask(P          R      mAP50  mAP50-95): 29% ━━━───────── 2/7 2.5it/s 0.4s<2.0s
[K                 Class     Images  Instances      Box(P          R      mAP50  mAP50-95)     Mask(P          R      mAP50  mAP50-95): 43% ━━━━━─────── 3/7 3.6it/s 0.6s<1.1s
[K                 Class     Images  Instances      Box(P          R      mAP50  mAP50-95)     Mask(P          R      mAP50  mAP50-95): 57% ━━━━━━╸───── 4/7 4.4it/s 0.7s<0.7s
[K                 Class     Images  Instances      Box(P          R      mAP50  mAP50-95)     Mask(P          R      mAP50  mAP50-95): 71% ━━━━━━━━╸─── 5/7 4.7it/s 0.9s<0.4s
[K                 Class     Images  Instances      Box(P          R      mAP50  mAP50-95)     Mask(P          R      mAP50  mAP50-95): 86% ━━━━━━━━━━── 6/7 4.6it/s 1.1s<0.2s
[K                 Class     Images  Instances      Box(P          R      mAP50  mAP50-95)     Mask(P          R      mAP50  mAP50-95): 100% ━━━━━━━━━━━━ 7/7 5.9it/s 1.2s
                   all        193       1049      0.894      0.589        0.7      0.492      0.891      0.587      0.693      0.475

      Epoch    GPU_mem   box_loss   seg_loss   cls_loss   dfl_loss   sem_loss  Instances       Size

[K      9/300       6.1G      1.346       2.19      1.048      1.329          0         16        640: 0% ──────────── 0/43  0.1s
[K      9/300       6.1G      1.323      2.138       1.02       1.27          0         16        640: 2% ──────────── 1/43 1.1it/s 0.4s<38.6s
[K      9/300       6.1G      1.315      2.101       1.02      1.283          0         16        640: 5% ╸─────────── 2/43 2.0it/s 0.7s<20.4s
[K      9/300       6.1G       1.28      2.058     0.9948      1.261          0         16        640: 7% ╸─────────── 3/43 2.9it/s 0.9s<13.6s
[K      9/300       6.1G       1.31      2.108      1.015      1.289          0         16        640: 9% ━─────────── 4/43 3.3it/s 1.1s<11.9s
[K      9/300       6.1G      1.326      2.122      1.029      1.284          0         16        640: 12% ━─────────── 5/43 3.0it/s 1.5s<12.6s
[K      9/300       6.1G      1.326      2.125       1.02      1.271          0         16        640: 14% ━╸────────── 6/43 3.6it/s 1.7s<10.2s
[K      9/300       6.1G      1.329      2.095      1.018      1.265          0         16        640: 16% ━╸────────── 7/43 4.8it/s 1.8s<7.5s
[K      9/300       6.1G       1.33      2.092      1.015      1.276          0         16        640: 19% ━━────────── 8/43 4.7it/s 2.1s<7.4s
[K      9/300       6.1G      1.332      2.092      1.022      1.284          0         16        640: 21% ━━╸───────── 9/43 4.6it/s 2.3s<7.3s
[K      9/300       6.1G      1.323      2.071      1.014      1.271          0         16        640: 23% ━━╸───────── 10/43 4.6it/s 2.5s<7.2s
[K      9/300       6.1G      1.326      2.055      1.016      1.277          0         16        640: 26% ━━━───────── 11/43 4.1it/s 2.8s<7.7s
[K      9/300       6.1G      1.329      2.059      1.019      1.273          0         16        640: 28% ━━━───────── 12/43 4.8it/s 3.0s<6.5s
[K      9/300       6.1G      1.327       2.06      1.017      1.269          0         16        640: 30% ━━━╸──────── 13/43 4.2it/s 3.3s<7.1s
[K      9/300       6.1G      1.334      2.029      1.016      1.263          0         16        640: 33% ━━━╸──────── 14/43 4.8it/s 3.5s<6.1s
[K      9/300       6.1G      1.344      2.022      1.018       1.27          0         16        640: 35% ━━━━──────── 15/43 5.4it/s 3.6s<5.2s
[K      9/300       6.1G      1.345      2.014      1.017      1.269          0         16        640: 37% ━━━━──────── 16/43 5.3it/s 3.8s<5.1s
[K      9/300       6.1G      1.362      2.033      1.023      1.269          0         16        640: 40% ━━━━╸─────── 17/43 4.7it/s 4.1s<5.5s
[K      9/300       6.1G      1.365      2.033      1.022       1.27          0         16        640: 42% ━━━━━─────── 18/43 5.1it/s 4.3s<4.9s
[K      9/300       6.1G      1.369      2.027      1.021      1.266          0         16        640: 44% ━━━━━─────── 19/43 5.5it/s 4.5s<4.4s
[K      9/300       6.1G      1.369      2.021      1.023      1.268          0         16        640: 47% ━━━━━╸────── 20/43 5.8it/s 4.6s<4.0s
[K      9/300       6.1G      1.379      2.015      1.029      1.274          0         16        640: 49% ━━━━━╸────── 21/43 5.1it/s 4.9s<4.3s
[K      9/300       6.1G      1.371          2      1.023       1.27          0         16        640: 51% ━━━━━━────── 22/43 5.1it/s 5.1s<4.1s
[K      9/300       6.1G      1.371      1.997      1.022      1.271          0         16        640: 53% ━━━━━━────── 23/43 4.9it/s 5.3s<4.1s
[K      9/300       6.1G      1.365      1.984       1.02      1.268          0         16        640: 56% ━━━━━━╸───── 24/43 5.0it/s 5.5s<3.8s
[K      9/300       6.1G      1.357      1.961      1.022      1.266          0         16        640: 58% ━━━━━━╸───── 25/43 4.2it/s 6.0s<4.3s
[K      9/300       6.1G      1.354      1.951      1.017      1.266          0         16        640: 60% ━━━━━━━───── 26/43 4.7it/s 6.1s<3.6s
[K      9/300       6.1G      1.358      1.956      1.026      1.271          0         16        640: 63% ━━━━━━━╸──── 27/43 4.8it/s 6.3s<3.3s
[K      9/300       6.1G       1.36      1.958      1.025      1.271          0         16        640: 65% ━━━━━━━╸──── 28/43 5.0it/s 6.5s<3.0s
[K      9/300       6.1G      1.361      1.955      1.024      1.272          0         16        640: 67% ━━━━━━━━──── 29/43 4.1it/s 7.0s<3.4s
[K      9/300       6.1G       1.36      1.947      1.024       1.27          0         16        640: 70% ━━━━━━━━──── 30/43 3.9it/s 7.3s<3.3s
[K      9/300       6.1G      1.363      1.954      1.025      1.273          0         16        640: 72% ━━━━━━━━╸─── 31/43 4.3it/s 7.5s<2.8s
[K      9/300       6.1G       1.36      1.951      1.022      1.272          0         16        640: 74% ━━━━━━━━╸─── 32/43 4.4it/s 7.7s<2.5s
[K      9/300       6.1G      1.364      1.958      1.024      1.272          0         16        640: 77% ━━━━━━━━━─── 33/43 4.0it/s 8.0s<2.5s
[K      9/300       6.1G      1.364      1.962      1.024      1.271          0         16        640: 79% ━━━━━━━━━─── 34/43 4.3it/s 8.2s<2.1s
[K      9/300       6.1G      1.362      1.958      1.023      1.268          0         16        640: 81% ━━━━━━━━━╸── 35/43 4.5it/s 8.4s<1.8s
[K      9/300       6.1G      1.362      1.962      1.023      1.268          0         16        640: 84% ━━━━━━━━━━── 36/43 4.9it/s 8.6s<1.4s
[K      9/300       6.1G      1.366      1.959      1.024      1.267          0         16        640: 86% ━━━━━━━━━━── 37/43 4.5it/s 8.9s<1.3s
[K      9/300       6.1G       1.37      1.958      1.024      1.266          0         16        640: 88% ━━━━━━━━━━╸─ 38/43 4.5it/s 9.1s<1.1s
[K      9/300       6.1G       1.37      1.948      1.024      1.267          0         16        640: 91% ━━━━━━━━━━╸─ 39/43 4.5it/s 9.3s<0.9s
[K      9/300       6.1G      1.374      1.949      1.025      1.267          0         16        640: 93% ━━━━━━━━━━━─ 40/43 4.1it/s 9.6s<0.7s
[K      9/300       6.1G      1.376      1.949      1.027      1.268          0         16        640: 95% ━━━━━━━━━━━─ 41/43 3.8it/s 9.9s<0.5s
[K      9/300       6.1G      1.369      1.933      1.022      1.263          0          4        640: 98% ━━━━━━━━━━━╸ 42/43 4.5it/s 10.1s<0.2s
[K      9/300       6.1G      1.369      1.933      1.022      1.263          0          4        640: 100% ━━━━━━━━━━━━ 43/43 4.3it/s 10.1s

[K                 Class     Images  Instances      Box(P          R      mAP50  mAP50-95)     Mask(P          R      mAP50  mAP50-95): 14% ━╸────────── 1/7 1.1it/s 0.3s<5.6s
[K                 Class     Images  Instances      Box(P          R      mAP50  mAP50-95)     Mask(P          R      mAP50  mAP50-95): 29% ━━━───────── 2/7 2.5it/s 0.5s<2.0s
[K                 Class     Images  Instances      Box(P          R      mAP50  mAP50-95)     Mask(P          R      mAP50  mAP50-95): 43% ━━━━━─────── 3/7 3.4it/s 0.6s<1.2s
[K                 Class     Images  Instances      Box(P          R      mAP50  mAP50-95)     Mask(P          R      mAP50  mAP50-95): 57% ━━━━━━╸───── 4/7 4.3it/s 0.8s<0.7s
[K                 Class     Images  Instances      Box(P          R      mAP50  mAP50-95)     Mask(P          R      mAP50  mAP50-95): 71% ━━━━━━━━╸─── 5/7 4.8it/s 1.0s<0.4s
[K                 Class     Images  Instances      Box(P          R      mAP50  mAP50-95)     Mask(P          R      mAP50  mAP50-95): 86% ━━━━━━━━━━── 6/7 4.9it/s 1.2s<0.2s
[K                 Class     Images  Instances      Box(P          R      mAP50  mAP50-95)     Mask(P          R      mAP50  mAP50-95): 100% ━━━━━━━━━━━━ 7/7 5.8it/s 1.2s
                   all        193       1049      0.869      0.601      0.707      0.487      0.858      0.606      0.702      0.492

      Epoch    GPU_mem   box_loss   seg_loss   cls_loss   dfl_loss   sem_loss  Instances       Size

[K     10/300       6.1G      1.208      1.531      1.029      1.227          0         16        640: 0% ──────────── 0/43  0.1s
[K     10/300       6.1G      1.267      1.731       1.03      1.253          0         16        640: 2% ──────────── 1/43 1.3it/s 0.4s<33.5s
[K     10/300       6.1G      1.295      1.844       1.02       1.26          0         16        640: 5% ╸─────────── 2/43 1.7it/s 0.8s<24.3s
[K     10/300       6.1G       1.29      1.885       1.01      1.247          0         16        640: 7% ╸─────────── 3/43 3.3it/s 0.9s<12.3s
[K     10/300       6.1G      1.319      1.931       1.02      1.258          0         16        640: 9% ━─────────── 4/43 3.9it/s 1.1s<10.0s
[K     10/300       6.1G       1.32      1.927      1.027      1.263          0         16        640: 12% ━─────────── 5/43 4.7it/s 1.2s<8.1s
[K     10/300       6.1G      1.319      1.939      1.022      1.258          0         16        640: 14% ━╸────────── 6/43 4.1it/s 1.6s<9.0s
[K     10/300       6.1G      1.321      1.944       1.02      1.253          0         16        640: 16% ━╸────────── 7/43 4.3it/s 1.8s<8.4s
[K     10/300       6.1G      1.319      1.978      1.022      1.244          0         16        640: 19% ━━────────── 8/43 4.2it/s 2.1s<8.4s
[K     10/300       6.1G      1.308       1.94      1.013      1.242          0         16        640: 21% ━━╸───────── 9/43 4.2it/s 2.3s<8.0s
[K     10/300       6.1G      1.317      1.949      1.016      1.233          0         16        640: 23% ━━╸───────── 10/43 3.7it/s 2.7s<8.8s
[K     10/300       6.1G      1.306      1.924      1.007      1.233          0         16        640: 26% ━━━───────── 11/43 4.5it/s 2.8s<7.1s
[K     10/300       6.1G      1.309      1.939      1.009      1.234          0         16        640: 28% ━━━───────── 12/43 4.5it/s 3.1s<6.9s
[K     10/300       6.1G      1.311      1.937      1.006      1.236          0         16        640: 30% ━━━╸──────── 13/43 4.8it/s 3.3s<6.3s
[K     10/300       6.1G      1.328      1.959      1.016      1.238          0         16        640: 33% ━━━╸──────── 14/43 4.3it/s 3.6s<6.7s
[K     10/300       6.1G      1.325      1.938      1.013      1.239          0         16        640: 35% ━━━━──────── 15/43 4.9it/s 3.7s<5.7s
[K     10/300       6.1G      1.326      1.927      1.011      1.242          0         16        640: 37% ━━━━──────── 16/43 5.7it/s 3.9s<4.7s
[K     10/300       6.1G      1.323       1.92      1.006      1.238          0         16        640: 40% ━━━━╸─────── 17/43 5.6it/s 4.0s<4.6s
[K     10/300       6.1G      1.318       1.92      1.003      1.239          0         16        640: 42% ━━━━━─────── 18/43 4.7it/s 4.4s<5.3s
[K     10/300       6.1G      1.312      1.924      1.002       1.24          0         16        640: 44% ━━━━━─────── 19/43 4.8it/s 4.6s<5.0s
[K     10/300       6.1G      1.314       1.94      1.004       1.24          0         16        640: 47% ━━━━━╸────── 20/43 5.4it/s 4.8s<4.3s
[K     10/300       6.1G      1.309      1.935      1.004      1.238          0         16        640: 49% ━━━━━╸────── 21/43 5.2it/s 5.0s<4.3s
[K     10/300       6.1G      1.303      1.916     0.9989      1.234          0         16        640: 51% ━━━━━━────── 22/43 4.4it/s 5.4s<4.8s
[K     10/300       6.1G      1.301      1.918     0.9973      1.232          0         16        640: 53% ━━━━━━────── 23/43 4.2it/s 5.6s<4.8s
[K     10/300       6.1G      1.303      1.925     0.9986      1.234          0         16        640: 56% ━━━━━━╸───── 24/43 4.7it/s 5.8s<4.0s
[K     10/300       6.1G      1.297      1.915     0.9946       1.23          0         16        640: 58% ━━━━━━╸───── 25/43 5.1it/s 6.0s<3.5s
[K     10/300       6.1G       1.29       1.91     0.9896      1.226          0         16        640: 60% ━━━━━━━───── 26/43 4.6it/s 6.3s<3.7s
[K     10/300       6.1G      1.289      1.908     0.9867      1.221          0         16        640: 63% ━━━━━━━╸──── 27/43 5.1it/s 6.4s<3.1s
[K     10/300       6.1G      1.291      1.905      0.988      1.223          0         16        640: 65% ━━━━━━━╸──── 28/43 5.4it/s 6.6s<2.8s
[K     10/300       6.1G      1.291      1.902     0.9913      1.223          0         16        640: 67% ━━━━━━━━──── 29/43 5.0it/s 6.8s<2.8s
[K     10/300       6.1G      1.294      1.904     0.9925      1.224          0         16        640: 70% ━━━━━━━━──── 30/43 4.4it/s 7.2s<2.9s
[K     10/300       6.1G      1.293        1.9       0.99      1.222          0         16        640: 72% ━━━━━━━━╸─── 31/43 5.0it/s 7.3s<2.4s
[K     10/300       6.1G      1.296       1.91     0.9907      1.222          0         16        640: 74% ━━━━━━━━╸─── 32/43 5.0it/s 7.5s<2.2s
[K     10/300       6.1G      1.296      1.908       0.99      1.223          0         16        640: 77% ━━━━━━━━━─── 33/43 4.5it/s 7.8s<2.2s
[K     10/300       6.1G      1.293      1.905     0.9905      1.224          0         16        640: 79% ━━━━━━━━━─── 34/43 4.1it/s 8.1s<2.2s
[K     10/300       6.1G      1.292      1.904     0.9908      1.221          0         16        640: 81% ━━━━━━━━━╸── 35/43 5.2it/s 8.3s<1.5s
[K     10/300       6.1G      1.295      1.909     0.9904      1.221          0         16        640: 84% ━━━━━━━━━━── 36/43 5.7it/s 8.4s<1.2s
[K     10/300       6.1G      1.292      1.902     0.9883       1.22          0         16        640: 86% ━━━━━━━━━━── 37/43 5.1it/s 8.7s<1.2s
[K     10/300       6.1G      1.291      1.902     0.9874      1.218          0         16        640: 88% ━━━━━━━━━━╸─ 38/43 4.3it/s 9.1s<1.2s
[K     10/300       6.1G      1.291      1.903      0.987      1.217          0         16        640: 91% ━━━━━━━━━━╸─ 39/43 4.7it/s 9.2s<0.8s
[K     10/300       6.1G      1.291      1.902     0.9867      1.215          0         16        640: 93% ━━━━━━━━━━━─ 40/43 5.0it/s 9.4s<0.6s
[K     10/300       6.1G      1.288      1.899     0.9844      1.214          0         16        640: 95% ━━━━━━━━━━━─ 41/43 4.5it/s 9.7s<0.4s
[K     10/300       6.1G      1.288       1.89     0.9826      1.214          0          4        640: 98% ━━━━━━━━━━━╸ 42/43 4.3it/s 10.0s<0.2s
[K     10/300       6.1G      1.288       1.89     0.9826      1.214          0          4        640: 100% ━━━━━━━━━━━━ 43/43 4.3it/s 10.0s

[K                 Class     Images  Instances      Box(P          R      mAP50  mAP50-95)     Mask(P          R      mAP50  mAP50-95): 14% ━╸────────── 1/7 1.2it/s 0.2s<5.0s
[K                 Class     Images  Instances      Box(P          R      mAP50  mAP50-95)     Mask(P          R      mAP50  mAP50-95): 29% ━━━───────── 2/7 2.4it/s 0.4s<2.1s
[K                 Class     Images  Instances      Box(P          R      mAP50  mAP50-95)     Mask(P          R      mAP50  mAP50-95): 43% ━━━━━─────── 3/7 3.4it/s 0.6s<1.2s
[K                 Class     Images  Instances      Box(P          R      mAP50  mAP50-95)     Mask(P          R      mAP50  mAP50-95): 57% ━━━━━━╸───── 4/7 4.2it/s 0.8s<0.7s
[K                 Class     Images  Instances      Box(P          R      mAP50  mAP50-95)     Mask(P          R      mAP50  mAP50-95): 71% ━━━━━━━━╸─── 5/7 4.7it/s 1.0s<0.4s
[K                 Class     Images  Instances      Box(P          R      mAP50  mAP50-95)     Mask(P          R      mAP50  mAP50-95): 86% ━━━━━━━━━━── 6/7 4.9it/s 1.1s<0.2s
[K                 Class     Images  Instances      Box(P          R      mAP50  mAP50-95)     Mask(P          R      mAP50  mAP50-95): 100% ━━━━━━━━━━━━ 7/7 5.9it/s 1.2s
                   all        193       1049      0.877      0.588      0.697       0.49      0.826      0.614      0.694      0.482

      Epoch    GPU_mem   box_loss   seg_loss   cls_loss   dfl_loss   sem_loss  Instances       Size

[K     11/300       6.1G      1.337      1.928          1      1.258          0         16        640: 0% ──────────── 0/43  0.1s
[K     11/300       6.1G      1.291      1.925     0.9883      1.259          0         16        640: 2% ──────────── 1/43 1.5it/s 0.3s<28.5s
[K     11/300       6.1G      1.268      1.977     0.9581      1.229          0         16        640: 5% ╸─────────── 2/43 2.7it/s 0.5s<15.5s
[K     11/300       6.1G      1.277      2.044     0.9514      1.231          0         16        640: 7% ╸─────────── 3/43 3.0it/s 0.8s<13.5s
[K     11/300       6.1G      1.269      2.035     0.9428       1.22          0         16        640: 9% ━─────────── 4/43 3.6it/s 1.0s<10.8s
[K     11/300       6.1G      1.257      1.947     0.9462      1.221          0         16        640: 12% ━─────────── 5/43 3.5it/s 1.3s<10.8s
[K     11/300       6.1G      1.268      1.938     0.9617      1.224          0         16        640: 14% ━╸────────── 6/43 4.1it/s 1.5s<9.1s
[K     11/300       6.1G      1.282      1.932     0.9773      1.237          0         16        640: 16% ━╸────────── 7/43 3.7it/s 1.8s<9.8s
[K     11/300       6.1G      1.282      1.892     0.9763      1.229          0         16        640: 19% ━━────────── 8/43 3.6it/s 2.1s<9.6s
[K     11/300       6.1G      1.283      1.909       0.98      1.222          0         16        640: 21% ━━╸───────── 9/43 3.9it/s 2.3s<8.7s
[K     11/300       6.1G      1.285      1.924     0.9793      1.218          0         16        640: 23% ━━╸───────── 10/43 4.4it/s 2.5s<7.5s
[K     11/300       6.1G       1.27      1.912     0.9749      1.215          0         16        640: 26% ━━━───────── 11/43 4.3it/s 2.8s<7.4s
[K     11/300       6.1G       1.27      1.907     0.9768      1.213          0         16        640: 28% ━━━───────── 12/43 5.2it/s 2.9s<5.9s
[K     11/300       6.1G      1.265      1.878     0.9784      1.216          0         16        640: 30% ━━━╸──────── 13/43 4.9it/s 3.1s<6.1s
[K     11/300       6.1G      1.269      1.893     0.9834      1.213          0         16        640: 33% ━━━╸──────── 14/43 5.4it/s 3.3s<5.4s
[K     11/300       6.1G      1.267      1.884     0.9797      1.214          0         16        640: 35% ━━━━──────── 15/43 4.7it/s 3.6s<6.0s
[K     11/300       6.1G      1.263      1.887     0.9768      1.207          0         16        640: 37% ━━━━──────── 16/43 5.1it/s 3.8s<5.3s
[K     11/300       6.1G      1.259      1.893      0.974      1.206          0         16        640: 40% ━━━━╸─────── 17/43 4.6it/s 4.1s<5.6s
[K     11/300       6.1G      1.257      1.887     0.9735      1.206          0         16        640: 42% ━━━━━─────── 18/43 4.4it/s 4.3s<5.7s
[K     11/300       6.1G      1.258      1.897      0.977      1.206          0         16        640: 44% ━━━━━─────── 19/43 4.0it/s 4.7s<6.0s
[K     11/300       6.1G      1.263      1.913     0.9796      1.206          0         16        640: 47% ━━━━━╸────── 20/43 4.2it/s 4.9s<5.5s
[K     11/300       6.1G      1.262      1.914     0.9797      1.207          0         16        640: 49% ━━━━━╸────── 21/43 4.0it/s 5.1s<5.4s
[K     11/300       6.1G      1.264      1.933     0.9851      1.212          0         16        640: 51% ━━━━━━────── 22/43 4.3it/s 5.3s<4.9s
[K     11/300       6.1G      1.266      1.932     0.9883      1.214          0         16        640: 53% ━━━━━━────── 23/43 3.9it/s 5.7s<5.1s
[K     11/300       6.1G      1.267      1.942     0.9897      1.212          0         16        640: 56% ━━━━━━╸───── 24/43 4.4it/s 5.8s<4.3s
[K     11/300       6.1G       1.27      1.951     0.9914      1.211          0         16        640: 58% ━━━━━━╸───── 25/43 5.2it/s 6.0s<3.4s
[K     11/300       6.1G      1.268      1.943     0.9914      1.213          0         16        640: 60% ━━━━━━━───── 26/43 4.7it/s 6.3s<3.6s
[K     11/300       6.1G      1.259      1.927     0.9908      1.209          0         16        640: 63% ━━━━━━━╸──── 27/43 4.2it/s 6.6s<3.9s
[K     11/300       6.1G      1.255      1.914     0.9887       1.21          0         16        640: 65% ━━━━━━━╸──── 28/43 4.4it/s 6.8s<3.4s
[K     11/300       6.1G      1.255      1.906     0.9874      1.211          0         16        640: 67% ━━━━━━━━──── 29/43 4.4it/s 7.1s<3.2s
[K     11/300       6.1G      1.256      1.909     0.9858      1.209          0         16        640: 70% ━━━━━━━━──── 30/43 4.3it/s 7.3s<3.0s
[K     11/300       6.1G      1.253      1.905     0.9834      1.207          0         16        640: 72% ━━━━━━━━╸─── 31/43 3.9it/s 7.6s<3.1s
[K     11/300       6.1G      1.255      1.904     0.9841      1.204          0         16        640: 74% ━━━━━━━━╸─── 32/43 4.1it/s 7.9s<2.7s
[K     11/300       6.1G      1.254      1.904     0.9849      1.206          0         16        640: 77% ━━━━━━━━━─── 33/43 4.1it/s 8.1s<2.4s
[K     11/300       6.1G      1.252        1.9     0.9843      1.204          0         16        640: 79% ━━━━━━━━━─── 34/43 5.1it/s 8.2s<1.8s
[K     11/300       6.1G      1.251      1.898     0.9835      1.205          0         16        640: 81% ━━━━━━━━━╸── 35/43 4.8it/s 8.5s<1.7s
[K     11/300       6.1G      1.252      1.904     0.9836      1.203          0         16        640: 84% ━━━━━━━━━━── 36/43 5.2it/s 8.6s<1.4s
[K     11/300       6.1G      1.252      1.904     0.9833      1.202          0         16        640: 86% ━━━━━━━━━━── 37/43 5.3it/s 8.8s<1.1s
[K     11/300       6.1G       1.25      1.909     0.9808      1.201          0         16        640: 88% ━━━━━━━━━━╸─ 38/43 5.3it/s 9.0s<0.9s
[K     11/300       6.1G      1.248      1.901     0.9796      1.199          0         16        640: 91% ━━━━━━━━━━╸─ 39/43 4.6it/s 9.4s<0.9s
[K     11/300       6.1G      1.249      1.903     0.9786      1.197          0         16        640: 93% ━━━━━━━━━━━─ 40/43 4.6it/s 9.6s<0.7s
[K     11/300       6.1G      1.248      1.902      0.976      1.195          0         16        640: 95% ━━━━━━━━━━━─ 41/43 4.4it/s 9.8s<0.5s
[K     11/300       6.1G      1.252      1.904     0.9786      1.194          0          4        640: 98% ━━━━━━━━━━━╸ 42/43 4.9it/s 10.0s<0.2s
[K     11/300       6.1G      1.252      1.904     0.9786      1.194          0          4        640: 100% ━━━━━━━━━━━━ 43/43 4.3it/s 10.0s

[K                 Class     Images  Instances      Box(P          R      mAP50  mAP50-95)     Mask(P          R      mAP50  mAP50-95): 14% ━╸────────── 1/7 1.1it/s 0.3s<5.6s
[K                 Class     Images  Instances      Box(P          R      mAP50  mAP50-95)     Mask(P          R      mAP50  mAP50-95): 29% ━━━───────── 2/7 2.2it/s 0.5s<2.3s
[K                 Class     Images  Instances      Box(P          R      mAP50  mAP50-95)     Mask(P          R      mAP50  mAP50-95): 43% ━━━━━─────── 3/7 3.4it/s 0.6s<1.2s
[K                 Class     Images  Instances      Box(P          R      mAP50  mAP50-95)     Mask(P          R      mAP50  mAP50-95): 57% ━━━━━━╸───── 4/7 3.9it/s 0.8s<0.8s
[K                 Class     Images  Instances      Box(P          R      mAP50  mAP50-95)     Mask(P          R      mAP50  mAP50-95): 71% ━━━━━━━━╸─── 5/7 4.6it/s 1.0s<0.4s
[K                 Class     Images  Instances      Box(P          R      mAP50  mAP50-95)     Mask(P          R      mAP50  mAP50-95): 86% ━━━━━━━━━━── 6/7 4.8it/s 1.2s<0.2s
[K                 Class     Images  Instances      Box(P          R      mAP50  mAP50-95)     Mask(P          R      mAP50  mAP50-95): 100% ━━━━━━━━━━━━ 7/7 5.7it/s 1.2s
                   all        193       1049      0.839       0.62       0.71      0.501      0.856      0.606      0.706      0.492

      Epoch    GPU_mem   box_loss   seg_loss   cls_loss   dfl_loss   sem_loss  Instances       Size

[K     12/300       6.1G        1.2      1.902     0.9311      1.166          0         16        640: 0% ──────────── 0/43  0.3s
[K     12/300       6.1G      1.233       1.94     0.9586      1.172          0         16        640: 2% ──────────── 1/43 2.3it/s 0.4s<17.9s
[K     12/300       6.1G      1.195      1.899     0.9151      1.153          0         16        640: 5% ╸─────────── 2/43 3.2it/s 0.6s<12.9s
[K     12/300       6.1G       1.18      1.839     0.8976       1.14          0         16        640: 7% ╸─────────── 3/43 4.0it/s 0.8s<10.0s
[K     12/300       6.1G      1.193      1.845     0.8975      1.152          0         16        640: 9% ━─────────── 4/43 3.4it/s 1.3s<11.5s
[K     12/300       6.1G      1.169       1.82      0.883      1.143          0         16        640: 12% ━─────────── 5/43 3.6it/s 1.5s<10.5s
[K     12/300       6.1G      1.206      1.871     0.9158      1.151          0         16        640: 14% ━╸────────── 6/43 3.5it/s 1.8s<10.6s
[K     12/300       6.1G      1.218      1.891     0.9232      1.153          0         16        640: 16% ━╸────────── 7/43 3.9it/s 2.0s<9.3s
[K     12/300       6.1G      1.227      1.896     0.9292      1.163          0         16        640: 19% ━━────────── 8/43 3.4it/s 2.5s<10.3s
[K     12/300       6.1G       1.23      1.876     0.9248      1.162          0         16        640: 21% ━━╸───────── 9/43 4.0it/s 2.7s<8.5s
[K     12/300       6.1G      1.246      1.874     0.9259      1.158          0         16        640: 23% ━━╸───────── 10/43 3.9it/s 2.9s<8.5s
[K     12/300       6.1G      1.239      1.892     0.9305      1.155          0         16        640: 26% ━━━───────── 11/43 3.9it/s 3.2s<8.3s
[K     12/300       6.1G      1.244      1.903     0.9392      1.159          0         16        640: 28% ━━━───────── 12/43 4.0it/s 3.4s<7.8s
[K     12/300       6.1G      1.245      1.901     0.9396      1.156          0         16        640: 30% ━━━╸──────── 13/43 4.2it/s 3.6s<7.1s
[K     12/300       6.1G      1.247       1.91     0.9481      1.158          0         16        640: 33% ━━━╸──────── 14/43 4.5it/s 3.8s<6.4s
[K     12/300       6.1G      1.261      1.901     0.9549      1.163          0         16        640: 35% ━━━━──────── 15/43 4.3it/s 4.1s<6.5s
[K     12/300       6.1G      1.265      1.905     0.9558       1.16          0         16        640: 37% ━━━━──────── 16/43 4.1it/s 4.4s<6.6s
[K     12/300       6.1G      1.267      1.923     0.9561      1.159          0         16        640: 40% ━━━━╸─────── 17/43 5.0it/s 4.5s<5.2s
[K     12/300       6.1G      1.266      1.927     0.9529      1.157          0         16        640: 42% ━━━━━─────── 18/43 4.6it/s 4.8s<5.4s
[K     12/300       6.1G      1.268      1.921      0.956      1.161          0         16        640: 44% ━━━━━─────── 19/43 4.5it/s 5.0s<5.3s
[K     12/300       6.1G      1.262       1.92     0.9515      1.157          0         16        640: 47% ━━━━━╸────── 20/43 4.3it/s 5.3s<5.4s
[K     12/300       6.1G      1.263      1.918     0.9533      1.161          0         16        640: 49% ━━━━━╸────── 21/43 4.8it/s 5.4s<4.6s
[K     12/300       6.1G      1.263      1.908     0.9526      1.161          0         16        640: 51% ━━━━━━────── 22/43 5.4it/s 5.6s<3.9s
[K     12/300       6.1G      1.258      1.897     0.9487      1.161          0         16        640: 53% ━━━━━━────── 23/43 5.1it/s 5.8s<4.0s
[K     12/300       6.1G      1.257      1.894     0.9504      1.164          0         16        640: 56% ━━━━━━╸───── 24/43 4.5it/s 6.1s<4.2s
[K     12/300       6.1G      1.257      1.889     0.9488       1.16          0         16        640: 58% ━━━━━━╸───── 25/43 5.2it/s 6.3s<3.5s
[K     12/300       6.1G      1.253      1.882     0.9479      1.158          0         16        640: 60% ━━━━━━━───── 26/43 4.4it/s 6.6s<3.8s
[K     12/300       6.1G      1.251       1.89     0.9475      1.157          0         16        640: 63% ━━━━━━━╸──── 27/43 4.2it/s 6.9s<3.8s
[K     12/300       6.1G      1.248      1.879     0.9463      1.158          0         16        640: 65% ━━━━━━━╸──── 28/43 4.1it/s 7.2s<3.6s
[K     12/300       6.1G      1.245      1.867     0.9437      1.159          0         16        640: 67% ━━━━━━━━──── 29/43 4.3it/s 7.4s<3.2s
[K     12/300       6.1G      1.245      1.866     0.9456      1.159          0         16        640: 70% ━━━━━━━━──── 30/43 4.9it/s 7.5s<2.6s
[K     12/300       6.1G      1.245      1.878      0.946       1.16          0         16        640: 72% ━━━━━━━━╸─── 31/43 4.8it/s 7.8s<2.5s
[K     12/300       6.1G       1.24      1.872     0.9479      1.163          0         16        640: 74% ━━━━━━━━╸─── 32/43 4.2it/s 8.1s<2.6s
[K     12/300       6.1G       1.24      1.871     0.9479      1.162          0         16        640: 77% ━━━━━━━━━─── 33/43 4.8it/s 8.3s<2.1s
[K     12/300       6.1G      1.239      1.861     0.9446      1.163          0         16        640: 79% ━━━━━━━━━─── 34/43 4.5it/s 8.5s<2.0s
[K     12/300       6.1G      1.237      1.853     0.9438      1.163          0         16        640: 81% ━━━━━━━━━╸── 35/43 4.6it/s 8.7s<1.7s
[K     12/300       6.1G      1.237      1.849     0.9428      1.161          0         16        640: 84% ━━━━━━━━━━── 36/43 4.5it/s 9.0s<1.6s
[K     12/300       6.1G      1.235      1.854     0.9428      1.161          0         16        640: 86% ━━━━━━━━━━── 37/43 5.0it/s 9.1s<1.2s
[K     12/300       6.1G      1.237      1.862     0.9428      1.162          0         16        640: 88% ━━━━━━━━━━╸─ 38/43 5.9it/s 9.2s<0.8s
[K     12/300       6.1G      1.241      1.869     0.9452      1.163          0         16        640: 91% ━━━━━━━━━━╸─ 39/43 6.2it/s 9.4s<0.6s
[K     12/300       6.1G       1.24      1.869     0.9445      1.162          0         16        640: 93% ━━━━━━━━━━━─ 40/43 5.1it/s 9.8s<0.6s
[K     12/300       6.1G      1.239      1.867     0.9437       1.16          0         16        640: 95% ━━━━━━━━━━━─ 41/43 5.0it/s 10.0s<0.4s
[K     12/300       6.1G      1.236      1.871     0.9525      1.158          0          4        640: 98% ━━━━━━━━━━━╸ 42/43 5.6it/s 10.1s<0.2s
[K     12/300       6.1G      1.236      1.871     0.9525      1.158          0          4        640: 100% ━━━━━━━━━━━━ 43/43 4.2it/s 10.1s

[K                 Class     Images  Instances      Box(P          R      mAP50  mAP50-95)     Mask(P          R      mAP50  mAP50-95): 14% ━╸────────── 1/7 1.5it/s 0.2s<4.0s
[K                 Class     Images  Instances      Box(P          R      mAP50  mAP50-95)     Mask(P          R      mAP50  mAP50-95): 29% ━━━───────── 2/7 2.4it/s 0.4s<2.1s
[K                 Class     Images  Instances      Box(P          R      mAP50  mAP50-95)     Mask(P          R      mAP50  mAP50-95): 43% ━━━━━─────── 3/7 3.4it/s 0.6s<1.2s
[K                 Class     Images  Instances      Box(P          R      mAP50  mAP50-95)     Mask(P          R      mAP50  mAP50-95): 57% ━━━━━━╸───── 4/7 4.2it/s 0.8s<0.7s
[K                 Class     Images  Instances      Box(P          R      mAP50  mAP50-95)     Mask(P          R      mAP50  mAP50-95): 71% ━━━━━━━━╸─── 5/7 4.6it/s 0.9s<0.4s
[K                 Class     Images  Instances      Box(P          R      mAP50  mAP50-95)     Mask(P          R      mAP50  mAP50-95): 86% ━━━━━━━━━━── 6/7 4.6it/s 1.2s<0.2s
[K                 Class     Images  Instances      Box(P          R      mAP50  mAP50-95)     Mask(P          R      mAP50  mAP50-95): 100% ━━━━━━━━━━━━ 7/7 5.8it/s 1.2s
                   all        193       1049      0.836      0.602      0.696      0.505      0.835      0.599      0.694       0.49

      Epoch    GPU_mem   box_loss   seg_loss   cls_loss   dfl_loss   sem_loss  Instances       Size

[K     13/300       6.1G      1.228      1.809     0.9097      1.223          0         16        640: 0% ──────────── 0/43  0.2s
[K     13/300       6.1G      1.256      1.657     0.9623      1.246          0         16        640: 2% ──────────── 1/43 1.2s/it 0.5s<51.2s
[K     13/300       6.1G      1.234      1.694     0.9726      1.225          0         16        640: 5% ╸─────────── 2/43 2.7it/s 0.7s<15.0s
[K     13/300       6.1G      1.227      1.675     0.9816      1.224          0         16        640: 7% ╸─────────── 3/43 3.6it/s 0.8s<11.3s
[K     13/300       6.1G      1.239      1.722     0.9797      1.209          0         16        640: 9% ━─────────── 4/43 3.8it/s 1.1s<10.3s
[K     13/300       6.1G      1.244      1.704     0.9673      1.206          0         16        640: 12% ━─────────── 5/43 3.5it/s 1.4s<10.9s
[K     13/300       6.1G       1.25       1.72     0.9685      1.197          0         16        640: 14% ━╸────────── 6/43 3.9it/s 1.6s<9.4s
[K     13/300       6.1G       1.26      1.711     0.9654      1.202          0         16        640: 16% ━╸────────── 7/43 4.6it/s 1.8s<7.9s
[K     13/300       6.1G       1.27      1.719     0.9673      1.202          0         16        640: 19% ━━────────── 8/43 4.5it/s 2.0s<7.7s
[K     13/300       6.1G      1.269      1.723     0.9702      1.199          0         16        640: 21% ━━╸───────── 9/43 4.0it/s 2.4s<8.5s
[K     13/300       6.1G      1.285      1.759     0.9788      1.199          0         16        640: 23% ━━╸───────── 10/43 4.4it/s 2.6s<7.5s
[K     13/300       6.1G      1.267      1.743     0.9703      1.193          0         16        640: 26% ━━━───────── 11/43 5.2it/s 2.7s<6.2s
[K     13/300       6.1G      1.259      1.734     0.9651      1.184          0         16        640: 28% ━━━───────── 12/43 4.7it/s 3.0s<6.6s
[K     13/300       6.1G      1.258      1.742     0.9606      1.181          0         16        640: 30% ━━━╸──────── 13/43 4.2it/s 3.3s<7.1s
[K     13/300       6.1G      1.253      1.736     0.9588       1.18          0         16        640: 33% ━━━╸──────── 14/43 4.1it/s 3.6s<7.1s
[K     13/300       6.1G      1.252      1.733     0.9563      1.179          0         16        640: 35% ━━━━──────── 15/43 4.9it/s 3.7s<5.7s
[K     13/300       6.1G      1.246      1.739     0.9511      1.175          0         16        640: 37% ━━━━──────── 16/43 5.3it/s 3.9s<5.1s
[K     13/300       6.1G      1.245      1.737     0.9489      1.171          0         16        640: 40% ━━━━╸─────── 17/43 5.0it/s 4.1s<5.2s
[K     13/300       6.1G      1.241      1.732     0.9449      1.168          0         16        640: 42% ━━━━━─────── 18/43 4.8it/s 4.3s<5.2s
[K     13/300       6.1G      1.238      1.732       0.94      1.166          0         16        640: 44% ━━━━━─────── 19/43 4.9it/s 4.5s<4.9s
[K     13/300       6.1G      1.235      1.728     0.9388      1.163          0         16        640: 47% ━━━━━╸────── 20/43 5.5it/s 4.7s<4.2s
[K     13/300       6.1G      1.236      1.722     0.9392      1.165          0         16        640: 49% ━━━━━╸────── 21/43 4.7it/s 5.0s<4.7s
[K     13/300       6.1G      1.234      1.734     0.9383      1.163          0         16        640: 51% ━━━━━━────── 22/43 4.6it/s 5.2s<4.5s
[K     13/300       6.1G      1.235      1.739     0.9409      1.167          0         16        640: 53% ━━━━━━────── 23/43 5.2it/s 5.4s<3.9s
[K     13/300       6.1G      1.233      1.736     0.9424      1.167          0         16        640: 56% ━━━━━━╸───── 24/43 5.8it/s 5.5s<3.3s
[K     13/300       6.1G      1.233      1.732      0.942      1.169          0         16        640: 58% ━━━━━━╸───── 25/43 5.0it/s 5.9s<3.6s
[K     13/300       6.1G      1.232      1.731     0.9403      1.169          0         16        640: 60% ━━━━━━━───── 26/43 5.3it/s 6.0s<3.2s
[K     13/300       6.1G      1.231      1.731     0.9403      1.169          0         16        640: 63% ━━━━━━━╸──── 27/43 4.8it/s 6.3s<3.3s
[K     13/300       6.1G      1.231      1.728      0.939      1.168          0         16        640: 65% ━━━━━━━╸──── 28/43 5.1it/s 6.5s<2.9s
[K     13/300       6.1G      1.228      1.724     0.9359      1.165          0         16        640: 67% ━━━━━━━━──── 29/43 4.4it/s 6.8s<3.2s
[K     13/300       6.1G      1.227      1.736     0.9356      1.165          0         16        640: 70% ━━━━━━━━──── 30/43 4.8it/s 7.0s<2.7s
[K     13/300       6.1G      1.224       1.73     0.9329      1.163          0         16        640: 72% ━━━━━━━━╸─── 31/43 4.8it/s 7.2s<2.5s
[K     13/300       6.1G       1.22       1.73     0.9322      1.163          0         16        640: 74% ━━━━━━━━╸─── 32/43 4.8it/s 7.4s<2.3s
[K     13/300       6.1G      1.218      1.724     0.9304      1.162          0         16        640: 77% ━━━━━━━━━─── 33/43 4.3it/s 7.7s<2.3s
[K     13/300       6.1G      1.215      1.731     0.9282      1.159          0         16        640: 79% ━━━━━━━━━─── 34/43 5.3it/s 7.9s<1.7s
[K     13/300       6.1G      1.217      1.739     0.9298       1.16          0         16        640: 81% ━━━━━━━━━╸── 35/43 4.9it/s 8.1s<1.6s
[K     13/300       6.1G       1.22      1.746      0.931       1.16          0         16        640: 84% ━━━━━━━━━━── 36/43 5.8it/s 8.2s<1.2s
[K     13/300       6.1G      1.215      1.747      0.931      1.158          0         16        640: 86% ━━━━━━━━━━── 37/43 5.2it/s 8.5s<1.2s
[K     13/300       6.1G      1.213      1.746      0.931      1.157          0         16        640: 88% ━━━━━━━━━━╸─ 38/43 5.0it/s 8.7s<1.0s
[K     13/300       6.1G      1.212      1.739     0.9303      1.157          0         16        640: 91% ━━━━━━━━━━╸─ 39/43 4.6it/s 9.0s<0.9s
[K     13/300       6.1G      1.209      1.736     0.9282      1.158          0         16        640: 93% ━━━━━━━━━━━─ 40/43 4.3it/s 9.3s<0.7s
[K     13/300       6.1G      1.209      1.738      0.926      1.156          0         16        640: 95% ━━━━━━━━━━━─ 41/43 4.2it/s 9.5s<0.5s
[K     13/300       6.1G      1.208      1.741     0.9264      1.156          0          4        640: 98% ━━━━━━━━━━━╸ 42/43 5.3it/s 9.7s<0.2s
[K     13/300       6.1G      1.208      1.741     0.9264      1.156          0          4        640: 100% ━━━━━━━━━━━━ 43/43 4.5it/s 9.7s

[K                 Class     Images  Instances      Box(P          R      mAP50  mAP50-95)     Mask(P          R      mAP50  mAP50-95): 14% ━╸────────── 1/7 1.1it/s 0.3s<5.4s
[K                 Class     Images  Instances      Box(P          R      mAP50  mAP50-95)     Mask(P          R      mAP50  mAP50-95): 29% ━━━───────── 2/7 2.2it/s 0.5s<2.3s
[K                 Class     Images  Instances      Box(P          R      mAP50  mAP50-95)     Mask(P          R      mAP50  mAP50-95): 43% ━━━━━─────── 3/7 2.9it/s 0.7s<1.4s
[K                 Class     Images  Instances      Box(P          R      mAP50  mAP50-95)     Mask(P          R      mAP50  mAP50-95): 57% ━━━━━━╸───── 4/7 3.9it/s 0.9s<0.8s
[K                 Class     Images  Instances      Box(P          R      mAP50  mAP50-95)     Mask(P          R      mAP50  mAP50-95): 71% ━━━━━━━━╸─── 5/7 4.4it/s 1.0s<0.5s
[K                 Class     Images  Instances      Box(P          R      mAP50  mAP50-95)     Mask(P          R      mAP50  mAP50-95): 86% ━━━━━━━━━━── 6/7 4.6it/s 1.2s<0.2s
[K                 Class     Images  Instances      Box(P          R      mAP50  mAP50-95)     Mask(P          R      mAP50  mAP50-95): 100% ━━━━━━━━━━━━ 7/7 5.5it/s 1.3s
                   all        193       1049      0.892      0.629      0.727      0.526      0.894      0.627      0.727      0.525

      Epoch    GPU_mem   box_loss   seg_loss   cls_loss   dfl_loss   sem_loss  Instances       Size

[K     14/300       6.1G      1.167      1.957     0.9067      1.148          0         16        640: 0% ──────────── 0/43  0.1s
[K     14/300       6.1G      1.132       1.71      0.865      1.105          0         16        640: 2% ──────────── 1/43 1.6it/s 0.3s<26.5s
[K     14/300       6.1G      1.119      1.682     0.8813      1.112          0         16        640: 5% ╸─────────── 2/43 2.1it/s 0.6s<19.8s
[K     14/300       6.1G      1.114      1.653     0.8828      1.116          0         16        640: 7% ╸─────────── 3/43 2.9it/s 0.8s<13.7s
[K     14/300       6.1G      1.107      1.656     0.8787      1.115          0         16        640: 9% ━─────────── 4/43 3.1it/s 1.1s<12.6s
[K     14/300       6.1G      1.139      1.735     0.8961      1.111          0         16        640: 12% ━─────────── 5/43 4.0it/s 1.3s<9.6s
[K     14/300       6.1G      1.132      1.751     0.8934      1.113          0         16        640: 14% ━╸────────── 6/43 3.9it/s 1.6s<9.4s
[K     14/300       6.1G       1.14      1.738     0.8877      1.112          0         16        640: 16% ━╸────────── 7/43 4.1it/s 1.8s<8.9s
[K     14/300       6.1G       1.14      1.737     0.8865      1.118          0         16        640: 19% ━━────────── 8/43 4.2it/s 2.0s<8.4s
[K     14/300       6.1G      1.141       1.75     0.8931      1.117          0         16        640: 21% ━━╸───────── 9/43 4.2it/s 2.2s<8.0s
[K     14/300       6.1G      1.144      1.752     0.8966      1.119          0         16        640: 23% ━━╸───────── 10/43 4.6it/s 2.4s<7.1s
[K     14/300       6.1G      1.132      1.727     0.8973       1.12          0         16        640: 26% ━━━───────── 11/43 4.7it/s 2.6s<6.8s
[K     14/300       6.1G      1.134       1.72     0.8951       1.12          0         16        640: 28% ━━━───────── 12/43 4.6it/s 2.9s<6.8s
[K     14/300       6.1G      1.136       1.71     0.8929      1.121          0         16        640: 30% ━━━╸──────── 13/43 4.6it/s 3.1s<6.5s
[K     14/300       6.1G      1.149      1.711     0.9035      1.128          0         16        640: 33% ━━━╸──────── 14/43 4.2it/s 3.4s<7.0s
[K     14/300       6.1G      1.151      1.722     0.9027      1.127          0         16        640: 35% ━━━━──────── 15/43 4.3it/s 3.6s<6.5s
[K     14/300       6.1G       1.15      1.713     0.8978      1.126          0         16        640: 37% ━━━━──────── 16/43 5.0it/s 3.8s<5.4s
[K     14/300       6.1G      1.152      1.715     0.8978      1.123          0         16        640: 40% ━━━━╸─────── 17/43 4.7it/s 4.0s<5.5s
[K     14/300       6.1G      1.149      1.708     0.8949      1.123          0         16        640: 42% ━━━━━─────── 18/43 4.0it/s 4.4s<6.2s
[K     14/300       6.1G      1.156      1.716     0.9005      1.125          0         16        640: 44% ━━━━━─────── 19/43 4.1it/s 4.6s<5.8s
[K     14/300       6.1G      1.152      1.706      0.901      1.122          0         16        640: 47% ━━━━━╸────── 20/43 4.7it/s 4.8s<4.8s
[K     14/300       6.1G      1.157      1.714     0.9123      1.126          0         16        640: 49% ━━━━━╸────── 21/43 5.0it/s 5.0s<4.4s
[K     14/300       6.1G      1.155      1.717     0.9122      1.123          0         16        640: 51% ━━━━━━────── 22/43 4.3it/s 5.4s<4.9s
[K     14/300       6.1G      1.157      1.722     0.9122      1.123          0         16        640: 53% ━━━━━━────── 23/43 4.2it/s 5.6s<4.7s
[K     14/300       6.1G      1.163      1.742     0.9162      1.124          0         16        640: 56% ━━━━━━╸───── 24/43 4.1it/s 5.9s<4.7s
[K     14/300       6.1G      1.162       1.74     0.9136      1.122          0         16        640: 58% ━━━━━━╸───── 25/43 4.7it/s 6.0s<3.9s
[K     14/300       6.1G      1.168      1.748     0.9152      1.123          0         16        640: 60% ━━━━━━━───── 26/43 4.2it/s 6.4s<4.1s
[K     14/300       6.1G      1.176      1.756     0.9197      1.132          0         16        640: 63% ━━━━━━━╸──── 27/43 5.1it/s 6.5s<3.2s
[K     14/300       6.1G      1.177       1.76     0.9214      1.132          0         16        640: 65% ━━━━━━━╸──── 28/43 5.2it/s 6.7s<2.9s
[K     14/300       6.1G      1.179       1.76     0.9205      1.131          0         16        640: 67% ━━━━━━━━──── 29/43 5.5it/s 6.9s<2.5s
[K     14/300       6.1G      1.179      1.756     0.9188       1.13          0         16        640: 70% ━━━━━━━━──── 30/43 4.8it/s 7.2s<2.7s
[K     14/300       6.1G      1.182      1.769     0.9208       1.13          0         16        640: 72% ━━━━━━━━╸─── 31/43 4.9it/s 7.4s<2.4s
[K     14/300       6.1G      1.177      1.763     0.9178      1.127          0         16        640: 74% ━━━━━━━━╸─── 32/43 4.6it/s 7.6s<2.4s
[K     14/300       6.1G       1.18      1.767     0.9172      1.127          0         16        640: 77% ━━━━━━━━━─── 33/43 4.8it/s 7.8s<2.1s
[K     14/300       6.1G       1.18      1.768     0.9176      1.127          0         16        640: 79% ━━━━━━━━━─── 34/43 4.5it/s 8.1s<2.0s
[K     14/300       6.1G       1.18      1.761     0.9156      1.127          0         16        640: 81% ━━━━━━━━━╸── 35/43 4.6it/s 8.3s<1.7s
[K     14/300       6.1G       1.18       1.76     0.9158      1.127          0         16        640: 84% ━━━━━━━━━━── 36/43 4.7it/s 8.5s<1.5s
[K     14/300       6.1G      1.176      1.749     0.9147      1.126          0         16        640: 86% ━━━━━━━━━━── 37/43 4.3it/s 8.8s<1.4s
[K     14/300       6.1G      1.173      1.747     0.9123      1.125          0         16        640: 88% ━━━━━━━━━━╸─ 38/43 4.0it/s 9.1s<1.3s
[K     14/300       6.1G      1.172      1.746     0.9108      1.125          0         16        640: 91% ━━━━━━━━━━╸─ 39/43 3.9it/s 9.3s<1.0s
[K     14/300       6.1G      1.173      1.745     0.9112      1.126          0         16        640: 93% ━━━━━━━━━━━─ 40/43 4.5it/s 9.5s<0.7s
[K     14/300       6.1G      1.171      1.739     0.9126      1.127          0         16        640: 95% ━━━━━━━━━━━─ 41/43 4.9it/s 9.7s<0.4s
[K     14/300       6.1G      1.168      1.733     0.9154      1.129          0          4        640: 98% ━━━━━━━━━━━╸ 42/43 5.0it/s 9.9s<0.2s
[K     14/300       6.1G      1.168      1.733     0.9154      1.129          0          4        640: 100% ━━━━━━━━━━━━ 43/43 4.4it/s 9.9s

[K                 Class     Images  Instances      Box(P          R      mAP50  mAP50-95)     Mask(P          R      mAP50  mAP50-95): 14% ━╸────────── 1/7 1.1it/s 0.3s<5.2s
[K                 Class     Images  Instances      Box(P          R      mAP50  mAP50-95)     Mask(P          R      mAP50  mAP50-95): 29% ━━━───────── 2/7 2.6it/s 0.4s<2.0s
[K                 Class     Images  Instances      Box(P          R      mAP50  mAP50-95)     Mask(P          R      mAP50  mAP50-95): 43% ━━━━━─────── 3/7 3.6it/s 0.6s<1.1s
[K                 Class     Images  Instances      Box(P          R      mAP50  mAP50-95)     Mask(P          R      mAP50  mAP50-95): 57% ━━━━━━╸───── 4/7 4.2it/s 0.8s<0.7s
[K                 Class     Images  Instances      Box(P          R      mAP50  mAP50-95)     Mask(P          R      mAP50  mAP50-95): 71% ━━━━━━━━╸─── 5/7 4.5it/s 1.0s<0.4s
[K                 Class     Images  Instances      Box(P          R      mAP50  mAP50-95)     Mask(P          R      mAP50  mAP50-95): 86% ━━━━━━━━━━── 6/7 4.8it/s 1.2s<0.2s
[K                 Class     Images  Instances      Box(P          R      mAP50  mAP50-95)     Mask(P          R      mAP50  mAP50-95): 100% ━━━━━━━━━━━━ 7/7 5.8it/s 1.2s
                   all        193       1049      0.892      0.619      0.736      0.538      0.894      0.616      0.734      0.531

      Epoch    GPU_mem   box_loss   seg_loss   cls_loss   dfl_loss   sem_loss  Instances       Size

[K     15/300       6.1G      1.196      1.759     0.8967      1.193          0         16        640: 0% ──────────── 0/43  0.1s
[K     15/300       6.1G      1.186      1.737     0.9432      1.156          0         16        640: 2% ──────────── 1/43 1.2it/s 0.4s<33.7s
[K     15/300       6.1G       1.17      1.646     0.9227      1.151          0         16        640: 5% ╸─────────── 2/43 2.2it/s 0.6s<18.6s
[K     15/300       6.1G      1.175      1.703      0.911      1.155          0         16        640: 7% ╸─────────── 3/43 2.4it/s 1.0s<16.9s
[K     15/300       6.1G      1.171      1.734     0.9216       1.15          0         16        640: 9% ━─────────── 4/43 3.1it/s 1.2s<12.5s
[K     15/300       6.1G      1.152      1.726     0.9042      1.138          0         16        640: 12% ━─────────── 5/43 3.8it/s 1.3s<10.0s
[K     15/300       6.1G       1.14      1.704      0.901       1.13          0         16        640: 14% ━╸────────── 6/43 4.4it/s 1.5s<8.4s
[K     15/300       6.1G      1.135      1.671     0.9037       1.14          0         16        640: 16% ━╸────────── 7/43 4.1it/s 1.8s<8.7s
[K     15/300       6.1G      1.154      1.686     0.9062      1.135          0         16        640: 19% ━━────────── 8/43 4.3it/s 2.0s<8.1s
[K     15/300       6.1G      1.162      1.706     0.9082      1.139          0         16        640: 21% ━━╸───────── 9/43 3.9it/s 2.4s<8.8s
[K     15/300       6.1G      1.157        1.7     0.9026      1.134          0         16        640: 23% ━━╸───────── 10/43 4.2it/s 2.6s<7.8s
[K     15/300       6.1G      1.157      1.678     0.9007       1.13          0         16        640: 26% ━━━───────── 11/43 3.9it/s 2.9s<8.2s
[K     15/300       6.1G      1.157      1.682     0.9001      1.126          0         16        640: 28% ━━━───────── 12/43 4.4it/s 3.1s<7.1s
[K     15/300       6.1G      1.147      1.662     0.9005      1.126          0         16        640: 30% ━━━╸──────── 13/43 4.4it/s 3.3s<6.8s
[K     15/300       6.1G      1.144      1.673     0.8969      1.127          0         16        640: 33% ━━━╸──────── 14/43 4.6it/s 3.5s<6.2s
[K     15/300       6.1G      1.139      1.668      0.897      1.121          0         16        640: 35% ━━━━──────── 15/43 4.3it/s 3.8s<6.6s
[K     15/300       6.1G      1.141      1.674     0.8969      1.119          0         16        640: 37% ━━━━──────── 16/43 4.7it/s 4.0s<5.8s
[K     15/300       6.1G      1.141      1.682     0.8936      1.114          0         16        640: 40% ━━━━╸─────── 17/43 5.0it/s 4.1s<5.2s
[K     15/300       6.1G       1.14      1.678     0.8943      1.118          0         16        640: 42% ━━━━━─────── 18/43 4.7it/s 4.4s<5.3s
[K     15/300       6.1G      1.148      1.694     0.8994      1.117          0         16        640: 44% ━━━━━─────── 19/43 4.5it/s 4.6s<5.3s
[K     15/300       6.1G      1.152      1.711     0.9027      1.118          0         16        640: 47% ━━━━━╸────── 20/43 4.5it/s 4.9s<5.2s
[K     15/300       6.1G      1.149      1.698     0.8999      1.117          0         16        640: 49% ━━━━━╸────── 21/43 4.8it/s 5.0s<4.6s
[K     15/300       6.1G      1.144       1.69     0.8987      1.118          0         16        640: 51% ━━━━━━────── 22/43 4.9it/s 5.2s<4.3s
[K     15/300       6.1G      1.142      1.694     0.8951      1.115          0         16        640: 53% ━━━━━━────── 23/43 4.6it/s 5.5s<4.4s
[K     15/300       6.1G      1.142      1.703     0.8969      1.114          0         16        640: 56% ━━━━━━╸───── 24/43 5.1it/s 5.7s<3.7s
[K     15/300       6.1G      1.142      1.701     0.8968      1.113          0         16        640: 58% ━━━━━━╸───── 25/43 5.3it/s 5.8s<3.4s
[K     15/300       6.1G       1.14      1.698     0.8968      1.113          0         16        640: 60% ━━━━━━━───── 26/43 4.9it/s 6.1s<3.4s
[K     15/300       6.1G       1.14      1.697     0.8998      1.112          0         16        640: 63% ━━━━━━━╸──── 27/43 4.3it/s 6.4s<3.7s
[K     15/300       6.1G      1.135       1.69     0.8968       1.11          0         16        640: 65% ━━━━━━━╸──── 28/43 4.6it/s 6.6s<3.2s
[K     15/300       6.1G      1.131      1.682     0.8937      1.109          0         16        640: 67% ━━━━━━━━──── 29/43 4.2it/s 6.9s<3.3s
[K     15/300       6.1G       1.13      1.672     0.8916      1.109          0         16        640: 70% ━━━━━━━━──── 30/43 4.0it/s 7.2s<3.2s
[K     15/300       6.1G      1.132      1.673     0.8925      1.112          0         16        640: 72% ━━━━━━━━╸─── 31/43 3.8it/s 7.5s<3.1s
[K     15/300       6.1G      1.138      1.677     0.8965      1.114          0         16        640: 74% ━━━━━━━━╸─── 32/43 4.1it/s 7.7s<2.7s
[K     15/300       6.1G      1.137      1.679     0.8966      1.115          0         16        640: 77% ━━━━━━━━━─── 33/43 4.6it/s 7.9s<2.2s
[K     15/300       6.1G       1.14      1.688     0.8977      1.114          0         16        640: 79% ━━━━━━━━━─── 34/43 5.2it/s 8.0s<1.7s
[K     15/300       6.1G       1.14      1.687     0.8982      1.114          0         16        640: 81% ━━━━━━━━━╸── 35/43 4.7it/s 8.3s<1.7s
[K     15/300       6.1G      1.141      1.692     0.8988      1.113          0         16        640: 84% ━━━━━━━━━━── 36/43 5.4it/s 8.4s<1.3s
[K     15/300       6.1G       1.14      1.692     0.8975      1.111          0         16        640: 86% ━━━━━━━━━━── 37/43 5.7it/s 8.6s<1.1s
[K     15/300       6.1G       1.14      1.687     0.8973      1.112          0         16        640: 88% ━━━━━━━━━━╸─ 38/43 6.0it/s 8.8s<0.8s
[K     15/300       6.1G       1.14      1.683     0.8971      1.114          0         16        640: 91% ━━━━━━━━━━╸─ 39/43 5.0it/s 9.1s<0.8s
[K     15/300       6.1G      1.141      1.688     0.8975      1.115          0         16        640: 93% ━━━━━━━━━━━─ 40/43 4.9it/s 9.4s<0.6s
[K     15/300       6.1G      1.141      1.689     0.8976      1.114          0         16        640: 95% ━━━━━━━━━━━─ 41/43 4.4it/s 9.7s<0.5s
[K     15/300       6.1G      1.143       1.69     0.8972      1.112          0          4        640: 98% ━━━━━━━━━━━╸ 42/43 4.5it/s 9.9s<0.2s
[K     15/300       6.1G      1.143       1.69     0.8972      1.112          0          4        640: 100% ━━━━━━━━━━━━ 43/43 4.4it/s 9.9s

[K                 Class     Images  Instances      Box(P          R      mAP50  mAP50-95)     Mask(P          R      mAP50  mAP50-95): 14% ━╸────────── 1/7 1.3it/s 0.2s<4.7s
[K                 Class     Images  Instances      Box(P          R      mAP50  mAP50-95)     Mask(P          R      mAP50  mAP50-95): 29% ━━━───────── 2/7 2.0it/s 0.5s<2.5s
[K                 Class     Images  Instances      Box(P          R      mAP50  mAP50-95)     Mask(P          R      mAP50  mAP50-95): 43% ━━━━━─────── 3/7 3.2it/s 0.7s<1.3s
[K                 Class     Images  Instances      Box(P          R      mAP50  mAP50-95)     Mask(P          R      mAP50  mAP50-95): 57% ━━━━━━╸───── 4/7 3.9it/s 0.9s<0.8s
[K                 Class     Images  Instances      Box(P          R      mAP50  mAP50-95)     Mask(P          R      mAP50  mAP50-95): 71% ━━━━━━━━╸─── 5/7 4.4it/s 1.0s<0.5s
[K                 Class     Images  Instances      Box(P          R      mAP50  mAP50-95)     Mask(P          R      mAP50  mAP50-95): 86% ━━━━━━━━━━── 6/7 4.7it/s 1.2s<0.2s
[K                 Class     Images  Instances      Box(P          R      mAP50  mAP50-95)     Mask(P          R      mAP50  mAP50-95): 100% ━━━━━━━━━━━━ 7/7 5.5it/s 1.3s
                   all        193       1049      0.877       0.63      0.743      0.542      0.905      0.623      0.743      0.529

      Epoch    GPU_mem   box_loss   seg_loss   cls_loss   dfl_loss   sem_loss  Instances       Size

[K     16/300       6.1G      1.113      1.632      0.886      1.111          0         16        640: 0% ──────────── 0/43  0.3s
[K     16/300       6.1G      1.147      1.656     0.9108      1.093          0         16        640: 2% ──────────── 1/43 1.9it/s 0.4s<22.1s
[K     16/300       6.1G      1.146       1.71     0.9207      1.109          0         16        640: 5% ╸─────────── 2/43 2.8it/s 0.6s<14.5s
[K     16/300       6.1G      1.137      1.678     0.9044      1.093          0         16        640: 7% ╸─────────── 3/43 3.7it/s 0.8s<10.8s
[K     16/300       6.1G       1.13      1.685     0.8944      1.094          0         16        640: 9% ━─────────── 4/43 3.7it/s 1.1s<10.5s
[K     16/300       6.1G      1.137      1.666     0.8828      1.098          0         16        640: 12% ━─────────── 5/43 4.3it/s 1.2s<8.8s
[K     16/300       6.1G      1.136      1.665     0.8838      1.097          0         16        640: 14% ━╸────────── 6/43 4.5it/s 1.4s<8.3s
[K     16/300       6.1G      1.149      1.683     0.8954      1.098          0         16        640: 16% ━╸────────── 7/43 4.9it/s 1.6s<7.3s
[K     16/300       6.1G      1.156      1.702     0.8973      1.102          0         16        640: 19% ━━────────── 8/43 4.3it/s 1.9s<8.1s
[K     16/300       6.1G      1.147        1.7     0.8932      1.106          0         16        640: 21% ━━╸───────── 9/43 4.7it/s 2.1s<7.2s
[K     16/300       6.1G      1.139      1.684     0.8879      1.107          0         16        640: 23% ━━╸───────── 10/43 4.5it/s 2.4s<7.4s
[K     16/300       6.1G      1.138      1.689     0.8858      1.107          0         16        640: 26% ━━━───────── 11/43 4.1it/s 2.7s<7.8s
[K     16/300       6.1G      1.133      1.685     0.8816      1.102          0         16        640: 28% ━━━───────── 12/43 3.8it/s 3.0s<8.1s
[K     16/300       6.1G      1.131      1.698     0.8797      1.098          0         16        640: 30% ━━━╸──────── 13/43 4.2it/s 3.2s<7.2s
[K     16/300       6.1G      1.127       1.69     0.8779      1.098          0         16        640: 33% ━━━╸──────── 14/43 4.0it/s 3.5s<7.2s
[K     16/300       6.1G      1.128      1.678     0.8771      1.098          0         16        640: 35% ━━━━──────── 15/43 3.9it/s 3.8s<7.2s
[K     16/300       6.1G      1.126      1.672     0.8772      1.099          0         16        640: 37% ━━━━──────── 16/43 3.7it/s 4.1s<7.4s
[K     16/300       6.1G      1.125      1.681     0.8764      1.099          0         16        640: 40% ━━━━╸─────── 17/43 3.6it/s 4.4s<7.3s
[K     16/300       6.1G      1.128       1.68      0.877      1.099          0         16        640: 42% ━━━━━─────── 18/43 4.3it/s 4.5s<5.8s
[K     16/300       6.1G      1.124      1.668     0.8714      1.099          0         16        640: 44% ━━━━━─────── 19/43 4.5it/s 4.7s<5.3s
[K     16/300       6.1G       1.13      1.678     0.8721      1.099          0         16        640: 47% ━━━━━╸────── 20/43 4.0it/s 5.1s<5.7s
[K     16/300       6.1G      1.135      1.679     0.8719      1.104          0         16        640: 49% ━━━━━╸────── 21/43 4.3it/s 5.3s<5.1s
[K     16/300       6.1G      1.141      1.685     0.8746      1.102          0         16        640: 51% ━━━━━━────── 22/43 4.5it/s 5.5s<4.7s
[K     16/300       6.1G      1.145      1.694     0.8778      1.102          0         16        640: 53% ━━━━━━────── 23/43 4.2it/s 5.8s<4.8s
[K     16/300       6.1G      1.142      1.697     0.8802      1.104          0         16        640: 56% ━━━━━━╸───── 24/43 4.0it/s 6.0s<4.7s
[K     16/300       6.1G      1.144      1.692      0.882      1.105          0         16        640: 58% ━━━━━━╸───── 25/43 4.9it/s 6.2s<3.7s
[K     16/300       6.1G      1.142      1.678     0.8795      1.105          0         16        640: 60% ━━━━━━━───── 26/43 4.6it/s 6.4s<3.7s
[K     16/300       6.1G      1.145      1.683      0.879      1.106          0         16        640: 63% ━━━━━━━╸──── 27/43 4.2it/s 6.8s<3.8s
[K     16/300       6.1G      1.145      1.684     0.8781      1.106          0         16        640: 65% ━━━━━━━╸──── 28/43 3.7it/s 7.1s<4.0s
[K     16/300       6.1G      1.139      1.666     0.8789      1.105          0         16        640: 67% ━━━━━━━━──── 29/43 4.0it/s 7.3s<3.5s
[K     16/300       6.1G      1.134      1.654     0.8775      1.105          0         16        640: 70% ━━━━━━━━──── 30/43 4.1it/s 7.6s<3.1s
[K     16/300       6.1G       1.13      1.646     0.8751      1.105          0         16        640: 72% ━━━━━━━━╸─── 31/43 4.5it/s 7.7s<2.6s
[K     16/300       6.1G      1.127      1.637     0.8753      1.107          0         16        640: 74% ━━━━━━━━╸─── 32/43 4.2it/s 8.0s<2.6s
[K     16/300       6.1G      1.129      1.643     0.8755      1.108          0         16        640: 77% ━━━━━━━━━─── 33/43 4.6it/s 8.2s<2.2s
[K     16/300       6.1G       1.13      1.645      0.875      1.107          0         16        640: 79% ━━━━━━━━━─── 34/43 4.7it/s 8.4s<1.9s
[K     16/300       6.1G      1.127      1.637     0.8773      1.109          0         16        640: 81% ━━━━━━━━━╸── 35/43 4.9it/s 8.6s<1.6s
[K     16/300       6.1G      1.128      1.641      0.876      1.108          0         16        640: 84% ━━━━━━━━━━── 36/43 4.6it/s 8.9s<1.5s
[K     16/300       6.1G      1.134      1.656     0.8804      1.108          0         16        640: 86% ━━━━━━━━━━── 37/43 5.2it/s 9.0s<1.1s
[K     16/300       6.1G      1.134      1.661     0.8791      1.108          0         16        640: 88% ━━━━━━━━━━╸─ 38/43 4.8it/s 9.3s<1.0s
[K     16/300       6.1G      1.134      1.664     0.8789      1.108          0         16        640: 91% ━━━━━━━━━━╸─ 39/43 5.3it/s 9.4s<0.8s
[K     16/300       6.1G      1.136      1.666      0.881      1.109          0         16        640: 93% ━━━━━━━━━━━─ 40/43 4.9it/s 9.7s<0.6s
[K     16/300       6.1G      1.134      1.667     0.8805      1.109          0         16        640: 95% ━━━━━━━━━━━─ 41/43 5.4it/s 9.8s<0.4s
[K     16/300       6.1G      1.133      1.662     0.8823      1.111          0          4        640: 98% ━━━━━━━━━━━╸ 42/43 5.8it/s 10.0s<0.2s
[K     16/300       6.1G      1.133      1.662     0.8823      1.111          0          4        640: 100% ━━━━━━━━━━━━ 43/43 4.3it/s 10.0s

[K                 Class     Images  Instances      Box(P          R      mAP50  mAP50-95)     Mask(P          R      mAP50  mAP50-95): 14% ━╸────────── 1/7 1.5it/s 0.2s<4.0s
[K                 Class     Images  Instances      Box(P          R      mAP50  mAP50-95)     Mask(P          R      mAP50  mAP50-95): 29% ━━━───────── 2/7 2.0it/s 0.5s<2.5s
[K                 Class     Images  Instances      Box(P          R      mAP50  mAP50-95)     Mask(P          R      mAP50  mAP50-95): 43% ━━━━━─────── 3/7 3.3it/s 0.7s<1.2s
[K                 Class     Images  Instances      Box(P          R      mAP50  mAP50-95)     Mask(P          R      mAP50  mAP50-95): 57% ━━━━━━╸───── 4/7 4.2it/s 0.8s<0.7s
[K                 Class     Images  Instances      Box(P          R      mAP50  mAP50-95)     Mask(P          R      mAP50  mAP50-95): 71% ━━━━━━━━╸─── 5/7 4.5it/s 1.0s<0.4s
[K                 Class     Images  Instances      Box(P          R      mAP50  mAP50-95)     Mask(P          R      mAP50  mAP50-95): 86% ━━━━━━━━━━── 6/7 4.8it/s 1.2s<0.2s
[K                 Class     Images  Instances      Box(P          R      mAP50  mAP50-95)     Mask(P          R      mAP50  mAP50-95): 100% ━━━━━━━━━━━━ 7/7 5.6it/s 1.3s
                   all        193       1049      0.908      0.637      0.731      0.534      0.909      0.636      0.733      0.529

      Epoch    GPU_mem   box_loss   seg_loss   cls_loss   dfl_loss   sem_loss  Instances       Size

[K     17/300       6.1G      1.132      1.971     0.9127      1.098          0         16        640: 0% ──────────── 0/43  0.1s
[K     17/300       6.1G      1.139      1.896     0.9145       1.13          0         16        640: 2% ──────────── 1/43 1.1it/s 0.4s<39.9s
[K     17/300       6.1G       1.11      1.784     0.8948      1.107          0         16        640: 5% ╸─────────── 2/43 2.2it/s 0.6s<18.7s
[K     17/300       6.1G      1.115      1.765     0.9036       1.12          0         16        640: 7% ╸─────────── 3/43 2.6it/s 0.9s<15.2s
[K     17/300       6.1G      1.129      1.746     0.9088      1.128          0         16        640: 9% ━─────────── 4/43 3.8it/s 1.1s<10.2s
[K     17/300       6.1G      1.136      1.758     0.9108      1.131          0         16        640: 12% ━─────────── 5/43 3.7it/s 1.3s<10.2s
[K     17/300       6.1G      1.134      1.771     0.9057      1.126          0         16        640: 14% ━╸────────── 6/43 4.8it/s 1.5s<7.7s
[K     17/300       6.1G      1.132      1.757     0.8978       1.12          0         16        640: 16% ━╸────────── 7/43 4.6it/s 1.7s<7.8s
[K     17/300       6.1G      1.117      1.731     0.8833      1.113          0         16        640: 19% ━━────────── 8/43 4.2it/s 2.0s<8.4s
[K     17/300       6.1G      1.118      1.731     0.8836       1.11          0         16        640: 21% ━━╸───────── 9/43 3.6it/s 2.5s<9.4s
[K     17/300       6.1G      1.119      1.717     0.8825       1.11          0         16        640: 23% ━━╸───────── 10/43 4.1it/s 2.7s<8.0s
[K     17/300       6.1G      1.112      1.696     0.8771      1.108          0         16        640: 26% ━━━───────── 11/43 4.1it/s 2.9s<7.8s
[K     17/300       6.1G      1.118      1.704     0.8804      1.106          0         16        640: 28% ━━━───────── 12/43 4.2it/s 3.1s<7.4s
[K     17/300       6.1G      1.116      1.699     0.8774      1.103          0         16        640: 30% ━━━╸──────── 13/43 4.2it/s 3.4s<7.2s
[K     17/300       6.1G      1.117      1.689      0.877      1.108          0         16        640: 33% ━━━╸──────── 14/43 4.3it/s 3.6s<6.7s
[K     17/300       6.1G      1.118      1.693     0.8798      1.107          0         16        640: 35% ━━━━──────── 15/43 4.1it/s 3.9s<6.7s
[K     17/300       6.1G      1.117      1.694     0.8795      1.107          0         16        640: 37% ━━━━──────── 16/43 3.9it/s 4.2s<6.9s
[K     17/300       6.1G      1.116      1.691     0.8785      1.106          0         16        640: 40% ━━━━╸─────── 17/43 3.8it/s 4.4s<6.9s
[K     17/300       6.1G      1.112      1.682     0.8737      1.103          0         16        640: 42% ━━━━━─────── 18/43 4.9it/s 4.6s<5.1s
[K     17/300       6.1G      1.111      1.672     0.8728      1.105          0         16        640: 44% ━━━━━─────── 19/43 4.6it/s 4.8s<5.3s
[K     17/300       6.1G      1.108      1.667     0.8748      1.106          0         16        640: 47% ━━━━━╸────── 20/43 4.6it/s 5.1s<5.0s
[K     17/300       6.1G      1.106      1.665     0.8721      1.106          0         16        640: 49% ━━━━━╸────── 21/43 4.2it/s 5.4s<5.3s
[K     17/300       6.1G      1.106       1.66     0.8702      1.103          0         16        640: 51% ━━━━━━────── 22/43 5.0it/s 5.5s<4.2s
[K     17/300       6.1G      1.111      1.657     0.8693      1.102          0         16        640: 53% ━━━━━━────── 23/43 4.8it/s 5.8s<4.2s
[K     17/300       6.1G      1.114      1.659      0.869      1.101          0         16        640: 56% ━━━━━━╸───── 24/43 5.3it/s 5.9s<3.6s
[K     17/300       6.1G      1.116      1.656     0.8669      1.101          0         16        640: 58% ━━━━━━╸───── 25/43 4.3it/s 6.4s<4.2s
[K     17/300       6.1G      1.119      1.662     0.8698      1.104          0         16        640: 60% ━━━━━━━───── 26/43 5.4it/s 6.5s<3.2s
[K     17/300       6.1G      1.119      1.655     0.8721      1.103          0         16        640: 63% ━━━━━━━╸──── 27/43 6.1it/s 6.6s<2.6s
[K     17/300       6.1G      1.117      1.659      0.873      1.101          0         16        640: 65% ━━━━━━━╸──── 28/43 5.7it/s 6.8s<2.6s
[K     17/300       6.1G       1.12      1.661     0.8751      1.103          0         16        640: 67% ━━━━━━━━──── 29/43 5.0it/s 7.1s<2.8s
[K     17/300       6.1G      1.119       1.66     0.8738      1.102          0         16        640: 70% ━━━━━━━━──── 30/43 5.5it/s 7.3s<2.4s
[K     17/300       6.1G      1.119      1.659     0.8744        1.1          0         16        640: 72% ━━━━━━━━╸─── 31/43 5.4it/s 7.5s<2.2s
[K     17/300       6.1G      1.119      1.658     0.8735      1.099          0         16        640: 74% ━━━━━━━━╸─── 32/43 4.9it/s 7.7s<2.2s
[K     17/300       6.1G       1.12      1.663     0.8727      1.099          0         16        640: 77% ━━━━━━━━━─── 33/43 4.7it/s 8.0s<2.1s
[K     17/300       6.1G      1.122       1.67     0.8755      1.098          0         16        640: 79% ━━━━━━━━━─── 34/43 4.7it/s 8.2s<1.9s
[K     17/300       6.1G      1.123      1.671     0.8769      1.098          0         16        640: 81% ━━━━━━━━━╸── 35/43 5.3it/s 8.3s<1.5s
[K     17/300       6.1G      1.122      1.664     0.8776      1.098          0         16        640: 84% ━━━━━━━━━━── 36/43 5.3it/s 8.5s<1.3s
[K     17/300       6.1G      1.121      1.665      0.877      1.098          0         16        640: 86% ━━━━━━━━━━── 37/43 4.7it/s 8.8s<1.3s
[K     17/300       6.1G      1.124      1.667     0.8787      1.098          0         16        640: 88% ━━━━━━━━━━╸─ 38/43 4.4it/s 9.1s<1.1s
[K     17/300       6.1G      1.122      1.658     0.8786      1.099          0         16        640: 91% ━━━━━━━━━━╸─ 39/43 4.2it/s 9.4s<1.0s
[K     17/300       6.1G      1.122      1.659      0.877      1.098          0         16        640: 93% ━━━━━━━━━━━─ 40/43 4.1it/s 9.6s<0.7s
[K     17/300       6.1G      1.119      1.651      0.874      1.095          0         16        640: 95% ━━━━━━━━━━━─ 41/43 3.8it/s 10.0s<0.5s
[K     17/300       6.1G      1.118      1.635     0.8741      1.098          0          4        640: 98% ━━━━━━━━━━━╸ 42/43 5.2it/s 10.1s<0.2s
[K     17/300       6.1G      1.118      1.635     0.8741      1.098          0          4        640: 100% ━━━━━━━━━━━━ 43/43 4.3it/s 10.1s

[K                 Class     Images  Instances      Box(P          R      mAP50  mAP50-95)     Mask(P          R      mAP50  mAP50-95): 14% ━╸────────── 1/7 1.7it/s 0.2s<3.6s
[K                 Class     Images  Instances      Box(P          R      mAP50  mAP50-95)     Mask(P          R      mAP50  mAP50-95): 29% ━━━───────── 2/7 2.7it/s 0.4s<1.8s
[K                 Class     Images  Instances      Box(P          R      mAP50  mAP50-95)     Mask(P          R      mAP50  mAP50-95): 43% ━━━━━─────── 3/7 3.9it/s 0.5s<1.0s
[K                 Class     Images  Instances      Box(P          R      mAP50  mAP50-95)     Mask(P          R      mAP50  mAP50-95): 57% ━━━━━━╸───── 4/7 4.6it/s 0.7s<0.6s
[K                 Class     Images  Instances      Box(P          R      mAP50  mAP50-95)     Mask(P          R      mAP50  mAP50-95): 71% ━━━━━━━━╸─── 5/7 5.0it/s 0.8s<0.4s
[K                 Class     Images  Instances      Box(P          R      mAP50  mAP50-95)     Mask(P          R      mAP50  mAP50-95): 86% ━━━━━━━━━━── 6/7 5.1it/s 1.0s<0.2s
[K                 Class     Images  Instances      Box(P          R      mAP50  mAP50-95)     Mask(P          R      mAP50  mAP50-95): 100% ━━━━━━━━━━━━ 7/7 6.4it/s 1.1s
                   all        193       1049      0.855      0.657       0.74      0.549      0.855      0.657       0.74      0.524

      Epoch    GPU_mem   box_loss   seg_loss   cls_loss   dfl_loss   sem_loss  Instances       Size

[K     18/300       6.1G      1.063      1.444     0.7998      1.086          0         16        640: 0% ──────────── 0/43  0.1s
[K     18/300       6.1G      1.162      1.551     0.8581       1.09          0         16        640: 2% ──────────── 1/43 1.5it/s 0.4s<28.4s
[K     18/300       6.1G      1.121      1.524     0.8627      1.085          0         16        640: 5% ╸─────────── 2/43 2.0it/s 0.7s<20.3s
[K     18/300       6.1G      1.129      1.582     0.8647      1.081          0         16        640: 7% ╸─────────── 3/43 3.3it/s 0.8s<12.0s
[K     18/300       6.1G      1.129      1.582     0.8562      1.087          0         16        640: 9% ━─────────── 4/43 3.8it/s 1.0s<10.3s
[K     18/300       6.1G      1.114      1.575     0.8469      1.077          0         16        640: 12% ━─────────── 5/43 4.2it/s 1.2s<9.1s
[K     18/300       6.1G       1.11      1.598     0.8446      1.078          0         16        640: 14% ━╸────────── 6/43 4.3it/s 1.4s<8.7s
[K     18/300       6.1G      1.098      1.584     0.8427      1.077          0         16        640: 16% ━╸────────── 7/43 5.2it/s 1.6s<6.9s
[K     18/300       6.1G      1.103      1.596      0.843      1.079          0         16        640: 19% ━━────────── 8/43 5.0it/s 1.8s<6.9s
[K     18/300       6.1G      1.111      1.615     0.8465      1.083          0         16        640: 21% ━━╸───────── 9/43 5.2it/s 2.0s<6.5s
[K     18/300       6.1G       1.11      1.619     0.8415      1.083          0         16        640: 23% ━━╸───────── 10/43 4.3it/s 2.4s<7.6s
[K     18/300       6.1G      1.125      1.642     0.8515      1.082          0         16        640: 26% ━━━───────── 11/43 4.2it/s 2.7s<7.7s
[K     18/300       6.1G      1.126       1.65     0.8514      1.078          0         16        640: 28% ━━━───────── 12/43 5.0it/s 2.8s<6.2s
[K     18/300       6.1G       1.13      1.662     0.8693      1.089          0         16        640: 30% ━━━╸──────── 13/43 4.8it/s 3.0s<6.3s
[K     18/300       6.1G      1.131      1.678     0.8753      1.094          0         16        640: 33% ━━━╸──────── 14/43 4.3it/s 3.4s<6.8s
[K     18/300       6.1G      1.142      1.679     0.8757      1.092          0         16        640: 35% ━━━━──────── 15/43 4.2it/s 3.6s<6.6s
[K     18/300       6.1G      1.141      1.673      0.874      1.094          0         16        640: 37% ━━━━──────── 16/43 4.2it/s 3.8s<6.4s
[K     18/300       6.1G      1.141      1.677     0.8735      1.091          0         16        640: 40% ━━━━╸─────── 17/43 3.7it/s 4.2s<7.0s
[K     18/300       6.1G      1.146       1.69     0.8724      1.089          0         16        640: 42% ━━━━━─────── 18/43 3.4it/s 4.6s<7.3s
[K     18/300       6.1G      1.145      1.689     0.8731       1.09          0         16        640: 44% ━━━━━─────── 19/43 4.4it/s 4.7s<5.5s
[K     18/300       6.1G      1.145      1.695     0.8788      1.093          0         16        640: 47% ━━━━━╸────── 20/43 4.5it/s 5.0s<5.1s
[K     18/300       6.1G      1.143      1.691     0.8758      1.092          0         16        640: 49% ━━━━━╸────── 21/43 4.7it/s 5.2s<4.7s
[K     18/300       6.1G      1.141      1.687     0.8722      1.092          0         16        640: 51% ━━━━━━────── 22/43 4.0it/s 5.6s<5.2s
[K     18/300       6.1G      1.138      1.688     0.8695      1.089          0         16        640: 53% ━━━━━━────── 23/43 4.2it/s 5.8s<4.8s
[K     18/300       6.1G      1.139      1.681     0.8726      1.093          0         16        640: 56% ━━━━━━╸───── 24/43 4.6it/s 6.0s<4.1s
[K     18/300       6.1G      1.138      1.676     0.8742      1.094          0         16        640: 58% ━━━━━━╸───── 25/43 4.2it/s 6.3s<4.3s
[K     18/300       6.1G      1.139      1.676     0.8743      1.093          0         16        640: 60% ━━━━━━━───── 26/43 3.7it/s 6.7s<4.6s
[K     18/300       6.1G      1.139      1.681     0.8759      1.093          0         16        640: 63% ━━━━━━━╸──── 27/43 3.9it/s 6.9s<4.2s
[K     18/300       6.1G      1.141      1.686     0.8768      1.094          0         16        640: 65% ━━━━━━━╸──── 28/43 4.5it/s 7.1s<3.3s
[K     18/300       6.1G      1.143      1.681     0.8808      1.097          0         16        640: 67% ━━━━━━━━──── 29/43 5.1it/s 7.2s<2.7s
[K     18/300       6.1G      1.144      1.683     0.8823      1.097          0         16        640: 70% ━━━━━━━━──── 30/43 4.4it/s 7.6s<3.0s
[K     18/300       6.1G      1.138      1.673     0.8805      1.094          0         16        640: 72% ━━━━━━━━╸─── 31/43 4.5it/s 7.8s<2.7s
[K     18/300       6.1G      1.133      1.661     0.8773      1.093          0         16        640: 74% ━━━━━━━━╸─── 32/43 4.8it/s 8.0s<2.3s
[K     18/300       6.1G      1.132      1.658     0.8762      1.092          0         16        640: 77% ━━━━━━━━━─── 33/43 4.6it/s 8.2s<2.2s
[K     18/300       6.1G      1.128      1.651     0.8748      1.092          0         16        640: 79% ━━━━━━━━━─── 34/43 4.4it/s 8.5s<2.1s
[K     18/300       6.1G      1.126      1.651     0.8723       1.09          0         16        640: 81% ━━━━━━━━━╸── 35/43 5.4it/s 8.6s<1.5s
[K     18/300       6.1G       1.12      1.642     0.8683      1.088          0         16        640: 84% ━━━━━━━━━━── 36/43 6.2it/s 8.7s<1.1s
[K     18/300       6.1G      1.115      1.635     0.8649      1.087          0         16        640: 86% ━━━━━━━━━━── 37/43 6.1it/s 8.9s<1.0s
[K     18/300       6.1G      1.115      1.638     0.8652      1.089          0         16        640: 88% ━━━━━━━━━━╸─ 38/43 5.2it/s 9.2s<1.0s
[K     18/300       6.1G      1.113      1.639      0.863      1.088          0         16        640: 91% ━━━━━━━━━━╸─ 39/43 5.9it/s 9.4s<0.7s
[K     18/300       6.1G      1.112      1.634     0.8618      1.087          0         16        640: 93% ━━━━━━━━━━━─ 40/43 5.4it/s 9.6s<0.6s
[K     18/300       6.1G      1.111      1.633     0.8634      1.087          0         16        640: 95% ━━━━━━━━━━━─ 41/43 5.3it/s 9.8s<0.4s
[K     18/300       6.1G      1.109      1.628     0.8616      1.086          0          4        640: 98% ━━━━━━━━━━━╸ 42/43 5.0it/s 10.0s<0.2s
[K     18/300       6.1G      1.109      1.628     0.8616      1.086          0          4        640: 100% ━━━━━━━━━━━━ 43/43 4.3it/s 10.0s

[K                 Class     Images  Instances      Box(P          R      mAP50  mAP50-95)     Mask(P          R      mAP50  mAP50-95): 14% ━╸────────── 1/7 1.5it/s 0.2s<4.1s
[K                 Class     Images  Instances      Box(P          R      mAP50  mAP50-95)     Mask(P          R      mAP50  mAP50-95): 29% ━━━───────── 2/7 2.8it/s 0.4s<1.8s
[K                 Class     Images  Instances      Box(P          R      mAP50  mAP50-95)     Mask(P          R      mAP50  mAP50-95): 43% ━━━━━─────── 3/7 3.9it/s 0.5s<1.0s
[K                 Class     Images  Instances      Box(P          R      mAP50  mAP50-95)     Mask(P          R      mAP50  mAP50-95): 57% ━━━━━━╸───── 4/7 4.4it/s 0.7s<0.7s
[K                 Class     Images  Instances      Box(P          R      mAP50  mAP50-95)     Mask(P          R      mAP50  mAP50-95): 71% ━━━━━━━━╸─── 5/7 5.0it/s 0.9s<0.4s
[K                 Class     Images  Instances      Box(P          R      mAP50  mAP50-95)     Mask(P          R      mAP50  mAP50-95): 86% ━━━━━━━━━━── 6/7 5.0it/s 1.1s<0.2s
[K                 Class     Images  Instances      Box(P          R      mAP50  mAP50-95)     Mask(P          R      mAP50  mAP50-95): 100% ━━━━━━━━━━━━ 7/7 6.3it/s 1.1s
                   all        193       1049      0.862      0.664      0.735      0.539      0.862      0.664      0.739       0.53

      Epoch    GPU_mem   box_loss   seg_loss   cls_loss   dfl_loss   sem_loss  Instances       Size

[K     19/300       6.1G      1.004      1.323     0.8015      1.063          0         16        640: 0% ──────────── 0/43  0.1s
[K     19/300       6.1G      1.025      1.535     0.8052       1.04          0         16        640: 2% ──────────── 1/43 1.8it/s 0.3s<23.6s
[K     19/300       6.1G       1.04      1.585     0.8019      1.053          0         16        640: 5% ╸─────────── 2/43 2.4it/s 0.6s<17.2s
[K     19/300       6.1G      1.057      1.557     0.8066      1.075          0         16        640: 7% ╸─────────── 3/43 2.3it/s 1.0s<17.1s
[K     19/300       6.1G      1.032      1.534     0.7941      1.065          0         16        640: 9% ━─────────── 4/43 3.4it/s 1.2s<11.4s
[K     19/300       6.1G      1.045      1.549     0.8189      1.066          0         16        640: 12% ━─────────── 5/43 4.0it/s 1.4s<9.6s
[K     19/300       6.1G      1.046      1.544     0.8082      1.062          0         16        640: 14% ━╸────────── 6/43 3.9it/s 1.6s<9.6s
[K     19/300       6.1G       1.04      1.549     0.8044      1.055          0         16        640: 16% ━╸────────── 7/43 3.8it/s 1.9s<9.5s
[K     19/300       6.1G      1.051      1.597     0.8174      1.059          0         16        640: 19% ━━────────── 8/43 4.1it/s 2.1s<8.5s
[K     19/300       6.1G      1.061      1.621     0.8203      1.062          0         16        640: 21% ━━╸───────── 9/43 4.6it/s 2.3s<7.4s
[K     19/300       6.1G      1.078      1.621      0.821      1.063          0         16        640: 23% ━━╸───────── 10/43 5.0it/s 2.5s<6.6s
[K     19/300       6.1G      1.086      1.635     0.8221      1.061          0         16        640: 26% ━━━───────── 11/43 4.8it/s 2.7s<6.7s
[K     19/300       6.1G       1.09      1.649     0.8269      1.058          0         16        640: 28% ━━━───────── 12/43 5.5it/s 2.8s<5.7s
[K     19/300       6.1G      1.086      1.645     0.8295      1.059          0         16        640: 30% ━━━╸──────── 13/43 6.0it/s 3.0s<5.0s
[K     19/300       6.1G      1.088      1.634     0.8317      1.064          0         16        640: 33% ━━━╸──────── 14/43 5.0it/s 3.3s<5.8s
[K     19/300       6.1G      1.085      1.621     0.8275      1.064          0         16        640: 35% ━━━━──────── 15/43 4.6it/s 3.6s<6.1s
[K     19/300       6.1G      1.081      1.616     0.8317      1.067          0         16        640: 37% ━━━━──────── 16/43 5.2it/s 3.8s<5.2s
[K     19/300       6.1G      1.087      1.618     0.8379      1.066          0         16        640: 40% ━━━━╸─────── 17/43 5.3it/s 4.0s<4.9s
[K     19/300       6.1G      1.085      1.613     0.8363      1.067          0         16        640: 42% ━━━━━─────── 18/43 5.3it/s 4.1s<4.7s
[K     19/300       6.1G      1.087       1.62     0.8358      1.066          0         16        640: 44% ━━━━━─────── 19/43 4.9it/s 4.4s<4.9s
[K     19/300       6.1G      1.088      1.622     0.8366      1.066          0         16        640: 47% ━━━━━╸────── 20/43 5.4it/s 4.5s<4.3s
[K     19/300       6.1G       1.09      1.621     0.8413      1.067          0         16        640: 49% ━━━━━╸────── 21/43 6.1it/s 4.7s<3.6s
[K     19/300       6.1G      1.085      1.609     0.8393      1.065          0         16        640: 51% ━━━━━━────── 22/43 5.5it/s 4.9s<3.8s
[K     19/300       6.1G      1.088      1.601      0.841      1.066          0         16        640: 53% ━━━━━━────── 23/43 4.7it/s 5.3s<4.3s
[K     19/300       6.1G      1.085       1.59     0.8373      1.067          0         16        640: 56% ━━━━━━╸───── 24/43 4.9it/s 5.5s<3.9s
[K     19/300       6.1G      1.081      1.582     0.8345      1.066          0         16        640: 58% ━━━━━━╸───── 25/43 5.0it/s 5.7s<3.6s
[K     19/300       6.1G      1.085      1.603     0.8328      1.068          0         16        640: 60% ━━━━━━━───── 26/43 5.4it/s 5.8s<3.2s
[K     19/300       6.1G      1.085      1.603      0.835      1.068          0         16        640: 63% ━━━━━━━╸──── 27/43 4.6it/s 6.2s<3.5s
[K     19/300       6.1G      1.081      1.596     0.8339      1.068          0         16        640: 65% ━━━━━━━╸──── 28/43 5.4it/s 6.3s<2.8s
[K     19/300       6.1G      1.084      1.603      0.833      1.067          0         16        640: 67% ━━━━━━━━──── 29/43 5.2it/s 6.5s<2.7s
[K     19/300       6.1G      1.082      1.595     0.8299      1.067          0         16        640: 70% ━━━━━━━━──── 30/43 4.6it/s 6.8s<2.8s
[K     19/300       6.1G      1.087      1.603     0.8296      1.068          0         16        640: 72% ━━━━━━━━╸─── 31/43 4.0it/s 7.2s<3.0s
[K     19/300       6.1G      1.088      1.604     0.8304      1.067          0         16        640: 74% ━━━━━━━━╸─── 32/43 4.7it/s 7.4s<2.4s
[K     19/300       6.1G      1.094      1.614     0.8355      1.067          0         16        640: 77% ━━━━━━━━━─── 33/43 4.2it/s 7.7s<2.4s
[K     19/300       6.1G      1.095      1.611     0.8342      1.069          0         16        640: 79% ━━━━━━━━━─── 34/43 4.6it/s 7.9s<1.9s
[K     19/300       6.1G      1.096      1.612     0.8349      1.069          0         16        640: 81% ━━━━━━━━━╸── 35/43 4.5it/s 8.1s<1.8s
[K     19/300       6.1G      1.094      1.607     0.8335       1.07          0         16        640: 84% ━━━━━━━━━━── 36/43 4.7it/s 8.3s<1.5s
[K     19/300       6.1G      1.094      1.609     0.8384      1.073          0         16        640: 86% ━━━━━━━━━━── 37/43 4.4it/s 8.6s<1.4s
[K     19/300       6.1G      1.097      1.619     0.8409      1.075          0         16        640: 88% ━━━━━━━━━━╸─ 38/43 4.2it/s 8.9s<1.2s
[K     19/300       6.1G      1.097      1.619     0.8412      1.076          0         16        640: 91% ━━━━━━━━━━╸─ 39/43 3.8it/s 9.2s<1.1s
[K     19/300       6.1G      1.098      1.624     0.8423      1.076          0         16        640: 93% ━━━━━━━━━━━─ 40/43 4.6it/s 9.4s<0.7s
[K     19/300       6.1G      1.097      1.621     0.8429      1.077          0         16        640: 95% ━━━━━━━━━━━─ 41/43 5.4it/s 9.5s<0.4s
[K     19/300       6.1G      1.096      1.616     0.8444      1.076          0          4        640: 98% ━━━━━━━━━━━╸ 42/43 6.6it/s 9.6s<0.2s
[K     19/300       6.1G      1.096      1.616     0.8444      1.076          0          4        640: 100% ━━━━━━━━━━━━ 43/43 4.5it/s 9.6s

[K                 Class     Images  Instances      Box(P          R      mAP50  mAP50-95)     Mask(P          R      mAP50  mAP50-95): 14% ━╸────────── 1/7 1.1it/s 0.3s<5.4s
[K                 Class     Images  Instances      Box(P          R      mAP50  mAP50-95)     Mask(P          R      mAP50  mAP50-95): 29% ━━━───────── 2/7 2.3it/s 0.5s<2.2s
[K                 Class     Images  Instances      Box(P          R      mAP50  mAP50-95)     Mask(P          R      mAP50  mAP50-95): 43% ━━━━━─────── 3/7 3.4it/s 0.6s<1.2s
[K                 Class     Images  Instances      Box(P          R      mAP50  mAP50-95)     Mask(P          R      mAP50  mAP50-95): 57% ━━━━━━╸───── 4/7 4.2it/s 0.8s<0.7s
[K                 Class     Images  Instances      Box(P          R      mAP50  mAP50-95)     Mask(P          R      mAP50  mAP50-95): 71% ━━━━━━━━╸─── 5/7 4.7it/s 1.0s<0.4s
[K                 Class     Images  Instances      Box(P          R      mAP50  mAP50-95)     Mask(P          R      mAP50  mAP50-95): 86% ━━━━━━━━━━── 6/7 4.7it/s 1.2s<0.2s
[K                 Class     Images  Instances      Box(P          R      mAP50  mAP50-95)     Mask(P          R      mAP50  mAP50-95): 100% ━━━━━━━━━━━━ 7/7 5.6it/s 1.3s
                   all        193       1049      0.922      0.655      0.757      0.556      0.921      0.653      0.758      0.547

      Epoch    GPU_mem   box_loss   seg_loss   cls_loss   dfl_loss   sem_loss  Instances       Size

[K     20/300       6.1G        1.2      1.623     0.8315     0.9982          0         16        640: 0% ──────────── 0/43  0.2s
[K     20/300       6.1G      1.166      1.601     0.8593      1.059          0         16        640: 2% ──────────── 1/43 1.2it/s 0.5s<33.7s
[K     20/300       6.1G      1.161      1.692     0.8703      1.065          0         16        640: 5% ╸─────────── 2/43 2.3it/s 0.7s<18.1s
[K     20/300       6.1G      1.125      1.619      0.864      1.073          0         16        640: 7% ╸─────────── 3/43 3.3it/s 0.8s<12.0s
[K     20/300       6.1G      1.102      1.568      0.839      1.066          0         16        640: 9% ━─────────── 4/43 3.4it/s 1.1s<11.5s
[K     20/300       6.1G      1.084      1.553     0.8372       1.07          0         16        640: 12% ━─────────── 5/43 4.3it/s 1.3s<8.8s
[K     20/300       6.1G      1.091      1.563     0.8413      1.077          0         16        640: 14% ━╸────────── 6/43 4.4it/s 1.5s<8.4s
[K     20/300       6.1G      1.091      1.544     0.8382      1.073          0         16        640: 16% ━╸────────── 7/43 4.1it/s 1.8s<8.7s
[K     20/300       6.1G        1.1      1.548     0.8423      1.074          0         16        640: 19% ━━────────── 8/43 3.8it/s 2.1s<9.1s
[K     20/300       6.1G      1.099      1.534     0.8417      1.076          0         16        640: 21% ━━╸───────── 9/43 4.7it/s 2.3s<7.3s
[K     20/300       6.1G      1.098      1.547     0.8444      1.077          0         16        640: 23% ━━╸───────── 10/43 4.6it/s 2.5s<7.1s
[K     20/300       6.1G      1.098      1.557     0.8427      1.078          0         16        640: 26% ━━━───────── 11/43 4.3it/s 2.8s<7.5s
[K     20/300       6.1G      1.098      1.552     0.8454      1.078          0         16        640: 28% ━━━───────── 12/43 4.1it/s 3.0s<7.5s
[K     20/300       6.1G      1.102      1.549     0.8425       1.08          0         16        640: 30% ━━━╸──────── 13/43 4.7it/s 3.2s<6.4s
[K     20/300       6.1G        1.1      1.535      0.848      1.086          0         16        640: 33% ━━━╸──────── 14/43 4.2it/s 3.5s<6.9s
[K     20/300       6.1G      1.101      1.546     0.8516      1.087          0         16        640: 35% ━━━━──────── 15/43 4.1it/s 3.8s<6.8s
[K     20/300       6.1G      1.106      1.561     0.8557      1.093          0         16        640: 37% ━━━━──────── 16/43 4.4it/s 4.0s<6.1s
[K     20/300       6.1G      1.111       1.57      0.858      1.093          0         16        640: 40% ━━━━╸─────── 17/43 4.9it/s 4.1s<5.3s
[K     20/300       6.1G      1.115      1.568     0.8615      1.095          0         16        640: 42% ━━━━━─────── 18/43 4.8it/s 4.4s<5.2s
[K     20/300       6.1G      1.118      1.572     0.8617      1.092          0         16        640: 44% ━━━━━─────── 19/43 4.8it/s 4.6s<5.0s
[K     20/300       6.1G      1.114      1.568     0.8617      1.093          0         16        640: 47% ━━━━━╸────── 20/43 4.5it/s 4.8s<5.1s
[K     20/300       6.1G      1.113      1.573     0.8599      1.089          0         16        640: 49% ━━━━━╸────── 21/43 5.0it/s 5.0s<4.4s
[K     20/300       6.1G       1.11      1.569     0.8577      1.086          0         16        640: 51% ━━━━━━────── 22/43 5.2it/s 5.2s<4.1s
[K     20/300       6.1G      1.109      1.574      0.858      1.085          0         16        640: 53% ━━━━━━────── 23/43 5.9it/s 5.3s<3.4s
[K     20/300       6.1G       1.11      1.579      0.857      1.082          0         16        640: 56% ━━━━━━╸───── 24/43 5.1it/s 5.6s<3.7s
[K     20/300       6.1G      1.114       1.58     0.8579      1.085          0         16        640: 58% ━━━━━━╸───── 25/43 5.3it/s 5.8s<3.4s
[K     20/300       6.1G      1.112      1.577      0.858      1.085          0         16        640: 60% ━━━━━━━───── 26/43 5.9it/s 5.9s<2.9s
[K     20/300       6.1G      1.112      1.577     0.8608      1.085          0         16        640: 63% ━━━━━━━╸──── 27/43 5.2it/s 6.2s<3.1s
[K     20/300       6.1G      1.115      1.584     0.8638      1.089          0         16        640: 65% ━━━━━━━╸──── 28/43 4.7it/s 6.5s<3.2s
[K     20/300       6.1G      1.111      1.579     0.8617      1.088          0         16        640: 67% ━━━━━━━━──── 29/43 4.8it/s 6.7s<2.9s
[K     20/300       6.1G       1.11      1.578       0.86      1.087          0         16        640: 70% ━━━━━━━━──── 30/43 4.8it/s 6.9s<2.7s
[K     20/300       6.1G      1.108      1.579     0.8599      1.087          0         16        640: 72% ━━━━━━━━╸─── 31/43 4.9it/s 7.1s<2.5s
[K     20/300       6.1G      1.103      1.574     0.8588      1.086          0         16        640: 74% ━━━━━━━━╸─── 32/43 4.5it/s 7.3s<2.4s
[K     20/300       6.1G      1.103      1.581     0.8598      1.085          0         16        640: 77% ━━━━━━━━━─── 33/43 4.7it/s 7.5s<2.1s
[K     20/300       6.1G      1.102      1.587     0.8614      1.084          0         16        640: 79% ━━━━━━━━━─── 34/43 5.5it/s 7.7s<1.6s
[K     20/300       6.1G      1.101      1.588      0.863      1.086          0         16        640: 81% ━━━━━━━━━╸── 35/43 5.4it/s 7.9s<1.5s
[K     20/300       6.1G      1.099      1.584     0.8608      1.086          0         16        640: 84% ━━━━━━━━━━── 36/43 4.8it/s 8.1s<1.5s
[K     20/300       6.1G      1.099      1.584     0.8618      1.086          0         16        640: 86% ━━━━━━━━━━── 37/43 5.3it/s 8.3s<1.1s
[K     20/300       6.1G      1.097      1.582     0.8601      1.085          0         16        640: 88% ━━━━━━━━━━╸─ 38/43 6.0it/s 8.4s<0.8s
[K     20/300       6.1G        1.1       1.59     0.8607      1.085          0         16        640: 91% ━━━━━━━━━━╸─ 39/43 5.3it/s 8.7s<0.7s
[K     20/300       6.1G      1.098      1.581     0.8596      1.086          0         16        640: 93% ━━━━━━━━━━━─ 40/43 5.2it/s 8.9s<0.6s
[K     20/300       6.1G      1.099      1.583     0.8592      1.087          0         16        640: 95% ━━━━━━━━━━━─ 41/43 4.8it/s 9.2s<0.4s
[K     20/300       6.1G      1.096      1.577     0.8593      1.087          0          4        640: 98% ━━━━━━━━━━━╸ 42/43 4.8it/s 9.4s<0.2s
[K     20/300       6.1G      1.096      1.577     0.8593      1.087          0          4        640: 100% ━━━━━━━━━━━━ 43/43 4.6it/s 9.4s

[K                 Class     Images  Instances      Box(P          R      mAP50  mAP50-95)     Mask(P          R      mAP50  mAP50-95): 14% ━╸────────── 1/7 1.5it/s 0.2s<4.0s
[K                 Class     Images  Instances      Box(P          R      mAP50  mAP50-95)     Mask(P          R      mAP50  mAP50-95): 29% ━━━───────── 2/7 2.6it/s 0.4s<1.9s
[K                 Class     Images  Instances      Box(P          R      mAP50  mAP50-95)     Mask(P          R      mAP50  mAP50-95): 43% ━━━━━─────── 3/7 3.8it/s 0.5s<1.1s
[K                 Class     Images  Instances      Box(P          R      mAP50  mAP50-95)     Mask(P          R      mAP50  mAP50-95): 57% ━━━━━━╸───── 4/7 4.6it/s 0.7s<0.7s
[K                 Class     Images  Instances      Box(P          R      mAP50  mAP50-95)     Mask(P          R      mAP50  mAP50-95): 71% ━━━━━━━━╸─── 5/7 5.1it/s 0.9s<0.4s
[K                 Class     Images  Instances      Box(P          R      mAP50  mAP50-95)     Mask(P          R      mAP50  mAP50-95): 86% ━━━━━━━━━━── 6/7 5.2it/s 1.0s<0.2s
[K                 Class     Images  Instances      Box(P          R      mAP50  mAP50-95)     Mask(P          R      mAP50  mAP50-95): 100% ━━━━━━━━━━━━ 7/7 6.4it/s 1.1s
                   all        193       1049      0.882      0.671      0.757       0.54      0.881      0.671      0.754      0.539

      Epoch    GPU_mem   box_loss   seg_loss   cls_loss   dfl_loss   sem_loss  Instances       Size

[K     21/300       6.1G      1.263      1.695     0.9632       1.21          0         16        640: 0% ──────────── 0/43  0.2s
[K     21/300       6.1G      1.152      1.699     0.8854      1.152          0         16        640: 2% ──────────── 1/43 1.2s/it 0.6s<49.8s
[K     21/300       6.1G      1.149      1.698     0.8711      1.138          0         16        640: 5% ╸─────────── 2/43 1.9it/s 0.8s<21.6s
[K     21/300       6.1G      1.156      1.674     0.8727      1.141          0         16        640: 7% ╸─────────── 3/43 2.4it/s 1.1s<16.5s
[K     21/300       6.1G      1.155      1.718     0.8593      1.117          0         16        640: 9% ━─────────── 4/43 3.3it/s 1.2s<11.6s
[K     21/300       6.1G      1.165      1.719     0.8682       1.12          0         16        640: 12% ━─────────── 5/43 3.4it/s 1.5s<11.0s
[K     21/300       6.1G      1.163      1.713     0.8712      1.114          0         16        640: 14% ━╸────────── 6/43 4.2it/s 1.7s<8.8s
[K     21/300       6.1G      1.138      1.669      0.858      1.109          0         16        640: 16% ━╸────────── 7/43 4.0it/s 2.0s<9.0s
[K     21/300       6.1G      1.134      1.656     0.8558      1.106          0         16        640: 19% ━━────────── 8/43 4.6it/s 2.1s<7.6s
[K     21/300       6.1G       1.14       1.64     0.8605      1.116          0         16        640: 21% ━━╸───────── 9/43 4.1it/s 2.5s<8.4s
[K     21/300       6.1G      1.137      1.635     0.8628      1.116          0         16        640: 23% ━━╸───────── 10/43 4.5it/s 2.7s<7.3s
[K     21/300       6.1G      1.124      1.604      0.866      1.115          0         16        640: 26% ━━━───────── 11/43 4.8it/s 2.9s<6.7s
[K     21/300       6.1G      1.117      1.592     0.8642      1.109          0         16        640: 28% ━━━───────── 12/43 4.5it/s 3.1s<7.0s
[K     21/300       6.1G      1.108      1.581     0.8568      1.106          0         16        640: 30% ━━━╸──────── 13/43 3.9it/s 3.5s<7.7s
[K     21/300       6.1G      1.108      1.568      0.854      1.106          0         16        640: 33% ━━━╸──────── 14/43 4.3it/s 3.7s<6.8s
[K     21/300       6.1G      1.099      1.548     0.8482        1.1          0         16        640: 35% ━━━━──────── 15/43 4.6it/s 3.9s<6.1s
[K     21/300       6.1G        1.1      1.546     0.8444      1.099          0         16        640: 37% ━━━━──────── 16/43 4.8it/s 4.1s<5.7s
[K     21/300       6.1G      1.097      1.535     0.8437      1.099          0         16        640: 40% ━━━━╸─────── 17/43 4.8it/s 4.3s<5.5s
[K     21/300       6.1G       1.09      1.542     0.8424      1.093          0         16        640: 42% ━━━━━─────── 18/43 4.9it/s 4.5s<5.1s
[K     21/300       6.1G      1.088      1.544     0.8424      1.093          0         16        640: 44% ━━━━━─────── 19/43 5.0it/s 4.7s<4.8s
[K     21/300       6.1G      1.085      1.536      0.839      1.089          0         16        640: 47% ━━━━━╸────── 20/43 5.3it/s 4.8s<4.4s
[K     21/300       6.1G      1.084      1.544     0.8382       1.09          0         16        640: 49% ━━━━━╸────── 21/43 4.8it/s 5.1s<4.6s
[K     21/300       6.1G      1.091      1.566     0.8468       1.09          0         16        640: 51% ━━━━━━────── 22/43 4.8it/s 5.3s<4.4s
[K     21/300       6.1G      1.086      1.566     0.8459      1.089          0         16        640: 53% ━━━━━━────── 23/43 4.5it/s 5.6s<4.5s
[K     21/300       6.1G       1.09      1.575     0.8461      1.089          0         16        640: 56% ━━━━━━╸───── 24/43 4.6it/s 5.8s<4.1s
[K     21/300       6.1G      1.086      1.573     0.8414      1.087          0         16        640: 58% ━━━━━━╸───── 25/43 4.3it/s 6.1s<4.2s
[K     21/300       6.1G      1.084      1.569     0.8396      1.086          0         16        640: 60% ━━━━━━━───── 26/43 4.8it/s 6.2s<3.5s
[K     21/300       6.1G      1.084      1.566     0.8407       1.09          0         16        640: 63% ━━━━━━━╸──── 27/43 4.7it/s 6.5s<3.4s
[K     21/300       6.1G      1.084      1.564     0.8395       1.09          0         16        640: 65% ━━━━━━━╸──── 28/43 4.1it/s 6.8s<3.7s
[K     21/300       6.1G      1.087      1.571     0.8418      1.089          0         16        640: 67% ━━━━━━━━──── 29/43 3.7it/s 7.2s<3.8s
[K     21/300       6.1G      1.087      1.568     0.8435      1.091          0         16        640: 70% ━━━━━━━━──── 30/43 4.6it/s 7.4s<2.8s
[K     21/300       6.1G      1.091      1.574     0.8442       1.09          0         16        640: 72% ━━━━━━━━╸─── 31/43 4.7it/s 7.6s<2.5s
[K     21/300       6.1G       1.09      1.577     0.8438       1.09          0         16        640: 74% ━━━━━━━━╸─── 32/43 4.7it/s 7.8s<2.3s
[K     21/300       6.1G      1.086      1.573     0.8397      1.088          0         16        640: 77% ━━━━━━━━━─── 33/43 4.0it/s 8.2s<2.5s
[K     21/300       6.1G      1.085      1.574     0.8379      1.087          0         16        640: 79% ━━━━━━━━━─── 34/43 4.3it/s 8.4s<2.1s
[K     21/300       6.1G      1.087       1.58     0.8393      1.087          0         16        640: 81% ━━━━━━━━━╸── 35/43 5.1it/s 8.5s<1.6s
[K     21/300       6.1G      1.088      1.585     0.8391      1.086          0         16        640: 84% ━━━━━━━━━━── 36/43 5.1it/s 8.7s<1.4s
[K     21/300       6.1G      1.087      1.583     0.8368      1.085          0         16        640: 86% ━━━━━━━━━━── 37/43 4.3it/s 9.1s<1.4s
[K     21/300       6.1G      1.087      1.582     0.8363      1.083          0         16        640: 88% ━━━━━━━━━━╸─ 38/43 5.4it/s 9.2s<0.9s
[K     21/300       6.1G      1.086       1.58     0.8363      1.083          0         16        640: 91% ━━━━━━━━━━╸─ 39/43 5.4it/s 9.4s<0.7s
[K     21/300       6.1G      1.086      1.578     0.8379      1.083          0         16        640: 93% ━━━━━━━━━━━─ 40/43 5.0it/s 9.7s<0.6s
[K     21/300       6.1G      1.084      1.573     0.8369      1.083          0         16        640: 95% ━━━━━━━━━━━─ 41/43 4.2it/s 10.1s<0.5s
[K     21/300       6.1G      1.084      1.578     0.8366      1.084          0          4        640: 98% ━━━━━━━━━━━╸ 42/43 5.0it/s 10.3s<0.2s
[K     21/300       6.1G      1.084      1.578     0.8366      1.084          0          4        640: 100% ━━━━━━━━━━━━ 43/43 4.2it/s 10.3s

[K                 Class     Images  Instances      Box(P          R      mAP50  mAP50-95)     Mask(P          R      mAP50  mAP50-95): 14% ━╸────────── 1/7 1.7it/s 0.2s<3.5s
[K                 Class     Images  Instances      Box(P          R      mAP50  mAP50-95)     Mask(P          R      mAP50  mAP50-95): 29% ━━━───────── 2/7 2.7it/s 0.4s<1.9s
[K                 Class     Images  Instances      Box(P          R      mAP50  mAP50-95)     Mask(P          R      mAP50  mAP50-95): 43% ━━━━━─────── 3/7 3.5it/s 0.6s<1.1s
[K                 Class     Images  Instances      Box(P          R      mAP50  mAP50-95)     Mask(P          R      mAP50  mAP50-95): 57% ━━━━━━╸───── 4/7 4.3it/s 0.7s<0.7s
[K                 Class     Images  Instances      Box(P          R      mAP50  mAP50-95)     Mask(P          R      mAP50  mAP50-95): 71% ━━━━━━━━╸─── 5/7 4.8it/s 0.9s<0.4s
[K                 Class     Images  Instances      Box(P          R      mAP50  mAP50-95)     Mask(P          R      mAP50  mAP50-95): 86% ━━━━━━━━━━── 6/7 5.1it/s 1.1s<0.2s
[K                 Class     Images  Instances      Box(P          R      mAP50  mAP50-95)     Mask(P          R      mAP50  mAP50-95): 100% ━━━━━━━━━━━━ 7/7 6.3it/s 1.1s
                   all        193       1049      0.877      0.677      0.765      0.571      0.878      0.678      0.761      0.548

      Epoch    GPU_mem   box_loss   seg_loss   cls_loss   dfl_loss   sem_loss  Instances       Size

[K     22/300       6.1G      1.092      1.529      0.846      1.089          0         16        640: 0% ──────────── 0/43  0.2s
[K     22/300       6.1G      1.099      1.514      0.872      1.085          0         16        640: 2% ──────────── 1/43 1.5it/s 0.4s<28.8s
[K     22/300       6.1G      1.103      1.586     0.8698       1.08          0         16        640: 5% ╸─────────── 2/43 2.2it/s 0.7s<18.3s
[K     22/300       6.1G      1.079      1.566     0.8446      1.077          0         16        640: 7% ╸─────────── 3/43 2.8it/s 0.9s<14.5s
[K     22/300       6.1G      1.088      1.621       0.85      1.072          0         16        640: 9% ━─────────── 4/43 3.2it/s 1.1s<12.1s
[K     22/300       6.1G      1.088      1.597     0.8485      1.073          0         16        640: 12% ━─────────── 5/43 4.3it/s 1.3s<8.8s
[K     22/300       6.1G      1.061      1.557     0.8299      1.064          0         16        640: 14% ━╸────────── 6/43 4.3it/s 1.5s<8.6s
[K     22/300       6.1G      1.052      1.544      0.827      1.063          0         16        640: 16% ━╸────────── 7/43 4.2it/s 1.8s<8.6s
[K     22/300       6.1G      1.052      1.548     0.8237      1.068          0         16        640: 19% ━━────────── 8/43 4.4it/s 2.0s<8.0s
[K     22/300       6.1G      1.057      1.547     0.8294      1.069          0         16        640: 21% ━━╸───────── 9/43 4.3it/s 2.2s<7.9s
[K     22/300       6.1G      1.055      1.551     0.8312      1.075          0         16        640: 23% ━━╸───────── 10/43 3.8it/s 2.6s<8.7s
[K     22/300       6.1G      1.063      1.561      0.843      1.081          0         16        640: 26% ━━━───────── 11/43 3.9it/s 2.8s<8.2s
[K     22/300       6.1G       1.06      1.557     0.8488       1.08          0         16        640: 28% ━━━───────── 12/43 4.6it/s 3.0s<6.7s
[K     22/300       6.1G      1.064       1.57     0.8487      1.078          0         16        640: 30% ━━━╸──────── 13/43 4.3it/s 3.3s<7.0s
[K     22/300       6.1G      1.061      1.566     0.8454      1.083          0         16        640: 33% ━━━╸──────── 14/43 4.2it/s 3.5s<6.8s
[K     22/300       6.1G      1.059      1.567     0.8447      1.081          0         16        640: 35% ━━━━──────── 15/43 5.1it/s 3.7s<5.5s
[K     22/300       6.1G      1.058      1.565     0.8431       1.08          0         16        640: 37% ━━━━──────── 16/43 4.9it/s 3.9s<5.6s
[K     22/300       6.1G      1.059      1.567     0.8468      1.079          0         16        640: 40% ━━━━╸─────── 17/43 5.3it/s 4.1s<4.9s
[K     22/300       6.1G      1.062      1.563     0.8502      1.081          0         16        640: 42% ━━━━━─────── 18/43 4.6it/s 4.4s<5.5s
[K     22/300       6.1G      1.066      1.557     0.8504       1.08          0         16        640: 44% ━━━━━─────── 19/43 5.0it/s 4.6s<4.8s
[K     22/300       6.1G      1.064      1.559     0.8461      1.078          0         16        640: 47% ━━━━━╸────── 20/43 4.9it/s 4.8s<4.7s
[K     22/300       6.1G      1.061      1.557      0.845      1.076          0         16        640: 49% ━━━━━╸────── 21/43 4.7it/s 5.0s<4.6s
[K     22/300       6.1G       1.06      1.552     0.8449      1.074          0         16        640: 51% ━━━━━━────── 22/43 4.4it/s 5.3s<4.7s
[K     22/300       6.1G      1.057      1.542     0.8439      1.073          0         16        640: 53% ━━━━━━────── 23/43 4.6it/s 5.5s<4.3s
[K     22/300       6.1G      1.055      1.545      0.845      1.072          0         16        640: 56% ━━━━━━╸───── 24/43 5.6it/s 5.6s<3.4s
[K     22/300       6.1G      1.053      1.549     0.8443      1.071          0         16        640: 58% ━━━━━━╸───── 25/43 6.2it/s 5.8s<2.9s
[K     22/300       6.1G      1.053      1.557     0.8421       1.07          0         16        640: 60% ━━━━━━━───── 26/43 5.3it/s 6.1s<3.2s
[K     22/300       6.1G      1.049      1.554     0.8397      1.068          0         16        640: 63% ━━━━━━━╸──── 27/43 4.6it/s 6.4s<3.5s
[K     22/300       6.1G      1.049      1.555     0.8399      1.068          0         16        640: 65% ━━━━━━━╸──── 28/43 5.2it/s 6.5s<2.9s
[K     22/300       6.1G      1.048      1.552     0.8403      1.068          0         16        640: 67% ━━━━━━━━──── 29/43 5.2it/s 6.7s<2.7s
[K     22/300       6.1G      1.047       1.55     0.8389      1.066          0         16        640: 70% ━━━━━━━━──── 30/43 4.7it/s 7.0s<2.8s
[K     22/300       6.1G      1.048      1.552     0.8385      1.067          0         16        640: 72% ━━━━━━━━╸─── 31/43 4.5it/s 7.3s<2.7s
[K     22/300       6.1G      1.049      1.559     0.8387      1.067          0         16        640: 74% ━━━━━━━━╸─── 32/43 4.3it/s 7.5s<2.6s
[K     22/300       6.1G      1.048      1.556     0.8377      1.066          0         16        640: 77% ━━━━━━━━━─── 33/43 4.7it/s 7.7s<2.1s
[K     22/300       6.1G      1.044      1.553     0.8349      1.065          0         16        640: 79% ━━━━━━━━━─── 34/43 4.3it/s 8.0s<2.1s
[K     22/300       6.1G      1.045      1.553      0.834      1.066          0         16        640: 81% ━━━━━━━━━╸── 35/43 4.8it/s 8.2s<1.7s
[K     22/300       6.1G      1.048      1.554     0.8356      1.067          0         16        640: 84% ━━━━━━━━━━── 36/43 4.6it/s 8.4s<1.5s
[K     22/300       6.1G      1.049      1.553     0.8345      1.067          0         16        640: 86% ━━━━━━━━━━── 37/43 4.5it/s 8.6s<1.3s
[K     22/300       6.1G      1.053      1.555     0.8343      1.068          0         16        640: 88% ━━━━━━━━━━╸─ 38/43 4.4it/s 8.9s<1.1s
[K     22/300       6.1G      1.052      1.554     0.8342      1.067          0         16        640: 91% ━━━━━━━━━━╸─ 39/43 4.5it/s 9.1s<0.9s
[K     22/300       6.1G      1.053      1.561     0.8356      1.067          0         16        640: 93% ━━━━━━━━━━━─ 40/43 4.7it/s 9.3s<0.6s
[K     22/300       6.1G      1.054      1.564     0.8348      1.068          0         16        640: 95% ━━━━━━━━━━━─ 41/43 4.6it/s 9.5s<0.4s
[K     22/300       6.1G      1.048      1.546     0.8332      1.068          0          4        640: 98% ━━━━━━━━━━━╸ 42/43 4.5it/s 9.7s<0.2s
[K     22/300       6.1G      1.048      1.546     0.8332      1.068          0          4        640: 100% ━━━━━━━━━━━━ 43/43 4.4it/s 9.7s

[K                 Class     Images  Instances      Box(P          R      mAP50  mAP50-95)     Mask(P          R      mAP50  mAP50-95): 14% ━╸────────── 1/7 1.1it/s 0.3s<5.6s
[K                 Class     Images  Instances      Box(P          R      mAP50  mAP50-95)     Mask(P          R      mAP50  mAP50-95): 29% ━━━───────── 2/7 2.5it/s 0.5s<2.0s
[K                 Class     Images  Instances      Box(P          R      mAP50  mAP50-95)     Mask(P          R      mAP50  mAP50-95): 43% ━━━━━─────── 3/7 3.6it/s 0.6s<1.1s
[K                 Class     Images  Instances      Box(P          R      mAP50  mAP50-95)     Mask(P          R      mAP50  mAP50-95): 57% ━━━━━━╸───── 4/7 4.2it/s 0.8s<0.7s
[K                 Class     Images  Instances      Box(P          R      mAP50  mAP50-95)     Mask(P          R      mAP50  mAP50-95): 71% ━━━━━━━━╸─── 5/7 4.5it/s 1.0s<0.4s
[K                 Class     Images  Instances      Box(P          R      mAP50  mAP50-95)     Mask(P          R      mAP50  mAP50-95): 86% ━━━━━━━━━━── 6/7 4.8it/s 1.2s<0.2s
[K                 Class     Images  Instances      Box(P          R      mAP50  mAP50-95)     Mask(P          R      mAP50  mAP50-95): 100% ━━━━━━━━━━━━ 7/7 5.8it/s 1.2s
                   all        193       1049      0.874      0.658      0.745      0.546      0.856      0.672      0.744      0.522

      Epoch    GPU_mem   box_loss   seg_loss   cls_loss   dfl_loss   sem_loss  Instances       Size

[K     23/300       6.1G      1.053      1.694     0.9593      1.089          0         16        640: 0% ──────────── 0/43  0.1s
[K     23/300       6.1G      1.024      1.672     0.8646      1.079          0         16        640: 2% ──────────── 1/43 2.3it/s 0.3s<18.0s
[K     23/300       6.1G      1.014      1.572     0.8303       1.07          0         16        640: 5% ╸─────────── 2/43 3.1it/s 0.5s<13.4s
[K     23/300       6.1G      1.023      1.605     0.8219      1.075          0         16        640: 7% ╸─────────── 3/43 3.3it/s 0.7s<12.3s
[K     23/300       6.1G      1.046      1.617      0.835      1.075          0         16        640: 9% ━─────────── 4/43 4.7it/s 0.9s<8.3s
[K     23/300       6.1G      1.056      1.599     0.8343       1.07          0         16        640: 12% ━─────────── 5/43 4.2it/s 1.2s<9.0s
[K     23/300       6.1G      1.066      1.615     0.8355      1.077          0         16        640: 14% ━╸────────── 6/43 4.4it/s 1.4s<8.5s
[K     23/300       6.1G       1.06      1.581     0.8198      1.067          0         16        640: 16% ━╸────────── 7/43 4.2it/s 1.7s<8.5s
[K     23/300       6.1G      1.051      1.555     0.8279      1.066          0         16        640: 19% ━━────────── 8/43 4.5it/s 1.8s<7.7s
[K     23/300       6.1G      1.041       1.56     0.8193      1.061          0         16        640: 21% ━━╸───────── 9/43 5.0it/s 2.0s<6.8s
[K     23/300       6.1G      1.045      1.547     0.8153       1.06          0         16        640: 23% ━━╸───────── 10/43 4.7it/s 2.3s<7.1s
[K     23/300       6.1G      1.047      1.531     0.8178      1.067          0         16        640: 26% ━━━───────── 11/43 4.2it/s 2.6s<7.6s
[K     23/300       6.1G      1.049      1.541     0.8215      1.069          0         16        640: 28% ━━━───────── 12/43 5.1it/s 2.7s<6.1s
[K     23/300       6.1G      1.056       1.55     0.8292      1.066          0         16        640: 30% ━━━╸──────── 13/43 5.1it/s 2.9s<5.9s
[K     23/300       6.1G      1.051      1.551     0.8263      1.067          0         16        640: 33% ━━━╸──────── 14/43 5.6it/s 3.1s<5.2s
[K     23/300       6.1G      1.048      1.544     0.8224      1.064          0         16        640: 35% ━━━━──────── 15/43 5.0it/s 3.3s<5.6s
[K     23/300       6.1G      1.046      1.538     0.8224      1.062          0         16        640: 37% ━━━━──────── 16/43 5.0it/s 3.5s<5.4s
[K     23/300       6.1G      1.051      1.539     0.8272      1.061          0         16        640: 40% ━━━━╸─────── 17/43 4.7it/s 3.8s<5.6s
[K     23/300       6.1G      1.046       1.53     0.8248      1.059          0         16        640: 42% ━━━━━─────── 18/43 4.5it/s 4.0s<5.5s
[K     23/300       6.1G      1.041      1.516     0.8202      1.056          0         16        640: 44% ━━━━━─────── 19/43 4.2it/s 4.3s<5.8s
[K     23/300       6.1G      1.037      1.513      0.819      1.055          0         16        640: 47% ━━━━━╸────── 20/43 5.1it/s 4.5s<4.5s
[K     23/300       6.1G      1.034      1.509     0.8158      1.052          0         16        640: 49% ━━━━━╸────── 21/43 4.9it/s 4.7s<4.5s
[K     23/300       6.1G      1.036      1.508      0.816      1.056          0         16        640: 51% ━━━━━━────── 22/43 4.3it/s 5.1s<4.9s
[K     23/300       6.1G      1.031        1.5     0.8127      1.055          0         16        640: 53% ━━━━━━────── 23/43 4.1it/s 5.3s<4.8s
[K     23/300       6.1G      1.031      1.499     0.8119      1.054          0         16        640: 56% ━━━━━━╸───── 24/43 5.0it/s 5.5s<3.8s
[K     23/300       6.1G      1.029      1.492     0.8095      1.053          0         16        640: 58% ━━━━━━╸───── 25/43 4.9it/s 5.7s<3.7s
[K     23/300       6.1G      1.029      1.498     0.8084      1.052          0         16        640: 60% ━━━━━━━───── 26/43 4.6it/s 5.9s<3.7s
[K     23/300       6.1G      1.029      1.502     0.8093      1.052          0         16        640: 63% ━━━━━━━╸──── 27/43 4.5it/s 6.2s<3.6s
[K     23/300       6.1G      1.028      1.499     0.8063      1.051          0         16        640: 65% ━━━━━━━╸──── 28/43 4.7it/s 6.3s<3.2s
[K     23/300       6.1G       1.03      1.507     0.8065      1.051          0         16        640: 67% ━━━━━━━━──── 29/43 4.6it/s 6.6s<3.0s
[K     23/300       6.1G      1.029      1.506      0.807      1.052          0         16        640: 70% ━━━━━━━━──── 30/43 5.3it/s 6.7s<2.4s
[K     23/300       6.1G       1.03      1.507     0.8059      1.052          0         16        640: 72% ━━━━━━━━╸─── 31/43 4.6it/s 7.0s<2.6s
[K     23/300       6.1G       1.03       1.51     0.8053      1.052          0         16        640: 74% ━━━━━━━━╸─── 32/43 4.8it/s 7.2s<2.3s
[K     23/300       6.1G       1.03       1.51     0.8043      1.051          0         16        640: 77% ━━━━━━━━━─── 33/43 5.3it/s 7.4s<1.9s
[K     23/300       6.1G      1.032      1.514     0.8032      1.053          0         16        640: 79% ━━━━━━━━━─── 34/43 5.5it/s 7.6s<1.6s
[K     23/300       6.1G      1.032      1.514      0.803      1.053          0         16        640: 81% ━━━━━━━━━╸── 35/43 5.5it/s 7.7s<1.5s
[K     23/300       6.1G      1.032      1.512     0.8028      1.052          0         16        640: 84% ━━━━━━━━━━── 36/43 5.8it/s 7.9s<1.2s
[K     23/300       6.1G      1.032      1.513     0.8027      1.051          0         16        640: 86% ━━━━━━━━━━── 37/43 6.2it/s 8.0s<1.0s
[K     23/300       6.1G      1.032      1.515     0.8028       1.05          0         16        640: 88% ━━━━━━━━━━╸─ 38/43 6.1it/s 8.2s<0.8s
[K     23/300       6.1G      1.032      1.512     0.8029      1.049          0         16        640: 91% ━━━━━━━━━━╸─ 39/43 5.1it/s 8.6s<0.8s
[K     23/300       6.1G      1.029      1.508     0.8009      1.048          0         16        640: 93% ━━━━━━━━━━━─ 40/43 5.1it/s 8.8s<0.6s
[K     23/300       6.1G      1.026        1.5     0.8007      1.048          0         16        640: 95% ━━━━━━━━━━━─ 41/43 5.6it/s 8.9s<0.4s
[K     23/300       6.1G      1.018      1.483     0.7969      1.046          0          4        640: 98% ━━━━━━━━━━━╸ 42/43 5.3it/s 9.2s<0.2s
[K     23/300       6.1G      1.018      1.483     0.7969      1.046          0          4        640: 100% ━━━━━━━━━━━━ 43/43 4.7it/s 9.2s

[K                 Class     Images  Instances      Box(P          R      mAP50  mAP50-95)     Mask(P          R      mAP50  mAP50-95): 14% ━╸────────── 1/7 1.2it/s 0.2s<5.0s
[K                 Class     Images  Instances      Box(P          R      mAP50  mAP50-95)     Mask(P          R      mAP50  mAP50-95): 29% ━━━───────── 2/7 2.7it/s 0.4s<1.8s
[K                 Class     Images  Instances      Box(P          R      mAP50  mAP50-95)     Mask(P          R      mAP50  mAP50-95): 43% ━━━━━─────── 3/7 3.7it/s 0.6s<1.1s
[K                 Class     Images  Instances      Box(P          R      mAP50  mAP50-95)     Mask(P          R      mAP50  mAP50-95): 57% ━━━━━━╸───── 4/7 4.3it/s 0.8s<0.7s
[K                 Class     Images  Instances      Box(P          R      mAP50  mAP50-95)     Mask(P          R      mAP50  mAP50-95): 71% ━━━━━━━━╸─── 5/7 4.8it/s 0.9s<0.4s
[K                 Class     Images  Instances      Box(P          R      mAP50  mAP50-95)     Mask(P          R      mAP50  mAP50-95): 86% ━━━━━━━━━━── 6/7 5.1it/s 1.1s<0.2s
[K                 Class     Images  Instances      Box(P          R      mAP50  mAP50-95)     Mask(P          R      mAP50  mAP50-95): 100% ━━━━━━━━━━━━ 7/7 6.1it/s 1.1s
                   all        193       1049      0.879      0.657      0.756      0.563      0.876      0.655      0.757      0.545

      Epoch    GPU_mem   box_loss   seg_loss   cls_loss   dfl_loss   sem_loss  Instances       Size

[K     24/300       6.1G     0.9808      1.448     0.7733       1.09          0         16        640: 0% ──────────── 0/43  0.2s
[K     24/300       6.1G     0.9779       1.36     0.7684      1.084          0         16        640: 2% ──────────── 1/43 1.6it/s 0.4s<25.5s
[K     24/300       6.1G     0.9684      1.358     0.7714      1.067          0         16        640: 5% ╸─────────── 2/43 2.6it/s 0.6s<15.5s
[K     24/300       6.1G     0.9994      1.431     0.7942      1.062          0         16        640: 7% ╸─────────── 3/43 4.2it/s 0.7s<9.6s
[K     24/300       6.1G     0.9986      1.466     0.8026      1.054          0         16        640: 9% ━─────────── 4/43 4.0it/s 1.0s<9.7s
[K     24/300       6.1G      1.006      1.469     0.8112      1.056          0         16        640: 12% ━─────────── 5/43 5.0it/s 1.1s<7.6s
[K     24/300       6.1G      1.014      1.506      0.823      1.063          0         16        640: 14% ━╸────────── 6/43 4.7it/s 1.4s<8.0s
[K     24/300       6.1G      1.023      1.499     0.8197      1.058          0         16        640: 16% ━╸────────── 7/43 4.4it/s 1.6s<8.1s
[K     24/300       6.1G      1.032      1.525     0.8385      1.068          0         16        640: 19% ━━────────── 8/43 4.2it/s 1.9s<8.3s
[K     24/300       6.1G      1.018      1.492     0.8236      1.057          0         16        640: 21% ━━╸───────── 9/43 4.5it/s 2.1s<7.6s
[K     24/300       6.1G      1.012      1.485      0.817      1.056          0         16        640: 23% ━━╸───────── 10/43 4.5it/s 2.3s<7.3s
[K     24/300       6.1G       1.03      1.527     0.8338      1.063          0         16        640: 26% ━━━───────── 11/43 4.1it/s 2.6s<7.8s
[K     24/300       6.1G       1.02      1.505     0.8358       1.06          0         16        640: 28% ━━━───────── 12/43 3.9it/s 2.9s<8.0s
[K     24/300       6.1G      1.023      1.515     0.8369      1.064          0         16        640: 30% ━━━╸──────── 13/43 4.0it/s 3.2s<7.4s
[K     24/300       6.1G      1.023      1.523      0.837      1.061          0         16        640: 33% ━━━╸──────── 14/43 4.9it/s 3.3s<5.9s
[K     24/300       6.1G      1.032      1.519     0.8393      1.064          0         16        640: 35% ━━━━──────── 15/43 4.7it/s 3.5s<6.0s
[K     24/300       6.1G      1.036      1.532     0.8408      1.066          0         16        640: 37% ━━━━──────── 16/43 4.3it/s 3.8s<6.2s
[K     24/300       6.1G      1.031      1.528     0.8369      1.064          0         16        640: 40% ━━━━╸─────── 17/43 4.9it/s 4.0s<5.3s
[K     24/300       6.1G      1.035      1.528     0.8387      1.068          0         16        640: 42% ━━━━━─────── 18/43 5.1it/s 4.2s<4.9s
[K     24/300       6.1G      1.039      1.535     0.8407      1.064          0         16        640: 44% ━━━━━─────── 19/43 5.1it/s 4.3s<4.7s
[K     24/300       6.1G      1.041      1.536     0.8392      1.066          0         16        640: 47% ━━━━━╸────── 20/43 4.4it/s 4.7s<5.3s
[K     24/300       6.1G      1.038      1.545     0.8349      1.064          0         16        640: 49% ━━━━━╸────── 21/43 4.4it/s 5.0s<5.0s
[K     24/300       6.1G      1.042      1.555     0.8355      1.062          0         16        640: 51% ━━━━━━────── 22/43 4.6it/s 5.1s<4.5s
[K     24/300       6.1G      1.044      1.557      0.836      1.062          0         16        640: 53% ━━━━━━────── 23/43 5.0it/s 5.3s<4.0s
[K     24/300       6.1G      1.048      1.566     0.8399      1.064          0         16        640: 56% ━━━━━━╸───── 24/43 4.2it/s 5.7s<4.5s
[K     24/300       6.1G      1.048      1.565     0.8393      1.065          0         16        640: 58% ━━━━━━╸───── 25/43 4.5it/s 5.9s<4.0s
[K     24/300       6.1G      1.045      1.562     0.8371      1.064          0         16        640: 60% ━━━━━━━───── 26/43 5.2it/s 6.1s<3.3s
[K     24/300       6.1G      1.046      1.564     0.8331      1.064          0         16        640: 63% ━━━━━━━╸──── 27/43 5.3it/s 6.3s<3.0s
[K     24/300       6.1G      1.045      1.559     0.8325      1.063          0         16        640: 65% ━━━━━━━╸──── 28/43 4.5it/s 6.6s<3.4s
[K     24/300       6.1G      1.048      1.566      0.835      1.063          0         16        640: 67% ━━━━━━━━──── 29/43 4.3it/s 6.9s<3.2s
[K     24/300       6.1G      1.043      1.554     0.8313      1.062          0         16        640: 70% ━━━━━━━━──── 30/43 4.9it/s 7.1s<2.7s
[K     24/300       6.1G      1.044       1.55     0.8295      1.062          0         16        640: 72% ━━━━━━━━╸─── 31/43 4.8it/s 7.3s<2.5s
[K     24/300       6.1G      1.047      1.543       0.83      1.062          0         16        640: 74% ━━━━━━━━╸─── 32/43 4.5it/s 7.5s<2.4s
[K     24/300       6.1G      1.048      1.541     0.8294      1.062          0         16        640: 77% ━━━━━━━━━─── 33/43 4.5it/s 7.8s<2.2s
[K     24/300       6.1G       1.05      1.539     0.8282      1.063          0         16        640: 79% ━━━━━━━━━─── 34/43 4.4it/s 8.0s<2.0s
[K     24/300       6.1G      1.045      1.528     0.8247      1.062          0         16        640: 81% ━━━━━━━━━╸── 35/43 4.6it/s 8.2s<1.7s
[K     24/300       6.1G      1.044      1.525     0.8235       1.06          0         16        640: 84% ━━━━━━━━━━── 36/43 4.2it/s 8.5s<1.7s
[K     24/300       6.1G      1.044      1.525      0.822       1.06          0         16        640: 86% ━━━━━━━━━━── 37/43 4.3it/s 8.7s<1.4s
[K     24/300       6.1G      1.044       1.52     0.8209       1.06          0         16        640: 88% ━━━━━━━━━━╸─ 38/43 4.8it/s 8.9s<1.0s
[K     24/300       6.1G      1.045      1.517       0.82      1.061          0         16        640: 91% ━━━━━━━━━━╸─ 39/43 4.8it/s 9.1s<0.8s
[K     24/300       6.1G      1.041       1.51     0.8184      1.059          0         16        640: 93% ━━━━━━━━━━━─ 40/43 4.4it/s 9.4s<0.7s
[K     24/300       6.1G       1.04       1.51     0.8169      1.058          0         16        640: 95% ━━━━━━━━━━━─ 41/43 4.1it/s 9.7s<0.5s
[K     24/300       6.1G      1.044      1.512     0.8163      1.059          0          4        640: 98% ━━━━━━━━━━━╸ 42/43 4.9it/s 9.8s<0.2s
[K     24/300       6.1G      1.044      1.512     0.8163      1.059          0          4        640: 100% ━━━━━━━━━━━━ 43/43 4.4it/s 9.8s

[K                 Class     Images  Instances      Box(P          R      mAP50  mAP50-95)     Mask(P          R      mAP50  mAP50-95): 14% ━╸────────── 1/7 1.1it/s 0.3s<5.3s
[K                 Class     Images  Instances      Box(P          R      mAP50  mAP50-95)     Mask(P          R      mAP50  mAP50-95): 29% ━━━───────── 2/7 2.6it/s 0.4s<1.9s
[K                 Class     Images  Instances      Box(P          R      mAP50  mAP50-95)     Mask(P          R      mAP50  mAP50-95): 43% ━━━━━─────── 3/7 3.6it/s 0.6s<1.1s
[K                 Class     Images  Instances      Box(P          R      mAP50  mAP50-95)     Mask(P          R      mAP50  mAP50-95): 57% ━━━━━━╸───── 4/7 4.3it/s 0.8s<0.7s
[K                 Class     Images  Instances      Box(P          R      mAP50  mAP50-95)     Mask(P          R      mAP50  mAP50-95): 71% ━━━━━━━━╸─── 5/7 4.6it/s 1.0s<0.4s
[K                 Class     Images  Instances      Box(P          R      mAP50  mAP50-95)     Mask(P          R      mAP50  mAP50-95): 86% ━━━━━━━━━━── 6/7 4.9it/s 1.1s<0.2s
[K                 Class     Images  Instances      Box(P          R      mAP50  mAP50-95)     Mask(P          R      mAP50  mAP50-95): 100% ━━━━━━━━━━━━ 7/7 5.9it/s 1.2s
                   all        193       1049      0.879      0.657      0.755      0.551       0.88      0.658      0.754      0.543

      Epoch    GPU_mem   box_loss   seg_loss   cls_loss   dfl_loss   sem_loss  Instances       Size

[K     25/300       6.1G      1.092      1.418     0.7888      1.085          0         16        640: 0% ──────────── 0/43  0.1s
[K     25/300       6.1G      1.056      1.496     0.8198      1.051          0         16        640: 2% ──────────── 1/43 1.0it/s 0.4s<41.3s
[K     25/300       6.1G      1.049      1.457     0.8024      1.041          0         16        640: 5% ╸─────────── 2/43 2.5it/s 0.6s<16.5s
[K     25/300       6.1G      1.054      1.487     0.8154      1.037          0         16        640: 7% ╸─────────── 3/43 3.3it/s 0.8s<12.1s
[K     25/300       6.1G      1.029      1.461     0.7987      1.029          0         16        640: 9% ━─────────── 4/43 3.4it/s 1.1s<11.5s
[K     25/300       6.1G      1.033      1.468     0.7937      1.034          0         16        640: 12% ━─────────── 5/43 3.4it/s 1.4s<11.2s
[K     25/300       6.1G      1.043      1.486     0.7943      1.032          0         16        640: 14% ━╸────────── 6/43 4.6it/s 1.5s<8.1s
[K     25/300       6.1G      1.049      1.493     0.7886      1.031          0         16        640: 16% ━╸────────── 7/43 4.6it/s 1.7s<7.8s
[K     25/300       6.1G      1.042      1.481     0.7822      1.031          0         16        640: 19% ━━────────── 8/43 4.6it/s 1.9s<7.7s
[K     25/300       6.1G      1.043      1.488     0.7786      1.029          0         16        640: 21% ━━╸───────── 9/43 4.0it/s 2.3s<8.4s
[K     25/300       6.1G      1.042      1.505      0.779      1.033          0         16        640: 23% ━━╸───────── 10/43 4.2it/s 2.5s<7.9s
[K     25/300       6.1G      1.042      1.513     0.7834      1.034          0         16        640: 26% ━━━───────── 11/43 3.9it/s 2.8s<8.1s
[K     25/300       6.1G      1.047      1.517     0.7832      1.034          0         16        640: 28% ━━━───────── 12/43 4.8it/s 2.9s<6.4s
[K     25/300       6.1G      1.045      1.518     0.7854      1.032          0         16        640: 30% ━━━╸──────── 13/43 4.9it/s 3.1s<6.1s
[K     25/300       6.1G      1.049      1.517     0.7841      1.032          0         16        640: 33% ━━━╸──────── 14/43 5.0it/s 3.3s<5.8s
[K     25/300       6.1G      1.052      1.513      0.789      1.035          0         16        640: 35% ━━━━──────── 15/43 5.4it/s 3.5s<5.1s
[K     25/300       6.1G      1.061      1.534     0.7964      1.035          0         16        640: 37% ━━━━──────── 16/43 4.8it/s 3.8s<5.6s
[K     25/300       6.1G      1.064      1.548     0.7972      1.035          0         16        640: 40% ━━━━╸─────── 17/43 4.3it/s 4.1s<6.1s
[K     25/300       6.1G      1.059      1.535     0.7941      1.033          0         16        640: 42% ━━━━━─────── 18/43 4.2it/s 4.4s<5.9s
[K     25/300       6.1G      1.053      1.525     0.7883      1.032          0         16        640: 44% ━━━━━─────── 19/43 4.0it/s 4.6s<5.9s
[K     25/300       6.1G      1.051      1.527     0.7898      1.031          0         16        640: 47% ━━━━━╸────── 20/43 4.9it/s 4.8s<4.7s
[K     25/300       6.1G      1.051      1.517     0.7956      1.035          0         16        640: 49% ━━━━━╸────── 21/43 4.6it/s 5.0s<4.7s
[K     25/300       6.1G       1.05      1.514     0.7959      1.036          0         16        640: 51% ━━━━━━────── 22/43 4.8it/s 5.2s<4.4s
[K     25/300       6.1G      1.051      1.514     0.7963      1.036          0         16        640: 53% ━━━━━━────── 23/43 5.1it/s 5.4s<3.9s
[K     25/300       6.1G       1.05      1.516     0.7932      1.035          0         16        640: 56% ━━━━━━╸───── 24/43 5.5it/s 5.5s<3.5s
[K     25/300       6.1G      1.056      1.524     0.7971      1.037          0         16        640: 58% ━━━━━━╸───── 25/43 4.9it/s 5.8s<3.7s
[K     25/300       6.1G      1.053      1.512     0.7965      1.037          0         16        640: 60% ━━━━━━━───── 26/43 4.7it/s 6.1s<3.6s
[K     25/300       6.1G      1.048      1.507     0.7968      1.036          0         16        640: 63% ━━━━━━━╸──── 27/43 4.6it/s 6.3s<3.5s
[K     25/300       6.1G      1.049      1.504     0.7976      1.036          0         16        640: 65% ━━━━━━━╸──── 28/43 5.4it/s 6.4s<2.8s
[K     25/300       6.1G      1.049      1.509     0.7985      1.038          0         16        640: 67% ━━━━━━━━──── 29/43 5.4it/s 6.6s<2.6s
[K     25/300       6.1G      1.048      1.509     0.7976      1.038          0         16        640: 70% ━━━━━━━━──── 30/43 5.0it/s 6.9s<2.6s
[K     25/300       6.1G      1.048      1.509     0.7982      1.039          0         16        640: 72% ━━━━━━━━╸─── 31/43 5.2it/s 7.0s<2.3s
[K     25/300       6.1G      1.052      1.522     0.7989      1.039          0         16        640: 74% ━━━━━━━━╸─── 32/43 4.9it/s 7.3s<2.3s
[K     25/300       6.1G      1.048      1.511     0.7963      1.039          0         16        640: 77% ━━━━━━━━━─── 33/43 4.5it/s 7.5s<2.2s
[K     25/300       6.1G      1.051      1.515     0.7978      1.038          0         16        640: 79% ━━━━━━━━━─── 34/43 5.0it/s 7.7s<1.8s
[K     25/300       6.1G      1.049      1.516     0.7976      1.039          0         16        640: 81% ━━━━━━━━━╸── 35/43 5.3it/s 7.9s<1.5s
[K     25/300       6.1G      1.047      1.511     0.7958       1.04          0         16        640: 84% ━━━━━━━━━━── 36/43 5.5it/s 8.0s<1.3s
[K     25/300       6.1G      1.047      1.514     0.7968       1.04          0         16        640: 86% ━━━━━━━━━━── 37/43 5.0it/s 8.3s<1.2s
[K     25/300       6.1G      1.047      1.518     0.7972      1.041          0         16        640: 88% ━━━━━━━━━━╸─ 38/43 5.4it/s 8.5s<0.9s
[K     25/300       6.1G      1.045      1.521     0.7967      1.041          0         16        640: 91% ━━━━━━━━━━╸─ 39/43 5.7it/s 8.6s<0.7s
[K     25/300       6.1G      1.046      1.524     0.7958       1.04          0         16        640: 93% ━━━━━━━━━━━─ 40/43 4.9it/s 8.9s<0.6s
[K     25/300       6.1G      1.044      1.518     0.7958      1.041          0         16        640: 95% ━━━━━━━━━━━─ 41/43 4.4it/s 9.3s<0.5s
[K     25/300       6.1G      1.048       1.53     0.7994      1.041          0          4        640: 98% ━━━━━━━━━━━╸ 42/43 5.0it/s 9.4s<0.2s
[K     25/300       6.1G      1.048       1.53     0.7994      1.041          0          4        640: 100% ━━━━━━━━━━━━ 43/43 4.6it/s 9.4s

[K                 Class     Images  Instances      Box(P          R      mAP50  mAP50-95)     Mask(P          R      mAP50  mAP50-95): 14% ━╸────────── 1/7 1.7it/s 0.2s<3.6s
[K                 Class     Images  Instances      Box(P          R      mAP50  mAP50-95)     Mask(P          R      mAP50  mAP50-95): 29% ━━━───────── 2/7 2.7it/s 0.4s<1.9s
[K                 Class     Images  Instances      Box(P          R      mAP50  mAP50-95)     Mask(P          R      mAP50  mAP50-95): 43% ━━━━━─────── 3/7 3.6it/s 0.6s<1.1s
[K                 Class     Images  Instances      Box(P          R      mAP50  mAP50-95)     Mask(P          R      mAP50  mAP50-95): 57% ━━━━━━╸───── 4/7 4.4it/s 0.7s<0.7s
[K                 Class     Images  Instances      Box(P          R      mAP50  mAP50-95)     Mask(P          R      mAP50  mAP50-95): 71% ━━━━━━━━╸─── 5/7 4.8it/s 0.9s<0.4s
[K                 Class     Images  Instances      Box(P          R      mAP50  mAP50-95)     Mask(P          R      mAP50  mAP50-95): 86% ━━━━━━━━━━── 6/7 5.0it/s 1.1s<0.2s
[K                 Class     Images  Instances      Box(P          R      mAP50  mAP50-95)     Mask(P          R      mAP50  mAP50-95): 100% ━━━━━━━━━━━━ 7/7 6.3it/s 1.1s
                   all        193       1049      0.868      0.684      0.761      0.571      0.865      0.683      0.763      0.553

      Epoch    GPU_mem   box_loss   seg_loss   cls_loss   dfl_loss   sem_loss  Instances       Size

[K     26/300       6.1G     0.9682      1.191     0.7299      1.104          0         16        640: 0% ──────────── 0/43  0.1s
[K     26/300       6.1G      1.051      1.455     0.7896      1.101          0         16        640: 2% ──────────── 1/43 1.0it/s 0.4s<40.6s
[K     26/300       6.1G      1.033      1.438     0.7877      1.096          0         16        640: 5% ╸─────────── 2/43 2.1it/s 0.7s<19.9s
[K     26/300       6.1G      1.056      1.478     0.7984      1.089          0         16        640: 7% ╸─────────── 3/43 3.0it/s 0.9s<13.3s
[K     26/300       6.1G      1.038      1.411     0.8137      1.102          0         16        640: 9% ━─────────── 4/43 4.4it/s 1.0s<8.9s
[K     26/300       6.1G      1.059      1.515     0.8298      1.092          0         16        640: 12% ━─────────── 5/43 4.1it/s 1.3s<9.2s
[K     26/300       6.1G      1.057      1.504     0.8291      1.084          0         16        640: 14% ━╸────────── 6/43 4.1it/s 1.5s<8.9s
[K     26/300       6.1G      1.032      1.467     0.8114      1.073          0         16        640: 16% ━╸────────── 7/43 4.6it/s 1.7s<7.9s
[K     26/300       6.1G      1.035      1.521     0.8112      1.068          0         16        640: 19% ━━────────── 8/43 4.5it/s 1.9s<7.8s
[K     26/300       6.1G      1.032      1.497     0.8068      1.067          0         16        640: 21% ━━╸───────── 9/43 5.4it/s 2.1s<6.3s
[K     26/300       6.1G      1.022      1.484     0.8026      1.061          0         16        640: 23% ━━╸───────── 10/43 5.0it/s 2.3s<6.6s
[K     26/300       6.1G       1.02      1.485     0.8042      1.064          0         16        640: 26% ━━━───────── 11/43 4.7it/s 2.5s<6.8s
[K     26/300       6.1G      1.013      1.466     0.7982      1.061          0         16        640: 28% ━━━───────── 12/43 4.5it/s 2.8s<6.9s
[K     26/300       6.1G      1.007      1.473     0.7952      1.058          0         16        640: 30% ━━━╸──────── 13/43 4.8it/s 3.0s<6.2s
[K     26/300       6.1G      1.005      1.464     0.8049       1.06          0         16        640: 33% ━━━╸──────── 14/43 4.4it/s 3.3s<6.5s
[K     26/300       6.1G      1.016      1.488     0.8081      1.061          0         16        640: 35% ━━━━──────── 15/43 4.7it/s 3.4s<6.0s
[K     26/300       6.1G      1.014      1.489      0.803      1.058          0         16        640: 37% ━━━━──────── 16/43 4.8it/s 3.6s<5.6s
[K     26/300       6.1G      1.013      1.472     0.8026      1.056          0         16        640: 40% ━━━━╸─────── 17/43 4.9it/s 3.8s<5.4s
[K     26/300       6.1G      1.014      1.465     0.8006      1.053          0         16        640: 42% ━━━━━─────── 18/43 4.8it/s 4.1s<5.3s
[K     26/300       6.1G      1.015      1.467     0.8022      1.053          0         16        640: 44% ━━━━━─────── 19/43 5.1it/s 4.2s<4.7s
[K     26/300       6.1G      1.019      1.463     0.8048      1.061          0         16        640: 47% ━━━━━╸────── 20/43 5.6it/s 4.4s<4.1s
[K     26/300       6.1G      1.022      1.478     0.8058      1.061          0         16        640: 49% ━━━━━╸────── 21/43 4.9it/s 4.7s<4.5s
[K     26/300       6.1G      1.021      1.469     0.8047      1.063          0         16        640: 51% ━━━━━━────── 22/43 4.1it/s 5.1s<5.1s
[K     26/300       6.1G       1.02      1.473     0.8031      1.062          0         16        640: 53% ━━━━━━────── 23/43 4.1it/s 5.4s<4.9s
[K     26/300       6.1G      1.017      1.466     0.8053      1.063          0         16        640: 56% ━━━━━━╸───── 24/43 4.3it/s 5.6s<4.5s
[K     26/300       6.1G       1.02      1.479     0.8062      1.062          0         16        640: 58% ━━━━━━╸───── 25/43 5.0it/s 5.7s<3.6s
[K     26/300       6.1G      1.017      1.466     0.8041      1.061          0         16        640: 60% ━━━━━━━───── 26/43 4.3it/s 6.1s<3.9s
[K     26/300       6.1G      1.016      1.467     0.8031      1.059          0         16        640: 63% ━━━━━━━╸──── 27/43 5.0it/s 6.3s<3.2s
[K     26/300       6.1G      1.014      1.469     0.8027      1.057          0         16        640: 65% ━━━━━━━╸──── 28/43 5.1it/s 6.5s<3.0s
[K     26/300       6.1G      1.013      1.465      0.803      1.058          0         16        640: 67% ━━━━━━━━──── 29/43 5.0it/s 6.7s<2.8s
[K     26/300       6.1G      1.014      1.461     0.8052      1.059          0         16        640: 70% ━━━━━━━━──── 30/43 4.8it/s 6.9s<2.7s
[K     26/300       6.1G      1.018      1.462     0.8055      1.059          0         16        640: 72% ━━━━━━━━╸─── 31/43 5.0it/s 7.1s<2.4s
[K     26/300       6.1G      1.014      1.451     0.8033      1.058          0         16        640: 74% ━━━━━━━━╸─── 32/43 4.5it/s 7.4s<2.4s
[K     26/300       6.1G      1.012       1.45     0.8026      1.056          0         16        640: 77% ━━━━━━━━━─── 33/43 4.6it/s 7.6s<2.2s
[K     26/300       6.1G      1.012      1.443     0.8036      1.058          0         16        640: 79% ━━━━━━━━━─── 34/43 4.4it/s 7.8s<2.0s
[K     26/300       6.1G      1.015      1.448     0.8064      1.058          0         16        640: 81% ━━━━━━━━━╸── 35/43 5.3it/s 8.0s<1.5s
[K     26/300       6.1G      1.014      1.445     0.8054      1.058          0         16        640: 84% ━━━━━━━━━━── 36/43 6.0it/s 8.1s<1.2s
[K     26/300       6.1G      1.014      1.445     0.8046      1.059          0         16        640: 86% ━━━━━━━━━━── 37/43 6.4it/s 8.2s<0.9s
[K     26/300       6.1G       1.02      1.445     0.8092      1.061          0         16        640: 88% ━━━━━━━━━━╸─ 38/43 5.3it/s 8.6s<0.9s
[K     26/300       6.1G      1.022      1.448     0.8094      1.062          0         16        640: 91% ━━━━━━━━━━╸─ 39/43 4.9it/s 8.8s<0.8s
[K     26/300       6.1G      1.021      1.447     0.8099      1.061          0         16        640: 93% ━━━━━━━━━━━─ 40/43 4.9it/s 9.1s<0.6s
[K     26/300       6.1G      1.019      1.441     0.8081      1.061          0         16        640: 95% ━━━━━━━━━━━─ 41/43 5.3it/s 9.2s<0.4s
[K     26/300       6.1G      1.017      1.438     0.8119      1.064          0          4        640: 98% ━━━━━━━━━━━╸ 42/43 4.7it/s 9.5s<0.2s
[K     26/300       6.1G      1.017      1.438     0.8119      1.064          0          4        640: 100% ━━━━━━━━━━━━ 43/43 4.5it/s 9.5s

[K                 Class     Images  Instances      Box(P          R      mAP50  mAP50-95)     Mask(P          R      mAP50  mAP50-95): 14% ━╸────────── 1/7 1.4it/s 0.2s<4.4s
[K                 Class     Images  Instances      Box(P          R      mAP50  mAP50-95)     Mask(P          R      mAP50  mAP50-95): 29% ━━━───────── 2/7 3.0it/s 0.4s<1.7s
[K                 Class     Images  Instances      Box(P          R      mAP50  mAP50-95)     Mask(P          R      mAP50  mAP50-95): 43% ━━━━━─────── 3/7 4.0it/s 0.5s<1.0s
[K                 Class     Images  Instances      Box(P          R      mAP50  mAP50-95)     Mask(P          R      mAP50  mAP50-95): 57% ━━━━━━╸───── 4/7 4.5it/s 0.7s<0.7s
[K                 Class     Images  Instances      Box(P          R      mAP50  mAP50-95)     Mask(P          R      mAP50  mAP50-95): 71% ━━━━━━━━╸─── 5/7 5.0it/s 0.9s<0.4s
[K                 Class     Images  Instances      Box(P          R      mAP50  mAP50-95)     Mask(P          R      mAP50  mAP50-95): 86% ━━━━━━━━━━── 6/7 5.2it/s 1.0s<0.2s
[K                 Class     Images  Instances      Box(P          R      mAP50  mAP50-95)     Mask(P          R      mAP50  mAP50-95): 100% ━━━━━━━━━━━━ 7/7 6.5it/s 1.1s
                   all        193       1049        0.9       0.68       0.77      0.589      0.905      0.683      0.773      0.563

      Epoch    GPU_mem   box_loss   seg_loss   cls_loss   dfl_loss   sem_loss  Instances       Size

[K     27/300       6.1G     0.9975      1.389     0.8562      1.114          0         16        640: 0% ──────────── 0/43  0.1s
[K     27/300       6.1G     0.9965      1.364     0.8522      1.108          0         16        640: 2% ──────────── 1/43 2.3it/s 0.3s<18.2s
[K     27/300       6.1G      1.004      1.313     0.8446      1.107          0         16        640: 5% ╸─────────── 2/43 2.9it/s 0.5s<14.1s
[K     27/300       6.1G      1.006      1.364     0.8286      1.087          0         16        640: 7% ╸─────────── 3/43 3.0it/s 0.8s<13.2s
[K     27/300       6.1G     0.9902      1.336     0.8131      1.076          0         16        640: 9% ━─────────── 4/43 3.9it/s 1.0s<10.0s
[K     27/300       6.1G     0.9862      1.339      0.808      1.068          0         16        640: 12% ━─────────── 5/43 4.7it/s 1.1s<8.1s
[K     27/300       6.1G     0.9845      1.381      0.814      1.069          0         16        640: 14% ━╸────────── 6/43 4.9it/s 1.3s<7.5s
[K     27/300       6.1G     0.9815      1.415     0.8112      1.064          0         16        640: 16% ━╸────────── 7/43 4.4it/s 1.6s<8.2s
[K     27/300       6.1G     0.9804      1.408     0.8074      1.056          0         16        640: 19% ━━────────── 8/43 4.4it/s 1.8s<8.0s
[K     27/300       6.1G     0.9787      1.386     0.8001      1.058          0         16        640: 21% ━━╸───────── 9/43 5.1it/s 2.0s<6.7s
[K     27/300       6.1G     0.9737      1.385      0.797      1.054          0         16        640: 23% ━━╸───────── 10/43 5.5it/s 2.1s<5.9s
[K     27/300       6.1G     0.9764      1.408     0.7975      1.056          0         16        640: 26% ━━━───────── 11/43 4.8it/s 2.5s<6.7s
[K     27/300       6.1G     0.9712      1.399     0.7975      1.055          0         16        640: 28% ━━━───────── 12/43 5.2it/s 2.6s<6.0s
[K     27/300       6.1G     0.9694       1.38     0.7952      1.054          0         16        640: 30% ━━━╸──────── 13/43 5.3it/s 2.8s<5.7s
[K     27/300       6.1G     0.9671      1.372     0.7907      1.054          0         16        640: 33% ━━━╸──────── 14/43 5.3it/s 3.0s<5.5s
[K     27/300       6.1G      0.961      1.364     0.7851       1.05          0         16        640: 35% ━━━━──────── 15/43 4.7it/s 3.3s<6.0s
[K     27/300       6.1G     0.9602      1.363     0.7879      1.051          0         16        640: 37% ━━━━──────── 16/43 5.1it/s 3.5s<5.3s
[K     27/300       6.1G      0.952      1.356     0.7813      1.049          0         16        640: 40% ━━━━╸─────── 17/43 5.4it/s 3.6s<4.8s
[K     27/300       6.1G     0.9538      1.366     0.7818      1.047          0         16        640: 42% ━━━━━─────── 18/43 5.3it/s 3.8s<4.7s
[K     27/300       6.1G     0.9567      1.368     0.7818      1.045          0         16        640: 44% ━━━━━─────── 19/43 4.5it/s 4.2s<5.4s
[K     27/300       6.1G     0.9537      1.368      0.779      1.046          0         16        640: 47% ━━━━━╸────── 20/43 4.6it/s 4.4s<5.0s
[K     27/300       6.1G     0.9518      1.363      0.781       1.05          0         16        640: 49% ━━━━━╸────── 21/43 5.0it/s 4.6s<4.4s
[K     27/300       6.1G     0.9493      1.376     0.7816      1.049          0         16        640: 51% ━━━━━━────── 22/43 5.8it/s 4.7s<3.6s
[K     27/300       6.1G      0.954      1.383     0.7833      1.049          0         16        640: 53% ━━━━━━────── 23/43 4.7it/s 5.2s<4.2s
[K     27/300       6.1G     0.9555      1.391     0.7834      1.046          0         16        640: 56% ━━━━━━╸───── 24/43 4.6it/s 5.4s<4.1s
[K     27/300       6.1G     0.9547      1.395     0.7821      1.046          0         16        640: 58% ━━━━━━╸───── 25/43 4.6it/s 5.7s<3.9s
[K     27/300       6.1G      0.957      1.401      0.784      1.048          0         16        640: 60% ━━━━━━━───── 26/43 4.3it/s 5.9s<3.9s
[K     27/300       6.1G     0.9594      1.407     0.7837      1.049          0         16        640: 63% ━━━━━━━╸──── 27/43 4.1it/s 6.2s<3.9s
[K     27/300       6.1G     0.9589      1.406     0.7827      1.049          0         16        640: 65% ━━━━━━━╸──── 28/43 4.3it/s 6.4s<3.5s
[K     27/300       6.1G     0.9601      1.407     0.7798      1.047          0         16        640: 67% ━━━━━━━━──── 29/43 5.1it/s 6.6s<2.8s
[K     27/300       6.1G     0.9609      1.407     0.7804      1.046          0         16        640: 70% ━━━━━━━━──── 30/43 5.5it/s 6.7s<2.3s
[K     27/300       6.1G     0.9634       1.41     0.7804      1.047          0         16        640: 72% ━━━━━━━━╸─── 31/43 4.6it/s 7.1s<2.6s
[K     27/300       6.1G     0.9663      1.417       0.78      1.047          0         16        640: 74% ━━━━━━━━╸─── 32/43 4.4it/s 7.4s<2.5s
[K     27/300       6.1G     0.9671      1.421     0.7792      1.045          0         16        640: 77% ━━━━━━━━━─── 33/43 4.2it/s 7.6s<2.4s
