"mismatch_order","split","order","gt_count","pred_count","extra_predictions","missing_predictions","abs_count_diff","image","output"
"1","train","5","0","1","1","0","1","E:\mastercode\data\test\images\train\IMG_20260706_095609.jpg","E:\mastercode\ultralytics-main-new\1_results\001_yolo11n_seg_AdamW\label_audit_all\count_mismatch\IMG_20260706_095609_train_gt00_pred01_diff01_extra+01.jpg"
"2","train","13","4","5","1","0","1","E:\mastercode\data\test\images\train\IMG_20260706_095808.jpg","E:\mastercode\ultralytics-main-new\1_results\001_yolo11n_seg_AdamW\label_audit_all\count_mismatch\IMG_20260706_095808_train_gt04_pred05_diff01_extra+01.jpg"
"3","train","16","1","5","4","0","4","E:\mastercode\data\test\images\train\IMG_20260706_095828.jpg","E:\mastercode\ultralytics-main-new\1_results\001_yolo11n_seg_AdamW\label_audit_all\count_mismatch\IMG_20260706_095828_train_gt01_pred05_diff04_extra+04.jpg"
"4","train","18","6","7","1","0","1","E:\mastercode\data\test\images\train\IMG_20260706_095915.jpg","E:\mastercode\ultralytics-main-new\1_results\001_yolo11n_seg_AdamW\label_audit_all\count_mismatch\IMG_20260706_095915_train_gt06_pred07_diff01_extra+01.jpg"
"5","val","3","8","10","2","0","2","E:\mastercode\data\test\images\val\IMG_20260706_100009.jpg","E:\mastercode\ultralytics-main-new\1_results\001_yolo11n_seg_AdamW\label_audit_all\count_mismatch\IMG_20260706_100009_val_gt08_pred10_diff02_extra+02.jpg"
"6","val","5","6","4","-2","2","2","E:\mastercode\data\test\images\val\IMG_20260706_100025.jpg","E:\mastercode\ultralytics-main-new\1_results\001_yolo11n_seg_AdamW\label_audit_all\count_mismatch\IMG_20260706_100025_val_gt06_pred04_diff02_extra-02.jpg"
"7","val","6","2","3","1","0","1","E:\mastercode\data\test\images\val\IMG_20260706_100031.jpg","E:\mastercode\ultralytics-main-new\1_results\001_yolo11n_seg_AdamW\label_audit_all\count_mismatch\IMG_20260706_100031_val_gt02_pred03_diff01_extra+01.jpg"
"8","val","8","2","3","1","0","1","E:\mastercode\data\test\images\val\IMG_20260706_100045.jpg","E:\mastercode\ultralytics-main-new\1_results\001_yolo11n_seg_AdamW\label_audit_all\count_mismatch\IMG_20260706_100045_val_gt02_pred03_diff01_extra+01.jpg"
"9","val","9","6","4","-2","2","2","E:\mastercode\data\test\images\val\IMG_20260706_100053.jpg","E:\mastercode\ultralytics-main-new\1_results\001_yolo11n_seg_AdamW\label_audit_all\count_mismatch\IMG_20260706_100053_val_gt06_pred04_diff02_extra-02.jpg"
"10","val","11","1","2","1","0","1","E:\mastercode\data\test\images\val\IMG_20260706_100122.jpg","E:\mastercode\ultralytics-main-new\1_results\001_yolo11n_seg_AdamW\label_audit_all\count_mismatch\IMG_20260706_100122_val_gt01_pred02_diff01_extra+01.jpg"
"11","val","12","3","4","1","0","1","E:\mastercode\data\test\images\val\IMG_20260706_100132.jpg","E:\mastercode\ultralytics-main-new\1_results\001_yolo11n_seg_AdamW\label_audit_all\count_mismatch\IMG_20260706_100132_val_gt03_pred04_diff01_extra+01.jpg"
"12","val","13","9","10","1","0","1","E:\mastercode\data\test\images\val\IMG_20260706_100137.jpg","E:\mastercode\ultralytics-main-new\1_results\001_yolo11n_seg_AdamW\label_audit_all\count_mismatch\IMG_20260706_100137_val_gt09_pred10_diff01_extra+01.jpg"
"13","val","15","3","2","-1","1","1","E:\mastercode\data\test\images\val\IMG_20260706_100145.jpg","E:\mastercode\ultralytics-main-new\1_results\001_yolo11n_seg_AdamW\label_audit_all\count_mismatch\IMG_20260706_100145_val_gt03_pred02_diff01_extra-01.jpg"
"14","val","16","8","9","1","0","1","E:\mastercode\data\test\images\val\IMG_20260706_100150.jpg","E:\mastercode\ultralytics-main-new\1_results\001_yolo11n_seg_AdamW\label_audit_all\count_mismatch\IMG_20260706_100150_val_gt08_pred09_diff01_extra+01.jpg"
"15","val","17","3","5","2","0","2","E:\mastercode\data\test\images\val\IMG_20260706_100156.jpg","E:\mastercode\ultralytics-main-new\1_results\001_yolo11n_seg_AdamW\label_audit_all\count_mismatch\IMG_20260706_100156_val_gt03_pred05_diff02_extra+02.jpg"
"16","train","22","7","8","1","0","1","E:\mastercode\data\test\images\train\IMG_20260706_100207.jpg","E:\mastercode\ultralytics-main-new\1_results\001_yolo11n_seg_AdamW\label_audit_all\count_mismatch\IMG_20260706_100207_train_gt07_pred08_diff01_extra+01.jpg"
"17","train","24","5","4","-1","1","1","E:\mastercode\data\test\images\train\IMG_20260706_100215.jpg","E:\mastercode\ultralytics-main-new\1_results\001_yolo11n_seg_AdamW\label_audit_all\count_mismatch\IMG_20260706_100215_train_gt05_pred04_diff01_extra-01.jpg"
"18","train","29","11","5","-6","6","6","E:\mastercode\data\test\images\train\IMG_20260706_100243.jpg","E:\mastercode\ultralytics-main-new\1_results\001_yolo11n_seg_AdamW\label_audit_all\count_mismatch\IMG_20260706_100243_train_gt11_pred05_diff06_extra-06.jpg"
"19","train","30","7","6","-1","1","1","E:\mastercode\data\test\images\train\IMG_20260706_100249.jpg","E:\mastercode\ultralytics-main-new\1_results\001_yolo11n_seg_AdamW\label_audit_all\count_mismatch\IMG_20260706_100249_train_gt07_pred06_diff01_extra-01.jpg"
"20","train","32","7","8","1","0","1","E:\mastercode\data\test\images\train\IMG_20260706_100303.jpg","E:\mastercode\ultralytics-main-new\1_results\001_yolo11n_seg_AdamW\label_audit_all\count_mismatch\IMG_20260706_100303_train_gt07_pred08_diff01_extra+01.jpg"
"21","train","34","3","7","4","0","4","E:\mastercode\data\test\images\train\IMG_20260706_100313.jpg","E:\mastercode\ultralytics-main-new\1_results\001_yolo11n_seg_AdamW\label_audit_all\count_mismatch\IMG_20260706_100313_train_gt03_pred07_diff04_extra+04.jpg"
"22","train","36","2","3","1","0","1","E:\mastercode\data\test\images\train\IMG_20260706_100322.jpg","E:\mastercode\ultralytics-main-new\1_results\001_yolo11n_seg_AdamW\label_audit_all\count_mismatch\IMG_20260706_100322_train_gt02_pred03_diff01_extra+01.jpg"
"23","train","39","6","8","2","0","2","E:\mastercode\data\test\images\train\IMG_20260706_100340.jpg","E:\mastercode\ultralytics-main-new\1_results\001_yolo11n_seg_AdamW\label_audit_all\count_mismatch\IMG_20260706_100340_train_gt06_pred08_diff02_extra+02.jpg"
"24","train","40","3","4","1","0","1","E:\mastercode\data\test\images\train\IMG_20260706_100345.jpg","E:\mastercode\ultralytics-main-new\1_results\001_yolo11n_seg_AdamW\label_audit_all\count_mismatch\IMG_20260706_100345_train_gt03_pred04_diff01_extra+01.jpg"
"25","train","41","3","4","1","0","1","E:\mastercode\data\test\images\train\IMG_20260706_100352.jpg","E:\mastercode\ultralytics-main-new\1_results\001_yolo11n_seg_AdamW\label_audit_all\count_mismatch\IMG_20260706_100352_train_gt03_pred04_diff01_extra+01.jpg"
"26","train","43","9","8","-1","1","1","E:\mastercode\data\test\images\train\IMG_20260706_100401.jpg","E:\mastercode\ultralytics-main-new\1_results\001_yolo11n_seg_AdamW\label_audit_all\count_mismatch\IMG_20260706_100401_train_gt09_pred08_diff01_extra-01.jpg"
"27","train","44","10","8","-2","2","2","E:\mastercode\data\test\images\train\IMG_20260706_100408.jpg","E:\mastercode\ultralytics-main-new\1_results\001_yolo11n_seg_AdamW\label_audit_all\count_mismatch\IMG_20260706_100408_train_gt10_pred08_diff02_extra-02.jpg"
"28","train","46","8","7","-1","1","1","E:\mastercode\data\test\images\train\IMG_20260706_100433.jpg","E:\mastercode\ultralytics-main-new\1_results\001_yolo11n_seg_AdamW\label_audit_all\count_mismatch\IMG_20260706_100433_train_gt08_pred07_diff01_extra-01.jpg"
"29","train","47","5","4","-1","1","1","E:\mastercode\data\test\images\train\IMG_20260706_100436.jpg","E:\mastercode\ultralytics-main-new\1_results\001_yolo11n_seg_AdamW\label_audit_all\count_mismatch\IMG_20260706_100436_train_gt05_pred04_diff01_extra-01.jpg"
"30","train","49","2","4","2","0","2","E:\mastercode\data\test\images\train\IMG_20260706_100446.jpg","E:\mastercode\ultralytics-main-new\1_results\001_yolo11n_seg_AdamW\label_audit_all\count_mismatch\IMG_20260706_100446_train_gt02_pred04_diff02_extra+02.jpg"
"31","train","52","22","7","-15","15","15","E:\mastercode\data\test\images\train\IMG_20260706_100454.jpg","E:\mastercode\ultralytics-main-new\1_results\001_yolo11n_seg_AdamW\label_audit_all\count_mismatch\IMG_20260706_100454_train_gt22_pred07_diff15_extra-15.jpg"
"32","val","18","13","10","-3","3","3","E:\mastercode\data\test\images\val\IMG_20260706_100500.jpg","E:\mastercode\ultralytics-main-new\1_results\001_yolo11n_seg_AdamW\label_audit_all\count_mismatch\IMG_20260706_100500_val_gt13_pred10_diff03_extra-03.jpg"
"33","val","21","7","2","-5","5","5","E:\mastercode\data\test\images\val\IMG_20260706_100517.jpg","E:\mastercode\ultralytics-main-new\1_results\001_yolo11n_seg_AdamW\label_audit_all\count_mismatch\IMG_20260706_100517_val_gt07_pred02_diff05_extra-05.jpg"
"34","val","22","11","10","-1","1","1","E:\mastercode\data\test\images\val\IMG_20260706_100520.jpg","E:\mastercode\ultralytics-main-new\1_results\001_yolo11n_seg_AdamW\label_audit_all\count_mismatch\IMG_20260706_100520_val_gt11_pred10_diff01_extra-01.jpg"
"35","val","26","3","4","1","0","1","E:\mastercode\data\test\images\val\IMG_20260706_100539.jpg","E:\mastercode\ultralytics-main-new\1_results\001_yolo11n_seg_AdamW\label_audit_all\count_mismatch\IMG_20260706_100539_val_gt03_pred04_diff01_extra+01.jpg"
"36","train","57","7","6","-1","1","1","E:\mastercode\data\test\images\train\IMG_20260706_100633.jpg","E:\mastercode\ultralytics-main-new\1_results\001_yolo11n_seg_AdamW\label_audit_all\count_mismatch\IMG_20260706_100633_train_gt07_pred06_diff01_extra-01.jpg"
"37","train","58","5","6","1","0","1","E:\mastercode\data\test\images\train\IMG_20260706_100636.jpg","E:\mastercode\ultralytics-main-new\1_results\001_yolo11n_seg_AdamW\label_audit_all\count_mismatch\IMG_20260706_100636_train_gt05_pred06_diff01_extra+01.jpg"
"38","train","64","3","4","1","0","1","E:\mastercode\data\test\images\train\IMG_20260706_100755.jpg","E:\mastercode\ultralytics-main-new\1_results\001_yolo11n_seg_AdamW\label_audit_all\count_mismatch\IMG_20260706_100755_train_gt03_pred04_diff01_extra+01.jpg"
"39","train","65","2","4","2","0","2","E:\mastercode\data\test\images\train\IMG_20260706_100801.jpg","E:\mastercode\ultralytics-main-new\1_results\001_yolo11n_seg_AdamW\label_audit_all\count_mismatch\IMG_20260706_100801_train_gt02_pred04_diff02_extra+02.jpg"
"40","train","66","6","4","-2","2","2","E:\mastercode\data\test\images\train\IMG_20260706_100806.jpg","E:\mastercode\ultralytics-main-new\1_results\001_yolo11n_seg_AdamW\label_audit_all\count_mismatch\IMG_20260706_100806_train_gt06_pred04_diff02_extra-02.jpg"
"41","train","70","8","9","1","0","1","E:\mastercode\data\test\images\train\IMG_20260706_100843.jpg","E:\mastercode\ultralytics-main-new\1_results\001_yolo11n_seg_AdamW\label_audit_all\count_mismatch\IMG_20260706_100843_train_gt08_pred09_diff01_extra+01.jpg"
"42","train","77","4","1","-3","3","3","E:\mastercode\data\test\images\train\IMG_20260706_100918.jpg","E:\mastercode\ultralytics-main-new\1_results\001_yolo11n_seg_AdamW\label_audit_all\count_mismatch\IMG_20260706_100918_train_gt04_pred01_diff03_extra-03.jpg"
"43","train","79","6","4","-2","2","2","E:\mastercode\data\test\images\train\IMG_20260706_100923.jpg","E:\mastercode\ultralytics-main-new\1_results\001_yolo11n_seg_AdamW\label_audit_all\count_mismatch\IMG_20260706_100923_train_gt06_pred04_diff02_extra-02.jpg"
"44","train","83","1","2","1","0","1","E:\mastercode\data\test\images\train\IMG_20260706_100944.jpg","E:\mastercode\ultralytics-main-new\1_results\001_yolo11n_seg_AdamW\label_audit_all\count_mismatch\IMG_20260706_100944_train_gt01_pred02_diff01_extra+01.jpg"
"45","train","86","7","6","-1","1","1","E:\mastercode\data\test\images\train\IMG_20260706_101001.jpg","E:\mastercode\ultralytics-main-new\1_results\001_yolo11n_seg_AdamW\label_audit_all\count_mismatch\IMG_20260706_101001_train_gt07_pred06_diff01_extra-01.jpg"
"46","train","87","4","5","1","0","1","E:\mastercode\data\test\images\train\IMG_20260706_101004.jpg","E:\mastercode\ultralytics-main-new\1_results\001_yolo11n_seg_AdamW\label_audit_all\count_mismatch\IMG_20260706_101004_train_gt04_pred05_diff01_extra+01.jpg"
"47","train","88","5","7","2","0","2","E:\mastercode\data\test\images\train\IMG_20260706_101007.jpg","E:\mastercode\ultralytics-main-new\1_results\001_yolo11n_seg_AdamW\label_audit_all\count_mismatch\IMG_20260706_101007_train_gt05_pred07_diff02_extra+02.jpg"
"48","train","89","15","13","-2","2","2","E:\mastercode\data\test\images\train\IMG_20260706_101012.jpg","E:\mastercode\ultralytics-main-new\1_results\001_yolo11n_seg_AdamW\label_audit_all\count_mismatch\IMG_20260706_101012_train_gt15_pred13_diff02_extra-02.jpg"
"49","train","93","5","3","-2","2","2","E:\mastercode\data\test\images\train\IMG_20260706_101051.jpg","E:\mastercode\ultralytics-main-new\1_results\001_yolo11n_seg_AdamW\label_audit_all\count_mismatch\IMG_20260706_101051_train_gt05_pred03_diff02_extra-02.jpg"
"50","train","95","3","4","1","0","1","E:\mastercode\data\test\images\train\IMG_20260706_101203.jpg","E:\mastercode\ultralytics-main-new\1_results\001_yolo11n_seg_AdamW\label_audit_all\count_mismatch\IMG_20260706_101203_train_gt03_pred04_diff01_extra+01.jpg"
"51","train","98","3","4","1","0","1","E:\mastercode\data\test\images\train\IMG_20260706_101222.jpg","E:\mastercode\ultralytics-main-new\1_results\001_yolo11n_seg_AdamW\label_audit_all\count_mismatch\IMG_20260706_101222_train_gt03_pred04_diff01_extra+01.jpg"
"52","train","102","1","2","1","0","1","E:\mastercode\data\test\images\train\IMG_20260706_101238.jpg","E:\mastercode\ultralytics-main-new\1_results\001_yolo11n_seg_AdamW\label_audit_all\count_mismatch\IMG_20260706_101238_train_gt01_pred02_diff01_extra+01.jpg"
"53","train","104","3","4","1","0","1","E:\mastercode\data\test\images\train\IMG_20260706_101714.jpg","E:\mastercode\ultralytics-main-new\1_results\001_yolo11n_seg_AdamW\label_audit_all\count_mismatch\IMG_20260706_101714_train_gt03_pred04_diff01_extra+01.jpg"
"54","train","105","6","4","-2","2","2","E:\mastercode\data\test\images\train\IMG_20260706_101717.jpg","E:\mastercode\ultralytics-main-new\1_results\001_yolo11n_seg_AdamW\label_audit_all\count_mismatch\IMG_20260706_101717_train_gt06_pred04_diff02_extra-02.jpg"
"55","train","109","3","4","1","0","1","E:\mastercode\data\test\images\train\IMG_20260706_101750.jpg","E:\mastercode\ultralytics-main-new\1_results\001_yolo11n_seg_AdamW\label_audit_all\count_mismatch\IMG_20260706_101750_train_gt03_pred04_diff01_extra+01.jpg"
"56","train","110","4","5","1","0","1","E:\mastercode\data\test\images\train\IMG_20260706_101753.jpg","E:\mastercode\ultralytics-main-new\1_results\001_yolo11n_seg_AdamW\label_audit_all\count_mismatch\IMG_20260706_101753_train_gt04_pred05_diff01_extra+01.jpg"
"57","train","111","7","8","1","0","1","E:\mastercode\data\test\images\train\IMG_20260706_101755.jpg","E:\mastercode\ultralytics-main-new\1_results\001_yolo11n_seg_AdamW\label_audit_all\count_mismatch\IMG_20260706_101755_train_gt07_pred08_diff01_extra+01.jpg"
"58","train","112","5","6","1","0","1","E:\mastercode\data\test\images\train\IMG_20260706_101759.jpg","E:\mastercode\ultralytics-main-new\1_results\001_yolo11n_seg_AdamW\label_audit_all\count_mismatch\IMG_20260706_101759_train_gt05_pred06_diff01_extra+01.jpg"
"59","train","113","3","2","-1","1","1","E:\mastercode\data\test\images\train\IMG_20260706_101802.jpg","E:\mastercode\ultralytics-main-new\1_results\001_yolo11n_seg_AdamW\label_audit_all\count_mismatch\IMG_20260706_101802_train_gt03_pred02_diff01_extra-01.jpg"
"60","train","116","4","5","1","0","1","E:\mastercode\data\test\images\train\IMG_20260706_101814.jpg","E:\mastercode\ultralytics-main-new\1_results\001_yolo11n_seg_AdamW\label_audit_all\count_mismatch\IMG_20260706_101814_train_gt04_pred05_diff01_extra+01.jpg"
"61","train","118","2","3","1","0","1","E:\mastercode\data\test\images\train\IMG_20260706_101824.jpg","E:\mastercode\ultralytics-main-new\1_results\001_yolo11n_seg_AdamW\label_audit_all\count_mismatch\IMG_20260706_101824_train_gt02_pred03_diff01_extra+01.jpg"
"62","train","119","2","1","-1","1","1","E:\mastercode\data\test\images\train\IMG_20260706_101828.jpg","E:\mastercode\ultralytics-main-new\1_results\001_yolo11n_seg_AdamW\label_audit_all\count_mismatch\IMG_20260706_101828_train_gt02_pred01_diff01_extra-01.jpg"
"63","train","123","5","3","-2","2","2","E:\mastercode\data\test\images\train\IMG_20260706_101908.jpg","E:\mastercode\ultralytics-main-new\1_results\001_yolo11n_seg_AdamW\label_audit_all\count_mismatch\IMG_20260706_101908_train_gt05_pred03_diff02_extra-02.jpg"
"64","train","125","2","4","2","0","2","E:\mastercode\data\test\images\train\IMG_20260706_101918.jpg","E:\mastercode\ultralytics-main-new\1_results\001_yolo11n_seg_AdamW\label_audit_all\count_mismatch\IMG_20260706_101918_train_gt02_pred04_diff02_extra+02.jpg"
"65","train","126","9","7","-2","2","2","E:\mastercode\data\test\images\train\IMG_20260706_101929.jpg","E:\mastercode\ultralytics-main-new\1_results\001_yolo11n_seg_AdamW\label_audit_all\count_mismatch\IMG_20260706_101929_train_gt09_pred07_diff02_extra-02.jpg"
"66","train","130","4","5","1","0","1","E:\mastercode\data\test\images\train\IMG_20260706_101947.jpg","E:\mastercode\ultralytics-main-new\1_results\001_yolo11n_seg_AdamW\label_audit_all\count_mismatch\IMG_20260706_101947_train_gt04_pred05_diff01_extra+01.jpg"
"67","train","131","2","3","1","0","1","E:\mastercode\data\test\images\train\IMG_20260706_101949.jpg","E:\mastercode\ultralytics-main-new\1_results\001_yolo11n_seg_AdamW\label_audit_all\count_mismatch\IMG_20260706_101949_train_gt02_pred03_diff01_extra+01.jpg"
"68","train","133","1","3","2","0","2","E:\mastercode\data\test\images\train\IMG_20260706_102012.jpg","E:\mastercode\ultralytics-main-new\1_results\001_yolo11n_seg_AdamW\label_audit_all\count_mismatch\IMG_20260706_102012_train_gt01_pred03_diff02_extra+02.jpg"
"69","train","135","1","2","1","0","1","E:\mastercode\data\test\images\train\IMG_20260706_102043.jpg","E:\mastercode\ultralytics-main-new\1_results\001_yolo11n_seg_AdamW\label_audit_all\count_mismatch\IMG_20260706_102043_train_gt01_pred02_diff01_extra+01.jpg"
"70","train","136","1","2","1","0","1","E:\mastercode\data\test\images\train\IMG_20260706_102048.jpg","E:\mastercode\ultralytics-main-new\1_results\001_yolo11n_seg_AdamW\label_audit_all\count_mismatch\IMG_20260706_102048_train_gt01_pred02_diff01_extra+01.jpg"
"71","train","138","6","7","1","0","1","E:\mastercode\data\test\images\train\IMG_20260706_102147.jpg","E:\mastercode\ultralytics-main-new\1_results\001_yolo11n_seg_AdamW\label_audit_all\count_mismatch\IMG_20260706_102147_train_gt06_pred07_diff01_extra+01.jpg"
"72","train","139","8","4","-4","4","4","E:\mastercode\data\test\images\train\IMG_20260706_102151.jpg","E:\mastercode\ultralytics-main-new\1_results\001_yolo11n_seg_AdamW\label_audit_all\count_mismatch\IMG_20260706_102151_train_gt08_pred04_diff04_extra-04.jpg"
"73","train","140","1","2","1","0","1","E:\mastercode\data\test\images\train\IMG_20260706_102200.jpg","E:\mastercode\ultralytics-main-new\1_results\001_yolo11n_seg_AdamW\label_audit_all\count_mismatch\IMG_20260706_102200_train_gt01_pred02_diff01_extra+01.jpg"
"74","train","142","7","5","-2","2","2","E:\mastercode\data\test\images\train\IMG_20260706_102209.jpg","E:\mastercode\ultralytics-main-new\1_results\001_yolo11n_seg_AdamW\label_audit_all\count_mismatch\IMG_20260706_102209_train_gt07_pred05_diff02_extra-02.jpg"
"75","val","30","2","3","1","0","1","E:\mastercode\data\test\images\val\IMG_20260706_102408.jpg","E:\mastercode\ultralytics-main-new\1_results\001_yolo11n_seg_AdamW\label_audit_all\count_mismatch\IMG_20260706_102408_val_gt02_pred03_diff01_extra+01.jpg"
"76","val","32","3","4","1","0","1","E:\mastercode\data\test\images\val\IMG_20260706_102416.jpg","E:\mastercode\ultralytics-main-new\1_results\001_yolo11n_seg_AdamW\label_audit_all\count_mismatch\IMG_20260706_102416_val_gt03_pred04_diff01_extra+01.jpg"
"77","val","35","1","2","1","0","1","E:\mastercode\data\test\images\val\IMG_20260706_102423.jpg","E:\mastercode\ultralytics-main-new\1_results\001_yolo11n_seg_AdamW\label_audit_all\count_mismatch\IMG_20260706_102423_val_gt01_pred02_diff01_extra+01.jpg"
"78","val","36","1","2","1","0","1","E:\mastercode\data\test\images\val\IMG_20260706_102435.jpg","E:\mastercode\ultralytics-main-new\1_results\001_yolo11n_seg_AdamW\label_audit_all\count_mismatch\IMG_20260706_102435_val_gt01_pred02_diff01_extra+01.jpg"
"79","val","38","7","8","1","0","1","E:\mastercode\data\test\images\val\IMG_20260706_102446.jpg","E:\mastercode\ultralytics-main-new\1_results\001_yolo11n_seg_AdamW\label_audit_all\count_mismatch\IMG_20260706_102446_val_gt07_pred08_diff01_extra+01.jpg"
"80","val","39","4","6","2","0","2","E:\mastercode\data\test\images\val\IMG_20260706_102448.jpg","E:\mastercode\ultralytics-main-new\1_results\001_yolo11n_seg_AdamW\label_audit_all\count_mismatch\IMG_20260706_102448_val_gt04_pred06_diff02_extra+02.jpg"
"81","val","42","6","5","-1","1","1","E:\mastercode\data\test\images\val\IMG_20260706_102500.jpg","E:\mastercode\ultralytics-main-new\1_results\001_yolo11n_seg_AdamW\label_audit_all\count_mismatch\IMG_20260706_102500_val_gt06_pred05_diff01_extra-01.jpg"
"82","val","49","4","5","1","0","1","E:\mastercode\data\test\images\val\IMG_20260706_102534.jpg","E:\mastercode\ultralytics-main-new\1_results\001_yolo11n_seg_AdamW\label_audit_all\count_mismatch\IMG_20260706_102534_val_gt04_pred05_diff01_extra+01.jpg"
"83","val","51","2","3","1","0","1","E:\mastercode\data\test\images\val\IMG_20260706_102539.jpg","E:\mastercode\ultralytics-main-new\1_results\001_yolo11n_seg_AdamW\label_audit_all\count_mismatch\IMG_20260706_102539_val_gt02_pred03_diff01_extra+01.jpg"
"84","train","152","6","10","4","0","4","E:\mastercode\data\test\images\train\IMG_20260706_102605.jpg","E:\mastercode\ultralytics-main-new\1_results\001_yolo11n_seg_AdamW\label_audit_all\count_mismatch\IMG_20260706_102605_train_gt06_pred10_diff04_extra+04.jpg"
"85","train","153","3","5","2","0","2","E:\mastercode\data\test\images\train\IMG_20260706_102607.jpg","E:\mastercode\ultralytics-main-new\1_results\001_yolo11n_seg_AdamW\label_audit_all\count_mismatch\IMG_20260706_102607_train_gt03_pred05_diff02_extra+02.jpg"
"86","train","154","5","4","-1","1","1","E:\mastercode\data\test\images\train\IMG_20260706_102609.jpg","E:\mastercode\ultralytics-main-new\1_results\001_yolo11n_seg_AdamW\label_audit_all\count_mismatch\IMG_20260706_102609_train_gt05_pred04_diff01_extra-01.jpg"
"87","train","160","2","1","-1","1","1","E:\mastercode\data\test\images\train\IMG_20260706_102624.jpg","E:\mastercode\ultralytics-main-new\1_results\001_yolo11n_seg_AdamW\label_audit_all\count_mismatch\IMG_20260706_102624_train_gt02_pred01_diff01_extra-01.jpg"
"88","train","161","6","3","-3","3","3","E:\mastercode\data\test\images\train\IMG_20260706_102627.jpg","E:\mastercode\ultralytics-main-new\1_results\001_yolo11n_seg_AdamW\label_audit_all\count_mismatch\IMG_20260706_102627_train_gt06_pred03_diff03_extra-03.jpg"
"89","train","163","12","11","-1","1","1","E:\mastercode\data\test\images\train\IMG_20260706_102643.jpg","E:\mastercode\ultralytics-main-new\1_results\001_yolo11n_seg_AdamW\label_audit_all\count_mismatch\IMG_20260706_102643_train_gt12_pred11_diff01_extra-01.jpg"
"90","train","164","12","16","4","0","4","E:\mastercode\data\test\images\train\IMG_20260706_102655.jpg","E:\mastercode\ultralytics-main-new\1_results\001_yolo11n_seg_AdamW\label_audit_all\count_mismatch\IMG_20260706_102655_train_gt12_pred16_diff04_extra+04.jpg"
"91","val","57","5","8","3","0","3","E:\mastercode\data\test\images\val\IMG_20260706_102702.jpg","E:\mastercode\ultralytics-main-new\1_results\001_yolo11n_seg_AdamW\label_audit_all\count_mismatch\IMG_20260706_102702_val_gt05_pred08_diff03_extra+03.jpg"
"92","val","58","2","4","2","0","2","E:\mastercode\data\test\images\val\IMG_20260706_102716.jpg","E:\mastercode\ultralytics-main-new\1_results\001_yolo11n_seg_AdamW\label_audit_all\count_mismatch\IMG_20260706_102716_val_gt02_pred04_diff02_extra+02.jpg"
"93","train","167","2","3","1","0","1","E:\mastercode\data\test\images\train\IMG_20260706_102803.jpg","E:\mastercode\ultralytics-main-new\1_results\001_yolo11n_seg_AdamW\label_audit_all\count_mismatch\IMG_20260706_102803_train_gt02_pred03_diff01_extra+01.jpg"
"94","train","169","2","3","1","0","1","E:\mastercode\data\test\images\train\IMG_20260706_102809.jpg","E:\mastercode\ultralytics-main-new\1_results\001_yolo11n_seg_AdamW\label_audit_all\count_mismatch\IMG_20260706_102809_train_gt02_pred03_diff01_extra+01.jpg"
"95","train","170","2","3","1","0","1","E:\mastercode\data\test\images\train\IMG_20260706_102810.jpg","E:\mastercode\ultralytics-main-new\1_results\001_yolo11n_seg_AdamW\label_audit_all\count_mismatch\IMG_20260706_102810_train_gt02_pred03_diff01_extra+01.jpg"
"96","train","171","5","4","-1","1","1","E:\mastercode\data\test\images\train\IMG_20260706_102818.jpg","E:\mastercode\ultralytics-main-new\1_results\001_yolo11n_seg_AdamW\label_audit_all\count_mismatch\IMG_20260706_102818_train_gt05_pred04_diff01_extra-01.jpg"
"97","train","173","4","5","1","0","1","E:\mastercode\data\test\images\train\IMG_20260706_102821_1.jpg","E:\mastercode\ultralytics-main-new\1_results\001_yolo11n_seg_AdamW\label_audit_all\count_mismatch\IMG_20260706_102821_1_train_gt04_pred05_diff01_extra+01.jpg"
"98","train","174","2","6","4","0","4","E:\mastercode\data\test\images\train\IMG_20260706_102826.jpg","E:\mastercode\ultralytics-main-new\1_results\001_yolo11n_seg_AdamW\label_audit_all\count_mismatch\IMG_20260706_102826_train_gt02_pred06_diff04_extra+04.jpg"
"99","train","176","4","6","2","0","2","E:\mastercode\data\test\images\train\IMG_20260706_102841.jpg","E:\mastercode\ultralytics-main-new\1_results\001_yolo11n_seg_AdamW\label_audit_all\count_mismatch\IMG_20260706_102841_train_gt04_pred06_diff02_extra+02.jpg"
"100","train","178","7","9","2","0","2","E:\mastercode\data\test\images\train\IMG_20260706_102851.jpg","E:\mastercode\ultralytics-main-new\1_results\001_yolo11n_seg_AdamW\label_audit_all\count_mismatch\IMG_20260706_102851_train_gt07_pred09_diff02_extra+02.jpg"
"101","train","179","10","9","-1","1","1","E:\mastercode\data\test\images\train\IMG_20260706_102855.jpg","E:\mastercode\ultralytics-main-new\1_results\001_yolo11n_seg_AdamW\label_audit_all\count_mismatch\IMG_20260706_102855_train_gt10_pred09_diff01_extra-01.jpg"
"102","train","187","2","3","1","0","1","E:\mastercode\data\test\images\train\IMG_20260706_102941.jpg","E:\mastercode\ultralytics-main-new\1_results\001_yolo11n_seg_AdamW\label_audit_all\count_mismatch\IMG_20260706_102941_train_gt02_pred03_diff01_extra+01.jpg"
"103","train","188","7","4","-3","3","3","E:\mastercode\data\test\images\train\IMG_20260706_102950.jpg","E:\mastercode\ultralytics-main-new\1_results\001_yolo11n_seg_AdamW\label_audit_all\count_mismatch\IMG_20260706_102950_train_gt07_pred04_diff03_extra-03.jpg"
"104","train","192","2","3","1","0","1","E:\mastercode\data\test\images\train\IMG_20260706_103005.jpg","E:\mastercode\ultralytics-main-new\1_results\001_yolo11n_seg_AdamW\label_audit_all\count_mismatch\IMG_20260706_103005_train_gt02_pred03_diff01_extra+01.jpg"
"105","train","194","4","5","1","0","1","E:\mastercode\data\test\images\train\IMG_20260706_103010.jpg","E:\mastercode\ultralytics-main-new\1_results\001_yolo11n_seg_AdamW\label_audit_all\count_mismatch\IMG_20260706_103010_train_gt04_pred05_diff01_extra+01.jpg"
"106","train","195","3","4","1","0","1","E:\mastercode\data\test\images\train\IMG_20260706_103012.jpg","E:\mastercode\ultralytics-main-new\1_results\001_yolo11n_seg_AdamW\label_audit_all\count_mismatch\IMG_20260706_103012_train_gt03_pred04_diff01_extra+01.jpg"
"107","train","196","4","5","1","0","1","E:\mastercode\data\test\images\train\IMG_20260706_103013.jpg","E:\mastercode\ultralytics-main-new\1_results\001_yolo11n_seg_AdamW\label_audit_all\count_mismatch\IMG_20260706_103013_train_gt04_pred05_diff01_extra+01.jpg"
"108","train","197","7","5","-2","2","2","E:\mastercode\data\test\images\train\IMG_20260706_103017.jpg","E:\mastercode\ultralytics-main-new\1_results\001_yolo11n_seg_AdamW\label_audit_all\count_mismatch\IMG_20260706_103017_train_gt07_pred05_diff02_extra-02.jpg"
"109","train","198","7","4","-3","3","3","E:\mastercode\data\test\images\train\IMG_20260706_103019.jpg","E:\mastercode\ultralytics-main-new\1_results\001_yolo11n_seg_AdamW\label_audit_all\count_mismatch\IMG_20260706_103019_train_gt07_pred04_diff03_extra-03.jpg"
"110","train","202","11","0","-11","11","11","E:\mastercode\data\test\images\train\IMG_20260706_103032.jpg","E:\mastercode\ultralytics-main-new\1_results\001_yolo11n_seg_AdamW\label_audit_all\count_mismatch\IMG_20260706_103032_train_gt11_pred00_diff11_extra-11.jpg"
"111","train","203","0","2","2","0","2","E:\mastercode\data\test\images\train\IMG_20260706_103033.jpg","E:\mastercode\ultralytics-main-new\1_results\001_yolo11n_seg_AdamW\label_audit_all\count_mismatch\IMG_20260706_103033_train_gt00_pred02_diff02_extra+02.jpg"
"112","train","205","2","3","1","0","1","E:\mastercode\data\test\images\train\IMG_20260706_103039.jpg","E:\mastercode\ultralytics-main-new\1_results\001_yolo11n_seg_AdamW\label_audit_all\count_mismatch\IMG_20260706_103039_train_gt02_pred03_diff01_extra+01.jpg"
"113","train","206","6","7","1","0","1","E:\mastercode\data\test\images\train\IMG_20260706_103042.jpg","E:\mastercode\ultralytics-main-new\1_results\001_yolo11n_seg_AdamW\label_audit_all\count_mismatch\IMG_20260706_103042_train_gt06_pred07_diff01_extra+01.jpg"
"114","train","208","4","6","2","0","2","E:\mastercode\data\test\images\train\IMG_20260706_103055.jpg","E:\mastercode\ultralytics-main-new\1_results\001_yolo11n_seg_AdamW\label_audit_all\count_mismatch\IMG_20260706_103055_train_gt04_pred06_diff02_extra+02.jpg"
"115","train","211","2","6","4","0","4","E:\mastercode\data\test\images\train\IMG_20260706_103114.jpg","E:\mastercode\ultralytics-main-new\1_results\001_yolo11n_seg_AdamW\label_audit_all\count_mismatch\IMG_20260706_103114_train_gt02_pred06_diff04_extra+04.jpg"
"116","train","212","4","2","-2","2","2","E:\mastercode\data\test\images\train\IMG_20260706_103117.jpg","E:\mastercode\ultralytics-main-new\1_results\001_yolo11n_seg_AdamW\label_audit_all\count_mismatch\IMG_20260706_103117_train_gt04_pred02_diff02_extra-02.jpg"
"117","train","217","3","1","-2","2","2","E:\mastercode\data\test\images\train\IMG_20260706_103137.jpg","E:\mastercode\ultralytics-main-new\1_results\001_yolo11n_seg_AdamW\label_audit_all\count_mismatch\IMG_20260706_103137_train_gt03_pred01_diff02_extra-02.jpg"
"118","train","218","2","3","1","0","1","E:\mastercode\data\test\images\train\IMG_20260706_103142.jpg","E:\mastercode\ultralytics-main-new\1_results\001_yolo11n_seg_AdamW\label_audit_all\count_mismatch\IMG_20260706_103142_train_gt02_pred03_diff01_extra+01.jpg"
"119","train","224","2","4","2","0","2","E:\mastercode\data\test\images\train\IMG_20260706_103316.jpg","E:\mastercode\ultralytics-main-new\1_results\001_yolo11n_seg_AdamW\label_audit_all\count_mismatch\IMG_20260706_103316_train_gt02_pred04_diff02_extra+02.jpg"
"120","train","225","4","5","1","0","1","E:\mastercode\data\test\images\train\IMG_20260706_103318.jpg","E:\mastercode\ultralytics-main-new\1_results\001_yolo11n_seg_AdamW\label_audit_all\count_mismatch\IMG_20260706_103318_train_gt04_pred05_diff01_extra+01.jpg"
"121","train","227","3","4","1","0","1","E:\mastercode\data\test\images\train\IMG_20260706_103325.jpg","E:\mastercode\ultralytics-main-new\1_results\001_yolo11n_seg_AdamW\label_audit_all\count_mismatch\IMG_20260706_103325_train_gt03_pred04_diff01_extra+01.jpg"
"122","train","228","1","2","1","0","1","E:\mastercode\data\test\images\train\IMG_20260706_103327.jpg","E:\mastercode\ultralytics-main-new\1_results\001_yolo11n_seg_AdamW\label_audit_all\count_mismatch\IMG_20260706_103327_train_gt01_pred02_diff01_extra+01.jpg"
"123","train","231","4","8","4","0","4","E:\mastercode\data\test\images\train\IMG_20260706_103339.jpg","E:\mastercode\ultralytics-main-new\1_results\001_yolo11n_seg_AdamW\label_audit_all\count_mismatch\IMG_20260706_103339_train_gt04_pred08_diff04_extra+04.jpg"
"124","train","232","2","4","2","0","2","E:\mastercode\data\test\images\train\IMG_20260706_103348.jpg","E:\mastercode\ultralytics-main-new\1_results\001_yolo11n_seg_AdamW\label_audit_all\count_mismatch\IMG_20260706_103348_train_gt02_pred04_diff02_extra+02.jpg"
"125","val","66","1","2","1","0","1","E:\mastercode\data\test\images\val\IMG_20260706_103412.jpg","E:\mastercode\ultralytics-main-new\1_results\001_yolo11n_seg_AdamW\label_audit_all\count_mismatch\IMG_20260706_103412_val_gt01_pred02_diff01_extra+01.jpg"
"126","val","69","5","9","4","0","4","E:\mastercode\data\test\images\val\IMG_20260706_103420.jpg","E:\mastercode\ultralytics-main-new\1_results\001_yolo11n_seg_AdamW\label_audit_all\count_mismatch\IMG_20260706_103420_val_gt05_pred09_diff04_extra+04.jpg"
"127","val","72","5","6","1","0","1","E:\mastercode\data\test\images\val\IMG_20260706_103438.jpg","E:\mastercode\ultralytics-main-new\1_results\001_yolo11n_seg_AdamW\label_audit_all\count_mismatch\IMG_20260706_103438_val_gt05_pred06_diff01_extra+01.jpg"
"128","val","73","2","4","2","0","2","E:\mastercode\data\test\images\val\IMG_20260706_103440.jpg","E:\mastercode\ultralytics-main-new\1_results\001_yolo11n_seg_AdamW\label_audit_all\count_mismatch\IMG_20260706_103440_val_gt02_pred04_diff02_extra+02.jpg"
"129","val","75","6","8","2","0","2","E:\mastercode\data\test\images\val\IMG_20260706_103453.jpg","E:\mastercode\ultralytics-main-new\1_results\001_yolo11n_seg_AdamW\label_audit_all\count_mismatch\IMG_20260706_103453_val_gt06_pred08_diff02_extra+02.jpg"
"130","val","76","3","4","1","0","1","E:\mastercode\data\test\images\val\IMG_20260706_103454.jpg","E:\mastercode\ultralytics-main-new\1_results\001_yolo11n_seg_AdamW\label_audit_all\count_mismatch\IMG_20260706_103454_val_gt03_pred04_diff01_extra+01.jpg"
"131","val","78","7","8","1","0","1","E:\mastercode\data\test\images\val\IMG_20260706_103458.jpg","E:\mastercode\ultralytics-main-new\1_results\001_yolo11n_seg_AdamW\label_audit_all\count_mismatch\IMG_20260706_103458_val_gt07_pred08_diff01_extra+01.jpg"
"132","val","81","4","5","1","0","1","E:\mastercode\data\test\images\val\IMG_20260706_103508.jpg","E:\mastercode\ultralytics-main-new\1_results\001_yolo11n_seg_AdamW\label_audit_all\count_mismatch\IMG_20260706_103508_val_gt04_pred05_diff01_extra+01.jpg"
"133","val","82","4","3","-1","1","1","E:\mastercode\data\test\images\val\IMG_20260706_103510.jpg","E:\mastercode\ultralytics-main-new\1_results\001_yolo11n_seg_AdamW\label_audit_all\count_mismatch\IMG_20260706_103510_val_gt04_pred03_diff01_extra-01.jpg"
"134","val","86","3","6","3","0","3","E:\mastercode\data\test\images\val\IMG_20260706_103521.jpg","E:\mastercode\ultralytics-main-new\1_results\001_yolo11n_seg_AdamW\label_audit_all\count_mismatch\IMG_20260706_103521_val_gt03_pred06_diff03_extra+03.jpg"
"135","val","88","16","10","-6","6","6","E:\mastercode\data\test\images\val\IMG_20260706_103533.jpg","E:\mastercode\ultralytics-main-new\1_results\001_yolo11n_seg_AdamW\label_audit_all\count_mismatch\IMG_20260706_103533_val_gt16_pred10_diff06_extra-06.jpg"
"136","val","89","13","10","-3","3","3","E:\mastercode\data\test\images\val\IMG_20260706_103534.jpg","E:\mastercode\ultralytics-main-new\1_results\001_yolo11n_seg_AdamW\label_audit_all\count_mismatch\IMG_20260706_103534_val_gt13_pred10_diff03_extra-03.jpg"
"137","val","90","8","6","-2","2","2","E:\mastercode\data\test\images\val\IMG_20260706_103541.jpg","E:\mastercode\ultralytics-main-new\1_results\001_yolo11n_seg_AdamW\label_audit_all\count_mismatch\IMG_20260706_103541_val_gt08_pred06_diff02_extra-02.jpg"
"138","val","91","7","6","-1","1","1","E:\mastercode\data\test\images\val\IMG_20260706_103543.jpg","E:\mastercode\ultralytics-main-new\1_results\001_yolo11n_seg_AdamW\label_audit_all\count_mismatch\IMG_20260706_103543_val_gt07_pred06_diff01_extra-01.jpg"
"139","val","92","19","20","1","0","1","E:\mastercode\data\test\images\val\IMG_20260706_103546.jpg","E:\mastercode\ultralytics-main-new\1_results\001_yolo11n_seg_AdamW\label_audit_all\count_mismatch\IMG_20260706_103546_val_gt19_pred20_diff01_extra+01.jpg"
"140","val","94","9","10","1","0","1","E:\mastercode\data\test\images\val\IMG_20260706_103552.jpg","E:\mastercode\ultralytics-main-new\1_results\001_yolo11n_seg_AdamW\label_audit_all\count_mismatch\IMG_20260706_103552_val_gt09_pred10_diff01_extra+01.jpg"
"141","val","96","4","5","1","0","1","E:\mastercode\data\test\images\val\IMG_20260706_103556.jpg","E:\mastercode\ultralytics-main-new\1_results\001_yolo11n_seg_AdamW\label_audit_all\count_mismatch\IMG_20260706_103556_val_gt04_pred05_diff01_extra+01.jpg"
"142","train","234","10","7","-3","3","3","E:\mastercode\data\test\images\train\IMG_20260706_103602.jpg","E:\mastercode\ultralytics-main-new\1_results\001_yolo11n_seg_AdamW\label_audit_all\count_mismatch\IMG_20260706_103602_train_gt10_pred07_diff03_extra-03.jpg"
"143","train","235","11","13","2","0","2","E:\mastercode\data\test\images\train\IMG_20260706_103604.jpg","E:\mastercode\ultralytics-main-new\1_results\001_yolo11n_seg_AdamW\label_audit_all\count_mismatch\IMG_20260706_103604_train_gt11_pred13_diff02_extra+02.jpg"
"144","train","237","3","6","3","0","3","E:\mastercode\data\test\images\train\IMG_20260706_103607.jpg","E:\mastercode\ultralytics-main-new\1_results\001_yolo11n_seg_AdamW\label_audit_all\count_mismatch\IMG_20260706_103607_train_gt03_pred06_diff03_extra+03.jpg"
"145","train","239","3","4","1","0","1","E:\mastercode\data\test\images\train\IMG_20260706_103614.jpg","E:\mastercode\ultralytics-main-new\1_results\001_yolo11n_seg_AdamW\label_audit_all\count_mismatch\IMG_20260706_103614_train_gt03_pred04_diff01_extra+01.jpg"
"146","train","240","0","1","1","0","1","E:\mastercode\data\test\images\train\IMG_20260706_103616.jpg","E:\mastercode\ultralytics-main-new\1_results\001_yolo11n_seg_AdamW\label_audit_all\count_mismatch\IMG_20260706_103616_train_gt00_pred01_diff01_extra+01.jpg"
"147","train","243","6","2","-4","4","4","E:\mastercode\data\test\images\train\IMG_20260706_103621.jpg","E:\mastercode\ultralytics-main-new\1_results\001_yolo11n_seg_AdamW\label_audit_all\count_mismatch\IMG_20260706_103621_train_gt06_pred02_diff04_extra-04.jpg"
"148","val","97","14","11","-3","3","3","E:\mastercode\data\test\images\val\IMG_20260706_103702.jpg","E:\mastercode\ultralytics-main-new\1_results\001_yolo11n_seg_AdamW\label_audit_all\count_mismatch\IMG_20260706_103702_val_gt14_pred11_diff03_extra-03.jpg"
"149","val","98","10","14","4","0","4","E:\mastercode\data\test\images\val\IMG_20260706_103705.jpg","E:\mastercode\ultralytics-main-new\1_results\001_yolo11n_seg_AdamW\label_audit_all\count_mismatch\IMG_20260706_103705_val_gt10_pred14_diff04_extra+04.jpg"
"150","val","99","9","6","-3","3","3","E:\mastercode\data\test\images\val\IMG_20260706_103708.jpg","E:\mastercode\ultralytics-main-new\1_results\001_yolo11n_seg_AdamW\label_audit_all\count_mismatch\IMG_20260706_103708_val_gt09_pred06_diff03_extra-03.jpg"
"151","val","100","10","6","-4","4","4","E:\mastercode\data\test\images\val\IMG_20260706_103710.jpg","E:\mastercode\ultralytics-main-new\1_results\001_yolo11n_seg_AdamW\label_audit_all\count_mismatch\IMG_20260706_103710_val_gt10_pred06_diff04_extra-04.jpg"
"152","val","101","8","9","1","0","1","E:\mastercode\data\test\images\val\IMG_20260706_103721.jpg","E:\mastercode\ultralytics-main-new\1_results\001_yolo11n_seg_AdamW\label_audit_all\count_mismatch\IMG_20260706_103721_val_gt08_pred09_diff01_extra+01.jpg"
"153","val","102","5","6","1","0","1","E:\mastercode\data\test\images\val\IMG_20260706_103722.jpg","E:\mastercode\ultralytics-main-new\1_results\001_yolo11n_seg_AdamW\label_audit_all\count_mismatch\IMG_20260706_103722_val_gt05_pred06_diff01_extra+01.jpg"
"154","val","103","3","4","1","0","1","E:\mastercode\data\test\images\val\IMG_20260706_103724.jpg","E:\mastercode\ultralytics-main-new\1_results\001_yolo11n_seg_AdamW\label_audit_all\count_mismatch\IMG_20260706_103724_val_gt03_pred04_diff01_extra+01.jpg"
"155","val","104","8","11","3","0","3","E:\mastercode\data\test\images\val\IMG_20260706_103728.jpg","E:\mastercode\ultralytics-main-new\1_results\001_yolo11n_seg_AdamW\label_audit_all\count_mismatch\IMG_20260706_103728_val_gt08_pred11_diff03_extra+03.jpg"
"156","val","105","8","6","-2","2","2","E:\mastercode\data\test\images\val\IMG_20260706_103730.jpg","E:\mastercode\ultralytics-main-new\1_results\001_yolo11n_seg_AdamW\label_audit_all\count_mismatch\IMG_20260706_103730_val_gt08_pred06_diff02_extra-02.jpg"
"157","val","107","2","3","1","0","1","E:\mastercode\data\test\images\val\IMG_20260706_103735.jpg","E:\mastercode\ultralytics-main-new\1_results\001_yolo11n_seg_AdamW\label_audit_all\count_mismatch\IMG_20260706_103735_val_gt02_pred03_diff01_extra+01.jpg"
"158","val","108","3","4","1","0","1","E:\mastercode\data\test\images\val\IMG_20260706_103738.jpg","E:\mastercode\ultralytics-main-new\1_results\001_yolo11n_seg_AdamW\label_audit_all\count_mismatch\IMG_20260706_103738_val_gt03_pred04_diff01_extra+01.jpg"
"159","val","111","4","3","-1","1","1","E:\mastercode\data\test\images\val\IMG_20260706_103750.jpg","E:\mastercode\ultralytics-main-new\1_results\001_yolo11n_seg_AdamW\label_audit_all\count_mismatch\IMG_20260706_103750_val_gt04_pred03_diff01_extra-01.jpg"
"160","train","249","4","5","1","0","1","E:\mastercode\data\test\images\train\IMG_20260706_103815.jpg","E:\mastercode\ultralytics-main-new\1_results\001_yolo11n_seg_AdamW\label_audit_all\count_mismatch\IMG_20260706_103815_train_gt04_pred05_diff01_extra+01.jpg"
"161","train","250","7","5","-2","2","2","E:\mastercode\data\test\images\train\IMG_20260706_103818.jpg","E:\mastercode\ultralytics-main-new\1_results\001_yolo11n_seg_AdamW\label_audit_all\count_mismatch\IMG_20260706_103818_train_gt07_pred05_diff02_extra-02.jpg"
"162","train","252","1","3","2","0","2","E:\mastercode\data\test\images\train\IMG_20260706_103824.jpg","E:\mastercode\ultralytics-main-new\1_results\001_yolo11n_seg_AdamW\label_audit_all\count_mismatch\IMG_20260706_103824_train_gt01_pred03_diff02_extra+02.jpg"
"163","train","253","1","2","1","0","1","E:\mastercode\data\test\images\train\IMG_20260706_103827.jpg","E:\mastercode\ultralytics-main-new\1_results\001_yolo11n_seg_AdamW\label_audit_all\count_mismatch\IMG_20260706_103827_train_gt01_pred02_diff01_extra+01.jpg"
"164","train","255","2","3","1","0","1","E:\mastercode\data\test\images\train\IMG_20260706_103855.jpg","E:\mastercode\ultralytics-main-new\1_results\001_yolo11n_seg_AdamW\label_audit_all\count_mismatch\IMG_20260706_103855_train_gt02_pred03_diff01_extra+01.jpg"
"165","train","259","19","12","-7","7","7","E:\mastercode\data\test\images\train\IMG_20260706_103910.jpg","E:\mastercode\ultralytics-main-new\1_results\001_yolo11n_seg_AdamW\label_audit_all\count_mismatch\IMG_20260706_103910_train_gt19_pred12_diff07_extra-07.jpg"
"166","train","260","12","14","2","0","2","E:\mastercode\data\test\images\train\IMG_20260706_103912.jpg","E:\mastercode\ultralytics-main-new\1_results\001_yolo11n_seg_AdamW\label_audit_all\count_mismatch\IMG_20260706_103912_train_gt12_pred14_diff02_extra+02.jpg"
"167","train","261","12","13","1","0","1","E:\mastercode\data\test\images\train\IMG_20260706_103913.jpg","E:\mastercode\ultralytics-main-new\1_results\001_yolo11n_seg_AdamW\label_audit_all\count_mismatch\IMG_20260706_103913_train_gt12_pred13_diff01_extra+01.jpg"
"168","train","262","13","9","-4","4","4","E:\mastercode\data\test\images\train\IMG_20260706_103915.jpg","E:\mastercode\ultralytics-main-new\1_results\001_yolo11n_seg_AdamW\label_audit_all\count_mismatch\IMG_20260706_103915_train_gt13_pred09_diff04_extra-04.jpg"
"169","train","265","6","7","1","0","1","E:\mastercode\data\test\images\train\IMG_20260706_103924.jpg","E:\mastercode\ultralytics-main-new\1_results\001_yolo11n_seg_AdamW\label_audit_all\count_mismatch\IMG_20260706_103924_train_gt06_pred07_diff01_extra+01.jpg"
"170","train","266","7","10","3","0","3","E:\mastercode\data\test\images\train\IMG_20260706_103925.jpg","E:\mastercode\ultralytics-main-new\1_results\001_yolo11n_seg_AdamW\label_audit_all\count_mismatch\IMG_20260706_103925_train_gt07_pred10_diff03_extra+03.jpg"
"171","train","272","1","2","1","0","1","E:\mastercode\data\test\images\train\IMG_20260706_103942.jpg","E:\mastercode\ultralytics-main-new\1_results\001_yolo11n_seg_AdamW\label_audit_all\count_mismatch\IMG_20260706_103942_train_gt01_pred02_diff01_extra+01.jpg"
"172","train","273","1","2","1","0","1","E:\mastercode\data\test\images\train\IMG_20260706_103949.jpg","E:\mastercode\ultralytics-main-new\1_results\001_yolo11n_seg_AdamW\label_audit_all\count_mismatch\IMG_20260706_103949_train_gt01_pred02_diff01_extra+01.jpg"
"173","train","274","4","7","3","0","3","E:\mastercode\data\test\images\train\IMG_20260706_103952.jpg","E:\mastercode\ultralytics-main-new\1_results\001_yolo11n_seg_AdamW\label_audit_all\count_mismatch\IMG_20260706_103952_train_gt04_pred07_diff03_extra+03.jpg"
"174","train","275","7","2","-5","5","5","E:\mastercode\data\test\images\train\IMG_20260706_104002.jpg","E:\mastercode\ultralytics-main-new\1_results\001_yolo11n_seg_AdamW\label_audit_all\count_mismatch\IMG_20260706_104002_train_gt07_pred02_diff05_extra-05.jpg"
"175","train","276","3","5","2","0","2","E:\mastercode\data\test\images\train\IMG_20260706_104007.jpg","E:\mastercode\ultralytics-main-new\1_results\001_yolo11n_seg_AdamW\label_audit_all\count_mismatch\IMG_20260706_104007_train_gt03_pred05_diff02_extra+02.jpg"
"176","train","284","1","2","1","0","1","E:\mastercode\data\test\images\train\IMG_20260706_104042.jpg","E:\mastercode\ultralytics-main-new\1_results\001_yolo11n_seg_AdamW\label_audit_all\count_mismatch\IMG_20260706_104042_train_gt01_pred02_diff01_extra+01.jpg"
"177","train","288","6","4","-2","2","2","E:\mastercode\data\test\images\train\IMG_20260706_104057.jpg","E:\mastercode\ultralytics-main-new\1_results\001_yolo11n_seg_AdamW\label_audit_all\count_mismatch\IMG_20260706_104057_train_gt06_pred04_diff02_extra-02.jpg"
"178","train","290","2","3","1","0","1","E:\mastercode\data\test\images\train\IMG_20260706_104102.jpg","E:\mastercode\ultralytics-main-new\1_results\001_yolo11n_seg_AdamW\label_audit_all\count_mismatch\IMG_20260706_104102_train_gt02_pred03_diff01_extra+01.jpg"
"179","train","291","2","4","2","0","2","E:\mastercode\data\test\images\train\IMG_20260706_104107.jpg","E:\mastercode\ultralytics-main-new\1_results\001_yolo11n_seg_AdamW\label_audit_all\count_mismatch\IMG_20260706_104107_train_gt02_pred04_diff02_extra+02.jpg"
"180","train","292","1","3","2","0","2","E:\mastercode\data\test\images\train\IMG_20260706_104109.jpg","E:\mastercode\ultralytics-main-new\1_results\001_yolo11n_seg_AdamW\label_audit_all\count_mismatch\IMG_20260706_104109_train_gt01_pred03_diff02_extra+02.jpg"
"181","train","293","4","5","1","0","1","E:\mastercode\data\test\images\train\IMG_20260706_104110.jpg","E:\mastercode\ultralytics-main-new\1_results\001_yolo11n_seg_AdamW\label_audit_all\count_mismatch\IMG_20260706_104110_train_gt04_pred05_diff01_extra+01.jpg"
"182","train","294","2","3","1","0","1","E:\mastercode\data\test\images\train\IMG_20260706_104125.jpg","E:\mastercode\ultralytics-main-new\1_results\001_yolo11n_seg_AdamW\label_audit_all\count_mismatch\IMG_20260706_104125_train_gt02_pred03_diff01_extra+01.jpg"
"183","train","297","2","1","-1","1","1","E:\mastercode\data\test\images\train\IMG_20260706_104131.jpg","E:\mastercode\ultralytics-main-new\1_results\001_yolo11n_seg_AdamW\label_audit_all\count_mismatch\IMG_20260706_104131_train_gt02_pred01_diff01_extra-01.jpg"
"184","train","303","6","4","-2","2","2","E:\mastercode\data\test\images\train\IMG_20260706_104146.jpg","E:\mastercode\ultralytics-main-new\1_results\001_yolo11n_seg_AdamW\label_audit_all\count_mismatch\IMG_20260706_104146_train_gt06_pred04_diff02_extra-02.jpg"
"185","train","306","3","5","2","0","2","E:\mastercode\data\test\images\train\IMG_20260706_104159.jpg","E:\mastercode\ultralytics-main-new\1_results\001_yolo11n_seg_AdamW\label_audit_all\count_mismatch\IMG_20260706_104159_train_gt03_pred05_diff02_extra+02.jpg"
"186","train","307","1","2","1","0","1","E:\mastercode\data\test\images\train\IMG_20260706_104201.jpg","E:\mastercode\ultralytics-main-new\1_results\001_yolo11n_seg_AdamW\label_audit_all\count_mismatch\IMG_20260706_104201_train_gt01_pred02_diff01_extra+01.jpg"
"187","train","308","13","9","-4","4","4","E:\mastercode\data\test\images\train\IMG_20260706_104206.jpg","E:\mastercode\ultralytics-main-new\1_results\001_yolo11n_seg_AdamW\label_audit_all\count_mismatch\IMG_20260706_104206_train_gt13_pred09_diff04_extra-04.jpg"
"188","train","310","7","6","-1","1","1","E:\mastercode\data\test\images\train\IMG_20260706_104210.jpg","E:\mastercode\ultralytics-main-new\1_results\001_yolo11n_seg_AdamW\label_audit_all\count_mismatch\IMG_20260706_104210_train_gt07_pred06_diff01_extra-01.jpg"
"189","train","311","2","3","1","0","1","E:\mastercode\data\test\images\train\IMG_20260706_104212.jpg","E:\mastercode\ultralytics-main-new\1_results\001_yolo11n_seg_AdamW\label_audit_all\count_mismatch\IMG_20260706_104212_train_gt02_pred03_diff01_extra+01.jpg"
"190","train","315","2","3","1","0","1","E:\mastercode\data\test\images\train\IMG_20260706_104243.jpg","E:\mastercode\ultralytics-main-new\1_results\001_yolo11n_seg_AdamW\label_audit_all\count_mismatch\IMG_20260706_104243_train_gt02_pred03_diff01_extra+01.jpg"
"191","train","316","2","6","4","0","4","E:\mastercode\data\test\images\train\IMG_20260706_104246.jpg","E:\mastercode\ultralytics-main-new\1_results\001_yolo11n_seg_AdamW\label_audit_all\count_mismatch\IMG_20260706_104246_train_gt02_pred06_diff04_extra+04.jpg"
"192","train","318","2","3","1","0","1","E:\mastercode\data\test\images\train\IMG_20260706_104251.jpg","E:\mastercode\ultralytics-main-new\1_results\001_yolo11n_seg_AdamW\label_audit_all\count_mismatch\IMG_20260706_104251_train_gt02_pred03_diff01_extra+01.jpg"
"193","train","321","2","3","1","0","1","E:\mastercode\data\test\images\train\IMG_20260706_104304.jpg","E:\mastercode\ultralytics-main-new\1_results\001_yolo11n_seg_AdamW\label_audit_all\count_mismatch\IMG_20260706_104304_train_gt02_pred03_diff01_extra+01.jpg"
"194","train","324","0","1","1","0","1","E:\mastercode\data\test\images\train\IMG_20260706_104334.jpg","E:\mastercode\ultralytics-main-new\1_results\001_yolo11n_seg_AdamW\label_audit_all\count_mismatch\IMG_20260706_104334_train_gt00_pred01_diff01_extra+01.jpg"
"195","train","327","2","3","1","0","1","E:\mastercode\data\test\images\train\IMG_20260706_104357.jpg","E:\mastercode\ultralytics-main-new\1_results\001_yolo11n_seg_AdamW\label_audit_all\count_mismatch\IMG_20260706_104357_train_gt02_pred03_diff01_extra+01.jpg"
"196","train","329","2","3","1","0","1","E:\mastercode\data\test\images\train\IMG_20260706_104403.jpg","E:\mastercode\ultralytics-main-new\1_results\001_yolo11n_seg_AdamW\label_audit_all\count_mismatch\IMG_20260706_104403_train_gt02_pred03_diff01_extra+01.jpg"
"197","train","332","3","2","-1","1","1","E:\mastercode\data\test\images\train\IMG_20260706_104421.jpg","E:\mastercode\ultralytics-main-new\1_results\001_yolo11n_seg_AdamW\label_audit_all\count_mismatch\IMG_20260706_104421_train_gt03_pred02_diff01_extra-01.jpg"
"198","train","334","10","8","-2","2","2","E:\mastercode\data\test\images\train\IMG_20260706_104430.jpg","E:\mastercode\ultralytics-main-new\1_results\001_yolo11n_seg_AdamW\label_audit_all\count_mismatch\IMG_20260706_104430_train_gt10_pred08_diff02_extra-02.jpg"
"199","train","336","9","10","1","0","1","E:\mastercode\data\test\images\train\IMG_20260706_104433.jpg","E:\mastercode\ultralytics-main-new\1_results\001_yolo11n_seg_AdamW\label_audit_all\count_mismatch\IMG_20260706_104433_train_gt09_pred10_diff01_extra+01.jpg"
"200","train","337","9","4","-5","5","5","E:\mastercode\data\test\images\train\IMG_20260706_104435.jpg","E:\mastercode\ultralytics-main-new\1_results\001_yolo11n_seg_AdamW\label_audit_all\count_mismatch\IMG_20260706_104435_train_gt09_pred04_diff05_extra-05.jpg"
"201","train","341","5","4","-1","1","1","E:\mastercode\data\test\images\train\IMG_20260706_104450.jpg","E:\mastercode\ultralytics-main-new\1_results\001_yolo11n_seg_AdamW\label_audit_all\count_mismatch\IMG_20260706_104450_train_gt05_pred04_diff01_extra-01.jpg"
"202","train","343","12","11","-1","1","1","E:\mastercode\data\test\images\train\IMG_20260706_104500.jpg","E:\mastercode\ultralytics-main-new\1_results\001_yolo11n_seg_AdamW\label_audit_all\count_mismatch\IMG_20260706_104500_train_gt12_pred11_diff01_extra-01.jpg"
"203","train","347","3","5","2","0","2","E:\mastercode\data\test\images\train\IMG_20260706_104510.jpg","E:\mastercode\ultralytics-main-new\1_results\001_yolo11n_seg_AdamW\label_audit_all\count_mismatch\IMG_20260706_104510_train_gt03_pred05_diff02_extra+02.jpg"
"204","train","349","1","2","1","0","1","E:\mastercode\data\test\images\train\IMG_20260706_104954.jpg","E:\mastercode\ultralytics-main-new\1_results\001_yolo11n_seg_AdamW\label_audit_all\count_mismatch\IMG_20260706_104954_train_gt01_pred02_diff01_extra+01.jpg"
"205","train","350","4","2","-2","2","2","E:\mastercode\data\test\images\train\IMG_20260706_105013.jpg","E:\mastercode\ultralytics-main-new\1_results\001_yolo11n_seg_AdamW\label_audit_all\count_mismatch\IMG_20260706_105013_train_gt04_pred02_diff02_extra-02.jpg"
"206","train","351","4","5","1","0","1","E:\mastercode\data\test\images\train\IMG_20260706_105015.jpg","E:\mastercode\ultralytics-main-new\1_results\001_yolo11n_seg_AdamW\label_audit_all\count_mismatch\IMG_20260706_105015_train_gt04_pred05_diff01_extra+01.jpg"
"207","train","352","7","5","-2","2","2","E:\mastercode\data\test\images\train\IMG_20260706_105018.jpg","E:\mastercode\ultralytics-main-new\1_results\001_yolo11n_seg_AdamW\label_audit_all\count_mismatch\IMG_20260706_105018_train_gt07_pred05_diff02_extra-02.jpg"
"208","train","353","9","2","-7","7","7","E:\mastercode\data\test\images\train\IMG_20260706_105030.jpg","E:\mastercode\ultralytics-main-new\1_results\001_yolo11n_seg_AdamW\label_audit_all\count_mismatch\IMG_20260706_105030_train_gt09_pred02_diff07_extra-07.jpg"
"209","train","354","4","3","-1","1","1","E:\mastercode\data\test\images\train\IMG_20260706_105034.jpg","E:\mastercode\ultralytics-main-new\1_results\001_yolo11n_seg_AdamW\label_audit_all\count_mismatch\IMG_20260706_105034_train_gt04_pred03_diff01_extra-01.jpg"
"210","train","355","12","2","-10","10","10","E:\mastercode\data\test\images\train\IMG_20260706_105035.jpg","E:\mastercode\ultralytics-main-new\1_results\001_yolo11n_seg_AdamW\label_audit_all\count_mismatch\IMG_20260706_105035_train_gt12_pred02_diff10_extra-10.jpg"
"211","train","356","5","4","-1","1","1","E:\mastercode\data\test\images\train\IMG_20260706_105038.jpg","E:\mastercode\ultralytics-main-new\1_results\001_yolo11n_seg_AdamW\label_audit_all\count_mismatch\IMG_20260706_105038_train_gt05_pred04_diff01_extra-01.jpg"
"212","train","357","8","2","-6","6","6","E:\mastercode\data\test\images\train\IMG_20260706_105039.jpg","E:\mastercode\ultralytics-main-new\1_results\001_yolo11n_seg_AdamW\label_audit_all\count_mismatch\IMG_20260706_105039_train_gt08_pred02_diff06_extra-06.jpg"
"213","train","358","3","4","1","0","1","E:\mastercode\data\test\images\train\IMG_20260706_105043.jpg","E:\mastercode\ultralytics-main-new\1_results\001_yolo11n_seg_AdamW\label_audit_all\count_mismatch\IMG_20260706_105043_train_gt03_pred04_diff01_extra+01.jpg"
"214","train","359","2","1","-1","1","1","E:\mastercode\data\test\images\train\IMG_20260706_105048.jpg","E:\mastercode\ultralytics-main-new\1_results\001_yolo11n_seg_AdamW\label_audit_all\count_mismatch\IMG_20260706_105048_train_gt02_pred01_diff01_extra-01.jpg"
"215","train","361","4","5","1","0","1","E:\mastercode\data\test\images\train\IMG_20260706_105058.jpg","E:\mastercode\ultralytics-main-new\1_results\001_yolo11n_seg_AdamW\label_audit_all\count_mismatch\IMG_20260706_105058_train_gt04_pred05_diff01_extra+01.jpg"
"216","train","363","1","2","1","0","1","E:\mastercode\data\test\images\train\IMG_20260706_105108.jpg","E:\mastercode\ultralytics-main-new\1_results\001_yolo11n_seg_AdamW\label_audit_all\count_mismatch\IMG_20260706_105108_train_gt01_pred02_diff01_extra+01.jpg"
"217","train","365","16","13","-3","3","3","E:\mastercode\data\test\images\train\IMG_20260706_105119.jpg","E:\mastercode\ultralytics-main-new\1_results\001_yolo11n_seg_AdamW\label_audit_all\count_mismatch\IMG_20260706_105119_train_gt16_pred13_diff03_extra-03.jpg"
"218","train","366","9","8","-1","1","1","E:\mastercode\data\test\images\train\IMG_20260706_105123.jpg","E:\mastercode\ultralytics-main-new\1_results\001_yolo11n_seg_AdamW\label_audit_all\count_mismatch\IMG_20260706_105123_train_gt09_pred08_diff01_extra-01.jpg"
"219","train","367","5","6","1","0","1","E:\mastercode\data\test\images\train\IMG_20260706_105124.jpg","E:\mastercode\ultralytics-main-new\1_results\001_yolo11n_seg_AdamW\label_audit_all\count_mismatch\IMG_20260706_105124_train_gt05_pred06_diff01_extra+01.jpg"
"220","train","368","3","4","1","0","1","E:\mastercode\data\test\images\train\IMG_20260706_105126.jpg","E:\mastercode\ultralytics-main-new\1_results\001_yolo11n_seg_AdamW\label_audit_all\count_mismatch\IMG_20260706_105126_train_gt03_pred04_diff01_extra+01.jpg"
"221","train","371","7","8","1","0","1","E:\mastercode\data\test\images\train\IMG_20260706_105133.jpg","E:\mastercode\ultralytics-main-new\1_results\001_yolo11n_seg_AdamW\label_audit_all\count_mismatch\IMG_20260706_105133_train_gt07_pred08_diff01_extra+01.jpg"
"222","train","372","7","6","-1","1","1","E:\mastercode\data\test\images\train\IMG_20260706_105134.jpg","E:\mastercode\ultralytics-main-new\1_results\001_yolo11n_seg_AdamW\label_audit_all\count_mismatch\IMG_20260706_105134_train_gt07_pred06_diff01_extra-01.jpg"
"223","train","374","5","6","1","0","1","E:\mastercode\data\test\images\train\IMG_20260706_105136.jpg","E:\mastercode\ultralytics-main-new\1_results\001_yolo11n_seg_AdamW\label_audit_all\count_mismatch\IMG_20260706_105136_train_gt05_pred06_diff01_extra+01.jpg"
"224","train","379","23","8","-15","15","15","E:\mastercode\data\test\images\train\IMG_20260706_105149.jpg","E:\mastercode\ultralytics-main-new\1_results\001_yolo11n_seg_AdamW\label_audit_all\count_mismatch\IMG_20260706_105149_train_gt23_pred08_diff15_extra-15.jpg"
"225","train","380","4","5","1","0","1","E:\mastercode\data\test\images\train\IMG_20260706_105151.jpg","E:\mastercode\ultralytics-main-new\1_results\001_yolo11n_seg_AdamW\label_audit_all\count_mismatch\IMG_20260706_105151_train_gt04_pred05_diff01_extra+01.jpg"
"226","train","381","3","4","1","0","1","E:\mastercode\data\test\images\train\IMG_20260706_105152.jpg","E:\mastercode\ultralytics-main-new\1_results\001_yolo11n_seg_AdamW\label_audit_all\count_mismatch\IMG_20260706_105152_train_gt03_pred04_diff01_extra+01.jpg"
"227","train","382","3","2","-1","1","1","E:\mastercode\data\test\images\train\IMG_20260706_105155.jpg","E:\mastercode\ultralytics-main-new\1_results\001_yolo11n_seg_AdamW\label_audit_all\count_mismatch\IMG_20260706_105155_train_gt03_pred02_diff01_extra-01.jpg"
"228","train","383","1","2","1","0","1","E:\mastercode\data\test\images\train\IMG_20260706_105157.jpg","E:\mastercode\ultralytics-main-new\1_results\001_yolo11n_seg_AdamW\label_audit_all\count_mismatch\IMG_20260706_105157_train_gt01_pred02_diff01_extra+01.jpg"
"229","train","384","13","17","4","0","4","E:\mastercode\data\test\images\train\IMG_20260706_105159.jpg","E:\mastercode\ultralytics-main-new\1_results\001_yolo11n_seg_AdamW\label_audit_all\count_mismatch\IMG_20260706_105159_train_gt13_pred17_diff04_extra+04.jpg"
"230","train","385","7","6","-1","1","1","E:\mastercode\data\test\images\train\IMG_20260706_105203.jpg","E:\mastercode\ultralytics-main-new\1_results\001_yolo11n_seg_AdamW\label_audit_all\count_mismatch\IMG_20260706_105203_train_gt07_pred06_diff01_extra-01.jpg"
"231","train","388","1","3","2","0","2","E:\mastercode\data\test\images\train\IMG_20260706_105212.jpg","E:\mastercode\ultralytics-main-new\1_results\001_yolo11n_seg_AdamW\label_audit_all\count_mismatch\IMG_20260706_105212_train_gt01_pred03_diff02_extra+02.jpg"
"232","train","392","1","2","1","0","1","E:\mastercode\data\test\images\train\IMG_20260706_105235.jpg","E:\mastercode\ultralytics-main-new\1_results\001_yolo11n_seg_AdamW\label_audit_all\count_mismatch\IMG_20260706_105235_train_gt01_pred02_diff01_extra+01.jpg"
"233","train","394","4","3","-1","1","1","E:\mastercode\data\test\images\train\IMG_20260706_105253.jpg","E:\mastercode\ultralytics-main-new\1_results\001_yolo11n_seg_AdamW\label_audit_all\count_mismatch\IMG_20260706_105253_train_gt04_pred03_diff01_extra-01.jpg"
"234","train","395","6","3","-3","3","3","E:\mastercode\data\test\images\train\IMG_20260706_105254.jpg","E:\mastercode\ultralytics-main-new\1_results\001_yolo11n_seg_AdamW\label_audit_all\count_mismatch\IMG_20260706_105254_train_gt06_pred03_diff03_extra-03.jpg"
"235","train","396","9","10","1","0","1","E:\mastercode\data\test\images\train\IMG_20260706_105300.jpg","E:\mastercode\ultralytics-main-new\1_results\001_yolo11n_seg_AdamW\label_audit_all\count_mismatch\IMG_20260706_105300_train_gt09_pred10_diff01_extra+01.jpg"
"236","train","397","6","7","1","0","1","E:\mastercode\data\test\images\train\IMG_20260706_105304.jpg","E:\mastercode\ultralytics-main-new\1_results\001_yolo11n_seg_AdamW\label_audit_all\count_mismatch\IMG_20260706_105304_train_gt06_pred07_diff01_extra+01.jpg"
"237","train","400","6","8","2","0","2","E:\mastercode\data\test\images\train\IMG_20260706_105313.jpg","E:\mastercode\ultralytics-main-new\1_results\001_yolo11n_seg_AdamW\label_audit_all\count_mismatch\IMG_20260706_105313_train_gt06_pred08_diff02_extra+02.jpg"
"238","train","403","5","4","-1","1","1","E:\mastercode\data\test\images\train\IMG_20260706_105334.jpg","E:\mastercode\ultralytics-main-new\1_results\001_yolo11n_seg_AdamW\label_audit_all\count_mismatch\IMG_20260706_105334_train_gt05_pred04_diff01_extra-01.jpg"
"239","train","404","6","4","-2","2","2","E:\mastercode\data\test\images\train\IMG_20260706_105336.jpg","E:\mastercode\ultralytics-main-new\1_results\001_yolo11n_seg_AdamW\label_audit_all\count_mismatch\IMG_20260706_105336_train_gt06_pred04_diff02_extra-02.jpg"
"240","train","405","5","6","1","0","1","E:\mastercode\data\test\images\train\IMG_20260706_105338.jpg","E:\mastercode\ultralytics-main-new\1_results\001_yolo11n_seg_AdamW\label_audit_all\count_mismatch\IMG_20260706_105338_train_gt05_pred06_diff01_extra+01.jpg"
"241","train","406","3","5","2","0","2","E:\mastercode\data\test\images\train\IMG_20260706_105340.jpg","E:\mastercode\ultralytics-main-new\1_results\001_yolo11n_seg_AdamW\label_audit_all\count_mismatch\IMG_20260706_105340_train_gt03_pred05_diff02_extra+02.jpg"
"242","train","407","1","2","1","0","1","E:\mastercode\data\test\images\train\IMG_20260706_105343.jpg","E:\mastercode\ultralytics-main-new\1_results\001_yolo11n_seg_AdamW\label_audit_all\count_mismatch\IMG_20260706_105343_train_gt01_pred02_diff01_extra+01.jpg"
"243","train","410","9","12","3","0","3","E:\mastercode\data\test\images\train\IMG_20260706_105350.jpg","E:\mastercode\ultralytics-main-new\1_results\001_yolo11n_seg_AdamW\label_audit_all\count_mismatch\IMG_20260706_105350_train_gt09_pred12_diff03_extra+03.jpg"
"244","train","411","3","4","1","0","1","E:\mastercode\data\test\images\train\IMG_20260706_105351.jpg","E:\mastercode\ultralytics-main-new\1_results\001_yolo11n_seg_AdamW\label_audit_all\count_mismatch\IMG_20260706_105351_train_gt03_pred04_diff01_extra+01.jpg"
"245","train","412","7","6","-1","1","1","E:\mastercode\data\test\images\train\IMG_20260706_105351_2.jpg","E:\mastercode\ultralytics-main-new\1_results\001_yolo11n_seg_AdamW\label_audit_all\count_mismatch\IMG_20260706_105351_2_train_gt07_pred06_diff01_extra-01.jpg"
"246","train","413","10","3","-7","7","7","E:\mastercode\data\test\images\train\IMG_20260706_105352.jpg","E:\mastercode\ultralytics-main-new\1_results\001_yolo11n_seg_AdamW\label_audit_all\count_mismatch\IMG_20260706_105352_train_gt10_pred03_diff07_extra-07.jpg"
"247","train","415","7","8","1","0","1","E:\mastercode\data\test\images\train\IMG_20260706_105356.jpg","E:\mastercode\ultralytics-main-new\1_results\001_yolo11n_seg_AdamW\label_audit_all\count_mismatch\IMG_20260706_105356_train_gt07_pred08_diff01_extra+01.jpg"
"248","train","416","4","5","1","0","1","E:\mastercode\data\test\images\train\IMG_20260706_105403.jpg","E:\mastercode\ultralytics-main-new\1_results\001_yolo11n_seg_AdamW\label_audit_all\count_mismatch\IMG_20260706_105403_train_gt04_pred05_diff01_extra+01.jpg"
"249","train","417","6","7","1","0","1","E:\mastercode\data\test\images\train\IMG_20260706_105405.jpg","E:\mastercode\ultralytics-main-new\1_results\001_yolo11n_seg_AdamW\label_audit_all\count_mismatch\IMG_20260706_105405_train_gt06_pred07_diff01_extra+01.jpg"
"250","train","418","6","5","-1","1","1","E:\mastercode\data\test\images\train\IMG_20260706_105406.jpg","E:\mastercode\ultralytics-main-new\1_results\001_yolo11n_seg_AdamW\label_audit_all\count_mismatch\IMG_20260706_105406_train_gt06_pred05_diff01_extra-01.jpg"
"251","train","421","2","3","1","0","1","E:\mastercode\data\test\images\train\IMG_20260706_105415.jpg","E:\mastercode\ultralytics-main-new\1_results\001_yolo11n_seg_AdamW\label_audit_all\count_mismatch\IMG_20260706_105415_train_gt02_pred03_diff01_extra+01.jpg"
"252","train","422","11","13","2","0","2","E:\mastercode\data\test\images\train\IMG_20260706_105429.jpg","E:\mastercode\ultralytics-main-new\1_results\001_yolo11n_seg_AdamW\label_audit_all\count_mismatch\IMG_20260706_105429_train_gt11_pred13_diff02_extra+02.jpg"
"253","train","423","8","13","5","0","5","E:\mastercode\data\test\images\train\IMG_20260706_105431.jpg","E:\mastercode\ultralytics-main-new\1_results\001_yolo11n_seg_AdamW\label_audit_all\count_mismatch\IMG_20260706_105431_train_gt08_pred13_diff05_extra+05.jpg"
"254","train","425","5","6","1","0","1","E:\mastercode\data\test\images\train\IMG_20260706_105436.jpg","E:\mastercode\ultralytics-main-new\1_results\001_yolo11n_seg_AdamW\label_audit_all\count_mismatch\IMG_20260706_105436_train_gt05_pred06_diff01_extra+01.jpg"
"255","train","426","5","6","1","0","1","E:\mastercode\data\test\images\train\IMG_20260706_105437.jpg","E:\mastercode\ultralytics-main-new\1_results\001_yolo11n_seg_AdamW\label_audit_all\count_mismatch\IMG_20260706_105437_train_gt05_pred06_diff01_extra+01.jpg"
"256","train","430","2","4","2","0","2","E:\mastercode\data\test\images\train\IMG_20260706_105447.jpg","E:\mastercode\ultralytics-main-new\1_results\001_yolo11n_seg_AdamW\label_audit_all\count_mismatch\IMG_20260706_105447_train_gt02_pred04_diff02_extra+02.jpg"
"257","train","431","2","3","1","0","1","E:\mastercode\data\test\images\train\IMG_20260706_105450.jpg","E:\mastercode\ultralytics-main-new\1_results\001_yolo11n_seg_AdamW\label_audit_all\count_mismatch\IMG_20260706_105450_train_gt02_pred03_diff01_extra+01.jpg"
"258","train","434","14","11","-3","3","3","E:\mastercode\data\test\images\train\IMG_20260706_105506.jpg","E:\mastercode\ultralytics-main-new\1_results\001_yolo11n_seg_AdamW\label_audit_all\count_mismatch\IMG_20260706_105506_train_gt14_pred11_diff03_extra-03.jpg"
"259","train","435","2","6","4","0","4","E:\mastercode\data\test\images\train\IMG_20260706_105510.jpg","E:\mastercode\ultralytics-main-new\1_results\001_yolo11n_seg_AdamW\label_audit_all\count_mismatch\IMG_20260706_105510_train_gt02_pred06_diff04_extra+04.jpg"
"260","train","437","2","3","1","0","1","E:\mastercode\data\test\images\train\IMG_20260706_105518.jpg","E:\mastercode\ultralytics-main-new\1_results\001_yolo11n_seg_AdamW\label_audit_all\count_mismatch\IMG_20260706_105518_train_gt02_pred03_diff01_extra+01.jpg"
"261","train","438","11","6","-5","5","5","E:\mastercode\data\test\images\train\IMG_20260706_105521.jpg","E:\mastercode\ultralytics-main-new\1_results\001_yolo11n_seg_AdamW\label_audit_all\count_mismatch\IMG_20260706_105521_train_gt11_pred06_diff05_extra-05.jpg"
"262","train","442","2","1","-1","1","1","E:\mastercode\data\test\images\train\IMG_20260706_105534.jpg","E:\mastercode\ultralytics-main-new\1_results\001_yolo11n_seg_AdamW\label_audit_all\count_mismatch\IMG_20260706_105534_train_gt02_pred01_diff01_extra-01.jpg"
"263","train","443","5","4","-1","1","1","E:\mastercode\data\test\images\train\IMG_20260706_105536.jpg","E:\mastercode\ultralytics-main-new\1_results\001_yolo11n_seg_AdamW\label_audit_all\count_mismatch\IMG_20260706_105536_train_gt05_pred04_diff01_extra-01.jpg"
"264","train","444","3","2","-1","1","1","E:\mastercode\data\test\images\train\IMG_20260706_105538.jpg","E:\mastercode\ultralytics-main-new\1_results\001_yolo11n_seg_AdamW\label_audit_all\count_mismatch\IMG_20260706_105538_train_gt03_pred02_diff01_extra-01.jpg"
"265","train","447","7","6","-1","1","1","E:\mastercode\data\test\images\train\IMG_20260706_105616.jpg","E:\mastercode\ultralytics-main-new\1_results\001_yolo11n_seg_AdamW\label_audit_all\count_mismatch\IMG_20260706_105616_train_gt07_pred06_diff01_extra-01.jpg"
"266","train","448","22","4","-18","18","18","E:\mastercode\data\test\images\train\IMG_20260706_105623.jpg","E:\mastercode\ultralytics-main-new\1_results\001_yolo11n_seg_AdamW\label_audit_all\count_mismatch\IMG_20260706_105623_train_gt22_pred04_diff18_extra-18.jpg"
"267","train","450","5","8","3","0","3","E:\mastercode\data\test\images\train\IMG_20260706_105627.jpg","E:\mastercode\ultralytics-main-new\1_results\001_yolo11n_seg_AdamW\label_audit_all\count_mismatch\IMG_20260706_105627_train_gt05_pred08_diff03_extra+03.jpg"
"268","train","451","5","3","-2","2","2","E:\mastercode\data\test\images\train\IMG_20260706_105629.jpg","E:\mastercode\ultralytics-main-new\1_results\001_yolo11n_seg_AdamW\label_audit_all\count_mismatch\IMG_20260706_105629_train_gt05_pred03_diff02_extra-02.jpg"
"269","train","454","1","3","2","0","2","E:\mastercode\data\test\images\train\IMG_20260706_105637.jpg","E:\mastercode\ultralytics-main-new\1_results\001_yolo11n_seg_AdamW\label_audit_all\count_mismatch\IMG_20260706_105637_train_gt01_pred03_diff02_extra+02.jpg"
"270","train","456","2","3","1","0","1","E:\mastercode\data\test\images\train\IMG_20260706_105642.jpg","E:\mastercode\ultralytics-main-new\1_results\001_yolo11n_seg_AdamW\label_audit_all\count_mismatch\IMG_20260706_105642_train_gt02_pred03_diff01_extra+01.jpg"
"271","train","457","2","4","2","0","2","E:\mastercode\data\test\images\train\IMG_20260706_105647.jpg","E:\mastercode\ultralytics-main-new\1_results\001_yolo11n_seg_AdamW\label_audit_all\count_mismatch\IMG_20260706_105647_train_gt02_pred04_diff02_extra+02.jpg"
"272","val","113","6","4","-2","2","2","E:\mastercode\data\test\images\val\IMG_20260706_105703.jpg","E:\mastercode\ultralytics-main-new\1_results\001_yolo11n_seg_AdamW\label_audit_all\count_mismatch\IMG_20260706_105703_val_gt06_pred04_diff02_extra-02.jpg"
"273","val","114","10","6","-4","4","4","E:\mastercode\data\test\images\val\IMG_20260706_105705.jpg","E:\mastercode\ultralytics-main-new\1_results\001_yolo11n_seg_AdamW\label_audit_all\count_mismatch\IMG_20260706_105705_val_gt10_pred06_diff04_extra-04.jpg"
"274","val","115","12","7","-5","5","5","E:\mastercode\data\test\images\val\IMG_20260706_105707.jpg","E:\mastercode\ultralytics-main-new\1_results\001_yolo11n_seg_AdamW\label_audit_all\count_mismatch\IMG_20260706_105707_val_gt12_pred07_diff05_extra-05.jpg"
"275","val","116","1","3","2","0","2","E:\mastercode\data\test\images\val\IMG_20260706_105709.jpg","E:\mastercode\ultralytics-main-new\1_results\001_yolo11n_seg_AdamW\label_audit_all\count_mismatch\IMG_20260706_105709_val_gt01_pred03_diff02_extra+02.jpg"
"276","val","117","3","2","-1","1","1","E:\mastercode\data\test\images\val\IMG_20260706_105712.jpg","E:\mastercode\ultralytics-main-new\1_results\001_yolo11n_seg_AdamW\label_audit_all\count_mismatch\IMG_20260706_105712_val_gt03_pred02_diff01_extra-01.jpg"
"277","val","123","2","3","1","0","1","E:\mastercode\data\test\images\val\IMG_20260706_105730.jpg","E:\mastercode\ultralytics-main-new\1_results\001_yolo11n_seg_AdamW\label_audit_all\count_mismatch\IMG_20260706_105730_val_gt02_pred03_diff01_extra+01.jpg"
"278","val","124","8","7","-1","1","1","E:\mastercode\data\test\images\val\IMG_20260706_105731.jpg","E:\mastercode\ultralytics-main-new\1_results\001_yolo11n_seg_AdamW\label_audit_all\count_mismatch\IMG_20260706_105731_val_gt08_pred07_diff01_extra-01.jpg"
"279","val","125","10","7","-3","3","3","E:\mastercode\data\test\images\val\IMG_20260706_105733.jpg","E:\mastercode\ultralytics-main-new\1_results\001_yolo11n_seg_AdamW\label_audit_all\count_mismatch\IMG_20260706_105733_val_gt10_pred07_diff03_extra-03.jpg"
"280","val","126","10","5","-5","5","5","E:\mastercode\data\test\images\val\IMG_20260706_105739.jpg","E:\mastercode\ultralytics-main-new\1_results\001_yolo11n_seg_AdamW\label_audit_all\count_mismatch\IMG_20260706_105739_val_gt10_pred05_diff05_extra-05.jpg"
"281","val","127","5","3","-2","2","2","E:\mastercode\data\test\images\val\IMG_20260706_105741.jpg","E:\mastercode\ultralytics-main-new\1_results\001_yolo11n_seg_AdamW\label_audit_all\count_mismatch\IMG_20260706_105741_val_gt05_pred03_diff02_extra-02.jpg"
"282","val","130","1","2","1","0","1","E:\mastercode\data\test\images\val\IMG_20260706_105755.jpg","E:\mastercode\ultralytics-main-new\1_results\001_yolo11n_seg_AdamW\label_audit_all\count_mismatch\IMG_20260706_105755_val_gt01_pred02_diff01_extra+01.jpg"
"283","val","131","6","4","-2","2","2","E:\mastercode\data\test\images\val\IMG_20260706_105758.jpg","E:\mastercode\ultralytics-main-new\1_results\001_yolo11n_seg_AdamW\label_audit_all\count_mismatch\IMG_20260706_105758_val_gt06_pred04_diff02_extra-02.jpg"
"284","train","460","2","3","1","0","1","E:\mastercode\data\test\images\train\IMG_20260706_105810.jpg","E:\mastercode\ultralytics-main-new\1_results\001_yolo11n_seg_AdamW\label_audit_all\count_mismatch\IMG_20260706_105810_train_gt02_pred03_diff01_extra+01.jpg"
"285","train","465","2","1","-1","1","1","E:\mastercode\data\test\images\train\IMG_20260706_105822.jpg","E:\mastercode\ultralytics-main-new\1_results\001_yolo11n_seg_AdamW\label_audit_all\count_mismatch\IMG_20260706_105822_train_gt02_pred01_diff01_extra-01.jpg"
"286","train","469","3","2","-1","1","1","E:\mastercode\data\test\images\train\IMG_20260706_105837.jpg","E:\mastercode\ultralytics-main-new\1_results\001_yolo11n_seg_AdamW\label_audit_all\count_mismatch\IMG_20260706_105837_train_gt03_pred02_diff01_extra-01.jpg"
"287","train","472","2","3","1","0","1","E:\mastercode\data\test\images\train\IMG_20260706_105846.jpg","E:\mastercode\ultralytics-main-new\1_results\001_yolo11n_seg_AdamW\label_audit_all\count_mismatch\IMG_20260706_105846_train_gt02_pred03_diff01_extra+01.jpg"
"288","train","473","3","2","-1","1","1","E:\mastercode\data\test\images\train\IMG_20260706_105854.jpg","E:\mastercode\ultralytics-main-new\1_results\001_yolo11n_seg_AdamW\label_audit_all\count_mismatch\IMG_20260706_105854_train_gt03_pred02_diff01_extra-01.jpg"
"289","train","474","1","2","1","0","1","E:\mastercode\data\test\images\train\IMG_20260706_105857.jpg","E:\mastercode\ultralytics-main-new\1_results\001_yolo11n_seg_AdamW\label_audit_all\count_mismatch\IMG_20260706_105857_train_gt01_pred02_diff01_extra+01.jpg"
"290","train","478","1","2","1","0","1","E:\mastercode\data\test\images\train\IMG_20260706_105920_1.jpg","E:\mastercode\ultralytics-main-new\1_results\001_yolo11n_seg_AdamW\label_audit_all\count_mismatch\IMG_20260706_105920_1_train_gt01_pred02_diff01_extra+01.jpg"
"291","train","480","7","9","2","0","2","E:\mastercode\data\test\images\train\IMG_20260706_105942.jpg","E:\mastercode\ultralytics-main-new\1_results\001_yolo11n_seg_AdamW\label_audit_all\count_mismatch\IMG_20260706_105942_train_gt07_pred09_diff02_extra+02.jpg"
"292","train","484","2","3","1","0","1","E:\mastercode\data\test\images\train\IMG_20260706_105954.jpg","E:\mastercode\ultralytics-main-new\1_results\001_yolo11n_seg_AdamW\label_audit_all\count_mismatch\IMG_20260706_105954_train_gt02_pred03_diff01_extra+01.jpg"
"293","train","485","2","3","1","0","1","E:\mastercode\data\test\images\train\IMG_20260706_105955.jpg","E:\mastercode\ultralytics-main-new\1_results\001_yolo11n_seg_AdamW\label_audit_all\count_mismatch\IMG_20260706_105955_train_gt02_pred03_diff01_extra+01.jpg"
"294","train","490","7","5","-2","2","2","E:\mastercode\data\test\images\train\IMG_20260706_110008.jpg","E:\mastercode\ultralytics-main-new\1_results\001_yolo11n_seg_AdamW\label_audit_all\count_mismatch\IMG_20260706_110008_train_gt07_pred05_diff02_extra-02.jpg"
"295","train","493","6","8","2","0","2","E:\mastercode\data\test\images\train\IMG_20260706_110021.jpg","E:\mastercode\ultralytics-main-new\1_results\001_yolo11n_seg_AdamW\label_audit_all\count_mismatch\IMG_20260706_110021_train_gt06_pred08_diff02_extra+02.jpg"
"296","train","496","3","2","-1","1","1","E:\mastercode\data\test\images\train\IMG_20260706_110029.jpg","E:\mastercode\ultralytics-main-new\1_results\001_yolo11n_seg_AdamW\label_audit_all\count_mismatch\IMG_20260706_110029_train_gt03_pred02_diff01_extra-01.jpg"
"297","train","497","1","2","1","0","1","E:\mastercode\data\test\images\train\IMG_20260706_110050.jpg","E:\mastercode\ultralytics-main-new\1_results\001_yolo11n_seg_AdamW\label_audit_all\count_mismatch\IMG_20260706_110050_train_gt01_pred02_diff01_extra+01.jpg"
"298","train","499","12","13","1","0","1","E:\mastercode\data\test\images\train\IMG_20260706_110058.jpg","E:\mastercode\ultralytics-main-new\1_results\001_yolo11n_seg_AdamW\label_audit_all\count_mismatch\IMG_20260706_110058_train_gt12_pred13_diff01_extra+01.jpg"
"299","train","501","6","8","2","0","2","E:\mastercode\data\test\images\train\IMG_20260706_110100.jpg","E:\mastercode\ultralytics-main-new\1_results\001_yolo11n_seg_AdamW\label_audit_all\count_mismatch\IMG_20260706_110100_train_gt06_pred08_diff02_extra+02.jpg"
"300","train","502","5","4","-1","1","1","E:\mastercode\data\test\images\train\IMG_20260706_110102.jpg","E:\mastercode\ultralytics-main-new\1_results\001_yolo11n_seg_AdamW\label_audit_all\count_mismatch\IMG_20260706_110102_train_gt05_pred04_diff01_extra-01.jpg"
"301","train","504","3","5","2","0","2","E:\mastercode\data\test\images\train\IMG_20260706_110107.jpg","E:\mastercode\ultralytics-main-new\1_results\001_yolo11n_seg_AdamW\label_audit_all\count_mismatch\IMG_20260706_110107_train_gt03_pred05_diff02_extra+02.jpg"
"302","train","506","5","6","1","0","1","E:\mastercode\data\test\images\train\IMG_20260706_110111.jpg","E:\mastercode\ultralytics-main-new\1_results\001_yolo11n_seg_AdamW\label_audit_all\count_mismatch\IMG_20260706_110111_train_gt05_pred06_diff01_extra+01.jpg"
"303","train","511","5","6","1","0","1","E:\mastercode\data\test\images\train\IMG_20260706_110242.jpg","E:\mastercode\ultralytics-main-new\1_results\001_yolo11n_seg_AdamW\label_audit_all\count_mismatch\IMG_20260706_110242_train_gt05_pred06_diff01_extra+01.jpg"
"304","train","512","5","6","1","0","1","E:\mastercode\data\test\images\train\IMG_20260706_110244.jpg","E:\mastercode\ultralytics-main-new\1_results\001_yolo11n_seg_AdamW\label_audit_all\count_mismatch\IMG_20260706_110244_train_gt05_pred06_diff01_extra+01.jpg"
"305","train","513","7","10","3","0","3","E:\mastercode\data\test\images\train\IMG_20260706_110245.jpg","E:\mastercode\ultralytics-main-new\1_results\001_yolo11n_seg_AdamW\label_audit_all\count_mismatch\IMG_20260706_110245_train_gt07_pred10_diff03_extra+03.jpg"
"306","train","515","2","3","1","0","1","E:\mastercode\data\test\images\train\IMG_20260706_110252.jpg","E:\mastercode\ultralytics-main-new\1_results\001_yolo11n_seg_AdamW\label_audit_all\count_mismatch\IMG_20260706_110252_train_gt02_pred03_diff01_extra+01.jpg"
"307","train","521","6","7","1","0","1","E:\mastercode\data\test\images\train\IMG_20260706_110318.jpg","E:\mastercode\ultralytics-main-new\1_results\001_yolo11n_seg_AdamW\label_audit_all\count_mismatch\IMG_20260706_110318_train_gt06_pred07_diff01_extra+01.jpg"
"308","train","524","4","3","-1","1","1","E:\mastercode\data\test\images\train\IMG_20260706_110329.jpg","E:\mastercode\ultralytics-main-new\1_results\001_yolo11n_seg_AdamW\label_audit_all\count_mismatch\IMG_20260706_110329_train_gt04_pred03_diff01_extra-01.jpg"
"309","train","528","4","3","-1","1","1","E:\mastercode\data\test\images\train\IMG_20260706_110341.jpg","E:\mastercode\ultralytics-main-new\1_results\001_yolo11n_seg_AdamW\label_audit_all\count_mismatch\IMG_20260706_110341_train_gt04_pred03_diff01_extra-01.jpg"
"310","train","530","5","4","-1","1","1","E:\mastercode\data\test\images\train\IMG_20260706_110713.jpg","E:\mastercode\ultralytics-main-new\1_results\001_yolo11n_seg_AdamW\label_audit_all\count_mismatch\IMG_20260706_110713_train_gt05_pred04_diff01_extra-01.jpg"
"311","train","532","1","2","1","0","1","E:\mastercode\data\test\images\train\IMG_20260706_110721.jpg","E:\mastercode\ultralytics-main-new\1_results\001_yolo11n_seg_AdamW\label_audit_all\count_mismatch\IMG_20260706_110721_train_gt01_pred02_diff01_extra+01.jpg"
"312","train","533","2","3","1","0","1","E:\mastercode\data\test\images\train\IMG_20260706_110724.jpg","E:\mastercode\ultralytics-main-new\1_results\001_yolo11n_seg_AdamW\label_audit_all\count_mismatch\IMG_20260706_110724_train_gt02_pred03_diff01_extra+01.jpg"
"313","val","133","3","4","1","0","1","E:\mastercode\data\test\images\val\IMG_20260706_110809.jpg","E:\mastercode\ultralytics-main-new\1_results\001_yolo11n_seg_AdamW\label_audit_all\count_mismatch\IMG_20260706_110809_val_gt03_pred04_diff01_extra+01.jpg"
"314","val","135","1","2","1","0","1","E:\mastercode\data\test\images\val\IMG_20260706_110815.jpg","E:\mastercode\ultralytics-main-new\1_results\001_yolo11n_seg_AdamW\label_audit_all\count_mismatch\IMG_20260706_110815_val_gt01_pred02_diff01_extra+01.jpg"
"315","val","137","5","6","1","0","1","E:\mastercode\data\test\images\val\IMG_20260706_110827_1.jpg","E:\mastercode\ultralytics-main-new\1_results\001_yolo11n_seg_AdamW\label_audit_all\count_mismatch\IMG_20260706_110827_1_val_gt05_pred06_diff01_extra+01.jpg"
"316","val","138","2","3","1","0","1","E:\mastercode\data\test\images\val\IMG_20260706_110835.jpg","E:\mastercode\ultralytics-main-new\1_results\001_yolo11n_seg_AdamW\label_audit_all\count_mismatch\IMG_20260706_110835_val_gt02_pred03_diff01_extra+01.jpg"
"317","val","141","4","6","2","0","2","E:\mastercode\data\test\images\val\IMG_20260706_110841.jpg","E:\mastercode\ultralytics-main-new\1_results\001_yolo11n_seg_AdamW\label_audit_all\count_mismatch\IMG_20260706_110841_val_gt04_pred06_diff02_extra+02.jpg"
"318","val","142","6","8","2","0","2","E:\mastercode\data\test\images\val\IMG_20260706_110842.jpg","E:\mastercode\ultralytics-main-new\1_results\001_yolo11n_seg_AdamW\label_audit_all\count_mismatch\IMG_20260706_110842_val_gt06_pred08_diff02_extra+02.jpg"
"319","val","145","10","4","-6","6","6","E:\mastercode\data\test\images\val\IMG_20260706_110846.jpg","E:\mastercode\ultralytics-main-new\1_results\001_yolo11n_seg_AdamW\label_audit_all\count_mismatch\IMG_20260706_110846_val_gt10_pred04_diff06_extra-06.jpg"
"320","val","146","1","2","1","0","1","E:\mastercode\data\test\images\val\IMG_20260706_110855.jpg","E:\mastercode\ultralytics-main-new\1_results\001_yolo11n_seg_AdamW\label_audit_all\count_mismatch\IMG_20260706_110855_val_gt01_pred02_diff01_extra+01.jpg"
"321","train","539","2","3","1","0","1","E:\mastercode\data\test\images\train\IMG_20260706_110904.jpg","E:\mastercode\ultralytics-main-new\1_results\001_yolo11n_seg_AdamW\label_audit_all\count_mismatch\IMG_20260706_110904_train_gt02_pred03_diff01_extra+01.jpg"
"322","train","540","3","4","1","0","1","E:\mastercode\data\test\images\train\IMG_20260706_110905.jpg","E:\mastercode\ultralytics-main-new\1_results\001_yolo11n_seg_AdamW\label_audit_all\count_mismatch\IMG_20260706_110905_train_gt03_pred04_diff01_extra+01.jpg"
"323","train","544","6","7","1","0","1","E:\mastercode\data\test\images\train\IMG_20260706_110911.jpg","E:\mastercode\ultralytics-main-new\1_results\001_yolo11n_seg_AdamW\label_audit_all\count_mismatch\IMG_20260706_110911_train_gt06_pred07_diff01_extra+01.jpg"
"324","train","547","2","1","-1","1","1","E:\mastercode\data\test\images\train\IMG_20260706_110917.jpg","E:\mastercode\ultralytics-main-new\1_results\001_yolo11n_seg_AdamW\label_audit_all\count_mismatch\IMG_20260706_110917_train_gt02_pred01_diff01_extra-01.jpg"
"325","train","549","1","2","1","0","1","E:\mastercode\data\test\images\train\IMG_20260706_110923.jpg","E:\mastercode\ultralytics-main-new\1_results\001_yolo11n_seg_AdamW\label_audit_all\count_mismatch\IMG_20260706_110923_train_gt01_pred02_diff01_extra+01.jpg"
"326","train","551","3","4","1","0","1","E:\mastercode\data\test\images\train\IMG_20260706_110948.jpg","E:\mastercode\ultralytics-main-new\1_results\001_yolo11n_seg_AdamW\label_audit_all\count_mismatch\IMG_20260706_110948_train_gt03_pred04_diff01_extra+01.jpg"
"327","train","552","1","2","1","0","1","E:\mastercode\data\test\images\train\IMG_20260706_110955.jpg","E:\mastercode\ultralytics-main-new\1_results\001_yolo11n_seg_AdamW\label_audit_all\count_mismatch\IMG_20260706_110955_train_gt01_pred02_diff01_extra+01.jpg"
"328","train","555","6","8","2","0","2","E:\mastercode\data\test\images\train\IMG_20260706_111007.jpg","E:\mastercode\ultralytics-main-new\1_results\001_yolo11n_seg_AdamW\label_audit_all\count_mismatch\IMG_20260706_111007_train_gt06_pred08_diff02_extra+02.jpg"
"329","train","557","2","3","1","0","1","E:\mastercode\data\test\images\train\IMG_20260706_111029.jpg","E:\mastercode\ultralytics-main-new\1_results\001_yolo11n_seg_AdamW\label_audit_all\count_mismatch\IMG_20260706_111029_train_gt02_pred03_diff01_extra+01.jpg"
"330","train","559","1","2","1","0","1","E:\mastercode\data\test\images\train\IMG_20260706_111049.jpg","E:\mastercode\ultralytics-main-new\1_results\001_yolo11n_seg_AdamW\label_audit_all\count_mismatch\IMG_20260706_111049_train_gt01_pred02_diff01_extra+01.jpg"
"331","train","562","1","2","1","0","1","E:\mastercode\data\test\images\train\IMG_20260706_111210.jpg","E:\mastercode\ultralytics-main-new\1_results\001_yolo11n_seg_AdamW\label_audit_all\count_mismatch\IMG_20260706_111210_train_gt01_pred02_diff01_extra+01.jpg"
"332","train","563","10","8","-2","2","2","E:\mastercode\data\test\images\train\IMG_20260706_111212.jpg","E:\mastercode\ultralytics-main-new\1_results\001_yolo11n_seg_AdamW\label_audit_all\count_mismatch\IMG_20260706_111212_train_gt10_pred08_diff02_extra-02.jpg"
"333","train","565","4","5","1","0","1","E:\mastercode\data\test\images\train\IMG_20260706_111217.jpg","E:\mastercode\ultralytics-main-new\1_results\001_yolo11n_seg_AdamW\label_audit_all\count_mismatch\IMG_20260706_111217_train_gt04_pred05_diff01_extra+01.jpg"
"334","train","566","2","3","1","0","1","E:\mastercode\data\test\images\train\IMG_20260706_111224.jpg","E:\mastercode\ultralytics-main-new\1_results\001_yolo11n_seg_AdamW\label_audit_all\count_mismatch\IMG_20260706_111224_train_gt02_pred03_diff01_extra+01.jpg"
"335","train","567","6","5","-1","1","1","E:\mastercode\data\test\images\train\IMG_20260706_111235.jpg","E:\mastercode\ultralytics-main-new\1_results\001_yolo11n_seg_AdamW\label_audit_all\count_mismatch\IMG_20260706_111235_train_gt06_pred05_diff01_extra-01.jpg"
"336","train","570","5","4","-1","1","1","E:\mastercode\data\test\images\train\IMG_20260706_111241.jpg","E:\mastercode\ultralytics-main-new\1_results\001_yolo11n_seg_AdamW\label_audit_all\count_mismatch\IMG_20260706_111241_train_gt05_pred04_diff01_extra-01.jpg"
"337","train","571","3","2","-1","1","1","E:\mastercode\data\test\images\train\IMG_20260706_111242.jpg","E:\mastercode\ultralytics-main-new\1_results\001_yolo11n_seg_AdamW\label_audit_all\count_mismatch\IMG_20260706_111242_train_gt03_pred02_diff01_extra-01.jpg"
"338","train","572","2","4","2","0","2","E:\mastercode\data\test\images\train\IMG_20260706_111255.jpg","E:\mastercode\ultralytics-main-new\1_results\001_yolo11n_seg_AdamW\label_audit_all\count_mismatch\IMG_20260706_111255_train_gt02_pred04_diff02_extra+02.jpg"
"339","train","574","8","5","-3","3","3","E:\mastercode\data\test\images\train\IMG_20260706_111308.jpg","E:\mastercode\ultralytics-main-new\1_results\001_yolo11n_seg_AdamW\label_audit_all\count_mismatch\IMG_20260706_111308_train_gt08_pred05_diff03_extra-03.jpg"
"340","train","576","1","0","-1","1","1","E:\mastercode\data\test\images\train\IMG_20260706_111325.jpg","E:\mastercode\ultralytics-main-new\1_results\001_yolo11n_seg_AdamW\label_audit_all\count_mismatch\IMG_20260706_111325_train_gt01_pred00_diff01_extra-01.jpg"
"341","train","577","8","7","-1","1","1","E:\mastercode\data\test\images\train\IMG_20260706_111335.jpg","E:\mastercode\ultralytics-main-new\1_results\001_yolo11n_seg_AdamW\label_audit_all\count_mismatch\IMG_20260706_111335_train_gt08_pred07_diff01_extra-01.jpg"
"342","train","580","10","13","3","0","3","E:\mastercode\data\test\images\train\IMG_20260706_111340.jpg","E:\mastercode\ultralytics-main-new\1_results\001_yolo11n_seg_AdamW\label_audit_all\count_mismatch\IMG_20260706_111340_train_gt10_pred13_diff03_extra+03.jpg"
"343","train","582","6","7","1","0","1","E:\mastercode\data\test\images\train\IMG_20260706_111402.jpg","E:\mastercode\ultralytics-main-new\1_results\001_yolo11n_seg_AdamW\label_audit_all\count_mismatch\IMG_20260706_111402_train_gt06_pred07_diff01_extra+01.jpg"
"344","train","583","6","5","-1","1","1","E:\mastercode\data\test\images\train\IMG_20260706_111403.jpg","E:\mastercode\ultralytics-main-new\1_results\001_yolo11n_seg_AdamW\label_audit_all\count_mismatch\IMG_20260706_111403_train_gt06_pred05_diff01_extra-01.jpg"
"345","train","584","23","10","-13","13","13","E:\mastercode\data\test\images\train\IMG_20260706_111407.jpg","E:\mastercode\ultralytics-main-new\1_results\001_yolo11n_seg_AdamW\label_audit_all\count_mismatch\IMG_20260706_111407_train_gt23_pred10_diff13_extra-13.jpg"
"346","train","588","14","1","-13","13","13","E:\mastercode\data\test\images\train\IMG_20260706_111425.jpg","E:\mastercode\ultralytics-main-new\1_results\001_yolo11n_seg_AdamW\label_audit_all\count_mismatch\IMG_20260706_111425_train_gt14_pred01_diff13_extra-13.jpg"
"347","train","589","1","2","1","0","1","E:\mastercode\data\test\images\train\IMG_20260706_111437.jpg","E:\mastercode\ultralytics-main-new\1_results\001_yolo11n_seg_AdamW\label_audit_all\count_mismatch\IMG_20260706_111437_train_gt01_pred02_diff01_extra+01.jpg"
"348","train","590","5","6","1","0","1","E:\mastercode\data\test\images\train\IMG_20260706_111450.jpg","E:\mastercode\ultralytics-main-new\1_results\001_yolo11n_seg_AdamW\label_audit_all\count_mismatch\IMG_20260706_111450_train_gt05_pred06_diff01_extra+01.jpg"
"349","train","595","7","8","1","0","1","E:\mastercode\data\test\images\train\IMG_20260706_111459.jpg","E:\mastercode\ultralytics-main-new\1_results\001_yolo11n_seg_AdamW\label_audit_all\count_mismatch\IMG_20260706_111459_train_gt07_pred08_diff01_extra+01.jpg"
"350","val","150","0","1","1","0","1","E:\mastercode\data\test\images\val\IMG_20260706_111501.jpg","E:\mastercode\ultralytics-main-new\1_results\001_yolo11n_seg_AdamW\label_audit_all\count_mismatch\IMG_20260706_111501_val_gt00_pred01_diff01_extra+01.jpg"
"351","val","151","10","15","5","0","5","E:\mastercode\data\test\images\val\IMG_20260706_111503.jpg","E:\mastercode\ultralytics-main-new\1_results\001_yolo11n_seg_AdamW\label_audit_all\count_mismatch\IMG_20260706_111503_val_gt10_pred15_diff05_extra+05.jpg"
"352","val","152","10","15","5","0","5","E:\mastercode\data\test\images\val\IMG_20260706_111504.jpg","E:\mastercode\ultralytics-main-new\1_results\001_yolo11n_seg_AdamW\label_audit_all\count_mismatch\IMG_20260706_111504_val_gt10_pred15_diff05_extra+05.jpg"
"353","val","153","4","5","1","0","1","E:\mastercode\data\test\images\val\IMG_20260706_111506.jpg","E:\mastercode\ultralytics-main-new\1_results\001_yolo11n_seg_AdamW\label_audit_all\count_mismatch\IMG_20260706_111506_val_gt04_pred05_diff01_extra+01.jpg"
"354","val","155","8","7","-1","1","1","E:\mastercode\data\test\images\val\IMG_20260706_111509.jpg","E:\mastercode\ultralytics-main-new\1_results\001_yolo11n_seg_AdamW\label_audit_all\count_mismatch\IMG_20260706_111509_val_gt08_pred07_diff01_extra-01.jpg"
"355","val","156","3","2","-1","1","1","E:\mastercode\data\test\images\val\IMG_20260706_111511.jpg","E:\mastercode\ultralytics-main-new\1_results\001_yolo11n_seg_AdamW\label_audit_all\count_mismatch\IMG_20260706_111511_val_gt03_pred02_diff01_extra-01.jpg"
"356","val","158","2","3","1","0","1","E:\mastercode\data\test\images\val\IMG_20260706_111519.jpg","E:\mastercode\ultralytics-main-new\1_results\001_yolo11n_seg_AdamW\label_audit_all\count_mismatch\IMG_20260706_111519_val_gt02_pred03_diff01_extra+01.jpg"
"357","val","160","4","5","1","0","1","E:\mastercode\data\test\images\val\IMG_20260706_111527.jpg","E:\mastercode\ultralytics-main-new\1_results\001_yolo11n_seg_AdamW\label_audit_all\count_mismatch\IMG_20260706_111527_val_gt04_pred05_diff01_extra+01.jpg"
"358","val","162","6","8","2","0","2","E:\mastercode\data\test\images\val\IMG_20260706_111534.jpg","E:\mastercode\ultralytics-main-new\1_results\001_yolo11n_seg_AdamW\label_audit_all\count_mismatch\IMG_20260706_111534_val_gt06_pred08_diff02_extra+02.jpg"
"359","val","163","11","12","1","0","1","E:\mastercode\data\test\images\val\IMG_20260706_111536.jpg","E:\mastercode\ultralytics-main-new\1_results\001_yolo11n_seg_AdamW\label_audit_all\count_mismatch\IMG_20260706_111536_val_gt11_pred12_diff01_extra+01.jpg"
"360","val","165","11","10","-1","1","1","E:\mastercode\data\test\images\val\IMG_20260706_111538.jpg","E:\mastercode\ultralytics-main-new\1_results\001_yolo11n_seg_AdamW\label_audit_all\count_mismatch\IMG_20260706_111538_val_gt11_pred10_diff01_extra-01.jpg"
"361","val","167","6","7","1","0","1","E:\mastercode\data\test\images\val\IMG_20260706_111541.jpg","E:\mastercode\ultralytics-main-new\1_results\001_yolo11n_seg_AdamW\label_audit_all\count_mismatch\IMG_20260706_111541_val_gt06_pred07_diff01_extra+01.jpg"
"362","val","168","8","9","1","0","1","E:\mastercode\data\test\images\val\IMG_20260706_111543.jpg","E:\mastercode\ultralytics-main-new\1_results\001_yolo11n_seg_AdamW\label_audit_all\count_mismatch\IMG_20260706_111543_val_gt08_pred09_diff01_extra+01.jpg"
"363","val","170","1","2","1","0","1","E:\mastercode\data\test\images\val\IMG_20260706_111551.jpg","E:\mastercode\ultralytics-main-new\1_results\001_yolo11n_seg_AdamW\label_audit_all\count_mismatch\IMG_20260706_111551_val_gt01_pred02_diff01_extra+01.jpg"
"364","val","171","6","7","1","0","1","E:\mastercode\data\test\images\val\IMG_20260706_111556.jpg","E:\mastercode\ultralytics-main-new\1_results\001_yolo11n_seg_AdamW\label_audit_all\count_mismatch\IMG_20260706_111556_val_gt06_pred07_diff01_extra+01.jpg"
"365","val","172","6","7","1","0","1","E:\mastercode\data\test\images\val\IMG_20260706_111557.jpg","E:\mastercode\ultralytics-main-new\1_results\001_yolo11n_seg_AdamW\label_audit_all\count_mismatch\IMG_20260706_111557_val_gt06_pred07_diff01_extra+01.jpg"
"366","val","174","3","4","1","0","1","E:\mastercode\data\test\images\val\IMG_20260706_111601.jpg","E:\mastercode\ultralytics-main-new\1_results\001_yolo11n_seg_AdamW\label_audit_all\count_mismatch\IMG_20260706_111601_val_gt03_pred04_diff01_extra+01.jpg"
"367","val","176","6","5","-1","1","1","E:\mastercode\data\test\images\val\IMG_20260706_111615.jpg","E:\mastercode\ultralytics-main-new\1_results\001_yolo11n_seg_AdamW\label_audit_all\count_mismatch\IMG_20260706_111615_val_gt06_pred05_diff01_extra-01.jpg"
"368","val","181","2","6","4","0","4","E:\mastercode\data\test\images\val\IMG_20260706_111640.jpg","E:\mastercode\ultralytics-main-new\1_results\001_yolo11n_seg_AdamW\label_audit_all\count_mismatch\IMG_20260706_111640_val_gt02_pred06_diff04_extra+04.jpg"
"369","val","182","8","3","-5","5","5","E:\mastercode\data\test\images\val\IMG_20260706_111643.jpg","E:\mastercode\ultralytics-main-new\1_results\001_yolo11n_seg_AdamW\label_audit_all\count_mismatch\IMG_20260706_111643_val_gt08_pred03_diff05_extra-05.jpg"
"370","train","606","5","2","-3","3","3","E:\mastercode\data\test\images\train\IMG_20260706_111732.jpg","E:\mastercode\ultralytics-main-new\1_results\001_yolo11n_seg_AdamW\label_audit_all\count_mismatch\IMG_20260706_111732_train_gt05_pred02_diff03_extra-03.jpg"
"371","train","607","2","4","2","0","2","E:\mastercode\data\test\images\train\IMG_20260706_111734.jpg","E:\mastercode\ultralytics-main-new\1_results\001_yolo11n_seg_AdamW\label_audit_all\count_mismatch\IMG_20260706_111734_train_gt02_pred04_diff02_extra+02.jpg"
"372","train","608","4","5","1","0","1","E:\mastercode\data\test\images\train\IMG_20260706_111739.jpg","E:\mastercode\ultralytics-main-new\1_results\001_yolo11n_seg_AdamW\label_audit_all\count_mismatch\IMG_20260706_111739_train_gt04_pred05_diff01_extra+01.jpg"
"373","train","610","5","3","-2","2","2","E:\mastercode\data\test\images\train\IMG_20260706_111741.jpg","E:\mastercode\ultralytics-main-new\1_results\001_yolo11n_seg_AdamW\label_audit_all\count_mismatch\IMG_20260706_111741_train_gt05_pred03_diff02_extra-02.jpg"
"374","train","611","3","4","1","0","1","E:\mastercode\data\test\images\train\IMG_20260706_111744.jpg","E:\mastercode\ultralytics-main-new\1_results\001_yolo11n_seg_AdamW\label_audit_all\count_mismatch\IMG_20260706_111744_train_gt03_pred04_diff01_extra+01.jpg"
"375","train","612","1","2","1","0","1","E:\mastercode\data\test\images\train\IMG_20260706_111747.jpg","E:\mastercode\ultralytics-main-new\1_results\001_yolo11n_seg_AdamW\label_audit_all\count_mismatch\IMG_20260706_111747_train_gt01_pred02_diff01_extra+01.jpg"
"376","train","613","1","2","1","0","1","E:\mastercode\data\test\images\train\IMG_20260706_111751.jpg","E:\mastercode\ultralytics-main-new\1_results\001_yolo11n_seg_AdamW\label_audit_all\count_mismatch\IMG_20260706_111751_train_gt01_pred02_diff01_extra+01.jpg"
"377","train","615","4","5","1","0","1","E:\mastercode\data\test\images\train\IMG_20260706_111809.jpg","E:\mastercode\ultralytics-main-new\1_results\001_yolo11n_seg_AdamW\label_audit_all\count_mismatch\IMG_20260706_111809_train_gt04_pred05_diff01_extra+01.jpg"
"378","train","616","1","2","1","0","1","E:\mastercode\data\test\images\train\IMG_20260706_111811.jpg","E:\mastercode\ultralytics-main-new\1_results\001_yolo11n_seg_AdamW\label_audit_all\count_mismatch\IMG_20260706_111811_train_gt01_pred02_diff01_extra+01.jpg"
"379","train","624","10","6","-4","4","4","E:\mastercode\data\test\images\train\IMG_20260706_111849.jpg","E:\mastercode\ultralytics-main-new\1_results\001_yolo11n_seg_AdamW\label_audit_all\count_mismatch\IMG_20260706_111849_train_gt10_pred06_diff04_extra-04.jpg"
"380","train","627","3","2","-1","1","1","E:\mastercode\data\test\images\train\IMG_20260706_111952.jpg","E:\mastercode\ultralytics-main-new\1_results\001_yolo11n_seg_AdamW\label_audit_all\count_mismatch\IMG_20260706_111952_train_gt03_pred02_diff01_extra-01.jpg"
"381","train","631","6","7","1","0","1","E:\mastercode\data\test\images\train\IMG_20260706_112002.jpg","E:\mastercode\ultralytics-main-new\1_results\001_yolo11n_seg_AdamW\label_audit_all\count_mismatch\IMG_20260706_112002_train_gt06_pred07_diff01_extra+01.jpg"
"382","train","633","3","4","1","0","1","E:\mastercode\data\test\images\train\IMG_20260706_112007.jpg","E:\mastercode\ultralytics-main-new\1_results\001_yolo11n_seg_AdamW\label_audit_all\count_mismatch\IMG_20260706_112007_train_gt03_pred04_diff01_extra+01.jpg"
"383","train","634","2","4","2","0","2","E:\mastercode\data\test\images\train\IMG_20260706_112008.jpg","E:\mastercode\ultralytics-main-new\1_results\001_yolo11n_seg_AdamW\label_audit_all\count_mismatch\IMG_20260706_112008_train_gt02_pred04_diff02_extra+02.jpg"
"384","train","637","3","4","1","0","1","E:\mastercode\data\test\images\train\IMG_20260706_112015.jpg","E:\mastercode\ultralytics-main-new\1_results\001_yolo11n_seg_AdamW\label_audit_all\count_mismatch\IMG_20260706_112015_train_gt03_pred04_diff01_extra+01.jpg"
"385","train","638","4","5","1","0","1","E:\mastercode\data\test\images\train\IMG_20260706_112018.jpg","E:\mastercode\ultralytics-main-new\1_results\001_yolo11n_seg_AdamW\label_audit_all\count_mismatch\IMG_20260706_112018_train_gt04_pred05_diff01_extra+01.jpg"
"386","train","639","0","1","1","0","1","E:\mastercode\data\test\images\train\IMG_20260706_112022.jpg","E:\mastercode\ultralytics-main-new\1_results\001_yolo11n_seg_AdamW\label_audit_all\count_mismatch\IMG_20260706_112022_train_gt00_pred01_diff01_extra+01.jpg"
"387","train","640","1","2","1","0","1","E:\mastercode\data\test\images\train\IMG_20260706_112036.jpg","E:\mastercode\ultralytics-main-new\1_results\001_yolo11n_seg_AdamW\label_audit_all\count_mismatch\IMG_20260706_112036_train_gt01_pred02_diff01_extra+01.jpg"
"388","test","1","6","5","-1","1","1","E:\mastercode\data\test\images\test\IMG20231120154707.jpg","E:\mastercode\ultralytics-main-new\1_results\001_yolo11n_seg_AdamW\label_audit_all\count_mismatch\IMG20231120154707_test_gt06_pred05_diff01_extra-01.jpg"
"389","test","3","10","14","4","0","4","E:\mastercode\data\test\images\test\IMG20231120154732.jpg","E:\mastercode\ultralytics-main-new\1_results\001_yolo11n_seg_AdamW\label_audit_all\count_mismatch\IMG20231120154732_test_gt10_pred14_diff04_extra+04.jpg"
"390","test","4","5","6","1","0","1","E:\mastercode\data\test\images\test\IMG20231120154748.jpg","E:\mastercode\ultralytics-main-new\1_results\001_yolo11n_seg_AdamW\label_audit_all\count_mismatch\IMG20231120154748_test_gt05_pred06_diff01_extra+01.jpg"
"391","test","5","11","8","-3","3","3","E:\mastercode\data\test\images\test\IMG20231120154815.jpg","E:\mastercode\ultralytics-main-new\1_results\001_yolo11n_seg_AdamW\label_audit_all\count_mismatch\IMG20231120154815_test_gt11_pred08_diff03_extra-03.jpg"
"392","test","6","7","11","4","0","4","E:\mastercode\data\test\images\test\IMG20231120154841.jpg","E:\mastercode\ultralytics-main-new\1_results\001_yolo11n_seg_AdamW\label_audit_all\count_mismatch\IMG20231120154841_test_gt07_pred11_diff04_extra+04.jpg"
"393","test","7","3","2","-1","1","1","E:\mastercode\data\test\images\test\IMG20231120154847.jpg","E:\mastercode\ultralytics-main-new\1_results\001_yolo11n_seg_AdamW\label_audit_all\count_mismatch\IMG20231120154847_test_gt03_pred02_diff01_extra-01.jpg"
"394","test","8","3","9","6","0","6","E:\mastercode\data\test\images\test\IMG20231120154925.jpg","E:\mastercode\ultralytics-main-new\1_results\001_yolo11n_seg_AdamW\label_audit_all\count_mismatch\IMG20231120154925_test_gt03_pred09_diff06_extra+06.jpg"
"395","test","9","7","8","1","0","1","E:\mastercode\data\test\images\test\IMG20231120155138.jpg","E:\mastercode\ultralytics-main-new\1_results\001_yolo11n_seg_AdamW\label_audit_all\count_mismatch\IMG20231120155138_test_gt07_pred08_diff01_extra+01.jpg"
"396","test","10","14","17","3","0","3","E:\mastercode\data\test\images\test\IMG20231120155850.jpg","E:\mastercode\ultralytics-main-new\1_results\001_yolo11n_seg_AdamW\label_audit_all\count_mismatch\IMG20231120155850_test_gt14_pred17_diff03_extra+03.jpg"
"397","test","11","13","14","1","0","1","E:\mastercode\data\test\images\test\IMG20231120155930.jpg","E:\mastercode\ultralytics-main-new\1_results\001_yolo11n_seg_AdamW\label_audit_all\count_mismatch\IMG20231120155930_test_gt13_pred14_diff01_extra+01.jpg"
"398","test","13","13","16","3","0","3","E:\mastercode\data\test\images\test\IMG20231120160247.jpg","E:\mastercode\ultralytics-main-new\1_results\001_yolo11n_seg_AdamW\label_audit_all\count_mismatch\IMG20231120160247_test_gt13_pred16_diff03_extra+03.jpg"
"399","test","14","15","19","4","0","4","E:\mastercode\data\test\images\test\IMG20231120160249.jpg","E:\mastercode\ultralytics-main-new\1_results\001_yolo11n_seg_AdamW\label_audit_all\count_mismatch\IMG20231120160249_test_gt15_pred19_diff04_extra+04.jpg"
"400","test","15","12","11","-1","1","1","E:\mastercode\data\test\images\test\IMG20231120160320.jpg","E:\mastercode\ultralytics-main-new\1_results\001_yolo11n_seg_AdamW\label_audit_all\count_mismatch\IMG20231120160320_test_gt12_pred11_diff01_extra-01.jpg"
"401","test","16","10","9","-1","1","1","E:\mastercode\data\test\images\test\IMG20231120160329.jpg","E:\mastercode\ultralytics-main-new\1_results\001_yolo11n_seg_AdamW\label_audit_all\count_mismatch\IMG20231120160329_test_gt10_pred09_diff01_extra-01.jpg"
"402","test","17","4","7","3","0","3","E:\mastercode\data\test\images\test\IMG20231120160335.jpg","E:\mastercode\ultralytics-main-new\1_results\001_yolo11n_seg_AdamW\label_audit_all\count_mismatch\IMG20231120160335_test_gt04_pred07_diff03_extra+03.jpg"
"403","test","18","23","26","3","0","3","E:\mastercode\data\test\images\test\IMG20231120160352.jpg","E:\mastercode\ultralytics-main-new\1_results\001_yolo11n_seg_AdamW\label_audit_all\count_mismatch\IMG20231120160352_test_gt23_pred26_diff03_extra+03.jpg"
"404","test","19","18","21","3","0","3","E:\mastercode\data\test\images\test\IMG20231120160410.jpg","E:\mastercode\ultralytics-main-new\1_results\001_yolo11n_seg_AdamW\label_audit_all\count_mismatch\IMG20231120160410_test_gt18_pred21_diff03_extra+03.jpg"
"405","test","20","9","10","1","0","1","E:\mastercode\data\test\images\test\IMG20231120160413.jpg","E:\mastercode\ultralytics-main-new\1_results\001_yolo11n_seg_AdamW\label_audit_all\count_mismatch\IMG20231120160413_test_gt09_pred10_diff01_extra+01.jpg"
"406","test","21","15","18","3","0","3","E:\mastercode\data\test\images\test\IMG20231120160426.jpg","E:\mastercode\ultralytics-main-new\1_results\001_yolo11n_seg_AdamW\label_audit_all\count_mismatch\IMG20231120160426_test_gt15_pred18_diff03_extra+03.jpg"
"407","test","22","12","14","2","0","2","E:\mastercode\data\test\images\test\IMG20231120160427.jpg","E:\mastercode\ultralytics-main-new\1_results\001_yolo11n_seg_AdamW\label_audit_all\count_mismatch\IMG20231120160427_test_gt12_pred14_diff02_extra+02.jpg"
"408","test","23","14","15","1","0","1","E:\mastercode\data\test\images\test\IMG20231120160429.jpg","E:\mastercode\ultralytics-main-new\1_results\001_yolo11n_seg_AdamW\label_audit_all\count_mismatch\IMG20231120160429_test_gt14_pred15_diff01_extra+01.jpg"
"409","test","25","19","22","3","0","3","E:\mastercode\data\test\images\test\IMG20231120160449.jpg","E:\mastercode\ultralytics-main-new\1_results\001_yolo11n_seg_AdamW\label_audit_all\count_mismatch\IMG20231120160449_test_gt19_pred22_diff03_extra+03.jpg"
"410","test","26","13","14","1","0","1","E:\mastercode\data\test\images\test\IMG20231120160501.jpg","E:\mastercode\ultralytics-main-new\1_results\001_yolo11n_seg_AdamW\label_audit_all\count_mismatch\IMG20231120160501_test_gt13_pred14_diff01_extra+01.jpg"
"411","test","27","22","19","-3","3","3","E:\mastercode\data\test\images\test\IMG20231120160510.jpg","E:\mastercode\ultralytics-main-new\1_results\001_yolo11n_seg_AdamW\label_audit_all\count_mismatch\IMG20231120160510_test_gt22_pred19_diff03_extra-03.jpg"
"412","test","28","8","10","2","0","2","E:\mastercode\data\test\images\test\IMG20231120160519.jpg","E:\mastercode\ultralytics-main-new\1_results\001_yolo11n_seg_AdamW\label_audit_all\count_mismatch\IMG20231120160519_test_gt08_pred10_diff02_extra+02.jpg"
"413","test","29","14","17","3","0","3","E:\mastercode\data\test\images\test\IMG20231120160655.jpg","E:\mastercode\ultralytics-main-new\1_results\001_yolo11n_seg_AdamW\label_audit_all\count_mismatch\IMG20231120160655_test_gt14_pred17_diff03_extra+03.jpg"
"414","test","30","23","15","-8","8","8","E:\mastercode\data\test\images\test\IMG20231120160659.jpg","E:\mastercode\ultralytics-main-new\1_results\001_yolo11n_seg_AdamW\label_audit_all\count_mismatch\IMG20231120160659_test_gt23_pred15_diff08_extra-08.jpg"
"415","test","31","11","10","-1","1","1","E:\mastercode\data\test\images\test\IMG20231120160704.jpg","E:\mastercode\ultralytics-main-new\1_results\001_yolo11n_seg_AdamW\label_audit_all\count_mismatch\IMG20231120160704_test_gt11_pred10_diff01_extra-01.jpg"
"416","test","32","13","12","-1","1","1","E:\mastercode\data\test\images\test\IMG20231120160707.jpg","E:\mastercode\ultralytics-main-new\1_results\001_yolo11n_seg_AdamW\label_audit_all\count_mismatch\IMG20231120160707_test_gt13_pred12_diff01_extra-01.jpg"
"417","test","33","6","7","1","0","1","E:\mastercode\data\test\images\test\IMG20231120160709.jpg","E:\mastercode\ultralytics-main-new\1_results\001_yolo11n_seg_AdamW\label_audit_all\count_mismatch\IMG20231120160709_test_gt06_pred07_diff01_extra+01.jpg"
"418","test","35","9","11","2","0","2","E:\mastercode\data\test\images\test\IMG20231120160725.jpg","E:\mastercode\ultralytics-main-new\1_results\001_yolo11n_seg_AdamW\label_audit_all\count_mismatch\IMG20231120160725_test_gt09_pred11_diff02_extra+02.jpg"
"419","test","36","26","28","2","0","2","E:\mastercode\data\test\images\test\IMG20231120160730.jpg","E:\mastercode\ultralytics-main-new\1_results\001_yolo11n_seg_AdamW\label_audit_all\count_mismatch\IMG20231120160730_test_gt26_pred28_diff02_extra+02.jpg"
"420","test","37","13","10","-3","3","3","E:\mastercode\data\test\images\test\IMG20231120160745.jpg","E:\mastercode\ultralytics-main-new\1_results\001_yolo11n_seg_AdamW\label_audit_all\count_mismatch\IMG20231120160745_test_gt13_pred10_diff03_extra-03.jpg"
"421","test","38","9","10","1","0","1","E:\mastercode\data\test\images\test\IMG20231120160759.jpg","E:\mastercode\ultralytics-main-new\1_results\001_yolo11n_seg_AdamW\label_audit_all\count_mismatch\IMG20231120160759_test_gt09_pred10_diff01_extra+01.jpg"
"422","test","41","7","5","-2","2","2","E:\mastercode\data\test\images\test\IMG20231120160810.jpg","E:\mastercode\ultralytics-main-new\1_results\001_yolo11n_seg_AdamW\label_audit_all\count_mismatch\IMG20231120160810_test_gt07_pred05_diff02_extra-02.jpg"
"423","test","42","10","11","1","0","1","E:\mastercode\data\test\images\test\IMG20231120160906.jpg","E:\mastercode\ultralytics-main-new\1_results\001_yolo11n_seg_AdamW\label_audit_all\count_mismatch\IMG20231120160906_test_gt10_pred11_diff01_extra+01.jpg"
"424","test","43","14","15","1","0","1","E:\mastercode\data\test\images\test\IMG20231120160912.jpg","E:\mastercode\ultralytics-main-new\1_results\001_yolo11n_seg_AdamW\label_audit_all\count_mismatch\IMG20231120160912_test_gt14_pred15_diff01_extra+01.jpg"
"425","test","44","8","7","-1","1","1","E:\mastercode\data\test\images\test\IMG20231120160949.jpg","E:\mastercode\ultralytics-main-new\1_results\001_yolo11n_seg_AdamW\label_audit_all\count_mismatch\IMG20231120160949_test_gt08_pred07_diff01_extra-01.jpg"
"426","test","45","10","12","2","0","2","E:\mastercode\data\test\images\test\IMG20231120161029.jpg","E:\mastercode\ultralytics-main-new\1_results\001_yolo11n_seg_AdamW\label_audit_all\count_mismatch\IMG20231120161029_test_gt10_pred12_diff02_extra+02.jpg"
"427","test","46","9","12","3","0","3","E:\mastercode\data\test\images\test\IMG20231120161054.jpg","E:\mastercode\ultralytics-main-new\1_results\001_yolo11n_seg_AdamW\label_audit_all\count_mismatch\IMG20231120161054_test_gt09_pred12_diff03_extra+03.jpg"
"428","test","47","14","15","1","0","1","E:\mastercode\data\test\images\test\IMG20231120161107_BURST000_COVER.jpg","E:\mastercode\ultralytics-main-new\1_results\001_yolo11n_seg_AdamW\label_audit_all\count_mismatch\IMG20231120161107_BURST000_COVER_test_gt14_pred15_diff01_extra+01.jpg"
"429","test","48","12","15","3","0","3","E:\mastercode\data\test\images\test\IMG20231120161107_BURST001.jpg","E:\mastercode\ultralytics-main-new\1_results\001_yolo11n_seg_AdamW\label_audit_all\count_mismatch\IMG20231120161107_BURST001_test_gt12_pred15_diff03_extra+03.jpg"
"430","test","49","10","15","5","0","5","E:\mastercode\data\test\images\test\IMG20231120161107_BURST002.jpg","E:\mastercode\ultralytics-main-new\1_results\001_yolo11n_seg_AdamW\label_audit_all\count_mismatch\IMG20231120161107_BURST002_test_gt10_pred15_diff05_extra+05.jpg"
"431","test","50","11","16","5","0","5","E:\mastercode\data\test\images\test\IMG20231120161107_BURST003.jpg","E:\mastercode\ultralytics-main-new\1_results\001_yolo11n_seg_AdamW\label_audit_all\count_mismatch\IMG20231120161107_BURST003_test_gt11_pred16_diff05_extra+05.jpg"
"432","test","51","12","15","3","0","3","E:\mastercode\data\test\images\test\IMG20231120161107_BURST004.jpg","E:\mastercode\ultralytics-main-new\1_results\001_yolo11n_seg_AdamW\label_audit_all\count_mismatch\IMG20231120161107_BURST004_test_gt12_pred15_diff03_extra+03.jpg"
"433","test","52","11","16","5","0","5","E:\mastercode\data\test\images\test\IMG20231120161107_BURST005.jpg","E:\mastercode\ultralytics-main-new\1_results\001_yolo11n_seg_AdamW\label_audit_all\count_mismatch\IMG20231120161107_BURST005_test_gt11_pred16_diff05_extra+05.jpg"
"434","test","53","14","16","2","0","2","E:\mastercode\data\test\images\test\IMG20231120161107_BURST006.jpg","E:\mastercode\ultralytics-main-new\1_results\001_yolo11n_seg_AdamW\label_audit_all\count_mismatch\IMG20231120161107_BURST006_test_gt14_pred16_diff02_extra+02.jpg"
"435","test","54","14","16","2","0","2","E:\mastercode\data\test\images\test\IMG20231120161107_BURST007.jpg","E:\mastercode\ultralytics-main-new\1_results\001_yolo11n_seg_AdamW\label_audit_all\count_mismatch\IMG20231120161107_BURST007_test_gt14_pred16_diff02_extra+02.jpg"
"436","test","55","13","15","2","0","2","E:\mastercode\data\test\images\test\IMG20231120161107_BURST008.jpg","E:\mastercode\ultralytics-main-new\1_results\001_yolo11n_seg_AdamW\label_audit_all\count_mismatch\IMG20231120161107_BURST008_test_gt13_pred15_diff02_extra+02.jpg"
"437","test","56","17","15","-2","2","2","E:\mastercode\data\test\images\test\IMG20231120161107_BURST009.jpg","E:\mastercode\ultralytics-main-new\1_results\001_yolo11n_seg_AdamW\label_audit_all\count_mismatch\IMG20231120161107_BURST009_test_gt17_pred15_diff02_extra-02.jpg"
"438","test","57","16","15","-1","1","1","E:\mastercode\data\test\images\test\IMG20231120161107_BURST010.jpg","E:\mastercode\ultralytics-main-new\1_results\001_yolo11n_seg_AdamW\label_audit_all\count_mismatch\IMG20231120161107_BURST010_test_gt16_pred15_diff01_extra-01.jpg"
"439","test","58","16","15","-1","1","1","E:\mastercode\data\test\images\test\IMG20231120161107_BURST011.jpg","E:\mastercode\ultralytics-main-new\1_results\001_yolo11n_seg_AdamW\label_audit_all\count_mismatch\IMG20231120161107_BURST011_test_gt16_pred15_diff01_extra-01.jpg"
"440","test","59","17","16","-1","1","1","E:\mastercode\data\test\images\test\IMG20231120161107_BURST012.jpg","E:\mastercode\ultralytics-main-new\1_results\001_yolo11n_seg_AdamW\label_audit_all\count_mismatch\IMG20231120161107_BURST012_test_gt17_pred16_diff01_extra-01.jpg"
"441","test","60","19","16","-3","3","3","E:\mastercode\data\test\images\test\IMG20231120161107_BURST013.jpg","E:\mastercode\ultralytics-main-new\1_results\001_yolo11n_seg_AdamW\label_audit_all\count_mismatch\IMG20231120161107_BURST013_test_gt19_pred16_diff03_extra-03.jpg"
"442","test","61","13","15","2","0","2","E:\mastercode\data\test\images\test\IMG20231120161107_BURST014.jpg","E:\mastercode\ultralytics-main-new\1_results\001_yolo11n_seg_AdamW\label_audit_all\count_mismatch\IMG20231120161107_BURST014_test_gt13_pred15_diff02_extra+02.jpg"
"443","test","62","13","15","2","0","2","E:\mastercode\data\test\images\test\IMG20231120161107_BURST015.jpg","E:\mastercode\ultralytics-main-new\1_results\001_yolo11n_seg_AdamW\label_audit_all\count_mismatch\IMG20231120161107_BURST015_test_gt13_pred15_diff02_extra+02.jpg"
"444","test","63","14","16","2","0","2","E:\mastercode\data\test\images\test\IMG20231120161107_BURST016.jpg","E:\mastercode\ultralytics-main-new\1_results\001_yolo11n_seg_AdamW\label_audit_all\count_mismatch\IMG20231120161107_BURST016_test_gt14_pred16_diff02_extra+02.jpg"
"445","test","65","17","19","2","0","2","E:\mastercode\data\test\images\test\IMG20231120161107_BURST018.jpg","E:\mastercode\ultralytics-main-new\1_results\001_yolo11n_seg_AdamW\label_audit_all\count_mismatch\IMG20231120161107_BURST018_test_gt17_pred19_diff02_extra+02.jpg"
"446","test","66","21","27","6","0","6","E:\mastercode\data\test\images\test\IMG20231120161112.jpg","E:\mastercode\ultralytics-main-new\1_results\001_yolo11n_seg_AdamW\label_audit_all\count_mismatch\IMG20231120161112_test_gt21_pred27_diff06_extra+06.jpg"
"447","test","68","7","5","-2","2","2","E:\mastercode\data\test\images\test\IMG20231120161137.jpg","E:\mastercode\ultralytics-main-new\1_results\001_yolo11n_seg_AdamW\label_audit_all\count_mismatch\IMG20231120161137_test_gt07_pred05_diff02_extra-02.jpg"
"448","test","69","27","18","-9","9","9","E:\mastercode\data\test\images\test\IMG20231120161204.jpg","E:\mastercode\ultralytics-main-new\1_results\001_yolo11n_seg_AdamW\label_audit_all\count_mismatch\IMG20231120161204_test_gt27_pred18_diff09_extra-09.jpg"
"449","test","71","12","14","2","0","2","E:\mastercode\data\test\images\test\IMG20231120161257.jpg","E:\mastercode\ultralytics-main-new\1_results\001_yolo11n_seg_AdamW\label_audit_all\count_mismatch\IMG20231120161257_test_gt12_pred14_diff02_extra+02.jpg"
"450","test","73","7","8","1","0","1","E:\mastercode\data\test\images\test\IMG20231120161306.jpg","E:\mastercode\ultralytics-main-new\1_results\001_yolo11n_seg_AdamW\label_audit_all\count_mismatch\IMG20231120161306_test_gt07_pred08_diff01_extra+01.jpg"
"451","test","74","5","7","2","0","2","E:\mastercode\data\test\images\test\IMG20231120161315.jpg","E:\mastercode\ultralytics-main-new\1_results\001_yolo11n_seg_AdamW\label_audit_all\count_mismatch\IMG20231120161315_test_gt05_pred07_diff02_extra+02.jpg"
"452","test","75","31","33","2","0","2","E:\mastercode\data\test\images\test\IMG20231120161328.jpg","E:\mastercode\ultralytics-main-new\1_results\001_yolo11n_seg_AdamW\label_audit_all\count_mismatch\IMG20231120161328_test_gt31_pred33_diff02_extra+02.jpg"
"453","test","76","21","25","4","0","4","E:\mastercode\data\test\images\test\IMG20231120161334.jpg","E:\mastercode\ultralytics-main-new\1_results\001_yolo11n_seg_AdamW\label_audit_all\count_mismatch\IMG20231120161334_test_gt21_pred25_diff04_extra+04.jpg"
"454","test","77","20","21","1","0","1","E:\mastercode\data\test\images\test\IMG20231120161337.jpg","E:\mastercode\ultralytics-main-new\1_results\001_yolo11n_seg_AdamW\label_audit_all\count_mismatch\IMG20231120161337_test_gt20_pred21_diff01_extra+01.jpg"
"455","test","78","14","16","2","0","2","E:\mastercode\data\test\images\test\IMG20231120161338.jpg","E:\mastercode\ultralytics-main-new\1_results\001_yolo11n_seg_AdamW\label_audit_all\count_mismatch\IMG20231120161338_test_gt14_pred16_diff02_extra+02.jpg"
"456","test","79","35","31","-4","4","4","E:\mastercode\data\test\images\test\IMG20231120161340_BURST000_COVER.jpg","E:\mastercode\ultralytics-main-new\1_results\001_yolo11n_seg_AdamW\label_audit_all\count_mismatch\IMG20231120161340_BURST000_COVER_test_gt35_pred31_diff04_extra-04.jpg"
"457","test","80","23","30","7","0","7","E:\mastercode\data\test\images\test\IMG20231120161340_BURST001.jpg","E:\mastercode\ultralytics-main-new\1_results\001_yolo11n_seg_AdamW\label_audit_all\count_mismatch\IMG20231120161340_BURST001_test_gt23_pred30_diff07_extra+07.jpg"
"458","test","81","14","19","5","0","5","E:\mastercode\data\test\images\test\IMG20231120161342.jpg","E:\mastercode\ultralytics-main-new\1_results\001_yolo11n_seg_AdamW\label_audit_all\count_mismatch\IMG20231120161342_test_gt14_pred19_diff05_extra+05.jpg"
"459","test","82","9","8","-1","1","1","E:\mastercode\data\test\images\test\IMG20231120161349.jpg","E:\mastercode\ultralytics-main-new\1_results\001_yolo11n_seg_AdamW\label_audit_all\count_mismatch\IMG20231120161349_test_gt09_pred08_diff01_extra-01.jpg"
"460","test","83","9","11","2","0","2","E:\mastercode\data\test\images\test\IMG20231120161415.jpg","E:\mastercode\ultralytics-main-new\1_results\001_yolo11n_seg_AdamW\label_audit_all\count_mismatch\IMG20231120161415_test_gt09_pred11_diff02_extra+02.jpg"
"461","test","84","4","7","3","0","3","E:\mastercode\data\test\images\test\IMG20231120161515.jpg","E:\mastercode\ultralytics-main-new\1_results\001_yolo11n_seg_AdamW\label_audit_all\count_mismatch\IMG20231120161515_test_gt04_pred07_diff03_extra+03.jpg"
"462","test","85","6","8","2","0","2","E:\mastercode\data\test\images\test\IMG20231120161526.jpg","E:\mastercode\ultralytics-main-new\1_results\001_yolo11n_seg_AdamW\label_audit_all\count_mismatch\IMG20231120161526_test_gt06_pred08_diff02_extra+02.jpg"
"463","test","87","6","3","-3","3","3","E:\mastercode\data\test\images\test\IMG20231120161558.jpg","E:\mastercode\ultralytics-main-new\1_results\001_yolo11n_seg_AdamW\label_audit_all\count_mismatch\IMG20231120161558_test_gt06_pred03_diff03_extra-03.jpg"
"464","test","88","7","6","-1","1","1","E:\mastercode\data\test\images\test\IMG20231120161606.jpg","E:\mastercode\ultralytics-main-new\1_results\001_yolo11n_seg_AdamW\label_audit_all\count_mismatch\IMG20231120161606_test_gt07_pred06_diff01_extra-01.jpg"
"465","test","90","6","8","2","0","2","E:\mastercode\data\test\images\test\IMG20231120161638.jpg","E:\mastercode\ultralytics-main-new\1_results\001_yolo11n_seg_AdamW\label_audit_all\count_mismatch\IMG20231120161638_test_gt06_pred08_diff02_extra+02.jpg"
"466","test","91","13","17","4","0","4","E:\mastercode\data\test\images\test\IMG20231120161709.jpg","E:\mastercode\ultralytics-main-new\1_results\001_yolo11n_seg_AdamW\label_audit_all\count_mismatch\IMG20231120161709_test_gt13_pred17_diff04_extra+04.jpg"
"467","test","92","16","19","3","0","3","E:\mastercode\data\test\images\test\IMG20231120161719.jpg","E:\mastercode\ultralytics-main-new\1_results\001_yolo11n_seg_AdamW\label_audit_all\count_mismatch\IMG20231120161719_test_gt16_pred19_diff03_extra+03.jpg"
"468","test","93","10","14","4","0","4","E:\mastercode\data\test\images\test\IMG20231120161721.jpg","E:\mastercode\ultralytics-main-new\1_results\001_yolo11n_seg_AdamW\label_audit_all\count_mismatch\IMG20231120161721_test_gt10_pred14_diff04_extra+04.jpg"
"469","test","95","19","20","1","0","1","E:\mastercode\data\test\images\test\IMG20231120161728.jpg","E:\mastercode\ultralytics-main-new\1_results\001_yolo11n_seg_AdamW\label_audit_all\count_mismatch\IMG20231120161728_test_gt19_pred20_diff01_extra+01.jpg"
"470","test","96","19","21","2","0","2","E:\mastercode\data\test\images\test\IMG20231120161739.jpg","E:\mastercode\ultralytics-main-new\1_results\001_yolo11n_seg_AdamW\label_audit_all\count_mismatch\IMG20231120161739_test_gt19_pred21_diff02_extra+02.jpg"
"471","test","97","7","5","-2","2","2","E:\mastercode\data\test\images\test\IMG20231120161741.jpg","E:\mastercode\ultralytics-main-new\1_results\001_yolo11n_seg_AdamW\label_audit_all\count_mismatch\IMG20231120161741_test_gt07_pred05_diff02_extra-02.jpg"
"472","test","98","6","7","1","0","1","E:\mastercode\data\test\images\test\IMG20231120161746.jpg","E:\mastercode\ultralytics-main-new\1_results\001_yolo11n_seg_AdamW\label_audit_all\count_mismatch\IMG20231120161746_test_gt06_pred07_diff01_extra+01.jpg"
"473","test","100","8","5","-3","3","3","E:\mastercode\data\test\images\test\IMG20231120161750.jpg","E:\mastercode\ultralytics-main-new\1_results\001_yolo11n_seg_AdamW\label_audit_all\count_mismatch\IMG20231120161750_test_gt08_pred05_diff03_extra-03.jpg"
"474","test","102","11","16","5","0","5","E:\mastercode\data\test\images\test\IMG20231120161836.jpg","E:\mastercode\ultralytics-main-new\1_results\001_yolo11n_seg_AdamW\label_audit_all\count_mismatch\IMG20231120161836_test_gt11_pred16_diff05_extra+05.jpg"
"475","test","103","12","17","5","0","5","E:\mastercode\data\test\images\test\IMG20231120161838.jpg","E:\mastercode\ultralytics-main-new\1_results\001_yolo11n_seg_AdamW\label_audit_all\count_mismatch\IMG20231120161838_test_gt12_pred17_diff05_extra+05.jpg"
"476","test","105","5","8","3","0","3","E:\mastercode\data\test\images\test\IMG20231120161919.jpg","E:\mastercode\ultralytics-main-new\1_results\001_yolo11n_seg_AdamW\label_audit_all\count_mismatch\IMG20231120161919_test_gt05_pred08_diff03_extra+03.jpg"
"477","test","107","28","34","6","0","6","E:\mastercode\data\test\images\test\IMG20231120162013.jpg","E:\mastercode\ultralytics-main-new\1_results\001_yolo11n_seg_AdamW\label_audit_all\count_mismatch\IMG20231120162013_test_gt28_pred34_diff06_extra+06.jpg"
"478","test","109","23","21","-2","2","2","E:\mastercode\data\test\images\test\IMG20231120162026.jpg","E:\mastercode\ultralytics-main-new\1_results\001_yolo11n_seg_AdamW\label_audit_all\count_mismatch\IMG20231120162026_test_gt23_pred21_diff02_extra-02.jpg"
"479","test","110","11","13","2","0","2","E:\mastercode\data\test\images\test\IMG20231120162036.jpg","E:\mastercode\ultralytics-main-new\1_results\001_yolo11n_seg_AdamW\label_audit_all\count_mismatch\IMG20231120162036_test_gt11_pred13_diff02_extra+02.jpg"
"480","test","112","6","11","5","0","5","E:\mastercode\data\test\images\test\IMG20231120162105.jpg","E:\mastercode\ultralytics-main-new\1_results\001_yolo11n_seg_AdamW\label_audit_all\count_mismatch\IMG20231120162105_test_gt06_pred11_diff05_extra+05.jpg"
"481","test","114","9","18","9","0","9","E:\mastercode\data\test\images\test\IMG20231120172606.jpg","E:\mastercode\ultralytics-main-new\1_results\001_yolo11n_seg_AdamW\label_audit_all\count_mismatch\IMG20231120172606_test_gt09_pred18_diff09_extra+09.jpg"
"482","test","115","21","18","-3","3","3","E:\mastercode\data\test\images\test\IMG20231120172611.jpg","E:\mastercode\ultralytics-main-new\1_results\001_yolo11n_seg_AdamW\label_audit_all\count_mismatch\IMG20231120172611_test_gt21_pred18_diff03_extra-03.jpg"
"483","test","116","7","9","2","0","2","E:\mastercode\data\test\images\test\IMG20231120172615.jpg","E:\mastercode\ultralytics-main-new\1_results\001_yolo11n_seg_AdamW\label_audit_all\count_mismatch\IMG20231120172615_test_gt07_pred09_diff02_extra+02.jpg"
