epoch,time,train/box_loss,train/pose_loss,train/kobj_loss,train/cls_loss,train/dfl_loss,metrics/precision(B),metrics/recall(B),metrics/mAP50(B),metrics/mAP50-95(B),metrics/precision(P),metrics/recall(P),metrics/mAP50(P),metrics/mAP50-95(P),val/box_loss,val/pose_loss,val/kobj_loss,val/cls_loss,val/dfl_loss,lr/pg0,lr/pg1,lr/pg2
1,4.4769,5.24112,0.63657,0.71305,8.14007,4.50158,0,0,0,0,0.00507,0.63235,0.00754,0.00599,4.59286,0.98657,0.59743,5.56729,4.04576,8e-05,8e-05,0.09208
2,7.64459,4.33969,0.41502,0.5341,5.31938,3.8196,0,0,0,0,0,0,0,0,4.12467,1.03487,0.42114,4.54837,3.32489,0.000169999,0.000169999,0.08317
3,10.5061,4.00581,0.36194,0.49856,4.6507,3.23022,0,0,0,0,0,0,0,0,4.1282,1.00779,0.401,4.50354,3.15818,0.000259993,0.000259993,0.07426
4,13.3175,3.94432,0.26505,0.49009,4.3974,3.04614,0,0,0,0,0,0,0,0,4.13627,0.99458,0.40103,4.5528,3.05428,0.000349979,0.000349979,0.06535
5,16.119,3.70246,0.20473,0.5389,3.87282,2.7674,0,0,0,0,0,0,0,0,4.07835,0.9933,0.41168,4.62586,2.97833,0.000439952,0.000439952,0.05644
6,18.9025,3.47106,0.18473,0.52508,3.54648,2.68548,0,0,0,0,0,0,0,0,3.97776,1.00022,0.42063,4.73622,2.94127,0.00052991,0.00052991,0.0475299
7,21.6712,2.99521,0.16615,0.49093,3.28471,2.50122,0,0,0,0,0,0,0,0,3.92582,0.99718,0.42376,4.83021,2.91717,0.000619849,0.000619849,0.0386198
8,24.59,2.83291,0.1871,0.42288,2.91774,2.34135,0,0,0,0,0,0,0,0,3.89521,0.98774,0.418,4.88585,2.87419,0.000709764,0.000709764,0.0297098
9,27.3641,2.63159,0.1871,0.4766,2.79942,2.24191,0,0,0,0,0,0,0,0,3.56542,0.96861,0.38884,4.86594,2.63854,0.000799653,0.000799653,0.0207997
10,30.0841,2.52265,0.21212,0.43033,2.52418,2.08116,0,0,0,0,0,0,0,0,3.26475,0.95443,0.36016,4.689,2.46696,0.000889511,0.000889511,0.0118895
11,32.9279,2.34202,0.11395,0.43507,2.52792,1.99765,0.15,0.07059,0.0628,0.01743,0.15,0.07059,0.0628,0.0628,3.25968,0.94231,0.34057,4.41093,2.45752,0.000979335,0.000979335,0.00297934
12,35.7732,2.33059,0.1876,0.57027,2.38009,1.9771,0.14333,0.14353,0.10031,0.0366,0.13889,0.13765,0.09553,0.09553,3.01477,0.93272,0.35556,4.26363,2.23826,0.000999179,0.000999179,0.000999179
13,38.5568,2.13505,0.08339,0.43092,2.26477,1.8917,0.08036,0.28647,0.12753,0.06258,0.0794,0.28059,0.1241,0.12206,2.4617,0.94896,0.35516,3.74287,1.96388,0.000999023,0.000999023,0.000999023
14,41.3481,2.15243,0.18781,0.48139,2.20589,1.7837,0.03066,0.33147,0.08942,0.04633,0.03854,0.41471,0.10908,0.1067,2.21587,0.95363,0.37426,3.53606,1.83911,0.000998854,0.000998854,0.000998854
15,44.1984,2.13195,0.10381,0.49785,2.27054,1.82507,0.0335,0.40147,0.07652,0.03936,0.03294,0.41971,0.08714,0.08515,2.05879,0.94691,0.40791,3.57715,1.81144,0.000998671,0.000998671,0.000998671
16,47.0656,2.01137,0.1785,0.49137,2.06517,1.68187,0.28772,0.19801,0.08875,0.04275,0.26757,0.18765,0.09016,0.08896,2.03608,0.96777,0.4017,3.21307,1.78625,0.000998474,0.000998474,0.000998474
17,49.8796,1.89919,0.12672,0.46918,1.96626,1.65043,0.13369,0.32382,0.11776,0.05317,0.11879,0.30971,0.11726,0.11383,2.08937,0.97958,0.38921,3.04152,1.74973,0.000998264,0.000998264,0.000998264
18,52.7589,2.03573,0.09303,0.42064,2.18129,1.68416,0.11297,0.20765,0.10648,0.04177,0.08532,0.26794,0.10025,0.09617,2.07025,0.97103,0.38069,3.55841,1.7287,0.00099804,0.00099804,0.00099804
19,55.7251,1.92341,0.18018,0.46208,2.01513,1.62876,0.12682,0.3182,0.13594,0.07061,0.12426,0.30618,0.1189,0.11653,2.11025,0.97313,0.37846,3.2253,1.71724,0.000997803,0.000997803,0.000997803
20,58.7514,1.9042,0.18229,0.51173,2.03317,1.64115,0.17404,0.33882,0.19532,0.1116,0.15534,0.30946,0.16562,0.16501,2.1039,0.92364,0.38459,2.45106,1.74325,0.000997553,0.000997553,0.000997553
21,61.6403,1.89107,0.15675,0.42672,1.95896,1.58715,0.33008,0.26382,0.16906,0.0947,0.34263,0.18853,0.14222,0.14136,2.05688,0.90939,0.38479,2.52236,1.69487,0.000997288,0.000997288,0.000997288
22,64.4962,1.84616,0.12771,0.41927,2.01137,1.57172,0.28707,0.36971,0.2158,0.11847,0.37843,0.20676,0.14937,0.14871,1.93947,0.91548,0.38951,2.43416,1.62743,0.000997011,0.000997011,0.000997011
23,67.3393,1.80377,0.13646,0.48216,1.8297,1.50974,0.22374,0.37576,0.22444,0.13041,0.20305,0.32294,0.19048,0.18987,1.83267,0.93213,0.37641,2.43173,1.56177,0.00099672,0.00099672,0.00099672
24,70.2069,1.78832,0.16961,0.46719,2.0302,1.5402,0.38404,0.26559,0.24536,0.12881,0.38207,0.25971,0.18171,0.1808,1.87573,0.93753,0.37515,2.22733,1.55686,0.000996415,0.000996415,0.000996415
25,73.0473,1.72256,0.13713,0.43031,1.76171,1.43816,0.73846,0.16984,0.20638,0.11357,0.65144,0.18029,0.15039,0.14991,1.86636,0.93424,0.38484,2.32924,1.5529,0.000996097,0.000996097,0.000996097
26,75.9488,1.60715,0.09476,0.42846,1.8058,1.4341,0.30146,0.32998,0.20495,0.13003,0.62154,0.19206,0.14927,0.14871,1.82579,0.94992,0.38568,2.39278,1.55757,0.000995765,0.000995765,0.000995765
27,78.7736,1.70672,0.12955,0.45637,1.80029,1.42328,0.12165,0.28985,0.20432,0.12514,0.58134,0.20382,0.17622,0.17534,1.81857,0.94761,0.37611,2.22142,1.51501,0.00099542,0.00099542,0.00099542
28,81.6403,1.73044,0.07399,0.41006,1.87945,1.47915,0.13612,0.31735,0.20018,0.10719,0.13863,0.33147,0.18403,0.18315,1.80272,0.9283,0.37567,2.12971,1.48258,0.000995062,0.000995062,0.000995062
29,84.4966,1.59612,0.25544,0.43872,1.79297,1.38882,0.32354,0.24092,0.17383,0.10191,0.51075,0.16706,0.13674,0.13584,1.79477,0.92688,0.38346,2.24963,1.49327,0.00099469,0.00099469,0.00099469
30,87.335,1.7172,0.25173,0.43107,1.90749,1.45322,0.36548,0.32324,0.19185,0.11652,0.36916,0.26647,0.16589,0.16458,1.80212,0.93011,0.37061,2.14353,1.49975,0.000994304,0.000994304,0.000994304
31,90.2323,1.63146,0.13859,0.40232,1.65822,1.35996,0.40098,0.31147,0.18176,0.10107,0.37962,0.28559,0.15944,0.15821,1.8667,0.91941,0.3595,2.13343,1.56442,0.000993906,0.000993906,0.000993906
32,93.0832,1.61337,0.10483,0.3978,1.67157,1.34706,0.34025,0.37912,0.18083,0.11306,0.54423,0.19355,0.15387,0.15286,1.76292,0.9268,0.36067,2.11434,1.55448,0.000993494,0.000993494,0.000993494
33,95.9205,1.59984,0.20374,0.47558,1.73559,1.38337,0.17033,0.38812,0.21486,0.13637,0.17098,0.35148,0.18334,0.1822,1.69868,0.92658,0.35536,2.026,1.52351,0.000993068,0.000993068,0.000993068
34,98.7758,1.61329,0.10384,0.41011,1.63985,1.41587,0.49663,0.31824,0.22899,0.1242,0.49574,0.30647,0.16689,0.16579,1.78694,0.93693,0.36285,2.02224,1.55241,0.000992629,0.000992629,0.000992629
35,101.683,1.54819,0.07687,0.4407,1.73138,1.35374,0.51388,0.36235,0.21077,0.10968,0.31166,0.30059,0.14437,0.14335,1.78484,0.93661,0.36857,2.098,1.53772,0.000992177,0.000992177,0.000992177
36,104.614,1.55463,0.10323,0.41749,1.71509,1.32346,0.49101,0.22341,0.19371,0.11209,0.47557,0.19059,0.13552,0.13462,1.83315,0.92729,0.3726,2.27469,1.53029,0.000991711,0.000991711,0.000991711
37,107.474,1.56998,0.14707,0.50754,1.78642,1.3364,0.46596,0.22882,0.24983,0.12731,0.39092,0.19706,0.20546,0.20343,1.7368,0.92933,0.35948,1.97593,1.52231,0.000991232,0.000991232,0.000991232
38,110.358,1.57236,0.10674,0.41192,1.8509,1.35579,0.43003,0.22882,0.25946,0.12932,0.34755,0.24559,0.21423,0.21219,1.81255,0.92632,0.36209,1.97672,1.53456,0.00099074,0.00099074,0.00099074
39,113.234,1.56276,0.10708,0.42969,1.70697,1.37813,0.51052,0.22938,0.29323,0.19332,0.37008,0.23971,0.21597,0.21297,1.75515,0.92546,0.37419,2.08864,1.46541,0.000990234,0.000990234,0.000990234
40,116.101,1.4841,0.11212,0.3827,1.60213,1.25556,0.36508,0.37324,0.26642,0.14959,0.33363,0.26985,0.18803,0.18255,1.71827,0.92573,0.37631,1.9974,1.42675,0.000989715,0.000989715,0.000989715
41,118.956,1.48642,0.09659,0.47286,1.64266,1.32884,0.344,0.3788,0.22981,0.13319,0.3299,0.36169,0.18168,0.17544,1.71833,0.93584,0.37311,1.95641,1.48427,0.000989183,0.000989183,0.000989183
42,121.831,1.48857,0.14736,0.41622,1.62353,1.28017,0.35919,0.39875,0.21924,0.14133,0.32741,0.39235,0.18861,0.18568,1.66227,0.93134,0.36521,1.89118,1.46671,0.000988638,0.000988638,0.000988638
43,124.807,1.51798,0.07528,0.45742,1.72102,1.34997,0.38802,0.37912,0.24637,0.14722,0.36363,0.34735,0.21433,0.21242,1.82145,0.91985,0.35486,1.88468,1.52405,0.000988079,0.000988079,0.000988079
44,127.736,1.49049,0.11751,0.39007,1.68379,1.28313,0.33805,0.32324,0.21582,0.13132,0.32733,0.29147,0.19012,0.18846,1.75625,0.91465,0.3798,2.02229,1.47567,0.000987507,0.000987507,0.000987507
45,130.62,1.50049,0.07722,0.48231,1.629,1.28948,0.15425,0.36824,0.21861,0.14152,0.13022,0.31647,0.19014,0.18829,1.7024,0.92418,0.37476,2.04009,1.44826,0.000986922,0.000986922,0.000986922
46,133.458,1.53912,0.10263,0.4077,1.61388,1.37052,0.35027,0.38824,0.2395,0.14836,0.34604,0.29147,0.1949,0.19255,1.69048,0.92571,0.36054,1.93074,1.42959,0.000986323,0.000986323,0.000986323
47,136.304,1.4546,0.13364,0.37152,1.57913,1.2823,0.36949,0.40503,0.25759,0.14847,0.35724,0.35326,0.23195,0.2293,1.67881,0.92596,0.36062,1.98628,1.45369,0.000985711,0.000985711,0.000985711
48,139.222,1.56425,0.17894,0.47615,1.71267,1.37574,0.4252,0.40412,0.24939,0.15421,0.40096,0.39235,0.23046,0.22825,1.68077,0.9445,0.36958,2.07361,1.47416,0.000985087,0.000985087,0.000985087
49,142.08,1.38865,0.15876,0.36826,1.56147,1.25867,0.50274,0.39912,0.2507,0.14359,0.49252,0.36735,0.22753,0.22591,1.75528,0.93059,0.36207,2.0398,1.5005,0.000984449,0.000984449,0.000984449
50,144.952,1.48765,0.14251,0.48023,1.57867,1.29921,0.51545,0.34324,0.20651,0.13415,0.49903,0.34235,0.18766,0.18589,1.73184,0.93457,0.35961,1.98176,1.48875,0.000983798,0.000983798,0.000983798
51,147.789,1.40632,0.12433,0.36441,1.49729,1.20455,0.51441,0.34324,0.22687,0.14536,0.5035,0.31147,0.20244,0.20053,1.68058,0.92733,0.35665,2.00621,1.45322,0.000983133,0.000983133,0.000983133
52,150.723,1.31564,0.15766,0.35564,1.49233,1.21286,0.39899,0.455,0.23133,0.15536,0.39911,0.44324,0.21398,0.21119,1.6162,0.92347,0.34592,1.90878,1.42222,0.000982456,0.000982456,0.000982456
53,153.523,1.44452,0.07583,0.36645,1.5752,1.21925,0.33893,0.25235,0.2346,0.15489,0.33667,0.24647,0.2246,0.22238,1.63856,0.9236,0.34942,2.00236,1.4454,0.000981765,0.000981765,0.000981765
54,156.352,1.4167,0.21102,0.34541,1.57398,1.22439,0.18007,0.32824,0.24975,0.15452,0.15679,0.25953,0.23491,0.23261,1.6335,0.92632,0.35456,1.98353,1.4442,0.000981062,0.000981062,0.000981062
55,159.207,1.3739,0.08932,0.46294,1.60138,1.25615,0.2105,0.30324,0.25027,0.1545,0.15843,0.31147,0.22446,0.22238,1.59363,0.93766,0.36587,1.93109,1.4204,0.000980345,0.000980345,0.000980345
56,162.127,1.37281,0.21573,0.35891,1.54171,1.22015,0.38985,0.32912,0.23856,0.15174,0.36112,0.31735,0.22003,0.216,1.52244,0.93081,0.36204,1.82759,1.37818,0.000979616,0.000979616,0.000979616
57,164.997,1.36182,0.10678,0.38466,1.49016,1.20183,0.15134,0.38054,0.23625,0.15073,0.15334,0.37546,0.21351,0.20995,1.55932,0.9393,0.35451,1.91624,1.4012,0.000978873,0.000978873,0.000978873
58,167.896,1.34661,0.09902,0.39354,1.50125,1.21548,0.11589,0.36824,0.23835,0.1522,0.10905,0.36646,0.21267,0.20961,1.64391,0.93907,0.35033,1.88625,1.41463,0.000978118,0.000978118,0.000978118
59,170.78,1.28517,0.09567,0.37243,1.4553,1.2127,0.52226,0.34324,0.24128,0.14852,0.52095,0.31147,0.20475,0.20257,1.67711,0.92383,0.36455,1.98295,1.42132,0.000977349,0.000977349,0.000977349
60,173.654,1.30413,0.18632,0.41527,1.49816,1.20461,0.5424,0.34824,0.23198,0.14265,0.52707,0.33647,0.20042,0.1976,1.55687,0.92684,0.35976,1.79488,1.3772,0.000976567,0.000976567,0.000976567
61,176.471,1.35924,0.10147,0.34768,1.54318,1.20617,0.53874,0.37412,0.23077,0.14624,0.53003,0.38383,0.20827,0.20629,1.62613,0.93819,0.36238,1.84446,1.42641,0.000975773,0.000975773,0.000975773
62,179.347,1.32226,0.0885,0.41092,1.66123,1.27799,0.53864,0.31735,0.23549,0.14816,0.52082,0.38235,0.21357,0.21109,1.61824,0.93872,0.36699,1.99205,1.47876,0.000974966,0.000974966,0.000974966
63,182.19,1.3549,0.10241,0.47422,1.5689,1.22705,0.53073,0.41324,0.25638,0.16531,0.52453,0.40147,0.23469,0.2312,1.67533,0.94029,0.37948,2.01901,1.5166,0.000974145,0.000974145,0.000974145
64,185.104,1.242,0.14588,0.32632,1.42685,1.15617,0.49144,0.51412,0.28022,0.18964,0.26245,0.51999,0.25925,0.25724,1.59648,0.92936,0.3722,1.88933,1.43039,0.000973312,0.000973312,0.000973312
65,187.997,1.26208,0.21321,0.40935,1.40794,1.17054,0.38796,0.50929,0.29262,0.18944,0.37738,0.44198,0.25971,0.25516,1.52731,0.92981,0.36189,1.88737,1.40271,0.000972466,0.000972466,0.000972466
66,190.827,1.318,0.18568,0.36993,1.41568,1.2161,0.463,0.31912,0.28318,0.18387,0.48445,0.30735,0.2584,0.25705,1.52855,0.92575,0.35604,1.96397,1.3927,0.000971608,0.000971608,0.000971608
67,193.673,1.23189,0.14945,0.35807,1.43937,1.18724,0.28942,0.22508,0.27187,0.17488,0.28236,0.20802,0.25636,0.25556,1.50936,0.92546,0.34887,1.97526,1.37451,0.000970736,0.000970736,0.000970736
68,196.679,1.31166,0.08368,0.34234,1.46461,1.15993,0.31757,0.335,0.24247,0.16254,0.51021,0.30324,0.19922,0.19896,1.47419,0.92799,0.33866,1.88575,1.34404,0.000969852,0.000969852,0.000969852
69,199.587,1.18472,0.10724,0.31359,1.39334,1.12623,0.49914,0.335,0.26391,0.16168,0.49692,0.32324,0.1985,0.19781,1.48375,0.92604,0.33942,1.85223,1.34268,0.000968955,0.000968955,0.000968955
70,202.469,1.23229,0.19336,0.43514,1.47442,1.15519,0.49215,0.28912,0.21736,0.1415,0.48938,0.27735,0.19153,0.18907,1.48582,0.92526,0.35183,1.9269,1.3657,0.000968045,0.000968045,0.000968045
71,205.361,1.22378,0.11019,0.35537,1.40118,1.15855,0.53353,0.28912,0.19872,0.12835,0.50477,0.26324,0.18307,0.17835,1.48459,0.92578,0.36492,1.86474,1.37763,0.000967122,0.000967122,0.000967122
72,208.266,1.21283,0.18018,0.36254,1.44922,1.15765,0.5842,0.22735,0.21768,0.12865,0.51146,0.38735,0.19151,0.1906,1.56108,0.92562,0.36115,2.00695,1.43213,0.000966187,0.000966187,0.000966187
73,211.124,1.23289,0.17852,0.42989,1.4401,1.15152,0.58935,0.24735,0.22306,0.14685,0.51915,0.35647,0.1902,0.18675,1.41431,0.9289,0.34683,1.88615,1.37941,0.000965239,0.000965239,0.000965239
74,214.003,1.21114,0.10127,0.35542,1.40502,1.14334,0.55699,0.28735,0.23891,0.15464,0.5396,0.24147,0.19806,0.19583,1.44158,0.92894,0.34688,1.88023,1.3627,0.000964279,0.000964279,0.000964279
75,216.872,1.2444,0.12966,0.41329,1.52738,1.18841,0.55736,0.27235,0.21919,0.14339,0.54699,0.24647,0.20661,0.20495,1.53399,0.92662,0.35236,1.94247,1.39437,0.000963306,0.000963306,0.000963306
76,219.774,1.24244,0.12477,0.39974,1.43516,1.19475,0.16023,0.4,0.23817,0.16242,0.151,0.37339,0.20797,0.20443,1.43463,0.92718,0.34772,1.80484,1.35824,0.00096232,0.00096232,0.00096232
77,222.667,1.20822,0.17453,0.32827,1.43505,1.14387,0.38211,0.34088,0.24962,0.16614,0.14916,0.37824,0.22435,0.22218,1.47178,0.92462,0.37394,1.85096,1.38644,0.000961322,0.000961322,0.000961322
78,225.65,1.25631,0.16758,0.37526,1.40624,1.19264,0.35817,0.25235,0.2416,0.15983,0.12169,0.33116,0.22143,0.21825,1.42275,0.9271,0.38542,1.88828,1.35976,0.000960312,0.000960312,0.000960312
79,228.491,1.22876,0.112,0.35081,1.36323,1.15565,0.33859,0.26412,0.24011,0.15247,0.31462,0.23235,0.22864,0.2248,1.44555,0.94215,0.38123,1.84979,1.34954,0.000959289,0.000959289,0.000959289
80,231.359,1.19819,0.04008,0.32947,1.36978,1.14767,0.1172,0.33412,0.21686,0.14293,0.56639,0.18971,0.20601,0.2031,1.55397,0.92674,0.3668,1.96223,1.39239,0.000958253,0.000958253,0.000958253
81,234.28,1.26153,0.12263,0.38507,1.40579,1.22738,0.12498,0.39,0.20698,0.14363,0.1155,0.39793,0.19511,0.19199,1.47258,0.93981,0.3536,1.91146,1.3747,0.000957205,0.000957205,0.000957205
82,237.162,1.27473,0.06399,0.37959,1.37291,1.21154,0.12177,0.32919,0.1958,0.13614,0.11103,0.32735,0.19268,0.1865,1.49792,0.93254,0.3569,1.84156,1.35985,0.000956145,0.000956145,0.000956145
83,240.006,1.18915,0.13226,0.38197,1.44991,1.14882,0.31491,0.28324,0.20823,0.14541,0.31422,0.28003,0.19971,0.19548,1.44047,0.92719,0.41105,1.94381,1.3363,0.000955072,0.000955072,0.000955072
84,242.907,1.26861,0.12201,0.38481,1.37717,1.13481,0.11344,0.32303,0.20195,0.13976,0.11201,0.34931,0.19286,0.18762,1.51651,0.92979,0.41626,2.13102,1.38858,0.000953987,0.000953987,0.000953987
85,245.807,1.20711,0.09816,0.36376,1.37403,1.11111,0.52041,0.26735,0.2071,0.14891,0.12058,0.40235,0.20303,0.19724,1.54807,0.93065,0.36748,1.94672,1.39448,0.000952889,0.000952889,0.000952889
86,248.686,1.21322,0.15686,0.40679,1.5228,1.1676,0.53161,0.28938,0.20456,0.14418,0.12986,0.39715,0.20164,0.19574,1.52247,0.93192,0.37111,1.90924,1.38268,0.00095178,0.00095178,0.00095178
87,251.573,1.18993,0.10004,0.38019,1.40155,1.18693,0.32838,0.27235,0.19691,0.13099,0.12692,0.31147,0.19199,0.18748,1.44131,0.92621,0.39225,1.894,1.37355,0.000950658,0.000950658,0.000950658
88,254.463,1.14658,0.07038,0.355,1.305,1.10428,0.15003,0.34824,0.19892,0.13343,0.13497,0.42105,0.19084,0.18417,1.36205,0.9291,0.3784,1.77695,1.34319,0.000949524,0.000949524,0.000949524
89,257.374,1.19821,0.23259,0.38193,1.3972,1.15085,0.56036,0.32235,0.20129,0.13457,0.14645,0.35994,0.19476,0.18838,1.55307,0.94421,0.37702,1.87616,1.39874,0.000948377,0.000948377,0.000948377
90,260.234,1.25233,0.07007,0.35536,1.35013,1.13858,0.58632,0.29147,0.21726,0.14388,0.13699,0.34735,0.20479,0.19875,1.45,0.93665,0.39663,1.84381,1.34789,0.000947219,0.000947219,0.000947219
91,263.074,1.25449,0.14325,0.3637,1.313,1.16721,0.38623,0.27735,0.22752,0.14426,0.59337,0.22059,0.2121,0.20669,1.43472,0.92585,0.39013,1.82481,1.34095,0.000946048,0.000946048,0.000946048
92,265.988,1.21703,0.07133,0.39117,1.44065,1.15538,0.15607,0.33412,0.25991,0.16292,0.154,0.32696,0.24634,0.24144,1.46289,0.9266,0.37483,1.78384,1.3241,0.000944866,0.000944866,0.000944866
93,268.854,1.21756,0.11131,0.35061,1.36311,1.11476,0.14173,0.38412,0.26283,0.16827,0.88653,0.18295,0.2447,0.24288,1.4431,0.92883,0.3641,1.79483,1.35292,0.000943671,0.000943671,0.000943671
94,271.744,1.16987,0.17896,0.31329,1.25361,1.10966,0.86918,0.19646,0.2431,0.14805,0.86542,0.19058,0.22651,0.22627,1.53441,0.92816,0.37923,1.85188,1.42709,0.000942464,0.000942464,0.000942464
95,274.673,1.24002,0.17255,0.42018,1.43766,1.18701,0.11325,0.34779,0.24236,0.15025,0.10538,0.32191,0.22847,0.22757,1.47436,0.92723,0.39746,1.81322,1.39671,0.000941245,0.000941245,0.000941245
96,277.704,1.18701,0.11407,0.37778,1.39382,1.14373,0.14955,0.35324,0.23029,0.16125,0.14389,0.35966,0.22175,0.21867,1.41985,0.92985,0.40337,1.89223,1.3262,0.000940014,0.000940014,0.000940014
97,280.6,1.11165,0.09066,0.44383,1.3115,1.10693,0.22039,0.35785,0.2195,0.1438,0.20758,0.32981,0.20872,0.20712,1.47818,0.92927,0.39034,1.86281,1.3452,0.000938772,0.000938772,0.000938772
98,283.524,1.14596,0.07396,0.40864,1.38803,1.12911,0.42226,0.35824,0.22585,0.14691,0.40558,0.32647,0.21196,0.21111,1.41331,0.92544,0.36204,1.85621,1.32577,0.000937517,0.000937517,0.000937517
99,286.382,1.19205,0.07706,0.37663,1.35227,1.11597,0.44538,0.31412,0.24974,0.15872,0.41666,0.38324,0.23461,0.23213,1.37066,0.92898,0.35872,1.81153,1.31148,0.000936251,0.000936251,0.000936251
100,289.277,1.13513,0.07235,0.42655,1.43165,1.12354,0.18932,0.41824,0.21896,0.13918,0.19465,0.41735,0.22334,0.2142,1.35297,0.92547,0.38338,1.7844,1.32227,0.000934973,0.000934973,0.000934973
101,292.222,1.10457,0.15116,0.37219,1.30271,1.09654,0.16235,0.36011,0.22043,0.14963,0.17231,0.3778,0.21938,0.21058,1.41795,0.92492,0.42289,1.99011,1.37038,0.000933683,0.000933683,0.000933683
102,295.13,1.10313,0.12129,0.38425,1.36213,1.13233,0.32651,0.26735,0.21916,0.14917,0.13775,0.31147,0.20956,0.20309,1.48554,0.93604,0.41682,1.96181,1.36292,0.000932381,0.000932381,0.000932381
103,298.09,1.12979,0.1221,0.38521,1.28285,1.12273,0.35722,0.26735,0.23412,0.16021,0.13154,0.31147,0.22148,0.21527,1.54006,0.93713,0.39217,1.94133,1.37137,0.000931067,0.000931067,0.000931067
104,301.016,1.10624,0.14732,0.37509,1.36512,1.14251,0.15704,0.36824,0.22778,0.15484,0.16195,0.38735,0.22306,0.21885,1.39656,0.92474,0.38794,1.93393,1.31928,0.000929742,0.000929742,0.000929742
105,303.902,1.16408,0.20802,0.34718,1.38457,1.13921,0.16645,0.41338,0.22616,0.16111,0.16369,0.39684,0.21591,0.21136,1.4558,0.92319,0.40699,1.93043,1.33776,0.000928405,0.000928405,0.000928405
106,306.749,1.15601,0.07719,0.35563,1.31307,1.10557,0.54223,0.34235,0.22015,0.15165,0.54338,0.32147,0.21036,0.20971,1.5059,0.93667,0.41724,1.92138,1.33835,0.000927057,0.000927057,0.000927057
107,309.697,1.11594,0.19096,0.38662,1.39238,1.11192,0.55478,0.30147,0.2255,0.14307,0.63501,0.29047,0.21895,0.2178,1.42281,0.9417,0.41084,1.8467,1.31399,0.000925697,0.000925697,0.000925697
108,312.69,1.11723,0.15222,0.36042,1.38192,1.10239,0.58122,0.28029,0.23693,0.15323,0.63505,0.30113,0.23198,0.2318,1.4089,0.9444,0.40315,1.8914,1.34155,0.000924325,0.000924325,0.000924325
109,315.547,1.14556,0.05976,0.41674,1.33338,1.10222,0.58611,0.26324,0.22385,0.14067,0.6217,0.27147,0.21697,0.21618,1.39229,0.94254,0.40264,1.83082,1.3186,0.000922942,0.000922942,0.000922942
110,318.374,1.08497,0.08093,0.35267,1.29111,1.08692,0.3478,0.33324,0.22281,0.14026,0.36876,0.31647,0.22322,0.22077,1.40673,0.92618,0.40241,1.9095,1.33075,0.000921548,0.000921548,0.000921548
111,321.362,1.14645,0.07981,0.37848,1.41621,1.11807,0.36121,0.34824,0.22682,0.14289,0.34181,0.28907,0.22711,0.22456,1.43195,0.94091,0.40024,1.92414,1.32273,0.000920142,0.000920142,0.000920142
112,324.32,1.05829,0.06941,0.34581,1.28683,1.10836,0.16511,0.36324,0.22822,0.15139,0.17767,0.35647,0.22367,0.2169,1.44057,0.93594,0.39096,1.94389,1.35411,0.000918725,0.000918725,0.000918725
113,327.233,1.10707,0.13054,0.3043,1.25061,1.08924,0.44313,0.34235,0.24853,0.15658,0.4684,0.36147,0.25116,0.24436,1.44203,0.92573,0.38246,1.95678,1.34413,0.000917296,0.000917296,0.000917296
114,330.161,1.07667,0.08358,0.35446,1.27755,1.10525,0.49515,0.36695,0.27718,0.17689,0.53074,0.37581,0.28234,0.27,1.31881,0.92635,0.36787,1.82824,1.27587,0.000915856,0.000915856,0.000915856
115,333.041,1.05638,0.24421,0.43906,1.30231,1.09219,0.47225,0.35842,0.28844,0.19024,0.49279,0.37571,0.2909,0.28335,1.3058,0.92413,0.37763,1.77758,1.27876,0.000914405,0.000914405,0.000914405
116,335.926,1.09026,0.21268,0.37233,1.2426,1.08886,0.4135,0.36147,0.25591,0.17047,0.39851,0.33559,0.25289,0.24626,1.37841,0.92432,0.44028,1.85004,1.31411,0.000912942,0.000912942,0.000912942
117,338.862,1.11046,0.16354,0.35139,1.30895,1.11962,0.61574,0.30261,0.24558,0.17431,0.62463,0.31559,0.24382,0.23521,1.30656,0.92332,0.40881,1.7701,1.28104,0.000911469,0.000911469,0.000911469
118,341.744,1.06659,0.09654,0.3386,1.27286,1.08822,0.16486,0.38735,0.24628,0.16185,0.40452,0.27647,0.23941,0.232,1.30453,0.92202,0.38296,1.7437,1.26137,0.000909984,0.000909984,0.000909984
119,344.684,1.13347,0.11137,0.38672,1.27644,1.11057,0.14902,0.36332,0.23157,0.14951,0.14841,0.32235,0.22253,0.21401,1.36147,0.92329,0.38928,1.79865,1.29804,0.000908488,0.000908488,0.000908488
120,347.733,1.056,0.09456,0.32431,1.25144,1.07611,0.14705,0.38056,0.21477,0.14434,0.12993,0.38647,0.20422,0.20203,1.36497,0.92686,0.38672,1.77988,1.27792,0.000906981,0.000906981,0.000906981
121,350.612,1.04412,0.13205,0.35966,1.23618,1.09982,0.13688,0.35559,0.22149,0.15184,0.60068,0.23471,0.22604,0.21842,1.4444,0.92599,0.43146,1.94045,1.29643,0.000905463,0.000905463,0.000905463
122,353.599,1.05112,0.09698,0.34797,1.20182,1.05305,0.59975,0.24559,0.24463,0.15586,0.62903,0.25971,0.24162,0.23925,1.41782,0.92565,0.45379,1.8787,1.26886,0.000903934,0.000903934,0.000903934
123,356.5,1.13113,0.06912,0.28692,1.33323,1.0999,0.62859,0.29647,0.27409,0.16366,0.63195,0.31059,0.26992,0.26706,1.48408,0.92921,0.44644,1.95852,1.30604,0.000902395,0.000902395,0.000902395
124,359.428,1.12568,0.17251,0.4454,1.4128,1.10359,0.6231,0.30235,0.26352,0.16948,0.62205,0.29647,0.25435,0.25237,1.31886,0.93021,0.42736,2.04988,1.274,0.000900844,0.000900844,0.000900844
125,362.291,1.05635,0.07368,0.28424,1.26137,1.0981,0.61542,0.30235,0.27638,0.17381,0.61723,0.29647,0.26327,0.26241,1.33788,0.92904,0.44604,1.94756,1.26929,0.000899282,0.000899282,0.000899282
126,365.128,1.13005,0.14422,0.37296,1.27561,1.1101,0.47003,0.34462,0.25345,0.17042,0.45553,0.3223,0.23313,0.23313,1.36798,0.91755,0.45771,1.80274,1.28953,0.00089771,0.00089771,0.00089771
127,368.018,1.02262,0.0839,0.34433,1.22115,1.10719,0.43572,0.35639,0.27999,0.19506,0.215,0.35235,0.25455,0.24819,1.30916,0.93166,0.47383,1.7613,1.28001,0.000896127,0.000896127,0.000896127
128,370.961,1.05837,0.15751,0.31496,1.16208,1.07769,0.37538,0.34912,0.25106,0.17413,0.38377,0.34467,0.2366,0.22667,1.37887,0.94797,0.43497,1.78495,1.29177,0.000894533,0.000894533,0.000894533
129,373.928,1.02274,0.10005,0.30862,1.21767,1.05734,0.1971,0.40716,0.24396,0.17529,0.18691,0.35141,0.2382,0.22628,1.34106,0.92841,0.41611,1.83994,1.26614,0.000892928,0.000892928,0.000892928
130,376.866,1.0424,0.06883,0.29253,1.21747,1.08815,0.10068,0.29324,0.22385,0.15501,0.1176,0.29235,0.23313,0.22067,1.36507,0.91864,0.42812,1.84814,1.28218,0.000891313,0.000891313,0.000891313
131,379.926,1.00709,0.12526,0.35565,1.21777,1.04176,0.16501,0.42412,0.23299,0.15694,0.18105,0.41735,0.24616,0.22848,1.37332,0.9229,0.44125,1.85658,1.29555,0.000889687,0.000889687,0.000889687
132,383.088,1.0523,0.05971,0.38587,1.19439,1.07744,0.1597,0.37324,0.25633,0.16387,0.15873,0.36735,0.2694,0.24828,1.3303,0.9265,0.43398,1.83178,1.28898,0.000888051,0.000888051,0.000888051
133,386.204,1.07544,0.14989,0.29954,1.26819,1.10863,0.38473,0.32824,0.24184,0.16252,0.83979,0.25143,0.26325,0.24148,1.31209,0.94041,0.44956,1.82049,1.27759,0.000886404,0.000886404,0.000886404
134,389.201,1.0587,0.06578,0.31816,1.19979,1.06987,0.40522,0.30824,0.23749,0.16089,0.44969,0.30183,0.24868,0.23247,1.40108,0.93981,0.45053,1.79626,1.27823,0.000884747,0.000884747,0.000884747
135,392.216,1.01401,0.06917,0.30592,1.21837,1.08035,0.37397,0.35412,0.28078,0.18123,0.36587,0.32235,0.29181,0.27471,1.32158,0.93042,0.48843,1.75114,1.23969,0.000883079,0.000883079,0.000883079
136,395.322,1.00216,0.09482,0.29952,1.25675,1.03942,0.26477,0.42113,0.24971,0.16047,0.24875,0.37808,0.23908,0.23424,1.31378,0.92914,0.48746,1.79816,1.25692,0.000881401,0.000881401,0.000881401
137,398.319,1.04007,0.06573,0.31179,1.24948,1.06472,0.26377,0.38016,0.25838,0.16601,0.27011,0.32735,0.25655,0.24537,1.29252,0.93079,0.45877,1.7964,1.23583,0.000879713,0.000879713,0.000879713
138,401.307,1.03707,0.10504,0.3772,1.29256,1.06324,0.26015,0.35925,0.29778,0.1911,0.26953,0.32735,0.2855,0.28069,1.25378,0.93405,0.45031,1.8418,1.22421,0.000878014,0.000878014,0.000878014
139,404.399,1.05491,0.1139,0.32071,1.19785,1.05456,0.25418,0.30824,0.30496,0.20256,0.25468,0.30147,0.28876,0.2862,1.1705,0.93207,0.46127,1.73905,1.19698,0.000876305,0.000876305,0.000876305
140,407.669,1.10503,0.06411,0.27764,1.32386,1.10805,0.2376,0.37324,0.266,0.17925,0.20676,0.32735,0.26009,0.25418,1.24557,0.93373,0.46688,1.78984,1.21935,0.000874586,0.000874586,0.000874586
141,410.671,1.09715,0.12684,0.29534,1.24953,1.0731,0.22578,0.42912,0.26656,0.17892,0.20864,0.39735,0.25657,0.24906,1.27127,0.93413,0.45317,1.76008,1.21946,0.000872857,0.000872857,0.000872857
142,413.768,1.00719,0.11749,0.31633,1.10938,1.01837,0.22399,0.35591,0.26136,0.17463,0.23984,0.37235,0.2616,0.25026,1.20032,0.92495,0.45124,1.64674,1.21392,0.000871117,0.000871117,0.000871117
143,416.811,0.98485,0.06915,0.2961,1.14715,1.04519,0.39929,0.39912,0.30441,0.19253,0.37,0.34735,0.29853,0.28526,1.17874,0.92575,0.4923,1.65902,1.20043,0.000869368,0.000869368,0.000869368
144,419.799,1.03318,0.05814,0.3211,1.19491,1.05693,0.40503,0.39824,0.27414,0.17669,0.38727,0.34647,0.24607,0.23527,1.36698,0.94542,0.6107,1.82049,1.24903,0.000867609,0.000867609,0.000867609
145,422.771,0.99054,0.11711,0.28215,1.12909,1.05975,0.3713,0.39912,0.24978,0.16675,0.35477,0.34235,0.23595,0.22885,1.27004,0.94497,0.57192,1.72797,1.23813,0.000865839,0.000865839,0.000865839
146,425.684,1.01101,0.10353,0.37889,1.16348,1.08001,0.14096,0.39912,0.23395,0.16111,0.14099,0.34735,0.22459,0.21587,1.22059,0.92804,0.52123,1.71767,1.23343,0.00086406,0.00086406,0.00086406
147,428.851,0.98155,0.05428,0.30122,1.16065,1.03409,0.37945,0.31912,0.24077,0.15735,0.59404,0.25735,0.22967,0.22461,1.2855,0.92749,0.50666,1.74833,1.2463,0.000862271,0.000862271,0.000862271
148,431.999,0.95165,0.14396,0.37005,1.1305,1.04444,0.40266,0.32615,0.26116,0.16832,0.37324,0.30423,0.24372,0.24141,1.25258,0.92699,0.50685,1.82709,1.23707,0.000860473,0.000860473,0.000860473
149,434.947,0.97009,0.06685,0.31208,1.14053,1.0407,0.17762,0.41235,0.24421,0.16841,0.16279,0.38059,0.2296,0.22583,1.25716,0.92859,0.46458,1.80076,1.24107,0.000858664,0.000858664,0.000858664
150,437.919,1.03557,0.10422,0.27446,1.13545,1.05255,0.36873,0.36235,0.26423,0.17184,0.16418,0.3523,0.24681,0.24594,1.27292,0.93036,0.42761,1.69766,1.24374,0.000856846,0.000856846,0.000856846
151,440.974,0.96505,0.1248,0.32904,1.1526,1.03475,0.26594,0.42912,0.28363,0.17891,0.29753,0.43735,0.28791,0.27401,1.21548,0.94216,0.4457,1.70252,1.23769,0.000855018,0.000855018,0.000855018
152,443.953,0.96833,0.15965,0.36147,1.13756,1.05156,0.39868,0.30824,0.29324,0.18959,0.37358,0.38735,0.27441,0.26939,1.18522,0.94496,0.45675,1.75935,1.22857,0.00085318,0.00085318,0.00085318
153,446.859,1.03171,0.17954,0.29513,1.2267,1.08789,0.50801,0.28813,0.32359,0.19974,0.42154,0.26575,0.30847,0.30462,1.25576,0.93106,0.48181,1.76381,1.24358,0.000851333,0.000851333,0.000851333
154,449.857,0.9601,0.08848,0.27471,1.12648,1.02141,0.41028,0.32235,0.32758,0.20036,0.60586,0.26471,0.3203,0.30804,1.20611,0.93405,0.46156,1.68554,1.22227,0.000849477,0.000849477,0.000849477
155,452.741,0.97982,0.09629,0.31464,1.1239,1.03108,0.61452,0.30591,0.28576,0.18398,0.62946,0.29191,0.28015,0.2676,1.17696,0.9389,0.47095,1.68857,1.21806,0.000847611,0.000847611,0.000847611
156,455.652,0.96054,0.18014,0.30063,1.13197,1.04187,0.63242,0.31647,0.29276,0.19331,0.63875,0.33059,0.28627,0.27135,1.2601,0.94976,0.50055,1.69632,1.22983,0.000845736,0.000845736,0.000845736
157,458.516,1.03406,0.15354,0.27532,1.1908,1.06259,0.62957,0.31059,0.29826,0.18405,0.7619,0.27937,0.29619,0.27803,1.34078,0.9485,0.53338,1.84073,1.25319,0.000843851,0.000843851,0.000843851
158,461.356,0.99527,0.09318,0.2704,1.11859,1.04501,0.24025,0.41235,0.32145,0.19178,0.86246,0.29882,0.33764,0.32021,1.28076,0.93558,0.47952,1.79734,1.23986,0.000841957,0.000841957,0.000841957
159,464.267,1.03684,0.09948,0.25031,1.17084,1.04783,0.55418,0.30147,0.29695,0.1797,0.69122,0.33559,0.3087,0.29067,1.32773,0.93197,0.47671,1.85895,1.25938,0.000840054,0.000840054,0.000840054
160,467.202,0.95072,0.06756,0.2462,1.17883,1.03916,0.22892,0.40443,0.2764,0.17755,0.31012,0.36059,0.28093,0.26348,1.31595,0.93628,0.48411,1.83286,1.26299,0.000838141,0.000838141,0.000838141
161,470.062,0.98084,0.09743,0.27242,1.13595,1.02852,0.2169,0.45823,0.25128,0.17205,0.20653,0.43147,0.23765,0.23003,1.32134,0.95077,0.51852,1.85532,1.25976,0.00083622,0.00083622,0.00083622
162,472.94,0.99343,0.20959,0.26986,1.09648,1.04787,0.26493,0.44947,0.24102,0.16825,0.23248,0.43971,0.23131,0.2231,1.24568,0.94972,0.50925,1.82935,1.22554,0.000834289,0.000834289,0.000834289
163,475.85,0.94946,0.08752,0.23695,1.13563,1.04941,0.25043,0.39612,0.24423,0.16763,0.23077,0.40559,0.23148,0.2235,1.17909,0.93742,0.47243,1.79137,1.20147,0.000832349,0.000832349,0.000832349
164,478.773,0.97162,0.09599,0.27358,1.14635,1.05997,0.24863,0.32235,0.28839,0.19257,0.48049,0.27882,0.27424,0.27012,1.18975,0.93125,0.47366,1.80868,1.21146,0.000830401,0.000830401,0.000830401
165,481.674,1.0223,0.10805,0.2618,1.18311,1.02532,0.48144,0.25971,0.25908,0.176,0.49536,0.27882,0.25047,0.24315,1.19163,0.94631,0.56338,1.88779,1.20078,0.000828443,0.000828443,0.000828443
166,484.607,0.95891,0.12813,0.30795,1.14571,1.04154,0.46443,0.31735,0.27739,0.18212,0.45955,0.28102,0.25667,0.2423,1.20275,0.94414,0.51297,1.75601,1.21542,0.000826477,0.000826477,0.000826477
167,487.596,0.94957,0.06049,0.25711,1.03651,1.01342,0.64515,0.34235,0.289,0.18534,0.41067,0.31059,0.24238,0.24103,1.24692,0.92533,0.40933,1.70453,1.23154,0.000824502,0.000824502,0.000824502
168,490.483,0.9222,0.08999,0.22978,1.04926,0.98488,0.49739,0.33647,0.28873,0.19116,0.16842,0.32971,0.24059,0.23884,1.26635,0.93804,0.40837,1.75956,1.23248,0.000822518,0.000822518,0.000822518
169,493.331,0.98881,0.13181,0.26642,1.17594,1.05719,0.20625,0.31647,0.26583,0.17987,0.1938,0.30471,0.22295,0.22241,1.21398,0.9397,0.4124,1.83314,1.22368,0.000820525,0.000820525,0.000820525
170,496.195,0.89952,0.17884,0.23674,1.07529,1.00989,0.43888,0.30559,0.2624,0.17199,0.40859,0.27971,0.23758,0.22927,1.28223,0.92922,0.38667,1.83599,1.25991,0.000818524,0.000818524,0.000818524
171,499.023,1.00048,0.103,0.26829,1.17293,1.05582,0.43608,0.32324,0.29387,0.18269,0.40675,0.29147,0.25636,0.24545,1.3071,0.92922,0.40748,1.73387,1.28296,0.000816514,0.000816514,0.000816514
172,501.897,0.96055,0.14421,0.28611,1.0841,1.03401,0.44302,0.31166,0.27643,0.19506,0.41509,0.2767,0.25553,0.24345,1.34625,0.94078,0.47117,1.95168,1.27937,0.000814495,0.000814495,0.000814495
173,504.753,0.93326,0.12634,0.25868,1.05558,1.01805,0.45107,0.31511,0.29177,0.2006,0.47207,0.24294,0.27243,0.25672,1.35481,0.93818,0.66139,2.01604,1.24805,0.000812468,0.000812468,0.000812468
174,507.59,0.96501,0.0461,0.23167,1.10347,1.03792,0.2868,0.40647,0.29368,0.19306,0.26233,0.35471,0.28464,0.26821,1.29953,0.93893,0.59273,1.92864,1.25758,0.000810433,0.000810433,0.000810433
175,510.486,0.92249,0.11604,0.31335,1.09152,0.99578,0.36143,0.34882,0.30672,0.19729,0.33795,0.30294,0.28706,0.27844,1.30557,0.94395,0.79197,2.00645,1.26776,0.000808389,0.000808389,0.000808389
176,513.428,0.94806,0.09162,0.28699,1.08533,1.00801,0.27787,0.30717,0.25835,0.16915,0.27499,0.3081,0.25518,0.24394,1.35113,0.94826,0.52154,1.96548,1.32433,0.000806337,0.000806337,0.000806337
177,516.307,0.96965,0.13539,0.31995,1.11168,1.0215,0.18549,0.32793,0.26295,0.16995,0.20466,0.34483,0.23093,0.22249,1.31526,0.94411,0.4976,1.88359,1.27919,0.000804277,0.000804277,0.000804277
178,519.185,0.98397,0.05787,0.29529,1.14585,1.05866,0.18284,0.38147,0.25062,0.15874,0.18588,0.38147,0.23271,0.21795,1.33728,0.94377,0.48396,1.90426,1.27788,0.000802208,0.000802208,0.000802208
179,522.057,0.94134,0.04651,0.2306,1.04376,1.02281,0.19646,0.35059,0.29238,0.17242,0.21623,0.37559,0.27677,0.25704,1.31246,0.94245,0.4921,1.86458,1.27142,0.000800131,0.000800131,0.000800131
180,525.012,0.92797,0.09078,0.24142,1.039,1.01619,0.21039,0.39912,0.2587,0.1633,0.20639,0.39324,0.21647,0.21056,1.26865,0.94126,0.57722,1.72941,1.25321,0.000798047,0.000798047,0.000798047
181,527.906,0.93234,0.07483,0.26846,1.06134,1.00614,0.45491,0.2703,0.24758,0.15906,0.49071,0.23422,0.23165,0.22725,1.26828,0.927,0.46792,1.72558,1.22884,0.000795954,0.000795954,0.000795954
182,530.793,0.90613,0.07634,0.22569,1.06454,0.98663,0.4445,0.28296,0.23303,0.15452,0.44264,0.28991,0.23057,0.22489,1.26043,0.92837,0.47718,1.7362,1.21859,0.000793853,0.000793853,0.000793853
183,533.663,0.9263,0.11815,0.28487,1.07953,1.03205,0.4759,0.29235,0.24757,0.16188,0.46198,0.28559,0.2266,0.21812,1.24351,0.94144,0.55137,1.77106,1.21526,0.000791744,0.000791744,0.000791744
184,536.579,0.90836,0.16228,0.28793,1.01565,1.0013,0.41297,0.33816,0.22978,0.15708,0.45404,0.28559,0.22611,0.22238,1.2061,0.94479,0.54075,1.76088,1.2005,0.000789628,0.000789628,0.000789628
185,539.5,0.94115,0.14264,0.20358,1.08433,1.02198,0.62579,0.30324,0.2127,0.15215,0.6392,0.31647,0.20927,0.20164,1.17799,0.9365,0.45681,1.77061,1.20636,0.000787503,0.000787503,0.000787503
186,542.383,0.93403,0.15862,0.27143,1.04621,1.01594,0.67381,0.31647,0.2279,0.15211,0.67014,0.31059,0.22105,0.21366,1.22989,0.93313,0.44902,1.78011,1.24958,0.000785371,0.000785371,0.000785371
187,545.302,0.95847,0.08766,0.21959,1.11027,1.03781,0.49336,0.35319,0.28276,0.19146,0.49416,0.30109,0.25245,0.24295,1.30181,0.94271,0.45903,1.75745,1.26817,0.000783231,0.000783231,0.000783231
188,548.21,0.88588,0.15848,0.22576,0.99956,1.01629,0.77438,0.22349,0.27087,0.19594,0.62118,0.23471,0.22709,0.2192,1.27986,0.92972,0.4116,1.79747,1.24841,0.000781084,0.000781084,0.000781084
189,551.085,0.94609,0.10582,0.26325,1.06596,1.0167,0.81901,0.21647,0.22397,0.15736,0.36031,0.29235,0.20394,0.19464,1.28141,0.93099,0.43173,1.96236,1.23896,0.000778929,0.000778929,0.000778929
190,553.94,0.91503,0.06863,0.25021,1.08802,1.03352,0.38112,0.26147,0.22578,0.15665,0.19966,0.26059,0.22178,0.20518,1.25812,0.92944,0.43826,1.86444,1.24165,0.000776766,0.000776766,0.000776766
191,556.845,0.88669,0.17792,0.27238,0.97732,1.00562,0.48017,0.23929,0.269,0.18922,0.42382,0.25971,0.25829,0.24706,1.29562,0.93964,0.50851,1.84598,1.26098,0.000774596,0.000774596,0.000774596
192,559.776,0.91431,0.1139,0.19641,1.01848,1.05308,0.44506,0.22882,0.24216,0.1738,0.46462,0.24794,0.2455,0.2306,1.22198,0.93901,0.47047,1.84395,1.21981,0.000772419,0.000772419,0.000772419
193,562.767,0.95928,0.06603,0.20618,1.02518,1.01419,0.1536,0.37324,0.23518,0.16257,0.38332,0.31147,0.23988,0.22577,1.23918,0.93135,0.44156,1.86492,1.23891,0.000770234,0.000770234,0.000770234
194,565.732,0.89239,0.081,0.21025,0.98439,0.98967,0.22115,0.32824,0.26786,0.16209,0.2373,0.36147,0.26442,0.25243,1.22355,0.93538,0.48729,1.83856,1.24053,0.000768042,0.000768042,0.000768042
195,568.637,0.91839,0.05129,0.23947,1.0802,1.01545,0.32694,0.36783,0.27791,0.16617,0.31048,0.33606,0.27654,0.26104,1.23256,0.94722,0.49903,1.7894,1.25394,0.000765843,0.000765843,0.000765843
196,571.59,0.94623,0.17044,0.21768,1.04589,1.03688,0.52738,0.36147,0.29407,0.18237,0.52874,0.32971,0.27572,0.27061,1.29677,0.94488,0.44478,1.86858,1.25015,0.000763637,0.000763637,0.000763637
197,574.493,0.82505,0.13665,0.2275,0.91267,0.94907,0.45678,0.38147,0.26729,0.17936,0.44074,0.34971,0.2465,0.2441,1.28455,0.94012,0.47,1.94773,1.22912,0.000761423,0.000761423,0.000761423
198,577.363,0.91658,0.1104,0.20986,1.03546,1.01291,0.43063,0.34923,0.23914,0.16657,0.45205,0.34425,0.24738,0.24413,1.26917,0.92403,0.43885,1.91406,1.19807,0.000759203,0.000759203,0.000759203
199,580.33,0.8628,0.12309,0.18501,0.99494,0.99059,0.11443,0.30735,0.19279,0.13723,0.41089,0.24647,0.20578,0.20072,1.18374,0.92242,0.42374,1.93054,1.17801,0.000756976,0.000756976,0.000756976
200,583.224,0.89729,0.11389,0.20115,0.99307,0.99974,0.60002,0.29235,0.19779,0.14564,0.61352,0.28559,0.18151,0.17265,1.13886,0.92332,0.46355,1.95333,1.1828,0.000754741,0.000754741,0.000754741
201,586.118,0.83028,0.10653,0.19355,1.06597,0.9861,0.60216,0.29147,0.23438,0.16127,0.57559,0.25971,0.22135,0.20298,1.21714,0.92398,0.45772,1.89501,1.2012,0.0007525,0.0007525,0.0007525
202,589.016,0.84135,0.20031,0.26958,1.03883,1.00169,0.45328,0.32912,0.28457,0.1882,0.66232,0.29454,0.23627,0.23131,1.27138,0.92553,0.48272,1.79627,1.20513,0.000750252,0.000750252,0.000750252
203,591.859,0.89244,0.14113,0.21408,0.96611,1.01759,0.67124,0.33647,0.29824,0.19395,0.69675,0.27971,0.25802,0.24913,1.2543,0.92615,0.46312,1.73185,1.19529,0.000747997,0.000747997,0.000747997
204,594.691,0.88632,0.13404,0.19008,0.96705,0.99658,0.50312,0.29471,0.28567,0.19448,0.20483,0.32371,0.22643,0.22388,1.24724,0.92587,0.46872,1.86451,1.2034,0.000745736,0.000745736,0.000745736
205,597.599,0.91411,0.15524,0.2515,1.08911,1.00005,0.44414,0.33541,0.27078,0.17717,0.40833,0.28534,0.21566,0.21351,1.32597,0.92388,0.46115,1.98838,1.2255,0.000743468,0.000743468,0.000743468
206,600.435,0.88862,0.12819,0.22862,0.98505,1.00425,0.22507,0.43147,0.26505,0.17048,0.20448,0.39971,0.22211,0.21842,1.34206,0.93721,0.44712,1.99838,1.22595,0.000741194,0.000741194,0.000741194
207,603.32,0.87461,0.08245,0.18754,0.95769,0.99401,0.22702,0.42782,0.28868,0.19628,0.21229,0.42366,0.2569,0.24992,1.27672,0.94053,0.45884,1.83906,1.21355,0.000738913,0.000738913,0.000738913
208,606.235,0.8677,0.08353,0.14848,0.95154,0.97584,0.52317,0.29647,0.28293,0.18303,0.48505,0.28288,0.27049,0.26477,1.18647,0.92363,0.38896,1.67858,1.20816,0.000736625,0.000736625,0.000736625
209,609.171,0.912,0.06469,0.21919,1.05644,1.00301,0.4783,0.27647,0.23919,0.1661,0.47468,0.27059,0.22591,0.22375,1.18252,0.92368,0.39967,1.7042,1.1963,0.000734332,0.000734332,0.000734332
210,612.056,0.90295,0.05934,0.22786,1.04263,1.00841,0.17947,0.36735,0.254,0.18359,0.16461,0.38059,0.22822,0.22482,1.17315,0.92635,0.42807,1.72214,1.17604,0.000732032,0.000732032,0.000732032
211,614.953,0.8843,0.13227,0.25125,1.06973,1.01468,0.25444,0.38147,0.27752,0.20684,0.22513,0.35471,0.23841,0.23437,1.22654,0.93067,0.48317,1.78558,1.20438,0.000729725,0.000729725,0.000729725
212,617.905,0.89145,0.06525,0.28223,0.98107,1.00489,0.25849,0.38147,0.26877,0.18646,0.24331,0.33559,0.23525,0.22685,1.19639,0.93065,0.41469,1.79052,1.21408,0.000727413,0.000727413,0.000727413
213,620.814,0.92737,0.18169,0.19438,1.02452,1.02913,0.45257,0.32334,0.26932,0.18741,0.43614,0.30272,0.22895,0.22857,1.27005,0.9452,0.42291,1.8893,1.21931,0.000725094,0.000725094,0.000725094
214,623.683,0.87611,0.0745,0.27455,0.94813,0.99763,0.28447,0.30559,0.28917,0.19131,0.26429,0.27971,0.25404,0.24886,1.23339,0.94777,0.47724,1.89561,1.20387,0.00072277,0.00072277,0.00072277
215,626.507,0.94764,0.12327,0.2152,0.96326,1.00566,0.25148,0.28059,0.26775,0.18013,0.28434,0.28559,0.24556,0.23662,1.28391,0.94555,0.50677,1.8116,1.22025,0.000720439,0.000720439,0.000720439
216,629.458,0.82161,0.04565,0.19663,0.90506,0.97609,0.2504,0.28643,0.2657,0.18199,0.47215,0.26534,0.24785,0.23524,1.16269,0.92697,0.49568,1.73035,1.17231,0.000718103,0.000718103,0.000718103
217,632.296,0.91606,0.04782,0.23936,0.98333,1.01712,0.20993,0.37324,0.26748,0.17998,0.19342,0.34147,0.24149,0.23196,1.13925,0.92615,0.48615,1.75512,1.16716,0.000715761,0.000715761,0.000715761
218,635.196,0.88092,0.08423,0.1754,0.90779,1.01049,0.20239,0.34824,0.26641,0.17879,0.16883,0.29647,0.23752,0.22721,1.18525,0.92482,0.44639,1.83606,1.1815,0.000713413,0.000713413,0.000713413
219,638.169,0.8897,0.06019,0.15777,0.95585,0.99546,0.32059,0.28496,0.25895,0.17176,0.16262,0.31559,0.24141,0.22398,1.181,0.92163,0.43142,1.86391,1.17385,0.000711059,0.000711059,0.000711059
220,641.052,0.85477,0.10545,0.18941,0.8614,0.98195,0.30897,0.26755,0.27332,0.18529,0.24297,0.25382,0.23585,0.23018,1.13599,0.92389,0.59373,1.96229,1.16736,0.0007087,0.0007087,0.0007087
221,643.941,0.86859,0.11215,0.18087,0.93325,0.99035,0.2153,0.33147,0.25127,0.16602,0.19934,0.30559,0.23055,0.2239,1.1563,0.9253,0.68552,2.00568,1.18126,0.000706335,0.000706335,0.000706335
222,646.841,0.89811,0.16473,0.22806,0.95221,1.00091,0.20564,0.33416,0.25369,0.16898,0.19788,0.33147,0.23342,0.22368,1.16269,0.92355,0.53821,1.93562,1.17781,0.000703964,0.000703964,0.000703964
223,649.8,0.88447,0.13677,0.19759,0.94719,0.99617,0.28336,0.26647,0.26008,0.17911,0.23578,0.23471,0.2434,0.23551,1.12176,0.92432,0.53351,1.81853,1.16362,0.000701588,0.000701588,0.000701588
224,652.743,0.86204,0.05664,0.20481,0.91799,1.00133,0.19548,0.3214,0.24651,0.17018,0.18914,0.35647,0.23467,0.22551,1.16211,0.92455,0.54179,1.76075,1.15228,0.000699207,0.000699207,0.000699207
225,655.626,0.81997,0.09902,0.17642,0.92201,0.98764,0.48192,0.20765,0.27007,0.17162,0.17388,0.38147,0.24821,0.2348,1.12082,0.92399,0.5723,1.77901,1.13896,0.00069682,0.00069682,0.00069682
226,658.478,0.85474,0.0852,0.17247,0.90593,0.99171,0.48652,0.21,0.27101,0.18038,0.39255,0.25706,0.22097,0.21312,1.11034,0.92482,0.74209,1.85006,1.14168,0.000694428,0.000694428,0.000694428
227,661.378,0.87511,0.07202,0.1866,1.00264,0.99884,0.46119,0.22465,0.2279,0.1639,0.52442,0.22506,0.21136,0.19437,1.12343,0.92332,0.60848,1.84321,1.1541,0.000692031,0.000692031,0.000692031
228,664.343,0.89486,0.10613,0.18364,0.92779,0.99733,0.22354,0.33882,0.26159,0.17237,0.22053,0.32987,0.23786,0.22816,1.19958,0.92496,0.58574,1.6735,1.18539,0.000689629,0.000689629,0.000689629
229,667.206,0.82145,0.05253,0.17233,0.88195,0.9752,0.65149,0.29971,0.27555,0.17492,0.22883,0.30471,0.2435,0.23612,1.27479,0.92814,0.58811,1.70764,1.23376,0.000687222,0.000687222,0.000687222
230,670.038,0.85247,0.19902,0.18647,0.90183,0.98091,0.81204,0.31705,0.33257,0.20458,0.74699,0.29294,0.27849,0.27707,1.32221,0.9306,0.56211,1.69831,1.25154,0.000684809,0.000684809,0.000684809
231,672.874,0.87274,0.0857,0.20496,0.91707,1.00339,0.55731,0.31059,0.31674,0.20084,0.58644,0.30471,0.28596,0.28446,1.30173,0.92858,0.53685,1.65194,1.22516,0.000682392,0.000682392,0.000682392
232,675.82,0.8349,0.2133,0.16564,0.84815,0.96851,0.18858,0.46235,0.25647,0.17416,0.18476,0.41147,0.25067,0.24748,1.22909,0.92494,0.47064,1.81196,1.18123,0.00067997,0.00067997,0.00067997
233,678.741,0.87315,0.06791,0.17725,0.90929,0.9897,0.1622,0.40271,0.23662,0.17078,0.24053,0.26059,0.24198,0.23815,1.20051,0.92664,0.45767,1.77218,1.18855,0.000677543,0.000677543,0.000677543
234,681.678,0.86296,0.06806,0.14903,0.83219,0.98255,0.18167,0.38647,0.26343,0.18769,0.19433,0.38767,0.25456,0.24822,1.24825,0.92861,0.46962,1.71254,1.22355,0.000675112,0.000675112,0.000675112
235,684.679,0.87073,0.05875,0.19025,0.88041,0.96698,0.414,0.31735,0.28325,0.19186,0.18699,0.39559,0.26914,0.26133,1.3379,0.94426,0.49573,1.76093,1.25225,0.000672675,0.000672675,0.000672675
236,687.735,0.85538,0.09632,0.19437,0.88988,0.98657,0.47348,0.2994,0.28351,0.18779,0.47258,0.26854,0.23435,0.22853,1.24147,0.94504,0.56327,1.71373,1.20674,0.000670234,0.000670234,0.000670234
237,690.675,0.8811,0.06713,0.20092,0.90382,0.97464,0.41573,0.33271,0.26449,0.17498,0.40215,0.33011,0.21516,0.20995,1.23591,0.93029,0.54149,1.69634,1.19694,0.000667789,0.000667789,0.000667789
238,693.562,0.8215,0.14704,0.13899,0.80375,0.94585,0.17643,0.39324,0.26685,0.17792,0.19375,0.38147,0.2316,0.21972,1.24537,0.92905,0.52827,1.706,1.20215,0.000665339,0.000665339,0.000665339
239,696.474,0.83621,0.08173,0.22379,0.96845,0.97429,0.22763,0.36824,0.27296,0.18755,0.21117,0.33808,0.23969,0.22711,1.30006,0.94013,0.50774,1.72598,1.22362,0.000662885,0.000662885,0.000662885
240,699.415,0.80071,0.06411,0.13279,0.85917,0.96289,0.20689,0.46032,0.30759,0.21123,0.19469,0.44916,0.27016,0.25981,1.32247,0.9289,0.49497,1.79968,1.22756,0.000660426,0.000660426,0.000660426
241,702.399,0.8573,0.14415,0.14582,0.88642,0.96481,0.22975,0.42324,0.29145,0.19196,0.22391,0.41147,0.26093,0.25206,1.26222,0.92758,0.49332,1.74,1.20412,0.000657963,0.000657963,0.000657963
242,705.277,0.88558,0.04946,0.15721,0.89004,0.98445,0.22873,0.39235,0.28188,0.18787,0.22243,0.38059,0.25278,0.24156,1.21741,0.92738,0.51191,1.82067,1.19741,0.000655496,0.000655496,0.000655496
243,708.148,0.87216,0.11195,0.1565,0.83637,0.97448,0.34668,0.27471,0.31194,0.19291,0.31316,0.253,0.26817,0.26038,1.25459,0.93103,0.56008,1.89419,1.21026,0.000653025,0.000653025,0.000653025
244,711.069,0.79995,0.05565,0.1245,0.79127,0.96662,0.50881,0.28327,0.30242,0.19068,0.47483,0.25915,0.25475,0.24963,1.24374,0.94327,0.52161,1.90131,1.20114,0.00065055,0.00065055,0.00065055
245,713.977,0.87076,0.14071,0.17194,0.86051,0.99822,0.49127,0.25134,0.27826,0.1805,0.20068,0.27971,0.23283,0.23205,1.24931,0.93016,0.47386,1.85108,1.22446,0.000648071,0.000648071,0.000648071
246,716.883,0.84382,0.05611,0.19082,0.86341,0.98207,0.65809,0.26059,0.22643,0.14934,0.6403,0.23471,0.2048,0.19759,1.23318,0.92812,0.44157,1.87291,1.20797,0.000645588,0.000645588,0.000645588
247,719.769,0.89054,0.07275,0.1528,0.83514,1.00475,0.46348,0.28647,0.22957,0.15139,0.43123,0.28059,0.23056,0.21801,1.27722,0.93783,0.44849,1.93692,1.21324,0.000643101,0.000643101,0.000643101
248,722.685,0.84238,0.1945,0.14509,0.82383,0.97511,0.73981,0.26706,0.28637,0.19792,0.74069,0.2821,0.28722,0.2773,1.29462,0.92549,0.4571,2.02896,1.21794,0.00064061,0.00064061,0.00064061
249,725.519,0.92312,0.1042,0.15484,0.9222,1.01668,0.72722,0.26998,0.29889,0.20408,0.50551,0.30568,0.29983,0.29007,1.32446,0.92739,0.49162,2.12972,1.2314,0.000638115,0.000638115,0.000638115
250,728.422,0.84542,0.11168,0.11278,0.83266,0.97199,0.70232,0.30552,0.28905,0.17909,0.69786,0.29963,0.27754,0.27154,1.30634,0.92784,0.4665,1.97035,1.2426,0.000635617,0.000635617,0.000635617
251,731.34,0.82236,0.04358,0.12681,0.80869,0.97304,0.21554,0.33064,0.24201,0.1649,0.76689,0.21952,0.23,0.22128,1.23449,0.92933,0.48759,1.85738,1.2344,0.000633115,0.000633115,0.000633115
252,734.214,0.91692,0.22797,0.13989,0.92216,1.01356,0.80458,0.24635,0.27205,0.18658,0.67395,0.26559,0.23944,0.23239,1.23454,0.9353,0.50872,1.92686,1.23258,0.00063061,0.00063061,0.00063061
253,737.037,0.83044,0.18177,0.14961,0.80554,0.98125,0.77793,0.24371,0.28208,0.1822,0.64312,0.31059,0.24156,0.2364,1.30295,0.93365,0.50448,2.0063,1.2442,0.000628101,0.000628101,0.000628101
254,739.942,0.83084,0.13816,0.19959,0.83982,0.97025,0.70028,0.27471,0.28116,0.17901,0.68337,0.25382,0.24565,0.24064,1.27849,0.92886,0.53844,2.03955,1.23623,0.000625589,0.000625589,0.000625589
255,742.843,0.82217,0.24464,0.15596,0.81006,0.98882,0.66267,0.29471,0.27999,0.18683,0.67904,0.27382,0.24883,0.23953,1.25038,0.92686,0.60432,2.08792,1.2222,0.000623074,0.000623074,0.000623074
256,745.784,0.76829,0.11769,0.12821,0.82566,0.95088,0.1703,0.38235,0.28735,0.20656,0.1788,0.36538,0.24163,0.22639,1.26594,0.92767,0.51854,1.80954,1.2133,0.000620555,0.000620555,0.000620555
257,748.7,0.77497,0.0556,0.10759,0.77065,0.95181,0.71539,0.28053,0.30285,0.22056,0.69836,0.25382,0.24892,0.23856,1.2634,0.93087,0.4678,1.67226,1.2173,0.000618034,0.000618034,0.000618034
258,751.607,0.80616,0.09363,0.14496,0.79838,0.98495,0.77997,0.28059,0.32178,0.23481,0.41327,0.30127,0.25312,0.24559,1.26194,0.93268,0.46257,1.63011,1.21559,0.000615509,0.000615509,0.000615509
259,754.491,0.78798,0.10016,0.13283,0.82583,0.96363,0.67106,0.29235,0.24792,0.18203,0.67341,0.26059,0.22512,0.21492,1.20381,0.93506,0.46484,1.6286,1.19624,0.000612981,0.000612981,0.000612981
260,757.374,0.8701,0.033,0.1733,0.97705,0.9766,0.69592,0.27735,0.26961,0.1985,0.7058,0.262,0.25208,0.24719,1.22117,0.93675,0.54521,1.70008,1.21237,0.00061045,0.00061045,0.00061045
261,760.274,0.81902,0.1922,0.16359,0.78027,0.95847,0.72328,0.31257,0.3311,0.22719,0.69224,0.28702,0.30095,0.29522,1.29437,0.93602,0.76331,1.69233,1.23487,0.000607916,0.000607916,0.000607916
262,763.116,0.81451,0.08642,0.10982,0.80573,0.95001,0.31586,0.33882,0.3224,0.21702,0.54574,0.2746,0.28864,0.28075,1.29331,0.93335,0.62327,1.71298,1.23535,0.00060538,0.00060538,0.00060538
263,766.016,0.80697,0.07838,0.14465,0.79797,0.95991,0.1906,0.32948,0.24714,0.18265,0.6519,0.25382,0.23507,0.22304,1.2501,0.93308,0.50557,1.77206,1.21171,0.00060284,0.00060284,0.00060284
264,768.965,0.87865,0.08333,0.20117,0.83975,0.98556,0.20741,0.28598,0.21689,0.15757,0.23482,0.27696,0.22188,0.20502,1.23638,0.9313,0.53916,1.91929,1.17899,0.000600298,0.000600298,0.000600298
265,771.867,0.80363,0.10471,0.11274,0.81219,0.9559,0.18905,0.29151,0.22317,0.16145,0.21901,0.28559,0.2252,0.20954,1.18395,0.93256,0.51692,1.87465,1.16595,0.000597754,0.000597754,0.000597754
266,774.727,0.84148,0.05831,0.13236,0.83814,0.96311,0.16941,0.3681,0.22658,0.16118,0.16146,0.33647,0.2187,0.20585,1.0965,0.93117,0.50879,1.77948,1.13766,0.000595207,0.000595207,0.000595207
267,777.667,0.78918,0.04982,0.1204,0.77671,0.95392,0.21425,0.31147,0.23837,0.15797,0.1666,0.36147,0.21132,0.20485,1.19429,0.93411,0.52498,1.75445,1.16879,0.000592657,0.000592657,0.000592657
268,780.623,0.85639,0.1098,0.13637,0.77794,0.97922,0.66387,0.19206,0.21383,0.14093,0.7088,0.19351,0.21606,0.19415,1.23002,0.93062,0.52517,1.9063,1.17327,0.000590105,0.000590105,0.000590105
269,783.46,0.83186,0.10208,0.12807,0.79561,0.957,0.3794,0.25824,0.21135,0.14538,0.41678,0.24647,0.20521,0.18618,1.05988,0.92688,0.56782,1.90416,1.10779,0.000587551,0.000587551,0.000587551
270,786.302,0.86165,0.07934,0.14131,0.81347,0.97028,0.21098,0.34246,0.22831,0.15123,0.17439,0.33647,0.22032,0.20745,1.01903,0.92793,0.64837,1.81562,1.08743,0.000584994,0.000584994,0.000584994
271,789.191,0.85183,0.04581,0.12495,0.86479,0.98754,0.46536,0.41147,0.26509,0.18296,0.42529,0.36559,0.24999,0.23361,1.08105,0.92794,0.63038,1.82437,1.11272,0.000582435,0.000582435,0.000582435
272,792.126,0.7974,0.05224,0.10129,0.77753,0.95358,0.5112,0.31948,0.29675,0.21606,0.45026,0.29559,0.26828,0.2628,1.16609,0.93099,0.62913,1.86124,1.14615,0.000579874,0.000579874,0.000579874
273,795.095,0.80584,0.04865,0.14391,0.732,0.95367,0.51561,0.37355,0.29158,0.1895,0.48413,0.33036,0.26258,0.25937,1.17346,0.93212,0.57865,1.79689,1.15546,0.000577311,0.000577311,0.000577311
274,798.013,0.79287,0.09618,0.11892,0.7818,0.95692,0.19015,0.36824,0.23546,0.16593,0.5241,0.30011,0.23287,0.21948,1.17755,0.93181,0.54117,1.89479,1.15148,0.000574746,0.000574746,0.000574746
275,800.962,0.77082,0.13096,0.13791,0.7964,0.94809,0.71482,0.25559,0.25823,0.17972,0.18565,0.31471,0.23687,0.23184,1.18404,0.93063,0.5569,1.90912,1.15276,0.000572179,0.000572179,0.000572179
276,803.907,0.77849,0.04639,0.09044,0.80804,0.96864,0.52754,0.34721,0.31162,0.21722,0.4879,0.30301,0.27435,0.27373,1.26917,0.94101,0.49677,1.98397,1.19583,0.00056961,0.00056961,0.00056961
277,806.752,0.7326,0.06802,0.10518,0.75448,0.93671,0.28631,0.32559,0.32453,0.23421,0.73862,0.24794,0.27548,0.2703,1.28751,0.94295,0.50894,1.9545,1.20815,0.00056704,0.00056704,0.00056704
278,809.657,0.8102,0.11349,0.15764,0.78054,0.9689,0.54701,0.26882,0.31558,0.22734,0.20768,0.28808,0.25414,0.24976,1.30773,0.94435,0.51774,1.90545,1.21624,0.000564468,0.000564468,0.000564468
279,812.517,0.76718,0.17172,0.21193,0.77017,0.95009,0.25616,0.27829,0.28601,0.20757,0.44635,0.22882,0.23595,0.23026,1.28766,0.94575,0.51938,1.81677,1.20358,0.000561894,0.000561894,0.000561894
280,815.517,0.78906,0.09547,0.14005,0.80017,0.95894,0.73812,0.20618,0.26153,0.19823,0.43486,0.21668,0.21414,0.20686,1.19448,0.92997,0.47141,1.86755,1.14687,0.000559318,0.000559318,0.000559318
281,818.414,0.76525,0.07555,0.15728,0.72701,0.95376,0.81846,0.21206,0.26607,0.1955,0.37649,0.30896,0.22516,0.21514,1.1787,0.92697,0.43674,1.83159,1.15271,0.000556742,0.000556742,0.000556742
282,821.238,0.75141,0.04899,0.13602,0.77426,0.95585,0.5549,0.26647,0.3171,0.23124,0.18656,0.43647,0.2586,0.25624,1.16125,0.92837,0.42034,1.63633,1.14716,0.000554163,0.000554163,0.000554163
283,824.157,0.77496,0.08411,0.11726,0.70871,0.94857,0.53644,0.30499,0.32428,0.23085,0.21115,0.38059,0.26686,0.26568,1.22961,0.92904,0.40639,1.60631,1.17224,0.000551584,0.000551584,0.000551584
284,827.191,0.82053,0.16113,0.15274,0.77923,0.96319,0.23108,0.37647,0.28683,0.19659,0.20885,0.33059,0.24465,0.24324,1.31269,0.94176,0.45387,1.82599,1.21237,0.000549003,0.000549003,0.000549003
285,830.033,0.76332,0.1477,0.11879,0.71777,0.93604,0.23706,0.35147,0.2696,0.1834,0.21203,0.32559,0.23631,0.23381,1.28996,0.92814,0.41847,1.86144,1.21284,0.000546421,0.000546421,0.000546421
286,833.017,0.84904,0.11852,0.12947,0.78864,0.97872,0.43012,0.33235,0.25129,0.16784,0.4184,0.30647,0.21784,0.21542,1.28241,0.92608,0.41627,1.82316,1.20612,0.000543837,0.000543837,0.000543837
287,835.937,0.77469,0.1278,0.14309,0.71665,0.93573,0.19702,0.37647,0.23684,0.16941,0.42101,0.31147,0.22532,0.22429,1.23018,0.93503,0.44275,1.88111,1.17308,0.000541253,0.000541253,0.000541253
288,838.821,0.80259,0.16922,0.12417,0.7641,0.95797,0.71569,0.24113,0.2892,0.19011,0.22298,0.37647,0.25559,0.25235,1.16193,0.92226,0.42266,2.00509,1.16301,0.000538668,0.000538668,0.000538668
289,841.688,0.82084,0.106,0.12786,0.79329,0.95063,0.23075,0.28559,0.27602,0.18396,0.2086,0.33971,0.24443,0.24082,1.15627,0.9349,0.43438,1.97467,1.17393,0.000536081,0.000536081,0.000536081
290,844.644,0.76495,0.135,0.10257,0.69923,0.93643,0.17142,0.3651,0.25958,0.18283,0.18439,0.39059,0.23439,0.22828,1.27926,0.93988,0.46285,1.92863,1.23128,0.000533494,0.000533494,0.000533494
291,847.52,0.81741,0.12006,0.09772,0.76884,0.99349,0.36529,0.2185,0.28698,0.19709,0.35945,0.21262,0.25828,0.25538,1.38925,0.94387,0.50741,1.83916,1.29127,0.000530906,0.000530906,0.000530906
292,850.548,0.78535,0.15131,0.10247,0.72198,0.93947,0.30824,0.28779,0.27503,0.1778,0.35585,0.28899,0.27715,0.26867,1.18877,0.92735,0.54664,1.96496,1.17181,0.000528318,0.000528318,0.000528318
293,853.404,0.7635,0.1293,0.10646,0.74462,0.94307,0.32059,0.30383,0.29205,0.19024,0.37247,0.28471,0.29655,0.28836,1.1353,0.92516,0.54719,1.92047,1.14681,0.000525728,0.000525728,0.000525728
294,856.313,0.80403,0.06424,0.15997,0.78461,0.96995,0.30371,0.40686,0.33167,0.22161,0.30371,0.40686,0.31441,0.30444,1.2127,0.93848,0.53939,1.70432,1.17913,0.000523139,0.000523139,0.000523139
295,859.2,0.82805,0.06942,0.11185,0.80911,0.96855,0.73708,0.33206,0.34049,0.22455,0.7315,0.32618,0.3084,0.30289,1.25466,0.93883,0.55378,1.75928,1.2027,0.000520548,0.000520548,0.000520548
296,862.168,0.80208,0.04789,0.11367,0.76775,0.96236,0.26599,0.32649,0.28898,0.19415,0.27739,0.32544,0.2647,0.2551,1.198,0.9404,0.49499,1.67481,1.18347,0.000517958,0.000517958,0.000517958
297,865.057,0.78707,0.14783,0.134,0.74271,0.95106,0.27558,0.30059,0.26098,0.18488,0.33417,0.25471,0.25854,0.24661,1.21451,0.92769,0.48301,1.74853,1.20371,0.000515366,0.000515366,0.000515366
298,867.95,0.76901,0.07653,0.10763,0.73393,0.96548,0.18372,0.35147,0.25337,0.1963,0.2743,0.26747,0.27507,0.26219,1.27318,0.92309,0.50116,1.8698,1.21353,0.000512775,0.000512775,0.000512775
299,870.802,0.76105,0.0456,0.10653,0.74423,0.93533,0.22644,0.3967,0.2928,0.22258,0.23814,0.40291,0.28861,0.27912,1.24044,0.92529,0.5216,1.86599,1.19859,0.000510184,0.000510184,0.000510184
300,873.813,0.76341,0.09709,0.13892,0.70963,0.94962,0.25935,0.48559,0.3325,0.22668,0.24944,0.43971,0.28112,0.2774,1.28851,0.92885,0.51522,1.9167,1.21525,0.000507592,0.000507592,0.000507592
301,876.658,0.74593,0.05012,0.06752,0.64459,0.90711,0.4902,0.31922,0.29481,0.20154,0.21829,0.38971,0.24565,0.24528,1.29406,0.92687,0.56648,1.99385,1.21852,0.000505,0.000505,0.000505
302,879.483,0.80901,0.03159,0.13754,0.74472,0.96341,0.24133,0.44722,0.29232,0.19919,0.22463,0.40408,0.25313,0.25297,1.30063,0.94116,0.60352,2.07797,1.22953,0.000502408,0.000502408,0.000502408
303,882.345,0.79837,0.11047,0.12277,0.7438,0.94867,0.2144,0.39281,0.28593,0.20279,0.21054,0.38693,0.25937,0.25757,1.31879,0.94069,0.66665,2.0291,1.23486,0.000499816,0.000499816,0.000499816
304,885.253,0.76646,0.13139,0.08289,0.67168,0.94596,0.19181,0.40735,0.26393,0.19925,0.19779,0.42059,0.25327,0.2499,1.26881,0.9297,0.73876,1.78275,1.21276,0.000497225,0.000497225,0.000497225
305,888.138,0.7406,0.14781,0.11139,0.72102,0.93263,0.22933,0.41235,0.28778,0.21498,0.22478,0.40559,0.26117,0.25624,1.2828,0.93005,0.70086,1.68585,1.22118,0.000494634,0.000494634,0.000494634
306,890.93,0.74869,0.13265,0.13252,0.73497,0.94548,0.29105,0.3808,0.28499,0.20532,0.28848,0.37404,0.26416,0.25818,1.22893,0.92958,0.66014,1.65774,1.19728,0.000492042,0.000492042,0.000492042
307,893.787,0.71366,0.05215,0.09207,0.7097,0.93088,0.44077,0.29235,0.23983,0.18048,0.44772,0.28252,0.23799,0.22419,1.18544,0.92746,0.65017,1.67112,1.16561,0.000489452,0.000489452,0.000489452
308,896.7,0.72608,0.12052,0.07488,0.66301,0.89508,0.7009,0.21559,0.22332,0.16875,0.45907,0.23285,0.2208,0.20789,1.17455,0.92741,0.58899,1.73142,1.15992,0.000486861,0.000486861,0.000486861
309,899.632,0.78596,0.07307,0.15592,0.75847,0.98842,0.17841,0.35647,0.25871,0.19822,0.18612,0.37507,0.24973,0.23381,1.24139,0.92866,0.58562,1.72502,1.20307,0.000484272,0.000484272,0.000484272
310,902.542,0.77986,0.0783,0.09507,0.74819,0.97922,0.43508,0.34471,0.29987,0.21429,0.40918,0.30901,0.26341,0.25112,1.24865,0.92929,0.56951,1.67753,1.21087,0.000481682,0.000481682,0.000481682
311,905.42,0.78939,0.08419,0.10357,0.69613,0.96383,0.58182,0.2456,0.30453,0.21732,0.41077,0.31059,0.2689,0.25793,1.23631,0.93021,0.55724,1.68418,1.2046,0.000479094,0.000479094,0.000479094
312,908.37,0.82938,0.05174,0.15768,0.74598,0.98633,0.41826,0.35647,0.28324,0.20196,0.38584,0.31059,0.24904,0.24595,1.25186,0.92893,0.53007,1.74082,1.20129,0.000476506,0.000476506,0.000476506
313,911.27,0.75313,0.11178,0.11063,0.68726,0.94321,0.62326,0.32435,0.26818,0.19466,0.18611,0.355,0.23613,0.23329,1.20558,0.92884,0.50844,1.68845,1.1726,0.000473919,0.000473919,0.000473919
314,914.094,0.75987,0.0489,0.11395,0.67629,0.94917,0.65678,0.26971,0.26893,0.19315,0.17868,0.35147,0.2363,0.23302,1.12582,0.92735,0.46683,1.65833,1.13562,0.000471332,0.000471332,0.000471332
315,916.937,0.75754,0.06948,0.07485,0.67532,0.95148,0.64492,0.27516,0.26502,0.19338,0.63318,0.2326,0.22274,0.22131,1.03673,0.92468,0.45808,1.63304,1.10719,0.000468747,0.000468747,0.000468747
316,919.869,0.79002,0.13323,0.11091,0.69941,0.94223,0.17219,0.37401,0.28714,0.19977,0.63052,0.24382,0.24258,0.24162,1.08154,0.9391,0.4911,1.73333,1.11386,0.000466163,0.000466163,0.000466163
317,922.72,0.75932,0.0613,0.09714,0.69398,0.97408,0.22379,0.42654,0.32537,0.22088,0.17394,0.34831,0.25704,0.2559,1.14499,0.92636,0.51029,1.78048,1.13841,0.000463579,0.000463579,0.000463579
318,925.668,0.75272,0.06622,0.10558,0.68396,0.95123,0.19317,0.38824,0.32838,0.22415,0.16789,0.33647,0.2534,0.25214,1.11971,0.92498,0.51495,1.71116,1.14798,0.000460997,0.000460997,0.000460997
319,928.574,0.74621,0.12832,0.0905,0.6837,0.94841,0.46954,0.27126,0.30919,0.21755,0.16021,0.33647,0.2425,0.24055,1.08132,0.92466,0.52767,1.70779,1.13759,0.000458416,0.000458416,0.000458416
320,931.545,0.74532,0.10361,0.09472,0.66401,0.93285,0.18261,0.34324,0.27079,0.20346,0.15277,0.31647,0.23034,0.22829,1.12617,0.92696,0.58989,1.73092,1.17565,0.000455837,0.000455837,0.000455837
321,934.427,0.75056,0.07047,0.14347,0.66208,0.93772,0.43873,0.33735,0.27675,0.20004,0.20969,0.33,0.23912,0.23912,1.15012,0.9284,0.63086,1.78953,1.18209,0.000453258,0.000453258,0.000453258
322,937.252,0.77771,0.08805,0.08551,0.70376,0.96537,0.24793,0.35735,0.27519,0.19488,0.23133,0.32559,0.23986,0.23914,1.14507,0.9398,0.64426,1.8847,1.16784,0.000450682,0.000450682,0.000450682
323,940.124,0.74987,0.07792,0.07962,0.63505,0.93723,0.26026,0.38217,0.30015,0.20949,0.2585,0.34245,0.24923,0.24644,1.194,0.94024,0.6123,2.02746,1.1832,0.000448106,0.000448106,0.000448106
324,943.046,0.71369,0.09246,0.11856,0.72423,0.94972,0.57945,0.2971,0.33873,0.22147,0.4693,0.36262,0.28169,0.28095,1.25406,0.93489,0.55393,1.99107,1.17026,0.000445532,0.000445532,0.000445532
325,945.889,0.77647,0.03803,0.08636,0.63688,0.94644,0.55289,0.31971,0.32177,0.21382,0.52439,0.28794,0.27047,0.26828,1.18355,0.92456,0.58189,1.8714,1.13739,0.00044296,0.00044296,0.00044296
326,948.805,0.71404,0.13135,0.07871,0.64987,0.93638,0.47445,0.37976,0.29393,0.20244,0.47095,0.35059,0.25807,0.25148,1.10046,0.92432,0.67686,1.78012,1.12092,0.00044039,0.00044039,0.00044039
327,951.677,0.71573,0.29362,0.13772,0.63682,0.9199,0.4665,0.36235,0.27735,0.19442,0.44368,0.35059,0.24259,0.23828,1.07745,0.92348,0.70999,1.70993,1.13313,0.000437821,0.000437821,0.000437821
328,954.624,0.76401,0.06819,0.08647,0.6703,0.94852,0.72327,0.30319,0.29344,0.20418,0.70767,0.2919,0.2556,0.24905,1.069,0.92119,0.63036,1.66627,1.12649,0.000435254,0.000435254,0.000435254
329,957.528,0.72587,0.06074,0.082,0.61861,0.93493,0.32723,0.31046,0.29373,0.21052,0.2835,0.27883,0.25623,0.253,1.03751,0.92038,0.58713,1.73332,1.09694,0.000432689,0.000432689,0.000432689
330,960.458,0.71828,0.0474,0.10286,0.68311,0.93752,0.31674,0.35647,0.31351,0.22224,0.30447,0.30471,0.27575,0.2728,1.0945,0.92438,0.6005,1.82224,1.10212,0.000430126,0.000430126,0.000430126
331,963.362,0.76016,0.10636,0.11335,0.67389,0.93277,0.75065,0.27706,0.33221,0.23305,0.24371,0.29971,0.26502,0.261,1.17343,0.93993,0.63906,1.85258,1.12484,0.000427565,0.000427565,0.000427565
332,966.272,0.73494,0.16184,0.09646,0.66033,0.93241,0.4653,0.35147,0.31291,0.21674,0.43809,0.29971,0.24712,0.24594,1.20854,0.94293,0.65639,1.73701,1.14856,0.000425006,0.000425006,0.000425006
333,969.087,0.73047,0.07475,0.11146,0.68379,0.96511,0.44852,0.33824,0.28071,0.19133,0.41683,0.28647,0.22514,0.22164,1.2398,0.93869,0.64195,1.73365,1.18357,0.000422449,0.000422449,0.000422449
334,972.005,0.68845,0.13146,0.09406,0.63364,0.91798,0.62057,0.2795,0.24586,0.17819,0.59203,0.26647,0.20326,0.198,1.22055,0.94091,0.57705,1.77503,1.19686,0.000419895,0.000419895,0.000419895
335,974.878,0.69141,0.04239,0.05392,0.61542,0.93164,0.62283,0.29824,0.24585,0.17793,0.59808,0.26647,0.2048,0.20005,1.18405,0.93858,0.54295,1.77016,1.18231,0.000417343,0.000417343,0.000417343
336,977.791,0.76009,0.11115,0.11859,0.66407,0.95134,0.65337,0.27824,0.24641,0.16994,0.18533,0.33147,0.21075,0.20787,1.15577,0.93704,0.48528,1.76744,1.15712,0.000414793,0.000414793,0.000414793
337,980.662,0.77167,0.05975,0.09261,0.69332,0.95216,0.20917,0.32301,0.25486,0.18906,0.21897,0.25962,0.217,0.2137,1.14965,0.92403,0.45145,1.84532,1.14118,0.000412246,0.000412246,0.000412246
338,983.52,0.76587,0.02944,0.13085,0.66932,0.96734,0.2327,0.3262,0.26289,0.1958,0.19568,0.31598,0.2272,0.2259,1.14723,0.92412,0.43047,1.82463,1.1196,0.000409702,0.000409702,0.000409702
339,986.45,0.70368,0.06653,0.10819,0.64643,0.91021,0.42996,0.30424,0.26832,0.20567,0.42276,0.27971,0.23333,0.232,1.1233,0.93652,0.42942,1.73497,1.10698,0.00040716,0.00040716,0.00040716
340,989.454,0.71073,0.05174,0.10128,0.62599,0.91792,0.5013,0.32782,0.3257,0.22656,0.45762,0.30073,0.25418,0.25369,1.11035,0.9384,0.45948,1.79644,1.11855,0.00040462,0.00040462,0.00040462
341,992.302,0.70918,0.03152,0.09175,0.61206,0.92274,0.69206,0.29854,0.32674,0.22677,0.67483,0.27334,0.25341,0.25316,1.12291,0.93964,0.4954,1.86942,1.12711,0.000402084,0.000402084,0.000402084
342,995.184,0.75612,0.08006,0.10263,0.61371,0.93705,0.47973,0.27828,0.29277,0.20766,0.20355,0.36225,0.23895,0.23895,1.09955,0.94046,0.53423,1.92051,1.12553,0.00039955,0.00039955,0.00039955
343,998.045,0.76847,0.15258,0.10235,0.6956,0.95171,0.1822,0.37147,0.27678,0.20064,0.19177,0.33334,0.21332,0.21305,1.03738,0.92454,0.56024,1.81451,1.10144,0.000397019,0.000397019,0.000397019
344,1001.02,0.7248,0.13706,0.10288,0.64308,0.91803,0.19055,0.35735,0.27495,0.20139,0.17502,0.31147,0.21582,0.21564,0.99568,0.92203,0.57183,1.68563,1.079,0.000394491,0.000394491,0.000394491
345,1003.91,0.72288,0.20941,0.1065,0.64434,0.93402,0.24238,0.35059,0.28702,0.21154,0.21882,0.32856,0.23103,0.23057,1.048,0.93603,0.59367,1.6815,1.09225,0.000391966,0.000391966,0.000391966
346,1006.81,0.72752,0.07199,0.06479,0.63297,0.92167,0.22974,0.35647,0.28118,0.20598,0.22669,0.32471,0.23401,0.23249,1.07239,0.93545,0.60442,1.69299,1.09857,0.000389445,0.000389445,0.000389445
347,1009.59,0.69056,0.08132,0.09115,0.60863,0.915,0.23863,0.33304,0.26659,0.19225,0.21436,0.30797,0.22474,0.22429,1.0519,0.92402,0.59375,1.68643,1.09658,0.000386926,0.000386926,0.000386926
348,1012.55,0.70895,0.08257,0.12351,0.57366,0.92599,0.42462,0.24735,0.24623,0.1835,0.61056,0.22028,0.21368,0.21225,1.01907,0.92749,0.53291,1.7547,1.07809,0.000384411,0.000384411,0.000384411
349,1015.43,0.72327,0.07267,0.11485,0.65808,0.93456,0.42943,0.2437,0.24038,0.18044,0.41044,0.24147,0.21477,0.21319,1.01612,0.92929,0.58181,1.85533,1.08402,0.000381899,0.000381899,0.000381899
350,1018.31,0.69018,0.083,0.08192,0.60872,0.9076,0.67829,0.22971,0.24932,0.18412,0.19422,0.32626,0.2229,0.2212,1.03347,0.92341,0.60909,1.86833,1.08637,0.00037939,0.00037939,0.00037939
351,1021.21,0.68727,0.06694,0.08497,0.63142,0.92054,0.20973,0.43036,0.29401,0.2144,0.21345,0.42403,0.24815,0.24606,1.0134,0.92206,0.56138,1.86153,1.07732,0.000376885,0.000376885,0.000376885
352,1024.14,0.70091,0.09529,0.09955,0.60852,0.91956,0.28871,0.36204,0.3231,0.22789,0.4897,0.29882,0.27328,0.26691,1.06738,0.92069,0.51181,1.90518,1.09137,0.000374383,0.000374383,0.000374383
353,1027.06,0.74129,0.05118,0.10141,0.63583,0.94522,0.52733,0.28294,0.32058,0.23141,0.44276,0.30471,0.2631,0.258,1.07007,0.92097,0.50387,1.89652,1.09245,0.000371885,0.000371885,0.000371885
354,1029.92,0.7089,0.04218,0.07245,0.63709,0.92229,0.7653,0.23441,0.32734,0.23901,0.43599,0.2716,0.25252,0.24821,1.03733,0.92078,0.50415,1.88712,1.08494,0.00036939,0.00036939,0.00036939
355,1032.82,0.7001,0.16202,0.06131,0.60537,0.90326,0.69715,0.25566,0.28735,0.21653,0.21081,0.31483,0.2231,0.21879,1.02106,0.92429,0.5734,1.94246,1.09332,0.000366899,0.000366899,0.000366899
356,1035.71,0.68529,0.06869,0.09274,0.60304,0.90092,0.67832,0.28147,0.2544,0.18749,0.25738,0.27559,0.21333,0.20302,1.05374,0.92496,0.6787,2.01725,1.10832,0.000364412,0.000364412,0.000364412
357,1038.58,0.68446,0.14809,0.07532,0.5918,0.92427,0.82721,0.20029,0.27886,0.2088,0.22881,0.29473,0.22962,0.22149,1.04334,0.92512,0.65967,1.95186,1.10262,0.000361929,0.000361929,0.000361929
358,1041.46,0.66947,0.08651,0.08691,0.60293,0.88759,0.22277,0.31545,0.31334,0.22981,0.2031,0.44559,0.25201,0.24872,1.04833,0.925,0.58547,1.93397,1.09849,0.00035945,0.00035945,0.00035945
359,1044.35,0.66941,0.15916,0.06882,0.64393,0.90547,0.53761,0.27765,0.33168,0.23659,0.51825,0.27541,0.28563,0.27872,1.0988,0.93714,0.54655,2.04527,1.11233,0.000356975,0.000356975,0.000356975
360,1047.22,0.75576,0.09006,0.11973,0.65668,0.94223,0.21376,0.35523,0.27901,0.20095,0.20794,0.35647,0.24938,0.24842,1.11115,0.93228,0.51652,1.89048,1.11799,0.000354504,0.000354504,0.000354504
361,1050.06,0.71609,0.17502,0.0827,0.63618,0.93322,0.48968,0.24534,0.27282,0.19009,0.48968,0.24534,0.23708,0.23569,1.09774,0.93134,0.5002,1.89833,1.11633,0.000352037,0.000352037,0.000352037
362,1052.97,0.66437,0.06964,0.0734,0.56026,0.90368,0.70519,0.26946,0.26892,0.18087,0.68899,0.25213,0.25295,0.25102,1.10168,0.93192,0.50381,1.89568,1.11821,0.000349574,0.000349574,0.000349574
363,1055.87,0.69838,0.1267,0.0771,0.64616,0.92145,0.28999,0.28647,0.28683,0.18136,0.29349,0.30059,0.26768,0.26575,1.13226,0.93242,0.52673,1.98533,1.1263,0.000347115,0.000347115,0.000347115
364,1058.72,0.65917,0.13998,0.09555,0.59824,0.90858,0.7248,0.33419,0.34069,0.21909,0.46968,0.31882,0.28487,0.28251,1.17738,0.93037,0.55998,2.02336,1.1359,0.000344661,0.000344661,0.000344661
365,1061.66,0.67675,0.13945,0.09655,0.5961,0.8914,0.7463,0.30206,0.33461,0.22375,0.2291,0.42059,0.27361,0.27173,1.2021,0.93044,0.61356,1.88149,1.15578,0.000342211,0.000342211,0.000342211
366,1064.57,0.64262,0.14458,0.081,0.54451,0.91125,0.47639,0.27377,0.30317,0.21279,0.20626,0.32559,0.26116,0.25852,1.21717,0.91932,0.64563,1.83966,1.17099,0.000339766,0.000339766,0.000339766
367,1067.41,0.71703,0.10791,0.07384,0.61196,0.92897,0.53403,0.25471,0.28485,0.20542,0.49298,0.23259,0.24698,0.2424,1.19254,0.92184,0.66662,1.86286,1.17083,0.000337325,0.000337325,0.000337325
368,1070.33,0.711,0.07745,0.07814,0.60606,0.91529,0.48871,0.28539,0.26958,0.1959,0.19778,0.32647,0.23576,0.2292,1.15179,0.92187,0.68359,1.8474,1.16433,0.000334888,0.000334888,0.000334888
369,1073.19,0.67777,0.11853,0.07341,0.58355,0.91708,0.48785,0.29235,0.26414,0.19235,0.20111,0.30647,0.23252,0.22687,1.12939,0.9217,0.66277,1.79714,1.15322,0.000332457,0.000332457,0.000332457
370,1076.1,0.66477,0.19402,0.07145,0.57797,0.90459,0.41305,0.32647,0.28092,0.20069,0.40208,0.30647,0.23523,0.22975,1.14167,0.919,0.63217,1.79101,1.1538,0.00033003,0.00033003,0.00033003
371,1078.98,0.735,0.0386,0.09242,0.60656,0.94967,0.47977,0.28147,0.29137,0.20746,0.39379,0.34647,0.24535,0.23905,1.15747,0.91882,0.57914,1.8123,1.15889,0.000327608,0.000327608,0.000327608
372,1081.91,0.69388,0.10682,0.11012,0.61784,0.93418,0.76102,0.24971,0.29078,0.20445,0.72042,0.22971,0.24977,0.24598,1.20939,0.91819,0.53363,1.86206,1.17617,0.000325191,0.000325191,0.000325191
373,1084.75,0.69269,0.04087,0.09881,0.59959,0.91188,0.61527,0.24971,0.29764,0.2079,0.56063,0.22971,0.25135,0.24858,1.18533,0.93157,0.52833,1.86471,1.16826,0.000322778,0.000322778,0.000322778
374,1087.7,0.67814,0.11022,0.08427,0.58775,0.91266,0.54658,0.26971,0.31593,0.21448,0.62489,0.22954,0.27422,0.2713,1.14534,0.93337,0.55446,1.83941,1.15287,0.000320371,0.000320371,0.000320371
375,1090.58,0.67394,0.10083,0.10884,0.60992,0.91267,0.32427,0.26971,0.3239,0.21689,0.20748,0.33147,0.28388,0.28036,1.15608,0.92106,0.5653,1.86502,1.15579,0.000317969,0.000317969,0.000317969
376,1093.47,0.77761,0.08992,0.06541,0.78186,0.96291,0.26796,0.38735,0.34759,0.22792,0.26689,0.38147,0.30987,0.30599,1.1813,0.9235,0.56526,1.8358,1.16067,0.000315572,0.000315572,0.000315572
377,1096.42,0.66123,0.08399,0.08898,0.57332,0.92992,0.32565,0.38863,0.38012,0.24935,0.32538,0.3866,0.29368,0.29207,1.16693,0.92239,0.57931,1.81769,1.15283,0.00031318,0.00031318,0.00031318
378,1099.27,0.66724,0.1027,0.04842,0.55458,0.91322,0.27681,0.44409,0.37188,0.26698,0.31261,0.39504,0.28603,0.28448,1.13549,0.93561,0.55757,1.83067,1.13898,0.000310793,0.000310793,0.000310793
379,1102.12,0.69622,0.08207,0.09232,0.59811,0.91156,0.23611,0.51221,0.34175,0.24733,0.19272,0.39652,0.26122,0.25998,1.10341,0.9265,0.52583,1.81579,1.11958,0.000308412,0.000308412,0.000308412
380,1105.04,0.66485,0.1273,0.09356,0.56368,0.9114,0.27419,0.3368,0.3053,0.22013,0.24862,0.32514,0.23667,0.2342,1.10736,0.92207,0.46779,1.78863,1.12258,0.000306036,0.000306036,0.000306036
381,1107.91,0.6707,0.06483,0.04762,0.55311,0.90959,0.27146,0.31735,0.29417,0.21394,0.25559,0.33147,0.22959,0.22629,1.11851,0.92417,0.44209,1.82731,1.13257,0.000303665,0.000303665,0.000303665
382,1110.71,0.68565,0.0855,0.06862,0.62493,0.92117,0.54267,0.2874,0.29722,0.22234,0.26965,0.31147,0.24736,0.24073,1.09484,0.92342,0.44178,1.83898,1.12183,0.0003013,0.0003013,0.0003013
383,1113.63,0.66751,0.04666,0.05291,0.57524,0.91694,0.774,0.27471,0.32175,0.24214,0.26663,0.3001,0.25961,0.25132,1.11075,0.92344,0.44396,1.86192,1.12332,0.000298941,0.000298941,0.000298941
384,1116.6,0.63375,0.08127,0.05083,0.54231,0.89395,0.82306,0.24529,0.33131,0.24891,0.28276,0.33764,0.27459,0.26932,1.1605,0.93621,0.49073,1.99488,1.14497,0.000296587,0.000296587,0.000296587
385,1119.43,0.6901,0.27043,0.107,0.57908,0.93563,0.48782,0.33971,0.352,0.24715,0.255,0.37059,0.27765,0.27145,1.18327,0.93736,0.49606,2.11258,1.14871,0.000294239,0.000294239,0.000294239
386,1122.37,0.69081,0.11585,0.08264,0.60785,0.92295,0.55424,0.28441,0.35137,0.24522,0.24422,0.35595,0.27162,0.26787,1.148,0.93673,0.48678,2.15493,1.13303,0.000291897,0.000291897,0.000291897
387,1125.27,0.68994,0.07298,0.08206,0.53888,0.90362,0.24543,0.35271,0.3249,0.22364,0.23616,0.32772,0.27191,0.2673,1.10127,0.93501,0.49351,2.03492,1.11841,0.000289561,0.000289561,0.000289561
388,1128.16,0.66265,0.10339,0.06825,0.54743,0.90711,0.21771,0.3811,0.29105,0.20172,0.85041,0.21794,0.26806,0.26057,1.0808,0.92195,0.49686,1.76535,1.11044,0.00028723,0.00028723,0.00028723
389,1131,0.66238,0.05777,0.08664,0.58132,0.90949,0.20108,0.36235,0.28067,0.20111,0.77699,0.2205,0.2587,0.2523,1.05312,0.92117,0.5019,1.76231,1.09625,0.000284906,0.000284906,0.000284906
390,1133.92,0.70691,0.09499,0.08365,0.59567,0.92221,0.73644,0.25559,0.29229,0.20506,0.79868,0.22746,0.2594,0.25472,1.02858,0.92084,0.50974,1.78195,1.0892,0.000282587,0.000282587,0.000282587
391,1136.83,0.60803,0.11488,0.09506,0.59528,0.91692,0.25326,0.35795,0.32509,0.23044,0.82163,0.22262,0.27736,0.27339,1.03901,0.92536,0.52236,1.75996,1.09352,0.000280275,0.000280275,0.000280275
392,1139.77,0.6653,0.04134,0.05599,0.57825,0.90897,0.27717,0.42647,0.33817,0.2358,0.23426,0.30559,0.26485,0.26147,1.098,0.93757,0.57933,1.80737,1.11189,0.000277968,0.000277968,0.000277968
393,1142.64,0.68983,0.10437,0.11577,0.58136,0.92435,0.28659,0.40147,0.33182,0.23136,0.23546,0.2977,0.25477,0.25144,1.1185,0.93868,0.58094,1.86107,1.12179,0.000275668,0.000275668,0.000275668
394,1145.62,0.6992,0.1694,0.07174,0.5809,0.93072,0.29306,0.32059,0.31486,0.22985,0.25987,0.27471,0.23232,0.22919,1.10553,0.93792,0.56599,1.89259,1.12491,0.000273375,0.000273375,0.000273375
395,1148.71,0.58861,0.05133,0.06419,0.51921,0.87665,0.51328,0.29471,0.32106,0.23218,0.47586,0.25471,0.24023,0.23689,1.09525,0.92237,0.55686,1.84068,1.11698,0.000271087,0.000271087,0.000271087
396,1151.83,0.61982,0.077,0.06113,0.5846,0.89824,0.56442,0.28206,0.35543,0.25021,0.48876,0.26794,0.28049,0.27782,1.05755,0.92185,0.5564,1.70621,1.09449,0.000268806,0.000268806,0.000268806
397,1155.1,0.66623,0.16845,0.06646,0.54888,0.92737,0.59766,0.28757,0.36004,0.25259,0.45136,0.3045,0.28105,0.27842,1.04501,0.92236,0.54457,1.61367,1.09287,0.000266532,0.000266532,0.000266532
398,1158.44,0.70238,0.04179,0.05875,0.60386,0.92748,0.31979,0.32853,0.3545,0.25502,0.27234,0.31059,0.28097,0.27701,1.04585,0.92215,0.55041,1.58986,1.09238,0.000264264,0.000264264,0.000264264
399,1161.73,0.63548,0.06734,0.10629,0.53042,0.90962,0.85414,0.2668,0.33408,0.23902,0.24522,0.28631,0.26102,0.25684,1.05733,0.9213,0.54263,1.651,1.1029,0.000262003,0.000262003,0.000262003
400,1165.13,0.68006,0.14773,0.07789,0.54831,0.91814,0.29987,0.30894,0.3073,0.21292,0.25735,0.32865,0.25719,0.25038,1.08296,0.92087,0.50088,1.733,1.11637,0.000259748,0.000259748,0.000259748
401,1168.44,0.64415,0.09417,0.05794,0.56764,0.90999,0.29933,0.31235,0.31141,0.21589,0.57498,0.24632,0.26376,0.25683,1.06945,0.92239,0.503,1.76175,1.11179,0.0002575,0.0002575,0.0002575
402,1171.62,0.65447,0.0277,0.05573,0.55427,0.91761,0.81926,0.25471,0.31591,0.22031,0.30348,0.30019,0.27801,0.27069,1.04139,0.92507,0.51788,1.76916,1.09973,0.000255259,0.000255259,0.000255259
403,1174.95,0.65632,0.0818,0.07273,0.54181,0.90935,0.25419,0.39074,0.32166,0.22254,0.75482,0.26294,0.27716,0.2696,1.02607,0.92388,0.54133,1.77884,1.09259,0.000253024,0.000253024,0.000253024
404,1178.31,0.63483,0.11562,0.0607,0.54523,0.90856,0.72893,0.27002,0.30789,0.21526,0.46693,0.29359,0.27262,0.26484,1.0384,0.92399,0.55836,1.85996,1.09493,0.000250797,0.000250797,0.000250797
405,1181.65,0.70407,0.04372,0.08268,0.57037,0.91756,0.75964,0.26613,0.30631,0.21051,0.78806,0.23118,0.27002,0.26282,1.05615,0.9232,0.56991,1.88778,1.0969,0.000248577,0.000248577,0.000248577
406,1185.02,0.6791,0.05257,0.07145,0.57102,0.92515,0.78409,0.25706,0.29669,0.20727,0.75638,0.23118,0.26267,0.25516,1.04629,0.92439,0.57551,1.86821,1.09097,0.000246363,0.000246363,0.000246363
407,1188.45,0.63639,0.10401,0.08456,0.54942,0.92415,0.75277,0.27325,0.29755,0.20984,0.71925,0.25052,0.26212,0.25304,1.04069,0.9252,0.57958,1.81572,1.09637,0.000244157,0.000244157,0.000244157
408,1191.83,0.64016,0.0416,0.06514,0.51365,0.89696,0.47453,0.33147,0.31177,0.21726,0.44264,0.30559,0.26347,0.25642,1.06544,0.92657,0.60087,1.7973,1.10838,0.000241958,0.000241958,0.000241958
409,1195.27,0.67029,0.07584,0.05352,0.58835,0.90752,0.49243,0.33147,0.31019,0.21577,0.23716,0.33381,0.26605,0.26049,1.09181,0.92765,0.60201,1.78902,1.12147,0.000239766,0.000239766,0.000239766
410,1198.61,0.64753,0.04404,0.0684,0.57303,0.91515,0.51847,0.33147,0.31985,0.22641,0.24295,0.35059,0.2734,0.26842,1.08835,0.92456,0.58753,1.8271,1.12106,0.000237581,0.000237581,0.000237581
411,1202.08,0.6446,0.0289,0.05053,0.53729,0.90586,0.30351,0.33358,0.32272,0.22061,0.29907,0.32106,0.28164,0.27616,1.07941,0.92297,0.57082,1.83311,1.12034,0.000235404,0.000235404,0.000235404
412,1205.51,0.70101,0.09775,0.08047,0.5896,0.92148,0.28715,0.33735,0.31724,0.21994,0.27821,0.32559,0.27241,0.2681,1.08533,0.92398,0.54818,1.80924,1.12589,0.000233234,0.000233234,0.000233234
413,1208.84,0.66735,0.09613,0.0521,0.57019,0.91659,0.50018,0.33829,0.32252,0.22798,0.28701,0.34255,0.27591,0.27143,1.10543,0.92295,0.54835,1.75194,1.12176,0.000231071,0.000231071,0.000231071
414,1212.26,0.64042,0.17015,0.07846,0.54777,0.89401,0.79733,0.32652,0.34007,0.23749,0.78763,0.29698,0.29955,0.29263,1.07643,0.92199,0.54058,1.68749,1.10318,0.000228916,0.000228916,0.000228916
415,1215.62,0.64578,0.04414,0.11914,0.5515,0.91522,0.79483,0.30558,0.33146,0.23251,0.80017,0.29716,0.30431,0.2954,1.03854,0.92131,0.53535,1.65812,1.09139,0.000226769,0.000226769,0.000226769
416,1218.71,0.69981,0.0799,0.07048,0.54792,0.95669,0.79792,0.28993,0.32059,0.23475,0.82426,0.30385,0.30201,0.2909,1.00114,0.92194,0.54579,1.64154,1.07509,0.000224629,0.000224629,0.000224629
417,1221.72,0.66944,0.09196,0.0819,0.55439,0.91355,0.74228,0.28559,0.30922,0.22162,0.76941,0.29971,0.29107,0.27808,1.03357,0.92322,0.55364,1.69069,1.0891,0.000222497,0.000222497,0.000222497
418,1225.03,0.66004,0.17101,0.11357,0.53651,0.90619,0.75821,0.30474,0.30699,0.21825,0.761,0.29516,0.28447,0.27167,1.05845,0.92583,0.55323,1.75063,1.09829,0.000220372,0.000220372,0.000220372
419,1228.7,0.68042,0.08039,0.08332,0.55055,0.91735,0.71349,0.30514,0.31759,0.23042,0.71349,0.30514,0.28506,0.27455,1.03791,0.92746,0.52089,1.80602,1.09096,0.000218256,0.000218256,0.000218256
420,1232.18,0.636,0.15785,0.08337,0.58081,0.90643,0.72473,0.32634,0.34936,0.25723,0.71191,0.30641,0.27973,0.27273,1.05617,0.92868,0.51935,1.82276,1.08974,0.000216147,0.000216147,0.000216147
421,1235.45,0.66417,0.0643,0.09311,0.56585,0.91732,0.86467,0.26968,0.36206,0.2609,0.77364,0.28206,0.29193,0.28432,1.09356,0.92687,0.52922,1.81519,1.09197,0.000214046,0.000214046,0.000214046
422,1238.74,0.6188,0.12201,0.0618,0.4995,0.88449,0.82525,0.29281,0.36647,0.27121,0.79664,0.28267,0.29397,0.28564,1.1011,0.92415,0.48346,1.72216,1.09008,0.000211953,0.000211953,0.000211953
423,1242.01,0.636,0.17552,0.07608,0.52382,0.88345,0.78429,0.32349,0.34639,0.24651,0.76727,0.30341,0.29641,0.28868,1.10797,0.92117,0.44757,1.71217,1.09255,0.000209869,0.000209869,0.000209869
424,1245.23,0.65493,0.05455,0.05053,0.5245,0.90657,0.7259,0.32614,0.29958,0.22656,0.71858,0.29214,0.27582,0.26441,1.10206,0.91994,0.44585,1.78098,1.09225,0.000207792,0.000207792,0.000207792
425,1248.15,0.62122,0.06667,0.08169,0.52959,0.88144,0.67358,0.29235,0.26223,0.19529,0.71762,0.27995,0.24381,0.23265,1.1072,0.92081,0.45692,1.83187,1.10353,0.000205723,0.000205723,0.000205723
426,1251.36,0.67658,0.07432,0.08881,0.57266,0.93809,0.70803,0.33735,0.27541,0.19674,0.70425,0.30962,0.24249,0.23832,1.12433,0.92183,0.44329,1.81173,1.11751,0.000203663,0.000203663,0.000203663
427,1254.59,0.65966,0.13138,0.06848,0.54205,0.89608,0.73096,0.32559,0.3012,0.21586,0.70598,0.28539,0.26174,0.25889,1.11718,0.92246,0.4232,1.78694,1.11086,0.000201611,0.000201611,0.000201611
428,1257.93,0.62919,0.07802,0.06389,0.52246,0.89433,0.76629,0.3146,0.33705,0.24387,0.72608,0.27567,0.28219,0.27918,1.05604,0.9227,0.43631,1.71151,1.08575,0.000199567,0.000199567,0.000199567
429,1261.13,0.65099,0.05177,0.066,0.54736,0.92627,0.70502,0.31971,0.34314,0.25172,0.67479,0.28,0.27703,0.27435,1.05733,0.92302,0.46757,1.74004,1.08804,0.000197532,0.000197532,0.000197532
430,1264.34,0.59612,0.11267,0.07618,0.48572,0.88508,0.7085,0.32361,0.33742,0.24404,0.67884,0.28376,0.27844,0.27608,1.06692,0.92248,0.47534,1.7901,1.09376,0.000195505,0.000195505,0.000195505
431,1267.55,0.66198,0.14662,0.06645,0.52856,0.88627,0.70899,0.32545,0.31266,0.22958,0.6765,0.28545,0.26891,0.26503,1.06385,0.9206,0.46476,1.83797,1.09767,0.000193486,0.000193486,0.000193486
432,1270.83,0.63132,0.07777,0.0582,0.54982,0.9003,0.70988,0.27471,0.28415,0.21326,0.73052,0.25322,0.24873,0.24473,1.01895,0.91961,0.48284,1.77838,1.08821,0.000191476,0.000191476,0.000191476
433,1274.02,0.66718,0.05034,0.07106,0.5403,0.93125,0.74826,0.27572,0.2831,0.20839,0.72875,0.25367,0.24293,0.23882,1.01066,0.91966,0.51107,1.70078,1.08169,0.000189475,0.000189475,0.000189475
434,1277.22,0.70274,0.13116,0.05585,0.52347,0.92339,0.50304,0.3111,0.30115,0.22181,0.48064,0.28522,0.26011,0.25713,1.03628,0.92381,0.52011,1.70149,1.0835,0.000187482,0.000187482,0.000187482
435,1280.53,0.65125,0.13943,0.06817,0.51406,0.90255,0.73224,0.27434,0.30745,0.22364,0.70447,0.25471,0.25739,0.25473,1.06532,0.92139,0.52378,1.74503,1.0944,0.000185498,0.000185498,0.000185498
436,1283.76,0.6223,0.14225,0.05707,0.52915,0.89849,0.83374,0.26391,0.32696,0.24188,0.79823,0.23875,0.25952,0.25704,1.09376,0.92302,0.52554,1.72904,1.10311,0.000183523,0.000183523,0.000183523
437,1286.95,0.62758,0.09884,0.07413,0.508,0.90078,0.7445,0.28616,0.34218,0.24912,0.72906,0.23974,0.27081,0.26827,1.07526,0.92318,0.54139,1.71735,1.0958,0.000181557,0.000181557,0.000181557
438,1290.21,0.5744,0.05641,0.04206,0.48624,0.87567,0.85551,0.2646,0.35705,0.25586,0.75456,0.23706,0.27697,0.2746,1.06761,0.92061,0.56489,1.70062,1.09786,0.000179599,0.000179599,0.000179599
439,1293.43,0.64088,0.11297,0.07759,0.56818,0.89496,0.87122,0.26741,0.36097,0.2609,0.7627,0.24294,0.27707,0.2746,1.07588,0.92138,0.57472,1.69049,1.10629,0.000177651,0.000177651,0.000177651
440,1296.72,0.60689,0.12238,0.03782,0.51142,0.87493,0.73012,0.33147,0.34653,0.25162,0.69247,0.28559,0.29223,0.28931,1.06339,0.91958,0.59531,1.65698,1.09608,0.000175711,0.000175711,0.000175711
441,1299.94,0.63251,0.13807,0.07579,0.55778,0.9095,0.74759,0.32727,0.32963,0.24002,0.7067,0.2818,0.28181,0.27867,1.03815,0.91753,0.58506,1.67422,1.08749,0.00017378,0.00017378,0.00017378
442,1303.18,0.67641,0.18378,0.11359,0.52129,0.93512,0.70865,0.33147,0.32321,0.23925,0.46766,0.28559,0.27856,0.27511,1.00819,0.91633,0.56378,1.66638,1.07771,0.000171859,0.000171859,0.000171859
443,1306.49,0.65033,0.18425,0.05508,0.54062,0.894,0.80797,0.32727,0.34208,0.24965,0.76461,0.28147,0.29419,0.29122,1.01556,0.91928,0.54943,1.60225,1.07195,0.000169946,0.000169946,0.000169946
444,1309.81,0.64464,0.09603,0.05467,0.53428,0.9096,0.7621,0.32559,0.36471,0.26409,0.71361,0.27971,0.30799,0.30629,1.04971,0.91964,0.51041,1.56388,1.08101,0.000168043,0.000168043,0.000168043
445,1313.13,0.61997,0.064,0.04263,0.53296,0.88571,0.77639,0.32559,0.37541,0.26956,0.68463,0.30471,0.31595,0.31419,1.06038,0.92066,0.51478,1.58103,1.08849,0.000166149,0.000166149,0.000166149
446,1316.48,0.6298,0.08953,0.0918,0.51802,0.9049,0.72219,0.34312,0.37547,0.2671,0.69006,0.30281,0.31191,0.31018,1.0585,0.92149,0.54371,1.61282,1.08924,0.000164264,0.000164264,0.000164264
447,1319.96,0.63263,0.09565,0.06851,0.48841,0.90528,0.71458,0.35023,0.37229,0.26936,0.68481,0.30471,0.30165,0.29983,1.06093,0.92187,0.55606,1.6732,1.08984,0.000162389,0.000162389,0.000162389
448,1323.38,0.62445,0.06458,0.08963,0.51537,0.88637,0.70617,0.34471,0.35687,0.25977,0.67854,0.31966,0.28911,0.28719,1.09245,0.92154,0.58282,1.74123,1.09832,0.000160523,0.000160523,0.000160523
449,1326.8,0.57692,0.06312,0.05718,0.48876,0.87779,0.79207,0.32124,0.33992,0.24529,0.72286,0.29587,0.28436,0.28159,1.09993,0.92198,0.56226,1.72966,1.0953,0.000158667,0.000158667,0.000158667
450,1330.18,0.62392,0.09958,0.04239,0.50997,0.89481,0.77495,0.31124,0.31909,0.23102,0.74128,0.29971,0.27069,0.26729,1.07529,0.92152,0.54166,1.69294,1.08504,0.00015682,0.00015682,0.00015682
451,1333.55,0.60804,0.12651,0.05001,0.5311,0.90167,0.81631,0.27452,0.29095,0.21778,0.44624,0.31147,0.24208,0.23791,1.05431,0.92149,0.55028,1.69345,1.08262,0.000154982,0.000154982,0.000154982
452,1336.79,0.6703,0.11203,0.06303,0.51553,0.89958,0.78026,0.28297,0.28259,0.20949,0.45488,0.31147,0.24215,0.23869,1.04218,0.92226,0.53508,1.66408,1.07579,0.000153154,0.000153154,0.000153154
453,1340.22,0.63719,0.1789,0.0989,0.5475,0.93234,0.27004,0.33147,0.29478,0.21369,0.81174,0.24583,0.25634,0.25339,1.03709,0.92259,0.52466,1.61911,1.06893,0.000151336,0.000151336,0.000151336
454,1343.66,0.62246,0.17305,0.09176,0.5498,0.91806,0.47467,0.33147,0.31061,0.22225,0.82749,0.24882,0.26609,0.2629,1.0381,0.92307,0.51722,1.59416,1.06657,0.000149527,0.000149527,0.000149527
455,1346.87,0.6212,0.07075,0.06013,0.49584,0.91574,0.48006,0.33147,0.31804,0.22798,0.80273,0.24882,0.26936,0.26626,1.04056,0.92378,0.51386,1.58869,1.06452,0.000147729,0.000147729,0.000147729
456,1350.43,0.63499,0.07209,0.09532,0.51581,0.88766,0.28886,0.32559,0.32483,0.23847,0.82484,0.24194,0.2666,0.26332,1.03764,0.92407,0.51234,1.61003,1.06502,0.00014594,0.00014594,0.00014594
457,1353.82,0.58053,0.09411,0.04675,0.47925,0.88343,0.75563,0.28059,0.31099,0.22744,0.73375,0.25194,0.25663,0.25367,1.02243,0.92359,0.52021,1.61467,1.06288,0.000144161,0.000144161,0.000144161
458,1356.87,0.60636,0.14899,0.07876,0.49406,0.881,0.75785,0.28059,0.30544,0.22,0.72695,0.25471,0.2475,0.24476,1.04815,0.92331,0.52719,1.63497,1.07592,0.000142391,0.000142391,0.000142391
459,1359.94,0.64649,0.0357,0.06887,0.55062,0.90786,0.75298,0.28059,0.31012,0.22332,0.72416,0.25471,0.25278,0.24991,1.06919,0.92331,0.53686,1.65416,1.08848,0.000140632,0.000140632,0.000140632
460,1363.05,0.62236,0.08787,0.04957,0.50473,0.88229,0.74996,0.28059,0.31046,0.23018,0.71706,0.25471,0.25398,0.2515,1.06168,0.92259,0.5454,1.70387,1.09125,0.000138883,0.000138883,0.000138883
461,1366.33,0.59743,0.07565,0.06039,0.497,0.90145,0.28121,0.32535,0.31061,0.2266,0.4618,0.28559,0.24915,0.24672,1.04766,0.92262,0.53666,1.68655,1.08789,0.000137143,0.000137143,0.000137143
462,1369.66,0.6259,0.09028,0.09006,0.4906,0.89689,0.73625,0.27756,0.32288,0.23938,0.46376,0.28559,0.26552,0.26271,1.04645,0.9223,0.52748,1.67571,1.08703,0.000135414,0.000135414,0.000135414
463,1373.07,0.57715,0.06891,0.06545,0.46625,0.88576,0.53519,0.30331,0.33467,0.24163,0.51163,0.27765,0.27846,0.27582,1.05963,0.9228,0.5136,1.7225,1.08959,0.000133695,0.000133695,0.000133695
464,1376.38,0.64526,0.06044,0.06029,0.58524,0.90878,0.51689,0.33059,0.35161,0.25828,0.50076,0.30471,0.28332,0.28075,1.06766,0.92285,0.49467,1.77003,1.08446,0.000131986,0.000131986,0.000131986
465,1379.52,0.69757,0.05995,0.06041,0.60934,0.94296,0.74752,0.34148,0.36628,0.26905,0.714,0.29703,0.29217,0.28973,1.06858,0.92418,0.50891,1.76412,1.08599,0.000130287,0.000130287,0.000130287
466,1382.91,0.64172,0.06838,0.0706,0.54319,0.88937,0.50519,0.33548,0.36905,0.26723,0.46639,0.30471,0.29017,0.28797,1.06368,0.92459,0.52744,1.77312,1.08195,0.000128599,0.000128599,0.000128599
467,1386.25,0.61894,0.10465,0.05196,0.53457,0.90619,0.2549,0.42222,0.36184,0.26076,0.46152,0.33796,0.27628,0.27348,1.08163,0.92485,0.53482,1.76636,1.08552,0.000126921,0.000126921,0.000126921
468,1389.61,0.5835,0.11872,0.07366,0.5007,0.88833,0.24841,0.34559,0.3403,0.24919,0.23565,0.31971,0.24355,0.24086,1.08192,0.92273,0.52243,1.75746,1.08413,0.000125253,0.000125253,0.000125253
469,1392.82,0.60533,0.10056,0.05354,0.50027,0.88073,0.83845,0.24183,0.33002,0.23518,0.25094,0.27367,0.23512,0.23194,1.06711,0.92157,0.52819,1.75168,1.07786,0.000123596,0.000123596,0.000123596
470,1396.22,0.61269,0.29847,0.05949,0.48118,0.89558,0.82019,0.23206,0.31581,0.22558,0.22269,0.28059,0.23318,0.2294,1.04955,0.92086,0.53191,1.68365,1.0721,0.000121949,0.000121949,0.000121949
471,1399.54,0.65052,0.23979,0.07539,0.53882,0.89605,0.70304,0.27559,0.28808,0.20959,0.69108,0.2496,0.23054,0.22533,1.02888,0.92005,0.53589,1.64702,1.06985,0.000120313,0.000120313,0.000120313
472,1402.94,0.62071,0.04812,0.0527,0.57478,0.89298,0.723,0.29182,0.28308,0.20523,0.49161,0.27925,0.23578,0.22915,0.99445,0.9204,0.53399,1.60144,1.05748,0.000118687,0.000118687,0.000118687
473,1406.18,0.61059,0.05605,0.05601,0.51555,0.88026,0.7338,0.28001,0.30082,0.22015,0.6619,0.25559,0.24265,0.23713,0.99135,0.9212,0.52835,1.5607,1.05088,0.000117072,0.000117072,0.000117072
474,1409.43,0.5932,0.13988,0.05161,0.50591,0.88846,0.2545,0.30647,0.33428,0.2419,0.23689,0.28059,0.26367,0.25841,0.9984,0.92197,0.52965,1.5703,1.05628,0.000115467,0.000115467,0.000115467
475,1412.77,0.63629,0.16656,0.09119,0.53914,0.92176,0.51604,0.35253,0.35431,0.25142,0.4987,0.32734,0.28623,0.28124,1.00975,0.92239,0.53614,1.57271,1.06127,0.000113873,0.000113873,0.000113873
476,1416.19,0.57436,0.11843,0.05238,0.46682,0.88784,0.71551,0.35453,0.36384,0.26883,0.70308,0.32641,0.28318,0.27786,1.00406,0.92269,0.55207,1.57608,1.06031,0.00011229,0.00011229,0.00011229
477,1419.51,0.56868,0.09353,0.04842,0.47155,0.87617,0.70867,0.35647,0.35179,0.25552,0.69261,0.33059,0.29068,0.28534,1.0059,0.92274,0.55871,1.589,1.06023,0.000110718,0.000110718,0.000110718
478,1422.82,0.62946,0.07344,0.04903,0.51814,0.88749,0.6897,0.35647,0.36921,0.26028,0.67219,0.33059,0.30981,0.30303,1.0032,0.92271,0.56663,1.59478,1.06163,0.000109156,0.000109156,0.000109156
479,1426.12,0.62244,0.14591,0.05893,0.49545,0.90273,0.47867,0.3542,0.34758,0.25104,0.25663,0.33059,0.29368,0.28744,1.01024,0.92255,0.56819,1.6069,1.06581,0.000107605,0.000107605,0.000107605
480,1429.51,0.6119,0.12244,0.04781,0.51181,0.89646,0.21142,0.37647,0.32117,0.23409,0.21372,0.37059,0.27686,0.27021,1.00951,0.9225,0.55374,1.64037,1.06912,0.000106066,0.000106066,0.000106066
481,1432.7,0.63065,0.07657,0.10014,0.5101,0.9034,0.70916,0.29934,0.31928,0.22989,0.75753,0.24971,0.27998,0.2724,0.99688,0.92192,0.53697,1.6436,1.06324,0.000104537,0.000104537,0.000104537
482,1435.94,0.60256,0.03625,0.10761,0.50004,0.89164,0.70777,0.30048,0.31181,0.22769,0.75762,0.24971,0.27138,0.26388,0.98195,0.92166,0.52202,1.64512,1.06335,0.000103019,0.000103019,0.000103019
483,1439.3,0.61906,0.09851,0.07581,0.5046,0.88707,0.70697,0.30059,0.29843,0.21605,0.68882,0.27471,0.25712,0.25074,0.97209,0.92194,0.52215,1.62999,1.06302,0.000101512,0.000101512,0.000101512
484,1442.72,0.60848,0.24885,0.07342,0.49361,0.89545,0.70163,0.30056,0.29054,0.21105,0.68567,0.27503,0.25123,0.2436,0.97962,0.92129,0.53538,1.62755,1.06572,0.000100016,0.000100016,0.000100016
485,1446,0.60227,0.0859,0.05029,0.49426,0.87556,0.7129,0.27559,0.29629,0.2163,0.72923,0.24423,0.25397,0.24635,0.9999,0.92149,0.54185,1.63157,1.06789,9.85311e-05,9.85311e-05,9.85311e-05
486,1449.39,0.61615,0.1183,0.10582,0.49721,0.91763,0.71757,0.27559,0.29061,0.21307,0.74053,0.2441,0.25188,0.24229,1.01037,0.92154,0.55054,1.63351,1.06496,9.70575e-05,9.70575e-05,9.70575e-05
487,1452.72,0.66691,0.05711,0.06691,0.62129,0.9107,0.73077,0.27559,0.29558,0.21564,0.73709,0.2492,0.25328,0.24142,1.01302,0.92144,0.56376,1.67593,1.06343,9.55951e-05,9.55951e-05,9.55951e-05
488,1456.09,0.67478,0.02909,0.03873,0.56253,0.92029,0.45523,0.31249,0.29513,0.21692,0.43538,0.29918,0.25246,0.24095,1.00391,0.92119,0.56639,1.74398,1.06454,9.41439e-05,9.41439e-05,9.41439e-05
489,1459.43,0.58854,0.10478,0.06527,0.49227,0.87872,0.47215,0.31461,0.30462,0.22431,0.44905,0.29443,0.26233,0.25268,0.99131,0.92093,0.54058,1.75741,1.06639,9.2704e-05,9.2704e-05,9.2704e-05
490,1462.75,0.57841,0.12374,0.04826,0.48577,0.87384,0.47149,0.32559,0.31242,0.22617,0.45152,0.29971,0.26444,0.25799,0.99882,0.92142,0.53017,1.76866,1.06793,9.12754e-05,9.12754e-05,9.12754e-05
491,1466.08,0.59741,0.12846,0.06205,0.49369,0.8759,0.7161,0.31837,0.33226,0.24159,0.69438,0.29372,0.27742,0.2727,1.01868,0.92218,0.52151,1.76317,1.07262,8.98581e-05,8.98581e-05,8.98581e-05
492,1469.39,0.59904,0.21173,0.0835,0.51073,0.88028,0.81846,0.28882,0.34534,0.25835,0.65328,0.29971,0.28736,0.28181,1.04445,0.92326,0.513,1.72933,1.07683,8.84522e-05,8.84522e-05,8.84522e-05
493,1472.71,0.58911,0.10989,0.06337,0.49541,0.90037,0.82165,0.28882,0.3463,0.26,0.65869,0.29971,0.28691,0.28199,1.04358,0.92328,0.51089,1.73467,1.0757,8.70577e-05,8.70577e-05,8.70577e-05
494,1476.06,0.60792,0.09501,0.09352,0.49621,0.89439,0.69705,0.32559,0.3281,0.2449,0.6745,0.29971,0.27465,0.26959,1.04117,0.92271,0.51324,1.74497,1.07612,8.56746e-05,8.56746e-05,8.56746e-05
495,1479.36,0.60436,0.0613,0.08361,0.49548,0.88955,0.70617,0.32559,0.32245,0.24058,0.68499,0.29971,0.2752,0.26988,1.03343,0.92201,0.52364,1.80845,1.07648,8.43031e-05,8.43031e-05,8.43031e-05
496,1482.7,0.58252,0.09341,0.11751,0.48554,0.88503,0.72188,0.31954,0.31184,0.22893,0.70274,0.29461,0.26135,0.25604,1.0426,0.921,0.54738,1.73652,1.08287,8.29431e-05,8.29431e-05,8.29431e-05
497,1486.06,0.64073,0.03948,0.08852,0.53929,0.91214,0.5104,0.32537,0.31645,0.22496,0.49457,0.30172,0.26144,0.25608,1.04859,0.92092,0.54831,1.70555,1.08915,8.15947e-05,8.15947e-05,8.15947e-05
498,1489.44,0.61009,0.06877,0.06163,0.48589,0.88778,0.50706,0.33147,0.31886,0.22726,0.49056,0.30559,0.26754,0.26227,1.04742,0.92129,0.58187,1.708,1.08898,8.02579e-05,8.02579e-05,8.02579e-05
499,1492.78,0.5813,0.17743,0.0759,0.47856,0.88697,0.70509,0.33147,0.33403,0.23876,0.6891,0.30559,0.27616,0.27126,1.04087,0.92181,0.58741,1.6658,1.08597,7.89327e-05,7.89327e-05,7.89327e-05
500,1496.12,0.59701,0.20536,0.07466,0.46985,0.87882,0.73506,0.32533,0.33451,0.24016,0.71562,0.30145,0.27326,0.2678,1.04166,0.92259,0.58595,1.70369,1.08865,7.76192e-05,7.76192e-05,7.76192e-05
501,1499.45,0.61524,0.11335,0.07019,0.51216,0.92028,0.73519,0.33083,0.34188,0.25052,0.71629,0.30559,0.2845,0.27802,1.03698,0.9231,0.58992,1.72517,1.08986,7.63174e-05,7.63174e-05,7.63174e-05
502,1502.71,0.63367,0.07396,0.09399,0.49508,0.90763,0.79408,0.30196,0.3446,0.24923,0.78259,0.29884,0.28904,0.28363,1.02425,0.92251,0.56695,1.73845,1.08555,7.50274e-05,7.50274e-05,7.50274e-05
503,1505.92,0.57731,0.05774,0.05599,0.51074,0.89529,0.69062,0.35419,0.34664,0.25439,0.6773,0.30856,0.28598,0.28087,1.02058,0.92243,0.56319,1.72909,1.08266,7.37492e-05,7.37492e-05,7.37492e-05
504,1509.24,0.59576,0.08018,0.05159,0.50634,0.89781,0.68958,0.35395,0.35001,0.25335,0.46229,0.32887,0.28688,0.28382,1.02459,0.92226,0.55823,1.71951,1.08362,7.24827e-05,7.24827e-05,7.24827e-05
505,1512.46,0.58473,0.09281,0.09536,0.4895,0.89729,0.68245,0.35059,0.34311,0.24736,0.45671,0.32471,0.27918,0.27635,1.02846,0.92211,0.56144,1.71048,1.0832,7.12282e-05,7.12282e-05,7.12282e-05
506,1515.7,0.59469,0.0501,0.05541,0.48762,0.89616,0.46572,0.35059,0.33859,0.24171,0.44951,0.32471,0.2787,0.2759,1.0375,0.92206,0.58481,1.70339,1.0843,6.99855e-05,6.99855e-05,6.99855e-05
507,1518.93,0.58467,0.06013,0.05921,0.48145,0.88126,0.79829,0.32007,0.34323,0.24241,0.76224,0.27805,0.28204,0.27911,1.03474,0.92164,0.58218,1.69375,1.08224,6.87548e-05,6.87548e-05,6.87548e-05
508,1522.16,0.63646,0.04735,0.04601,0.51076,0.93488,0.71463,0.32559,0.3145,0.22731,0.69984,0.29971,0.26104,0.25813,1.01452,0.92159,0.57177,1.6917,1.07297,6.7536e-05,6.7536e-05,6.7536e-05
509,1525.34,0.63131,0.0632,0.0807,0.52581,0.91373,0.51345,0.32559,0.31008,0.22492,0.49328,0.29971,0.2583,0.25527,1.00757,0.92072,0.5726,1.71575,1.0719,6.63292e-05,6.63292e-05,6.63292e-05
510,1528.57,0.56853,0.12706,0.0538,0.47617,0.88034,0.51948,0.33018,0.31224,0.22326,0.49643,0.30559,0.25604,0.25291,1.01238,0.92149,0.58106,1.71962,1.07373,6.51345e-05,6.51345e-05,6.51345e-05
511,1531.8,0.60529,0.11236,0.07568,0.50087,0.89395,0.50192,0.33147,0.31774,0.22683,0.48448,0.30559,0.2532,0.24966,1.01167,0.92131,0.58293,1.68899,1.07311,6.39518e-05,6.39518e-05,6.39518e-05
512,1535.07,0.60201,0.09306,0.06568,0.50469,0.87688,0.50998,0.33147,0.32111,0.23018,0.49201,0.30559,0.25402,0.25083,1.02512,0.92134,0.59216,1.68174,1.07695,6.27812e-05,6.27812e-05,6.27812e-05
513,1538.26,0.58589,0.07856,0.06894,0.49082,0.87466,0.71609,0.33147,0.31701,0.22898,0.69862,0.30559,0.2559,0.25277,1.02973,0.92129,0.59402,1.6555,1.07809,6.16227e-05,6.16227e-05,6.16227e-05
514,1541.47,0.59293,0.10836,0.07176,0.49422,0.90377,0.72667,0.33147,0.3193,0.2343,0.70366,0.30559,0.26064,0.25727,1.02952,0.92093,0.58862,1.63278,1.078,6.04763e-05,6.04763e-05,6.04763e-05
515,1544.7,0.60622,0.08942,0.06471,0.49068,0.91526,0.7394,0.33147,0.3246,0.24118,0.71343,0.30559,0.26727,0.26321,1.02205,0.92062,0.57675,1.61757,1.07511,5.93422e-05,5.93422e-05,5.93422e-05
516,1548.01,0.61588,0.14188,0.04156,0.50993,0.89225,0.75281,0.32892,0.32544,0.24588,0.7291,0.30482,0.26771,0.26247,1.00618,0.92053,0.56188,1.61558,1.07126,5.82203e-05,5.82203e-05,5.82203e-05
517,1551.19,0.60316,0.07417,0.08824,0.49884,0.89674,0.74682,0.32787,0.31813,0.2401,0.72442,0.30408,0.26115,0.2565,0.99246,0.92055,0.55459,1.6019,1.06565,5.71106e-05,5.71106e-05,5.71106e-05
518,1554.43,0.58894,0.09507,0.06057,0.48437,0.90109,0.71237,0.33147,0.32023,0.2402,0.68864,0.30559,0.26302,0.25881,0.99034,0.92059,0.54985,1.58823,1.06562,5.60132e-05,5.60132e-05,5.60132e-05
519,1557.64,0.58946,0.09379,0.04621,0.48319,0.8812,0.70431,0.31792,0.31564,0.23645,0.66767,0.29971,0.25967,0.25539,0.99645,0.92114,0.54585,1.58377,1.06761,5.49281e-05,5.49281e-05,5.49281e-05
520,1560.87,0.62413,0.04685,0.05348,0.59463,0.9268,0.46035,0.33147,0.31399,0.2345,0.44261,0.30559,0.25686,0.25181,1.00725,0.92109,0.54418,1.55115,1.07106,5.38554e-05,5.38554e-05,5.38554e-05
521,1564.1,0.63551,0.03959,0.0514,0.51771,0.92518,0.46096,0.35647,0.31997,0.23162,0.44549,0.33059,0.25731,0.25281,1.01654,0.92115,0.54508,1.57152,1.07273,5.2795e-05,5.2795e-05,5.2795e-05
522,1567.36,0.58351,0.05217,0.0502,0.48344,0.87753,0.46578,0.35647,0.32151,0.2318,0.44557,0.33059,0.2574,0.25281,1.01492,0.92187,0.54971,1.58166,1.076,5.1747e-05,5.1747e-05,5.1747e-05
523,1570.63,0.58211,0.14437,0.03933,0.49815,0.89576,0.44613,0.32559,0.32098,0.23626,0.4358,0.32177,0.26552,0.26151,1.01716,0.92185,0.55469,1.59274,1.07637,5.07115e-05,5.07115e-05,5.07115e-05
524,1573.9,0.58304,0.08109,0.06633,0.48172,0.88034,0.47499,0.3391,0.32607,0.24375,0.42885,0.30471,0.26991,0.26638,1.02369,0.92194,0.54205,1.64091,1.07435,4.96884e-05,4.96884e-05,4.96884e-05
525,1577.07,0.75631,0.08928,0.06887,0.71529,0.98962,0.47805,0.34123,0.32676,0.24313,0.43527,0.30471,0.25771,0.25427,1.01048,0.92228,0.54307,1.63079,1.0704,4.86777e-05,4.86777e-05,4.86777e-05
526,1580.27,0.59467,0.11189,0.05667,0.49676,0.88613,0.47163,0.33617,0.32635,0.24588,0.43107,0.30471,0.25756,0.25402,1.01733,0.92248,0.5496,1.63926,1.07224,4.76796e-05,4.76796e-05,4.76796e-05
527,1583.55,0.5682,0.08498,0.06493,0.50477,0.87743,0.46978,0.34019,0.32809,0.24752,0.42568,0.30471,0.2581,0.25537,1.02289,0.92241,0.57135,1.62001,1.07143,4.66941e-05,4.66941e-05,4.66941e-05
528,1586.7,0.58784,0.08101,0.04714,0.48024,0.88487,0.46641,0.34336,0.31866,0.23281,0.42855,0.32028,0.26355,0.26092,1.0217,0.92264,0.57624,1.59998,1.07146,4.57211e-05,4.57211e-05,4.57211e-05
529,1590.09,0.5825,0.22236,0.07291,0.49657,0.87694,0.43994,0.33721,0.30449,0.22245,0.22039,0.34834,0.255,0.25248,1.01962,0.92272,0.55947,1.60002,1.07151,4.47606e-05,4.47606e-05,4.47606e-05
530,1593.13,0.57844,0.06807,0.06858,0.47921,0.89505,0.44587,0.33049,0.30565,0.22076,0.22406,0.32501,0.25356,0.25143,1.02326,0.92337,0.58314,1.60721,1.07366,4.38128e-05,4.38128e-05,4.38128e-05
531,1596.15,0.58029,0.12745,0.05145,0.48852,0.88356,0.74863,0.27559,0.30377,0.21695,0.19426,0.35059,0.25136,0.24929,1.02088,0.92368,0.5812,1.59819,1.07644,4.28777e-05,4.28777e-05,4.28777e-05
532,1599.26,0.57243,0.05713,0.06303,0.47337,0.87918,0.75616,0.27087,0.31091,0.22195,0.19909,0.35298,0.25409,0.25158,1.02124,0.9233,0.57966,1.61159,1.07563,4.19552e-05,4.19552e-05,4.19552e-05
533,1602.54,0.52871,0.11988,0.06795,0.46584,0.86483,0.75558,0.27021,0.309,0.22306,0.47676,0.27743,0.24921,0.24664,1.01028,0.92266,0.56909,1.61821,1.07308,4.10454e-05,4.10454e-05,4.10454e-05
534,1605.98,0.60477,0.08734,0.05104,0.46376,0.87556,0.75286,0.2701,0.30965,0.22517,0.46586,0.28059,0.25186,0.24944,1.01022,0.92284,0.56543,1.62463,1.07305,4.01483e-05,4.01483e-05,4.01483e-05
535,1609.13,0.57362,0.0282,0.09636,0.45934,0.87065,0.7447,0.26945,0.31006,0.22263,0.18537,0.33647,0.25239,0.24999,1.00697,0.92289,0.55716,1.61808,1.07189,3.9264e-05,3.9264e-05,3.9264e-05
536,1612.19,0.57507,0.1221,0.08988,0.49432,0.88991,0.75276,0.27575,0.31784,0.22831,0.48788,0.27756,0.25348,0.2508,0.99651,0.92268,0.54595,1.60629,1.06693,3.83925e-05,3.83925e-05,3.83925e-05
537,1615.39,0.57373,0.0385,0.08466,0.48227,0.90609,0.75807,0.28216,0.3217,0.23257,0.46443,0.27845,0.26195,0.25926,0.98375,0.92254,0.53958,1.59709,1.0622,3.75337e-05,3.75337e-05,3.75337e-05
538,1618.57,0.59868,0.11678,0.05265,0.46826,0.89116,0.74735,0.27559,0.30939,0.22575,0.23953,0.29494,0.24818,0.24547,0.97697,0.92216,0.51249,1.56713,1.05889,3.66877e-05,3.66877e-05,3.66877e-05
539,1621.75,0.59713,0.12731,0.094,0.52103,0.87821,0.74694,0.27559,0.31561,0.23293,0.24349,0.30559,0.25762,0.25511,0.97989,0.9222,0.5143,1.55924,1.05893,3.58546e-05,3.58546e-05,3.58546e-05
540,1624.92,0.57597,0.05187,0.0369,0.45712,0.9055,0.2641,0.33147,0.32039,0.23517,0.24721,0.30559,0.26141,0.25885,0.97761,0.92205,0.51487,1.54873,1.05803,3.50344e-05,3.50344e-05,3.50344e-05
541,1627.98,0.5798,0.07561,0.05476,0.50088,0.87764,0.28456,0.33147,0.31652,0.23082,0.24989,0.30559,0.25332,0.25054,0.97134,0.9219,0.50978,1.52693,1.05306,3.4227e-05,3.4227e-05,3.4227e-05
542,1631.04,0.58241,0.1437,0.03946,0.47683,0.8689,0.26433,0.33147,0.3228,0.23386,0.24818,0.30559,0.25785,0.25487,0.97036,0.92208,0.50914,1.52777,1.0529,3.34326e-05,3.34326e-05,3.34326e-05
543,1634.17,0.57992,0.05491,0.03654,0.47745,0.88782,0.57946,0.29615,0.3304,0.23973,0.25155,0.30559,0.26486,0.26187,0.97152,0.92205,0.51726,1.53239,1.05402,3.2651e-05,3.2651e-05,3.2651e-05
544,1637.32,0.61979,0.0491,0.06494,0.50587,0.90279,0.58282,0.29692,0.33417,0.24192,0.45901,0.30559,0.26734,0.26437,0.96965,0.92154,0.51826,1.53177,1.05562,3.18825e-05,3.18825e-05,3.18825e-05
545,1640.42,0.61151,0.09201,0.07221,0.48571,0.89445,0.57485,0.29584,0.33634,0.24063,0.4565,0.30559,0.26955,0.26655,0.96624,0.92158,0.51664,1.53285,1.05353,3.11268e-05,3.11268e-05,3.11268e-05
546,1643.49,0.60647,0.13383,0.06016,0.46551,0.87442,0.48376,0.33147,0.33495,0.24269,0.25472,0.30559,0.26849,0.26527,0.95868,0.92121,0.50962,1.51995,1.04998,3.03842e-05,3.03842e-05,3.03842e-05
547,1646.57,0.55833,0.06215,0.05911,0.48838,0.87634,0.48642,0.32559,0.33731,0.24356,0.25894,0.30559,0.2712,0.26795,0.95667,0.9212,0.51112,1.53164,1.05144,2.96546e-05,2.96546e-05,2.96546e-05
548,1649.89,0.56578,0.04142,0.05235,0.50865,0.88871,0.48294,0.32559,0.34261,0.24773,0.24253,0.30559,0.27336,0.27027,0.95823,0.92106,0.51073,1.53084,1.05301,2.89381e-05,2.89381e-05,2.89381e-05
549,1653.04,0.54967,0.06048,0.04504,0.46108,0.87236,0.48266,0.32559,0.3433,0.24948,0.24322,0.30225,0.27455,0.27127,0.96806,0.92163,0.51263,1.56915,1.05663,2.82345e-05,2.82345e-05,2.82345e-05
550,1656.3,0.59574,0.0905,0.04512,0.46766,0.87417,0.27287,0.35647,0.34508,0.24948,0.25789,0.33059,0.27678,0.27352,0.96985,0.92136,0.51666,1.56249,1.05693,2.75441e-05,2.75441e-05,2.75441e-05
551,1659.32,0.56252,0.05814,0.09098,0.48414,0.88448,0.27198,0.35647,0.34732,0.24941,0.2553,0.33059,0.27984,0.27663,0.96957,0.92176,0.52352,1.54813,1.05761,2.68667e-05,2.68667e-05,2.68667e-05
552,1662.45,0.59361,0.09825,0.06046,0.48892,0.89427,0.27925,0.35647,0.35068,0.24859,0.2648,0.33059,0.28612,0.28243,0.97225,0.92188,0.53099,1.55422,1.05983,2.62025e-05,2.62025e-05,2.62025e-05
553,1665.47,0.5641,0.07312,0.0568,0.45651,0.87143,0.27919,0.35647,0.35211,0.24944,0.26507,0.33059,0.2874,0.28306,0.97833,0.92252,0.5556,1.57086,1.06224,2.55513e-05,2.55513e-05,2.55513e-05
554,1668.53,0.54775,0.08445,0.07966,0.45501,0.88284,0.28134,0.35647,0.35004,0.24943,0.26782,0.33059,0.28693,0.28213,0.97702,0.92267,0.55523,1.56127,1.06074,2.49134e-05,2.49134e-05,2.49134e-05
555,1671.61,0.59595,0.20977,0.05219,0.50391,0.87269,0.2794,0.35647,0.34,0.24219,0.25865,0.33059,0.28643,0.28113,0.97049,0.92252,0.55091,1.54379,1.05944,2.42885e-05,2.42885e-05,2.42885e-05
556,1674.76,0.57452,0.04339,0.065,0.46623,0.88067,0.27442,0.35647,0.34189,0.24304,0.24837,0.33059,0.28652,0.28128,0.97205,0.92278,0.5555,1.52928,1.06245,2.36769e-05,2.36769e-05,2.36769e-05
557,1677.84,0.56424,0.1468,0.08861,0.46379,0.89581,0.27251,0.35647,0.34091,0.24443,0.25088,0.33059,0.28567,0.28118,0.97209,0.92304,0.55706,1.51732,1.06352,2.30784e-05,2.30784e-05,2.30784e-05
558,1680.91,0.56284,0.15369,0.06803,0.46906,0.88626,0.27464,0.35647,0.34662,0.24734,0.26143,0.33059,0.28696,0.28282,0.96638,0.923,0.54756,1.52065,1.06067,2.24932e-05,2.24932e-05,2.24932e-05
559,1684.02,0.58801,0.05577,0.04372,0.48369,0.91549,0.26802,0.35647,0.35396,0.25349,0.25495,0.33059,0.2871,0.28247,0.96304,0.9232,0.55263,1.52065,1.05862,2.19212e-05,2.19212e-05,2.19212e-05
560,1687.28,0.57631,0.03727,0.04675,0.4809,0.87716,0.26073,0.35647,0.35221,0.25291,0.24868,0.33059,0.28147,0.27805,0.95977,0.92317,0.55641,1.52209,1.0591,2.13624e-05,2.13624e-05,2.13624e-05
561,1690.53,0.61491,0.07774,0.05401,0.4916,0.88698,0.26075,0.35647,0.35077,0.25247,0.24872,0.33059,0.2794,0.27599,0.96449,0.92301,0.55502,1.5278,1.059,2.08169e-05,2.08169e-05,2.08169e-05
562,1693.56,0.59268,0.05475,0.05139,0.48814,0.89055,0.27165,0.35647,0.36105,0.25845,0.25795,0.33059,0.28441,0.28057,0.95832,0.92303,0.55544,1.5198,1.05582,2.02847e-05,2.02847e-05,2.02847e-05
563,1696.73,0.57114,0.05538,0.06203,0.46631,0.88424,0.27536,0.35647,0.36387,0.2617,0.26128,0.33059,0.28596,0.28209,0.96259,0.92313,0.55404,1.52066,1.0548,1.97658e-05,1.97658e-05,1.97658e-05
564,1699.93,0.59321,0.06101,0.05555,0.46596,0.88881,0.48098,0.35647,0.3592,0.26056,0.4658,0.33059,0.28634,0.28274,0.96944,0.9233,0.5597,1.53634,1.05766,1.92601e-05,1.92601e-05,1.92601e-05
565,1702.99,0.58749,0.03572,0.07759,0.51,0.90544,0.48669,0.35647,0.35796,0.25923,0.4699,0.33059,0.28809,0.28441,0.97113,0.92325,0.56312,1.53538,1.05919,1.87678e-05,1.87678e-05,1.87678e-05
566,1706.09,0.60454,0.11502,0.0738,0.49014,0.90706,0.49057,0.35647,0.35971,0.26071,0.47343,0.33059,0.28623,0.28257,0.96664,0.92313,0.56097,1.5072,1.0578,1.82888e-05,1.82888e-05,1.82888e-05
567,1709.37,0.59858,0.12755,0.05721,0.48013,0.89894,0.49326,0.35647,0.35159,0.25316,0.47713,0.33059,0.28528,0.28159,0.97357,0.92301,0.56792,1.53256,1.05963,1.78232e-05,1.78232e-05,1.78232e-05
568,1712.62,0.56727,0.1888,0.05569,0.45999,0.88491,0.70164,0.35372,0.34928,0.25295,0.68362,0.32841,0.28591,0.28222,0.97483,0.92291,0.56978,1.53757,1.06048,1.73709e-05,1.73709e-05,1.73709e-05
569,1716,0.5812,0.13371,0.0442,0.49441,0.87774,0.70908,0.35059,0.35207,0.25365,0.68761,0.32473,0.2858,0.28181,0.97611,0.92272,0.57099,1.5453,1.06141,1.6932e-05,1.6932e-05,1.6932e-05
570,1719.27,0.57961,0.09712,0.04631,0.46788,0.89924,0.70766,0.35124,0.35375,0.25169,0.6885,0.32575,0.28586,0.28182,0.98183,0.9225,0.56794,1.54177,1.0608,1.65064e-05,1.65064e-05,1.65064e-05
571,1722.67,0.57956,0.07888,0.05395,0.46554,0.86815,0.70322,0.35439,0.36147,0.25759,0.68542,0.32875,0.28656,0.28194,0.98121,0.92236,0.56187,1.54714,1.06089,1.60943e-05,1.60943e-05,1.60943e-05
572,1725.95,0.59364,0.07062,0.05583,0.47327,0.88719,0.50019,0.35647,0.36058,0.25619,0.48347,0.33059,0.28582,0.28011,0.98095,0.92143,0.53896,1.54539,1.05844,1.56955e-05,1.56955e-05,1.56955e-05
573,1729.01,0.58086,0.11459,0.07933,0.48081,0.88015,0.49353,0.35647,0.37268,0.25947,0.47871,0.33059,0.28792,0.28137,0.98271,0.92099,0.54141,1.55641,1.06073,1.53102e-05,1.53102e-05,1.53102e-05
574,1731.98,0.55287,0.06686,0.06832,0.46511,0.88593,0.49401,0.35647,0.36452,0.25789,0.47892,0.33059,0.28633,0.27976,0.98284,0.92083,0.54008,1.5585,1.06161,1.49383e-05,1.49383e-05,1.49383e-05
575,1735.02,0.5828,0.17732,0.06832,0.47264,0.88862,0.70093,0.35224,0.34729,0.25132,0.68252,0.32706,0.28527,0.27835,0.99044,0.92134,0.56286,1.583,1.06496,1.45798e-05,1.45798e-05,1.45798e-05
576,1738.08,0.56692,0.06834,0.0512,0.46235,0.88476,0.71824,0.3449,0.35692,0.25726,0.69342,0.32471,0.28861,0.28316,0.98627,0.92179,0.55734,1.55148,1.06174,1.42348e-05,1.42348e-05,1.42348e-05
577,1741.33,0.58975,0.0834,0.06618,0.50182,0.9125,0.71208,0.33607,0.35972,0.25731,0.68924,0.32471,0.2887,0.28322,0.98184,0.92169,0.55294,1.53718,1.06166,1.39032e-05,1.39032e-05,1.39032e-05
578,1744.54,0.57051,0.02818,0.05826,0.48202,0.87808,0.70609,0.35059,0.34802,0.25282,0.6874,0.32471,0.28505,0.28108,0.98112,0.92176,0.54837,1.52728,1.06037,1.35851e-05,1.35851e-05,1.35851e-05
579,1747.7,0.59301,0.05796,0.0511,0.46167,0.86837,0.713,0.35166,0.36036,0.25513,0.69362,0.3273,0.28504,0.28137,0.97972,0.9217,0.54823,1.52427,1.06017,1.32805e-05,1.32805e-05,1.32805e-05
580,1750.96,0.62666,0.17882,0.11105,0.51747,0.89419,0.51325,0.35647,0.36425,0.25246,0.49521,0.33059,0.28443,0.28073,0.9843,0.92195,0.54163,1.52305,1.06301,1.29893e-05,1.29893e-05,1.29893e-05
581,1754.26,0.55025,0.07289,0.06983,0.44863,0.88415,0.51239,0.35647,0.36155,0.25252,0.49299,0.33059,0.28473,0.28103,0.9833,0.92202,0.53986,1.51601,1.06324,1.27117e-05,1.27117e-05,1.27117e-05
582,1757.45,0.57323,0.04906,0.06064,0.49987,0.89789,0.50982,0.35484,0.36774,0.25602,0.49287,0.33059,0.28715,0.28278,0.98214,0.92199,0.54004,1.51479,1.06172,1.24475e-05,1.24475e-05,1.24475e-05
583,1760.61,0.59086,0.13833,0.07196,0.48911,0.88126,0.50743,0.34432,0.36833,0.25654,0.48943,0.32478,0.287,0.28216,0.97137,0.9222,0.53665,1.50054,1.0594,1.21968e-05,1.21968e-05,1.21968e-05
584,1763.93,0.56516,0.0695,0.06813,0.47634,0.88225,0.50277,0.34359,0.37487,0.25697,0.48529,0.32163,0.28667,0.28184,0.97308,0.92147,0.5179,1.51153,1.06056,1.19597e-05,1.19597e-05,1.19597e-05
585,1767.23,0.59295,0.18247,0.03499,0.46797,0.87441,0.50031,0.34608,0.37066,0.25475,0.48259,0.32217,0.28243,0.27761,0.96847,0.92174,0.53572,1.48488,1.05842,1.1736e-05,1.1736e-05,1.1736e-05
586,1770.13,0.59224,0.07618,0.03862,0.48437,0.89717,0.50018,0.34897,0.37168,0.25555,0.48488,0.32379,0.28087,0.27601,0.96982,0.92152,0.51956,1.50462,1.05923,1.15259e-05,1.15259e-05,1.15259e-05
587,1773.05,0.57354,0.20938,0.04469,0.45822,0.89402,0.70697,0.34844,0.37439,0.26127,0.48983,0.32392,0.27991,0.27554,0.9748,0.92167,0.5173,1.51737,1.05787,1.13293e-05,1.13293e-05,1.13293e-05
588,1775.96,0.55971,0.04109,0.07859,0.46085,0.88061,0.70713,0.35647,0.37496,0.25799,0.68926,0.33059,0.28129,0.27765,0.98002,0.92214,0.51949,1.52453,1.05815,1.11463e-05,1.11463e-05,1.11463e-05
589,1778.89,0.5682,0.05949,0.0535,0.46124,0.87617,0.70093,0.35647,0.37491,0.25772,0.68484,0.33059,0.28128,0.27764,0.97825,0.92211,0.5182,1.5174,1.05696,1.09768e-05,1.09768e-05,1.09768e-05
590,1781.83,0.57013,0.13676,0.07091,0.48671,0.87424,0.69464,0.35647,0.3537,0.251,0.67823,0.33059,0.28026,0.27709,0.98341,0.92228,0.52051,1.53562,1.0608,1.08208e-05,1.08208e-05,1.08208e-05
591,1802.64,0.61687,0.12979,0.00977,0.50205,0.89901,0.69625,0.35647,0.35192,0.25195,0.67512,0.33059,0.28139,0.27838,0.98352,0.9227,0.54025,1.54182,1.0604,1.06784e-05,1.06784e-05,1.06784e-05
592,1805.51,0.50441,0.11528,0.01881,0.47844,0.87629,0.75996,0.29892,0.34728,0.24985,0.65702,0.28559,0.27349,0.27065,1.00026,0.92338,0.55775,1.6048,1.06808,1.05495e-05,1.05495e-05,1.05495e-05
593,1808.35,0.5576,0.13014,0.02371,0.49068,0.85393,0.7541,0.3184,0.34815,0.24932,0.70756,0.27281,0.28023,0.27656,1.01354,0.92356,0.55355,1.63529,1.06871,1.04342e-05,1.04342e-05,1.04342e-05
594,1811.17,0.55317,0.12161,0.01119,0.45911,0.88353,0.73132,0.31796,0.33408,0.24288,0.68097,0.27383,0.27152,0.26819,1.02061,0.92429,0.56339,1.67872,1.07317,1.03324e-05,1.03324e-05,1.03324e-05
595,1814.04,0.54551,0.16583,0.01294,0.45734,0.84423,0.70752,0.33147,0.32634,0.23986,0.72514,0.24882,0.2679,0.26467,1.02865,0.92451,0.56584,1.70245,1.07522,1.02443e-05,1.02443e-05,1.02443e-05
596,1816.92,0.58741,0.15212,0.0074,0.56609,0.88545,0.70544,0.33147,0.32926,0.2384,0.72798,0.24669,0.27695,0.27362,1.03073,0.92486,0.56979,1.71209,1.0751,1.01696e-05,1.01696e-05,1.01696e-05
597,1819.71,0.52767,0.08502,0.01528,0.47809,0.88798,0.69742,0.33147,0.32666,0.23703,0.7366,0.24239,0.27703,0.27359,1.03562,0.92495,0.57038,1.70996,1.07747,1.01086e-05,1.01086e-05,1.01086e-05
598,1822.61,0.56267,0.18027,0.01546,0.50054,0.85842,0.69266,0.33147,0.33088,0.24182,0.66742,0.28526,0.27807,0.27461,1.04127,0.92468,0.56823,1.68097,1.07713,1.00611e-05,1.00611e-05,1.00611e-05
599,1825.47,0.53096,0.14531,0.0898,0.44827,0.85899,0.70821,0.33147,0.33176,0.24274,0.72936,0.24184,0.27828,0.27483,1.04258,0.92474,0.56842,1.70215,1.07948,1.00271e-05,1.00271e-05,1.00271e-05
600,1828.38,0.50436,0.11624,0.01833,0.44432,0.84774,0.69577,0.33147,0.32979,0.24129,0.72581,0.24225,0.27744,0.27399,1.05444,0.92485,0.57158,1.70201,1.08171,1.00068e-05,1.00068e-05,1.00068e-05
