split,order,image,output,gt_count,pred_count,extra_predictions,missing_predictions,abs_count_diff,max_conf,mean_conf
train,1,E:\mastercode\data\test\images\train\IMG_20260706_095454.jpg,E:\mastercode\ultralytics-main-new\1_results\001_yolo11n_seg_AdamW\label_audit_all\train\000001_extra+00_gt01_pred01_IMG_20260706_095454.jpg,1,1,0,0,0,0.2894514203071594,0.2894514203071594
train,2,E:\mastercode\data\test\images\train\IMG_20260706_095458.jpg,E:\mastercode\ultralytics-main-new\1_results\001_yolo11n_seg_AdamW\label_audit_all\train\000002_extra+00_gt00_pred00_IMG_20260706_095458.jpg,0,0,0,0,0,0.0,0.0
train,3,E:\mastercode\data\test\images\train\IMG_20260706_095525.jpg,E:\mastercode\ultralytics-main-new\1_results\001_yolo11n_seg_AdamW\label_audit_all\train\000003_extra+00_gt01_pred01_IMG_20260706_095525.jpg,1,1,0,0,0,0.9152600169181824,0.9152600169181824
train,4,E:\mastercode\data\test\images\train\IMG_20260706_095525_1.jpg,E:\mastercode\ultralytics-main-new\1_results\001_yolo11n_seg_AdamW\label_audit_all\train\000004_extra+00_gt01_pred01_IMG_20260706_095525_1.jpg,1,1,0,0,0,0.9119408130645752,0.9119408130645752
train,5,E:\mastercode\data\test\images\train\IMG_20260706_095609.jpg,E:\mastercode\ultralytics-main-new\1_results\001_yolo11n_seg_AdamW\label_audit_all\train\000005_extra+01_gt00_pred01_IMG_20260706_095609.jpg,0,1,1,0,1,0.39262890815734863,0.39262890815734863
train,6,E:\mastercode\data\test\images\train\IMG_20260706_095647.jpg,E:\mastercode\ultralytics-main-new\1_results\001_yolo11n_seg_AdamW\label_audit_all\train\000006_extra+00_gt05_pred05_IMG_20260706_095647.jpg,5,5,0,0,0,0.9391348361968994,0.7004674792289733
train,7,E:\mastercode\data\test\images\train\IMG_20260706_095659.jpg,E:\mastercode\ultralytics-main-new\1_results\001_yolo11n_seg_AdamW\label_audit_all\train\000007_extra+00_gt01_pred01_IMG_20260706_095659.jpg,1,1,0,0,0,0.9303429126739502,0.9303429126739502
train,8,E:\mastercode\data\test\images\train\IMG_20260706_095713.jpg,E:\mastercode\ultralytics-main-new\1_results\001_yolo11n_seg_AdamW\label_audit_all\train\000008_extra+00_gt02_pred02_IMG_20260706_095713.jpg,2,2,0,0,0,0.9307759404182434,0.9242613315582275
train,9,E:\mastercode\data\test\images\train\IMG_20260706_095734.jpg,E:\mastercode\ultralytics-main-new\1_results\001_yolo11n_seg_AdamW\label_audit_all\train\000009_extra+00_gt01_pred01_IMG_20260706_095734.jpg,1,1,0,0,0,0.9264686703681946,0.9264686703681946
train,10,E:\mastercode\data\test\images\train\IMG_20260706_095742.jpg,E:\mastercode\ultralytics-main-new\1_results\001_yolo11n_seg_AdamW\label_audit_all\train\000010_extra+00_gt01_pred01_IMG_20260706_095742.jpg,1,1,0,0,0,0.9269822239875793,0.9269822239875793
train,11,E:\mastercode\data\test\images\train\IMG_20260706_095754.jpg,E:\mastercode\ultralytics-main-new\1_results\001_yolo11n_seg_AdamW\label_audit_all\train\000011_extra+00_gt01_pred01_IMG_20260706_095754.jpg,1,1,0,0,0,0.9365676641464233,0.9365676641464233
train,12,E:\mastercode\data\test\images\train\IMG_20260706_095801.jpg,E:\mastercode\ultralytics-main-new\1_results\001_yolo11n_seg_AdamW\label_audit_all\train\000012_extra+00_gt04_pred04_IMG_20260706_095801.jpg,4,4,0,0,0,0.9245819449424744,0.8780693411827087
train,13,E:\mastercode\data\test\images\train\IMG_20260706_095808.jpg,E:\mastercode\ultralytics-main-new\1_results\001_yolo11n_seg_AdamW\label_audit_all\train\000013_extra+01_gt04_pred05_IMG_20260706_095808.jpg,4,5,1,0,1,0.942395806312561,0.6926759064197541
train,14,E:\mastercode\data\test\images\train\IMG_20260706_095811.jpg,E:\mastercode\ultralytics-main-new\1_results\001_yolo11n_seg_AdamW\label_audit_all\train\000014_extra+00_gt03_pred03_IMG_20260706_095811.jpg,3,3,0,0,0,0.8998863101005554,0.8288976550102234
train,15,E:\mastercode\data\test\images\train\IMG_20260706_095819.jpg,E:\mastercode\ultralytics-main-new\1_results\001_yolo11n_seg_AdamW\label_audit_all\train\000015_extra+00_gt01_pred01_IMG_20260706_095819.jpg,1,1,0,0,0,0.9290061593055725,0.9290061593055725
train,16,E:\mastercode\data\test\images\train\IMG_20260706_095828.jpg,E:\mastercode\ultralytics-main-new\1_results\001_yolo11n_seg_AdamW\label_audit_all\train\000016_extra+04_gt01_pred05_IMG_20260706_095828.jpg,1,5,4,0,4,0.938313364982605,0.5211767196655274
train,17,E:\mastercode\data\test\images\train\IMG_20260706_095848.jpg,E:\mastercode\ultralytics-main-new\1_results\001_yolo11n_seg_AdamW\label_audit_all\train\000017_extra+00_gt02_pred02_IMG_20260706_095848.jpg,2,2,0,0,0,0.936097264289856,0.8847073316574097
train,18,E:\mastercode\data\test\images\train\IMG_20260706_095915.jpg,E:\mastercode\ultralytics-main-new\1_results\001_yolo11n_seg_AdamW\label_audit_all\train\000018_extra+01_gt06_pred07_IMG_20260706_095915.jpg,6,7,1,0,1,0.935712993144989,0.669779189995357
train,19,E:\mastercode\data\test\images\train\IMG_20260706_095918.jpg,E:\mastercode\ultralytics-main-new\1_results\001_yolo11n_seg_AdamW\label_audit_all\train\000019_extra+00_gt01_pred01_IMG_20260706_095918.jpg,1,1,0,0,0,0.9376406669616699,0.9376406669616699
train,20,E:\mastercode\data\test\images\train\IMG_20260706_095955.jpg,E:\mastercode\ultralytics-main-new\1_results\001_yolo11n_seg_AdamW\label_audit_all\train\000020_extra+00_gt03_pred03_IMG_20260706_095955.jpg,3,3,0,0,0,0.9395735859870911,0.920233945051829
train,21,E:\mastercode\data\test\images\train\IMG_20260706_095959.jpg,E:\mastercode\ultralytics-main-new\1_results\001_yolo11n_seg_AdamW\label_audit_all\train\000021_extra+00_gt01_pred01_IMG_20260706_095959.jpg,1,1,0,0,0,0.9466254115104675,0.9466254115104675
train,22,E:\mastercode\data\test\images\train\IMG_20260706_100207.jpg,E:\mastercode\ultralytics-main-new\1_results\001_yolo11n_seg_AdamW\label_audit_all\train\000022_extra+01_gt07_pred08_IMG_20260706_100207.jpg,7,8,1,0,1,0.933007001876831,0.7048542909324169
train,23,E:\mastercode\data\test\images\train\IMG_20260706_100211.jpg,E:\mastercode\ultralytics-main-new\1_results\001_yolo11n_seg_AdamW\label_audit_all\train\000023_extra+00_gt04_pred04_IMG_20260706_100211.jpg,4,4,0,0,0,0.9350330829620361,0.7730001732707024
train,24,E:\mastercode\data\test\images\train\IMG_20260706_100215.jpg,E:\mastercode\ultralytics-main-new\1_results\001_yolo11n_seg_AdamW\label_audit_all\train\000024_extra-01_gt05_pred04_IMG_20260706_100215.jpg,5,4,-1,1,1,0.9136337041854858,0.7079040631651878
train,25,E:\mastercode\data\test\images\train\IMG_20260706_100220.jpg,E:\mastercode\ultralytics-main-new\1_results\001_yolo11n_seg_AdamW\label_audit_all\train\000025_extra+00_gt05_pred05_IMG_20260706_100220.jpg,5,5,0,0,0,0.9172316193580627,0.7453850030899047
train,26,E:\mastercode\data\test\images\train\IMG_20260706_100225.jpg,E:\mastercode\ultralytics-main-new\1_results\001_yolo11n_seg_AdamW\label_audit_all\train\000026_extra+00_gt03_pred03_IMG_20260706_100225.jpg,3,3,0,0,0,0.938980758190155,0.8689584732055664
train,27,E:\mastercode\data\test\images\train\IMG_20260706_100229.jpg,E:\mastercode\ultralytics-main-new\1_results\001_yolo11n_seg_AdamW\label_audit_all\train\000027_extra+00_gt01_pred01_IMG_20260706_100229.jpg,1,1,0,0,0,0.936160147190094,0.936160147190094
train,28,E:\mastercode\data\test\images\train\IMG_20260706_100238.jpg,E:\mastercode\ultralytics-main-new\1_results\001_yolo11n_seg_AdamW\label_audit_all\train\000028_extra+00_gt02_pred02_IMG_20260706_100238.jpg,2,2,0,0,0,0.9413331747055054,0.9362421333789825
train,29,E:\mastercode\data\test\images\train\IMG_20260706_100243.jpg,E:\mastercode\ultralytics-main-new\1_results\001_yolo11n_seg_AdamW\label_audit_all\train\000029_extra-06_gt11_pred05_IMG_20260706_100243.jpg,11,5,-6,6,6,0.8941842317581177,0.6027929544448852
train,30,E:\mastercode\data\test\images\train\IMG_20260706_100249.jpg,E:\mastercode\ultralytics-main-new\1_results\001_yolo11n_seg_AdamW\label_audit_all\train\000030_extra-01_gt07_pred06_IMG_20260706_100249.jpg,7,6,-1,1,1,0.9472318887710571,0.8518171012401581
train,31,E:\mastercode\data\test\images\train\IMG_20260706_100251.jpg,E:\mastercode\ultralytics-main-new\1_results\001_yolo11n_seg_AdamW\label_audit_all\train\000031_extra+00_gt03_pred03_IMG_20260706_100251.jpg,3,3,0,0,0,0.9370133280754089,0.9247293273607889
train,32,E:\mastercode\data\test\images\train\IMG_20260706_100303.jpg,E:\mastercode\ultralytics-main-new\1_results\001_yolo11n_seg_AdamW\label_audit_all\train\000032_extra+01_gt07_pred08_IMG_20260706_100303.jpg,7,8,1,0,1,0.942803680896759,0.7760071009397507
train,33,E:\mastercode\data\test\images\train\IMG_20260706_100308.jpg,E:\mastercode\ultralytics-main-new\1_results\001_yolo11n_seg_AdamW\label_audit_all\train\000033_extra+00_gt04_pred04_IMG_20260706_100308.jpg,4,4,0,0,0,0.9379531145095825,0.8829056620597839
train,34,E:\mastercode\data\test\images\train\IMG_20260706_100313.jpg,E:\mastercode\ultralytics-main-new\1_results\001_yolo11n_seg_AdamW\label_audit_all\train\000034_extra+04_gt03_pred07_IMG_20260706_100313.jpg,3,7,4,0,4,0.9367517232894897,0.5598507140363965
train,35,E:\mastercode\data\test\images\train\IMG_20260706_100319.jpg,E:\mastercode\ultralytics-main-new\1_results\001_yolo11n_seg_AdamW\label_audit_all\train\000035_extra+00_gt01_pred01_IMG_20260706_100319.jpg,1,1,0,0,0,0.9330718517303467,0.9330718517303467
train,36,E:\mastercode\data\test\images\train\IMG_20260706_100322.jpg,E:\mastercode\ultralytics-main-new\1_results\001_yolo11n_seg_AdamW\label_audit_all\train\000036_extra+01_gt02_pred03_IMG_20260706_100322.jpg,2,3,1,0,1,0.9155087471008301,0.6998790403207144
train,37,E:\mastercode\data\test\images\train\IMG_20260706_100329.jpg,E:\mastercode\ultralytics-main-new\1_results\001_yolo11n_seg_AdamW\label_audit_all\train\000037_extra+00_gt03_pred03_IMG_20260706_100329.jpg,3,3,0,0,0,0.9262322187423706,0.9078666567802429
train,38,E:\mastercode\data\test\images\train\IMG_20260706_100334.jpg,E:\mastercode\ultralytics-main-new\1_results\001_yolo11n_seg_AdamW\label_audit_all\train\000038_extra+00_gt02_pred02_IMG_20260706_100334.jpg,2,2,0,0,0,0.9076710939407349,0.8802039325237274
train,39,E:\mastercode\data\test\images\train\IMG_20260706_100340.jpg,E:\mastercode\ultralytics-main-new\1_results\001_yolo11n_seg_AdamW\label_audit_all\train\000039_extra+02_gt06_pred08_IMG_20260706_100340.jpg,6,8,2,0,2,0.9268304705619812,0.8103874623775482
train,40,E:\mastercode\data\test\images\train\IMG_20260706_100345.jpg,E:\mastercode\ultralytics-main-new\1_results\001_yolo11n_seg_AdamW\label_audit_all\train\000040_extra+01_gt03_pred04_IMG_20260706_100345.jpg,3,4,1,0,1,0.9324687123298645,0.7987322509288788
train,41,E:\mastercode\data\test\images\train\IMG_20260706_100352.jpg,E:\mastercode\ultralytics-main-new\1_results\001_yolo11n_seg_AdamW\label_audit_all\train\000041_extra+01_gt03_pred04_IMG_20260706_100352.jpg,3,4,1,0,1,0.9148138761520386,0.7429017871618271
train,42,E:\mastercode\data\test\images\train\IMG_20260706_100358.jpg,E:\mastercode\ultralytics-main-new\1_results\001_yolo11n_seg_AdamW\label_audit_all\train\000042_extra+00_gt05_pred05_IMG_20260706_100358.jpg,5,5,0,0,0,0.9201316833496094,0.9009711742401123
train,43,E:\mastercode\data\test\images\train\IMG_20260706_100401.jpg,E:\mastercode\ultralytics-main-new\1_results\001_yolo11n_seg_AdamW\label_audit_all\train\000043_extra-01_gt09_pred08_IMG_20260706_100401.jpg,9,8,-1,1,1,0.9281740784645081,0.8017996102571487
train,44,E:\mastercode\data\test\images\train\IMG_20260706_100408.jpg,E:\mastercode\ultralytics-main-new\1_results\001_yolo11n_seg_AdamW\label_audit_all\train\000044_extra-02_gt10_pred08_IMG_20260706_100408.jpg,10,8,-2,2,2,0.9407249689102173,0.8978200256824493
train,45,E:\mastercode\data\test\images\train\IMG_20260706_100428.jpg,E:\mastercode\ultralytics-main-new\1_results\001_yolo11n_seg_AdamW\label_audit_all\train\000045_extra+00_gt01_pred01_IMG_20260706_100428.jpg,1,1,0,0,0,0.8791351318359375,0.8791351318359375
train,46,E:\mastercode\data\test\images\train\IMG_20260706_100433.jpg,E:\mastercode\ultralytics-main-new\1_results\001_yolo11n_seg_AdamW\label_audit_all\train\000046_extra-01_gt08_pred07_IMG_20260706_100433.jpg,8,7,-1,1,1,0.9287163615226746,0.8551586610930306
train,47,E:\mastercode\data\test\images\train\IMG_20260706_100436.jpg,E:\mastercode\ultralytics-main-new\1_results\001_yolo11n_seg_AdamW\label_audit_all\train\000047_extra-01_gt05_pred04_IMG_20260706_100436.jpg,5,4,-1,1,1,0.9294626712799072,0.8656548410654068
train,48,E:\mastercode\data\test\images\train\IMG_20260706_100441.jpg,E:\mastercode\ultralytics-main-new\1_results\001_yolo11n_seg_AdamW\label_audit_all\train\000048_extra+00_gt01_pred01_IMG_20260706_100441.jpg,1,1,0,0,0,0.9204357862472534,0.9204357862472534
train,49,E:\mastercode\data\test\images\train\IMG_20260706_100446.jpg,E:\mastercode\ultralytics-main-new\1_results\001_yolo11n_seg_AdamW\label_audit_all\train\000049_extra+02_gt02_pred04_IMG_20260706_100446.jpg,2,4,2,0,2,0.927300214767456,0.647181786596775
train,50,E:\mastercode\data\test\images\train\IMG_20260706_100449.jpg,E:\mastercode\ultralytics-main-new\1_results\001_yolo11n_seg_AdamW\label_audit_all\train\000050_extra+00_gt07_pred07_IMG_20260706_100449.jpg,7,7,0,0,0,0.945288360118866,0.7888732637677874
train,51,E:\mastercode\data\test\images\train\IMG_20260706_100452.jpg,E:\mastercode\ultralytics-main-new\1_results\001_yolo11n_seg_AdamW\label_audit_all\train\000051_extra+00_gt04_pred04_IMG_20260706_100452.jpg,4,4,0,0,0,0.9359738826751709,0.8866399377584457
train,52,E:\mastercode\data\test\images\train\IMG_20260706_100454.jpg,E:\mastercode\ultralytics-main-new\1_results\001_yolo11n_seg_AdamW\label_audit_all\train\000052_extra-15_gt22_pred07_IMG_20260706_100454.jpg,22,7,-15,15,15,0.9195188879966736,0.5496559057916913
train,53,E:\mastercode\data\test\images\train\IMG_20260706_100456.jpg,E:\mastercode\ultralytics-main-new\1_results\001_yolo11n_seg_AdamW\label_audit_all\train\000053_extra+00_gt04_pred04_IMG_20260706_100456.jpg,4,4,0,0,0,0.9016885757446289,0.7808714956045151
train,54,E:\mastercode\data\test\images\train\IMG_20260706_100627.jpg,E:\mastercode\ultralytics-main-new\1_results\001_yolo11n_seg_AdamW\label_audit_all\train\000054_extra+00_gt14_pred14_IMG_20260706_100627.jpg,14,14,0,0,0,0.9431930184364319,0.8944821740899768
train,55,E:\mastercode\data\test\images\train\IMG_20260706_100629.jpg,E:\mastercode\ultralytics-main-new\1_results\001_yolo11n_seg_AdamW\label_audit_all\train\000055_extra+00_gt06_pred06_IMG_20260706_100629.jpg,6,6,0,0,0,0.9471846222877502,0.9167008697986603
train,56,E:\mastercode\data\test\images\train\IMG_20260706_100631.jpg,E:\mastercode\ultralytics-main-new\1_results\001_yolo11n_seg_AdamW\label_audit_all\train\000056_extra+00_gt03_pred03_IMG_20260706_100631.jpg,3,3,0,0,0,0.9507378339767456,0.9367190996805826
train,57,E:\mastercode\data\test\images\train\IMG_20260706_100633.jpg,E:\mastercode\ultralytics-main-new\1_results\001_yolo11n_seg_AdamW\label_audit_all\train\000057_extra-01_gt07_pred06_IMG_20260706_100633.jpg,7,6,-1,1,1,0.9474635124206543,0.9139153957366943
train,58,E:\mastercode\data\test\images\train\IMG_20260706_100636.jpg,E:\mastercode\ultralytics-main-new\1_results\001_yolo11n_seg_AdamW\label_audit_all\train\000058_extra+01_gt05_pred06_IMG_20260706_100636.jpg,5,6,1,0,1,0.9546113610267639,0.7653793096542358
train,59,E:\mastercode\data\test\images\train\IMG_20260706_100640.jpg,E:\mastercode\ultralytics-main-new\1_results\001_yolo11n_seg_AdamW\label_audit_all\train\000059_extra+00_gt03_pred03_IMG_20260706_100640.jpg,3,3,0,0,0,0.9459174871444702,0.9242638150850931
train,60,E:\mastercode\data\test\images\train\IMG_20260706_100642.jpg,E:\mastercode\ultralytics-main-new\1_results\001_yolo11n_seg_AdamW\label_audit_all\train\000060_extra+00_gt06_pred06_IMG_20260706_100642.jpg,6,6,0,0,0,0.9080175757408142,0.8340321580568949
train,61,E:\mastercode\data\test\images\train\IMG_20260706_100745.jpg,E:\mastercode\ultralytics-main-new\1_results\001_yolo11n_seg_AdamW\label_audit_all\train\000061_extra+00_gt05_pred05_IMG_20260706_100745.jpg,5,5,0,0,0,0.9491159915924072,0.8702118039131165
train,62,E:\mastercode\data\test\images\train\IMG_20260706_100747.jpg,E:\mastercode\ultralytics-main-new\1_results\001_yolo11n_seg_AdamW\label_audit_all\train\000062_extra+00_gt04_pred04_IMG_20260706_100747.jpg,4,4,0,0,0,0.9501531720161438,0.9385032802820206
train,63,E:\mastercode\data\test\images\train\IMG_20260706_100754.jpg,E:\mastercode\ultralytics-main-new\1_results\001_yolo11n_seg_AdamW\label_audit_all\train\000063_extra+00_gt02_pred02_IMG_20260706_100754.jpg,2,2,0,0,0,0.9397051930427551,0.938851535320282
train,64,E:\mastercode\data\test\images\train\IMG_20260706_100755.jpg,E:\mastercode\ultralytics-main-new\1_results\001_yolo11n_seg_AdamW\label_audit_all\train\000064_extra+01_gt03_pred04_IMG_20260706_100755.jpg,3,4,1,0,1,0.9399721026420593,0.6734316349029541
train,65,E:\mastercode\data\test\images\train\IMG_20260706_100801.jpg,E:\mastercode\ultralytics-main-new\1_results\001_yolo11n_seg_AdamW\label_audit_all\train\000065_extra+02_gt02_pred04_IMG_20260706_100801.jpg,2,4,2,0,2,0.940912127494812,0.7971606105566025
train,66,E:\mastercode\data\test\images\train\IMG_20260706_100806.jpg,E:\mastercode\ultralytics-main-new\1_results\001_yolo11n_seg_AdamW\label_audit_all\train\000066_extra-02_gt06_pred04_IMG_20260706_100806.jpg,6,4,-2,2,2,0.9168305397033691,0.8753374963998795
train,67,E:\mastercode\data\test\images\train\IMG_20260706_100819.jpg,E:\mastercode\ultralytics-main-new\1_results\001_yolo11n_seg_AdamW\label_audit_all\train\000067_extra+00_gt01_pred01_IMG_20260706_100819.jpg,1,1,0,0,0,0.9413713216781616,0.9413713216781616
train,68,E:\mastercode\data\test\images\train\IMG_20260706_100825.jpg,E:\mastercode\ultralytics-main-new\1_results\001_yolo11n_seg_AdamW\label_audit_all\train\000068_extra+00_gt01_pred01_IMG_20260706_100825.jpg,1,1,0,0,0,0.9297997951507568,0.9297997951507568
train,69,E:\mastercode\data\test\images\train\IMG_20260706_100839.jpg,E:\mastercode\ultralytics-main-new\1_results\001_yolo11n_seg_AdamW\label_audit_all\train\000069_extra+00_gt01_pred01_IMG_20260706_100839.jpg,1,1,0,0,0,0.933409571647644,0.933409571647644
train,70,E:\mastercode\data\test\images\train\IMG_20260706_100843.jpg,E:\mastercode\ultralytics-main-new\1_results\001_yolo11n_seg_AdamW\label_audit_all\train\000070_extra+01_gt08_pred09_IMG_20260706_100843.jpg,8,9,1,0,1,0.9358146786689758,0.656825559006797
train,71,E:\mastercode\data\test\images\train\IMG_20260706_100852.jpg,E:\mastercode\ultralytics-main-new\1_results\001_yolo11n_seg_AdamW\label_audit_all\train\000071_extra+00_gt02_pred02_IMG_20260706_100852.jpg,2,2,0,0,0,0.9318536520004272,0.9135685563087463
train,72,E:\mastercode\data\test\images\train\IMG_20260706_100854.jpg,E:\mastercode\ultralytics-main-new\1_results\001_yolo11n_seg_AdamW\label_audit_all\train\000072_extra+00_gt02_pred02_IMG_20260706_100854.jpg,2,2,0,0,0,0.9382232427597046,0.9269709885120392
train,73,E:\mastercode\data\test\images\train\IMG_20260706_100858.jpg,E:\mastercode\ultralytics-main-new\1_results\001_yolo11n_seg_AdamW\label_audit_all\train\000073_extra+00_gt02_pred02_IMG_20260706_100858.jpg,2,2,0,0,0,0.9228144884109497,0.849913477897644
train,74,E:\mastercode\data\test\images\train\IMG_20260706_100907.jpg,E:\mastercode\ultralytics-main-new\1_results\001_yolo11n_seg_AdamW\label_audit_all\train\000074_extra+00_gt02_pred02_IMG_20260706_100907.jpg,2,2,0,0,0,0.928047239780426,0.9203582108020782
train,75,E:\mastercode\data\test\images\train\IMG_20260706_100910.jpg,E:\mastercode\ultralytics-main-new\1_results\001_yolo11n_seg_AdamW\label_audit_all\train\000075_extra+00_gt03_pred03_IMG_20260706_100910.jpg,3,3,0,0,0,0.9394338726997375,0.9228812654813131
train,76,E:\mastercode\data\test\images\train\IMG_20260706_100912.jpg,E:\mastercode\ultralytics-main-new\1_results\001_yolo11n_seg_AdamW\label_audit_all\train\000076_extra+00_gt01_pred01_IMG_20260706_100912.jpg,1,1,0,0,0,0.9345561861991882,0.9345561861991882
train,77,E:\mastercode\data\test\images\train\IMG_20260706_100918.jpg,E:\mastercode\ultralytics-main-new\1_results\001_yolo11n_seg_AdamW\label_audit_all\train\000077_extra-03_gt04_pred01_IMG_20260706_100918.jpg,4,1,-3,3,3,0.9365159869194031,0.9365159869194031
train,78,E:\mastercode\data\test\images\train\IMG_20260706_100920.jpg,E:\mastercode\ultralytics-main-new\1_results\001_yolo11n_seg_AdamW\label_audit_all\train\000078_extra+00_gt01_pred01_IMG_20260706_100920.jpg,1,1,0,0,0,0.9358570575714111,0.9358570575714111
train,79,E:\mastercode\data\test\images\train\IMG_20260706_100923.jpg,E:\mastercode\ultralytics-main-new\1_results\001_yolo11n_seg_AdamW\label_audit_all\train\000079_extra-02_gt06_pred04_IMG_20260706_100923.jpg,6,4,-2,2,2,0.946816086769104,0.7740684822201729
train,80,E:\mastercode\data\test\images\train\IMG_20260706_100929.jpg,E:\mastercode\ultralytics-main-new\1_results\001_yolo11n_seg_AdamW\label_audit_all\train\000080_extra+00_gt01_pred01_IMG_20260706_100929.jpg,1,1,0,0,0,0.9470390677452087,0.9470390677452087
train,81,E:\mastercode\data\test\images\train\IMG_20260706_100932.jpg,E:\mastercode\ultralytics-main-new\1_results\001_yolo11n_seg_AdamW\label_audit_all\train\000081_extra+00_gt01_pred01_IMG_20260706_100932.jpg,1,1,0,0,0,0.8974368572235107,0.8974368572235107
train,82,E:\mastercode\data\test\images\train\IMG_20260706_100937.jpg,E:\mastercode\ultralytics-main-new\1_results\001_yolo11n_seg_AdamW\label_audit_all\train\000082_extra+00_gt01_pred01_IMG_20260706_100937.jpg,1,1,0,0,0,0.9569503664970398,0.9569503664970398
train,83,E:\mastercode\data\test\images\train\IMG_20260706_100944.jpg,E:\mastercode\ultralytics-main-new\1_results\001_yolo11n_seg_AdamW\label_audit_all\train\000083_extra+01_gt01_pred02_IMG_20260706_100944.jpg,1,2,1,0,1,0.9358852505683899,0.7636311948299408
train,84,E:\mastercode\data\test\images\train\IMG_20260706_100951.jpg,E:\mastercode\ultralytics-main-new\1_results\001_yolo11n_seg_AdamW\label_audit_all\train\000084_extra+00_gt03_pred03_IMG_20260706_100951.jpg,3,3,0,0,0,0.8912770748138428,0.8226379156112671
train,85,E:\mastercode\data\test\images\train\IMG_20260706_100958.jpg,E:\mastercode\ultralytics-main-new\1_results\001_yolo11n_seg_AdamW\label_audit_all\train\000085_extra+00_gt01_pred01_IMG_20260706_100958.jpg,1,1,0,0,0,0.9377942681312561,0.9377942681312561
train,86,E:\mastercode\data\test\images\train\IMG_20260706_101001.jpg,E:\mastercode\ultralytics-main-new\1_results\001_yolo11n_seg_AdamW\label_audit_all\train\000086_extra-01_gt07_pred06_IMG_20260706_101001.jpg,7,6,-1,1,1,0.941246509552002,0.7921347816785177
train,87,E:\mastercode\data\test\images\train\IMG_20260706_101004.jpg,E:\mastercode\ultralytics-main-new\1_results\001_yolo11n_seg_AdamW\label_audit_all\train\000087_extra+01_gt04_pred05_IMG_20260706_101004.jpg,4,5,1,0,1,0.9465972781181335,0.6822148144245148
train,88,E:\mastercode\data\test\images\train\IMG_20260706_101007.jpg,E:\mastercode\ultralytics-main-new\1_results\001_yolo11n_seg_AdamW\label_audit_all\train\000088_extra+02_gt05_pred07_IMG_20260706_101007.jpg,5,7,2,0,2,0.9384455680847168,0.7589515107018607
train,89,E:\mastercode\data\test\images\train\IMG_20260706_101012.jpg,E:\mastercode\ultralytics-main-new\1_results\001_yolo11n_seg_AdamW\label_audit_all\train\000089_extra-02_gt15_pred13_IMG_20260706_101012.jpg,15,13,-2,2,2,0.9260067343711853,0.7445317873587975
train,90,E:\mastercode\data\test\images\train\IMG_20260706_101018.jpg,E:\mastercode\ultralytics-main-new\1_results\001_yolo11n_seg_AdamW\label_audit_all\train\000090_extra+00_gt01_pred01_IMG_20260706_101018.jpg,1,1,0,0,0,0.8791744709014893,0.8791744709014893
train,91,E:\mastercode\data\test\images\train\IMG_20260706_101037.jpg,E:\mastercode\ultralytics-main-new\1_results\001_yolo11n_seg_AdamW\label_audit_all\train\000091_extra+00_gt03_pred03_IMG_20260706_101037.jpg,3,3,0,0,0,0.9356066584587097,0.71356929341952
train,92,E:\mastercode\data\test\images\train\IMG_20260706_101047.jpg,E:\mastercode\ultralytics-main-new\1_results\001_yolo11n_seg_AdamW\label_audit_all\train\000092_extra+00_gt01_pred01_IMG_20260706_101047.jpg,1,1,0,0,0,0.9388838410377502,0.9388838410377502
train,93,E:\mastercode\data\test\images\train\IMG_20260706_101051.jpg,E:\mastercode\ultralytics-main-new\1_results\001_yolo11n_seg_AdamW\label_audit_all\train\000093_extra-02_gt05_pred03_IMG_20260706_101051.jpg,5,3,-2,2,2,0.8827396631240845,0.6382016738255819
train,94,E:\mastercode\data\test\images\train\IMG_20260706_101059.jpg,E:\mastercode\ultralytics-main-new\1_results\001_yolo11n_seg_AdamW\label_audit_all\train\000094_extra+00_gt04_pred04_IMG_20260706_101059.jpg,4,4,0,0,0,0.9408917427062988,0.9145867079496384
train,95,E:\mastercode\data\test\images\train\IMG_20260706_101203.jpg,E:\mastercode\ultralytics-main-new\1_results\001_yolo11n_seg_AdamW\label_audit_all\train\000095_extra+01_gt03_pred04_IMG_20260706_101203.jpg,3,4,1,0,1,0.9097658395767212,0.6923711746931076
train,96,E:\mastercode\data\test\images\train\IMG_20260706_101218.jpg,E:\mastercode\ultralytics-main-new\1_results\001_yolo11n_seg_AdamW\label_audit_all\train\000096_extra+00_gt03_pred03_IMG_20260706_101218.jpg,3,3,0,0,0,0.9269106388092041,0.690629651149114
train,97,E:\mastercode\data\test\images\train\IMG_20260706_101220.jpg,E:\mastercode\ultralytics-main-new\1_results\001_yolo11n_seg_AdamW\label_audit_all\train\000097_extra+00_gt03_pred03_IMG_20260706_101220.jpg,3,3,0,0,0,0.9465191960334778,0.920258084932963
train,98,E:\mastercode\data\test\images\train\IMG_20260706_101222.jpg,E:\mastercode\ultralytics-main-new\1_results\001_yolo11n_seg_AdamW\label_audit_all\train\000098_extra+01_gt03_pred04_IMG_20260706_101222.jpg,3,4,1,0,1,0.9417587518692017,0.6700408682227135
train,99,E:\mastercode\data\test\images\train\IMG_20260706_101225.jpg,E:\mastercode\ultralytics-main-new\1_results\001_yolo11n_seg_AdamW\label_audit_all\train\000099_extra+00_gt01_pred01_IMG_20260706_101225.jpg,1,1,0,0,0,0.9292313456535339,0.9292313456535339
train,100,E:\mastercode\data\test\images\train\IMG_20260706_101230.jpg,E:\mastercode\ultralytics-main-new\1_results\001_yolo11n_seg_AdamW\label_audit_all\train\000100_extra+00_gt01_pred01_IMG_20260706_101230.jpg,1,1,0,0,0,0.9399862289428711,0.9399862289428711
train,101,E:\mastercode\data\test\images\train\IMG_20260706_101233.jpg,E:\mastercode\ultralytics-main-new\1_results\001_yolo11n_seg_AdamW\label_audit_all\train\000101_extra+00_gt03_pred03_IMG_20260706_101233.jpg,3,3,0,0,0,0.9278183579444885,0.8536374767621359
train,102,E:\mastercode\data\test\images\train\IMG_20260706_101238.jpg,E:\mastercode\ultralytics-main-new\1_results\001_yolo11n_seg_AdamW\label_audit_all\train\000102_extra+01_gt01_pred02_IMG_20260706_101238.jpg,1,2,1,0,1,0.9073442220687866,0.5951416343450546
train,103,E:\mastercode\data\test\images\train\IMG_20260706_101706.jpg,E:\mastercode\ultralytics-main-new\1_results\001_yolo11n_seg_AdamW\label_audit_all\train\000103_extra+00_gt01_pred01_IMG_20260706_101706.jpg,1,1,0,0,0,0.9317925572395325,0.9317925572395325
train,104,E:\mastercode\data\test\images\train\IMG_20260706_101714.jpg,E:\mastercode\ultralytics-main-new\1_results\001_yolo11n_seg_AdamW\label_audit_all\train\000104_extra+01_gt03_pred04_IMG_20260706_101714.jpg,3,4,1,0,1,0.9441160559654236,0.8379587531089783
train,105,E:\mastercode\data\test\images\train\IMG_20260706_101717.jpg,E:\mastercode\ultralytics-main-new\1_results\001_yolo11n_seg_AdamW\label_audit_all\train\000105_extra-02_gt06_pred04_IMG_20260706_101717.jpg,6,4,-2,2,2,0.9282550811767578,0.8143797814846039
train,106,E:\mastercode\data\test\images\train\IMG_20260706_101719.jpg,E:\mastercode\ultralytics-main-new\1_results\001_yolo11n_seg_AdamW\label_audit_all\train\000106_extra+00_gt03_pred03_IMG_20260706_101719.jpg,3,3,0,0,0,0.9322842359542847,0.815550684928894
train,107,E:\mastercode\data\test\images\train\IMG_20260706_101731.jpg,E:\mastercode\ultralytics-main-new\1_results\001_yolo11n_seg_AdamW\label_audit_all\train\000107_extra+00_gt02_pred02_IMG_20260706_101731.jpg,2,2,0,0,0,0.9349080920219421,0.9339205026626587
train,108,E:\mastercode\data\test\images\train\IMG_20260706_101748.jpg,E:\mastercode\ultralytics-main-new\1_results\001_yolo11n_seg_AdamW\label_audit_all\train\000108_extra+00_gt03_pred03_IMG_20260706_101748.jpg,3,3,0,0,0,0.9427640438079834,0.9367887377738953
train,109,E:\mastercode\data\test\images\train\IMG_20260706_101750.jpg,E:\mastercode\ultralytics-main-new\1_results\001_yolo11n_seg_AdamW\label_audit_all\train\000109_extra+01_gt03_pred04_IMG_20260706_101750.jpg,3,4,1,0,1,0.944777250289917,0.8298093378543854
train,110,E:\mastercode\data\test\images\train\IMG_20260706_101753.jpg,E:\mastercode\ultralytics-main-new\1_results\001_yolo11n_seg_AdamW\label_audit_all\train\000110_extra+01_gt04_pred05_IMG_20260706_101753.jpg,4,5,1,0,1,0.9416996836662292,0.7881428718566894
train,111,E:\mastercode\data\test\images\train\IMG_20260706_101755.jpg,E:\mastercode\ultralytics-main-new\1_results\001_yolo11n_seg_AdamW\label_audit_all\train\000111_extra+01_gt07_pred08_IMG_20260706_101755.jpg,7,8,1,0,1,0.9433779120445251,0.7221558839082718
train,112,E:\mastercode\data\test\images\train\IMG_20260706_101759.jpg,E:\mastercode\ultralytics-main-new\1_results\001_yolo11n_seg_AdamW\label_audit_all\train\000112_extra+01_gt05_pred06_IMG_20260706_101759.jpg,5,6,1,0,1,0.935060977935791,0.8043315062920252
train,113,E:\mastercode\data\test\images\train\IMG_20260706_101802.jpg,E:\mastercode\ultralytics-main-new\1_results\001_yolo11n_seg_AdamW\label_audit_all\train\000113_extra-01_gt03_pred02_IMG_20260706_101802.jpg,3,2,-1,1,1,0.9460129141807556,0.9382568001747131
train,114,E:\mastercode\data\test\images\train\IMG_20260706_101804.jpg,E:\mastercode\ultralytics-main-new\1_results\001_yolo11n_seg_AdamW\label_audit_all\train\000114_extra+00_gt03_pred03_IMG_20260706_101804.jpg,3,3,0,0,0,0.9440498352050781,0.9235896666844686
train,115,E:\mastercode\data\test\images\train\IMG_20260706_101809.jpg,E:\mastercode\ultralytics-main-new\1_results\001_yolo11n_seg_AdamW\label_audit_all\train\000115_extra+00_gt03_pred03_IMG_20260706_101809.jpg,3,3,0,0,0,0.9422363638877869,0.9030888279279073
train,116,E:\mastercode\data\test\images\train\IMG_20260706_101814.jpg,E:\mastercode\ultralytics-main-new\1_results\001_yolo11n_seg_AdamW\label_audit_all\train\000116_extra+01_gt04_pred05_IMG_20260706_101814.jpg,4,5,1,0,1,0.9265999794006348,0.8817677974700928
train,117,E:\mastercode\data\test\images\train\IMG_20260706_101820.jpg,E:\mastercode\ultralytics-main-new\1_results\001_yolo11n_seg_AdamW\label_audit_all\train\000117_extra+00_gt02_pred02_IMG_20260706_101820.jpg,2,2,0,0,0,0.9407340288162231,0.9375221133232117
train,118,E:\mastercode\data\test\images\train\IMG_20260706_101824.jpg,E:\mastercode\ultralytics-main-new\1_results\001_yolo11n_seg_AdamW\label_audit_all\train\000118_extra+01_gt02_pred03_IMG_20260706_101824.jpg,2,3,1,0,1,0.8352090716362,0.796078642209371
train,119,E:\mastercode\data\test\images\train\IMG_20260706_101828.jpg,E:\mastercode\ultralytics-main-new\1_results\001_yolo11n_seg_AdamW\label_audit_all\train\000119_extra-01_gt02_pred01_IMG_20260706_101828.jpg,2,1,-1,1,1,0.8404594659805298,0.8404594659805298
train,120,E:\mastercode\data\test\images\train\IMG_20260706_101837.jpg,E:\mastercode\ultralytics-main-new\1_results\001_yolo11n_seg_AdamW\label_audit_all\train\000120_extra+00_gt02_pred02_IMG_20260706_101837.jpg,2,2,0,0,0,0.9380872845649719,0.9342111349105835
train,121,E:\mastercode\data\test\images\train\IMG_20260706_101838.jpg,E:\mastercode\ultralytics-main-new\1_results\001_yolo11n_seg_AdamW\label_audit_all\train\000121_extra+00_gt01_pred01_IMG_20260706_101838.jpg,1,1,0,0,0,0.9376656413078308,0.9376656413078308
train,122,E:\mastercode\data\test\images\train\IMG_20260706_101901.jpg,E:\mastercode\ultralytics-main-new\1_results\001_yolo11n_seg_AdamW\label_audit_all\train\000122_extra+00_gt03_pred03_IMG_20260706_101901.jpg,3,3,0,0,0,0.9333112239837646,0.8097951610883077
train,123,E:\mastercode\data\test\images\train\IMG_20260706_101908.jpg,E:\mastercode\ultralytics-main-new\1_results\001_yolo11n_seg_AdamW\label_audit_all\train\000123_extra-02_gt05_pred03_IMG_20260706_101908.jpg,5,3,-2,2,2,0.9215089082717896,0.6941559016704559
train,124,E:\mastercode\data\test\images\train\IMG_20260706_101913.jpg,E:\mastercode\ultralytics-main-new\1_results\001_yolo11n_seg_AdamW\label_audit_all\train\000124_extra+00_gt01_pred01_IMG_20260706_101913.jpg,1,1,0,0,0,0.9511484503746033,0.9511484503746033
train,125,E:\mastercode\data\test\images\train\IMG_20260706_101918.jpg,E:\mastercode\ultralytics-main-new\1_results\001_yolo11n_seg_AdamW\label_audit_all\train\000125_extra+02_gt02_pred04_IMG_20260706_101918.jpg,2,4,2,0,2,0.9427499771118164,0.6812922358512878
train,126,E:\mastercode\data\test\images\train\IMG_20260706_101929.jpg,E:\mastercode\ultralytics-main-new\1_results\001_yolo11n_seg_AdamW\label_audit_all\train\000126_extra-02_gt09_pred07_IMG_20260706_101929.jpg,9,7,-2,2,2,0.9329084157943726,0.7262352790151324
train,127,E:\mastercode\data\test\images\train\IMG_20260706_101933.jpg,E:\mastercode\ultralytics-main-new\1_results\001_yolo11n_seg_AdamW\label_audit_all\train\000127_extra+00_gt02_pred02_IMG_20260706_101933.jpg,2,2,0,0,0,0.9391390681266785,0.9308309853076935
train,128,E:\mastercode\data\test\images\train\IMG_20260706_101940.jpg,E:\mastercode\ultralytics-main-new\1_results\001_yolo11n_seg_AdamW\label_audit_all\train\000128_extra+00_gt01_pred01_IMG_20260706_101940.jpg,1,1,0,0,0,0.9354719519615173,0.9354719519615173
train,129,E:\mastercode\data\test\images\train\IMG_20260706_101944.jpg,E:\mastercode\ultralytics-main-new\1_results\001_yolo11n_seg_AdamW\label_audit_all\train\000129_extra+00_gt02_pred02_IMG_20260706_101944.jpg,2,2,0,0,0,0.8960763216018677,0.8886113464832306
train,130,E:\mastercode\data\test\images\train\IMG_20260706_101947.jpg,E:\mastercode\ultralytics-main-new\1_results\001_yolo11n_seg_AdamW\label_audit_all\train\000130_extra+01_gt04_pred05_IMG_20260706_101947.jpg,4,5,1,0,1,0.9344976544380188,0.7383529961109161
train,131,E:\mastercode\data\test\images\train\IMG_20260706_101949.jpg,E:\mastercode\ultralytics-main-new\1_results\001_yolo11n_seg_AdamW\label_audit_all\train\000131_extra+01_gt02_pred03_IMG_20260706_101949.jpg,2,3,1,0,1,0.8223533034324646,0.6003469129403433
train,132,E:\mastercode\data\test\images\train\IMG_20260706_102006.jpg,E:\mastercode\ultralytics-main-new\1_results\001_yolo11n_seg_AdamW\label_audit_all\train\000132_extra+00_gt01_pred01_IMG_20260706_102006.jpg,1,1,0,0,0,0.9434040188789368,0.9434040188789368
train,133,E:\mastercode\data\test\images\train\IMG_20260706_102012.jpg,E:\mastercode\ultralytics-main-new\1_results\001_yolo11n_seg_AdamW\label_audit_all\train\000133_extra+02_gt01_pred03_IMG_20260706_102012.jpg,1,3,2,0,2,0.9462299942970276,0.5543847580750784
train,134,E:\mastercode\data\test\images\train\IMG_20260706_102039.jpg,E:\mastercode\ultralytics-main-new\1_results\001_yolo11n_seg_AdamW\label_audit_all\train\000134_extra+00_gt02_pred02_IMG_20260706_102039.jpg,2,2,0,0,0,0.7899380922317505,0.786594420671463
train,135,E:\mastercode\data\test\images\train\IMG_20260706_102043.jpg,E:\mastercode\ultralytics-main-new\1_results\001_yolo11n_seg_AdamW\label_audit_all\train\000135_extra+01_gt01_pred02_IMG_20260706_102043.jpg,1,2,1,0,1,0.9406863451004028,0.7202123552560806
train,136,E:\mastercode\data\test\images\train\IMG_20260706_102048.jpg,E:\mastercode\ultralytics-main-new\1_results\001_yolo11n_seg_AdamW\label_audit_all\train\000136_extra+01_gt01_pred02_IMG_20260706_102048.jpg,1,2,1,0,1,0.9093855619430542,0.6218012422323227
train,137,E:\mastercode\data\test\images\train\IMG_20260706_102114.jpg,E:\mastercode\ultralytics-main-new\1_results\001_yolo11n_seg_AdamW\label_audit_all\train\000137_extra+00_gt01_pred01_IMG_20260706_102114.jpg,1,1,0,0,0,0.9119290113449097,0.9119290113449097
train,138,E:\mastercode\data\test\images\train\IMG_20260706_102147.jpg,E:\mastercode\ultralytics-main-new\1_results\001_yolo11n_seg_AdamW\label_audit_all\train\000138_extra+01_gt06_pred07_IMG_20260706_102147.jpg,6,7,1,0,1,0.9276781678199768,0.6799581944942474
train,139,E:\mastercode\data\test\images\train\IMG_20260706_102151.jpg,E:\mastercode\ultralytics-main-new\1_results\001_yolo11n_seg_AdamW\label_audit_all\train\000139_extra-04_gt08_pred04_IMG_20260706_102151.jpg,8,4,-4,4,4,0.9546255469322205,0.8862551748752594
train,140,E:\mastercode\data\test\images\train\IMG_20260706_102200.jpg,E:\mastercode\ultralytics-main-new\1_results\001_yolo11n_seg_AdamW\label_audit_all\train\000140_extra+01_gt01_pred02_IMG_20260706_102200.jpg,1,2,1,0,1,0.9192959666252136,0.6688795238733292
train,141,E:\mastercode\data\test\images\train\IMG_20260706_102202.jpg,E:\mastercode\ultralytics-main-new\1_results\001_yolo11n_seg_AdamW\label_audit_all\train\000141_extra+00_gt01_pred01_IMG_20260706_102202.jpg,1,1,0,0,0,0.9307562112808228,0.9307562112808228
train,142,E:\mastercode\data\test\images\train\IMG_20260706_102209.jpg,E:\mastercode\ultralytics-main-new\1_results\001_yolo11n_seg_AdamW\label_audit_all\train\000142_extra-02_gt07_pred05_IMG_20260706_102209.jpg,7,5,-2,2,2,0.9412474632263184,0.7840640783309937
train,143,E:\mastercode\data\test\images\train\IMG_20260706_102219.jpg,E:\mastercode\ultralytics-main-new\1_results\001_yolo11n_seg_AdamW\label_audit_all\train\000143_extra+00_gt00_pred00_IMG_20260706_102219.jpg,0,0,0,0,0,0.0,0.0
train,144,E:\mastercode\data\test\images\train\IMG_20260706_102223.jpg,E:\mastercode\ultralytics-main-new\1_results\001_yolo11n_seg_AdamW\label_audit_all\train\000144_extra+00_gt06_pred06_IMG_20260706_102223.jpg,6,6,0,0,0,0.8935257196426392,0.7203473150730133
train,145,E:\mastercode\data\test\images\train\IMG_20260706_102229.jpg,E:\mastercode\ultralytics-main-new\1_results\001_yolo11n_seg_AdamW\label_audit_all\train\000145_extra+00_gt03_pred03_IMG_20260706_102229.jpg,3,3,0,0,0,0.9014265537261963,0.8502189914385477
train,146,E:\mastercode\data\test\images\train\IMG_20260706_102231.jpg,E:\mastercode\ultralytics-main-new\1_results\001_yolo11n_seg_AdamW\label_audit_all\train\000146_extra+00_gt02_pred02_IMG_20260706_102231.jpg,2,2,0,0,0,0.9442921280860901,0.9016126990318298
train,147,E:\mastercode\data\test\images\train\IMG_20260706_102237.jpg,E:\mastercode\ultralytics-main-new\1_results\001_yolo11n_seg_AdamW\label_audit_all\train\000147_extra+00_gt02_pred02_IMG_20260706_102237.jpg,2,2,0,0,0,0.9204309582710266,0.8544106781482697
train,148,E:\mastercode\data\test\images\train\IMG_20260706_102250.jpg,E:\mastercode\ultralytics-main-new\1_results\001_yolo11n_seg_AdamW\label_audit_all\train\000148_extra+00_gt02_pred02_IMG_20260706_102250.jpg,2,2,0,0,0,0.9356508851051331,0.5975539684295654
train,149,E:\mastercode\data\test\images\train\IMG_20260706_102341.jpg,E:\mastercode\ultralytics-main-new\1_results\001_yolo11n_seg_AdamW\label_audit_all\train\000149_extra+00_gt01_pred01_IMG_20260706_102341.jpg,1,1,0,0,0,0.9360142946243286,0.9360142946243286
train,150,E:\mastercode\data\test\images\train\IMG_20260706_102602.jpg,E:\mastercode\ultralytics-main-new\1_results\001_yolo11n_seg_AdamW\label_audit_all\train\000150_extra+00_gt02_pred02_IMG_20260706_102602.jpg,2,2,0,0,0,0.9340341091156006,0.8807248771190643
train,151,E:\mastercode\data\test\images\train\IMG_20260706_102603.jpg,E:\mastercode\ultralytics-main-new\1_results\001_yolo11n_seg_AdamW\label_audit_all\train\000151_extra+00_gt02_pred02_IMG_20260706_102603.jpg,2,2,0,0,0,0.9458630681037903,0.8807049691677094
train,152,E:\mastercode\data\test\images\train\IMG_20260706_102605.jpg,E:\mastercode\ultralytics-main-new\1_results\001_yolo11n_seg_AdamW\label_audit_all\train\000152_extra+04_gt06_pred10_IMG_20260706_102605.jpg,6,10,4,0,4,0.905733048915863,0.7382510811090469
train,153,E:\mastercode\data\test\images\train\IMG_20260706_102607.jpg,E:\mastercode\ultralytics-main-new\1_results\001_yolo11n_seg_AdamW\label_audit_all\train\000153_extra+02_gt03_pred05_IMG_20260706_102607.jpg,3,5,2,0,2,0.9321749806404114,0.6913091957569122
train,154,E:\mastercode\data\test\images\train\IMG_20260706_102609.jpg,E:\mastercode\ultralytics-main-new\1_results\001_yolo11n_seg_AdamW\label_audit_all\train\000154_extra-01_gt05_pred04_IMG_20260706_102609.jpg,5,4,-1,1,1,0.931806206703186,0.8960875868797302
train,155,E:\mastercode\data\test\images\train\IMG_20260706_102612.jpg,E:\mastercode\ultralytics-main-new\1_results\001_yolo11n_seg_AdamW\label_audit_all\train\000155_extra+00_gt01_pred01_IMG_20260706_102612.jpg,1,1,0,0,0,0.9296841621398926,0.9296841621398926
train,156,E:\mastercode\data\test\images\train\IMG_20260706_102614.jpg,E:\mastercode\ultralytics-main-new\1_results\001_yolo11n_seg_AdamW\label_audit_all\train\000156_extra+00_gt02_pred02_IMG_20260706_102614.jpg,2,2,0,0,0,0.8970451951026917,0.6240867525339127
train,157,E:\mastercode\data\test\images\train\IMG_20260706_102617.jpg,E:\mastercode\ultralytics-main-new\1_results\001_yolo11n_seg_AdamW\label_audit_all\train\000157_extra+00_gt03_pred03_IMG_20260706_102617.jpg,3,3,0,0,0,0.928912878036499,0.8715370297431946
train,158,E:\mastercode\data\test\images\train\IMG_20260706_102621.jpg,E:\mastercode\ultralytics-main-new\1_results\001_yolo11n_seg_AdamW\label_audit_all\train\000158_extra+00_gt02_pred02_IMG_20260706_102621.jpg,2,2,0,0,0,0.9396040439605713,0.9343539178371429
train,159,E:\mastercode\data\test\images\train\IMG_20260706_102623.jpg,E:\mastercode\ultralytics-main-new\1_results\001_yolo11n_seg_AdamW\label_audit_all\train\000159_extra+00_gt03_pred03_IMG_20260706_102623.jpg,3,3,0,0,0,0.9272869825363159,0.8863960107167562
train,160,E:\mastercode\data\test\images\train\IMG_20260706_102624.jpg,E:\mastercode\ultralytics-main-new\1_results\001_yolo11n_seg_AdamW\label_audit_all\train\000160_extra-01_gt02_pred01_IMG_20260706_102624.jpg,2,1,-1,1,1,0.9102790355682373,0.9102790355682373
train,161,E:\mastercode\data\test\images\train\IMG_20260706_102627.jpg,E:\mastercode\ultralytics-main-new\1_results\001_yolo11n_seg_AdamW\label_audit_all\train\000161_extra-03_gt06_pred03_IMG_20260706_102627.jpg,6,3,-3,3,3,0.9100543260574341,0.7792782187461853
train,162,E:\mastercode\data\test\images\train\IMG_20260706_102640.jpg,E:\mastercode\ultralytics-main-new\1_results\001_yolo11n_seg_AdamW\label_audit_all\train\000162_extra+00_gt14_pred14_IMG_20260706_102640.jpg,14,14,0,0,0,0.9462242126464844,0.743909974183355
train,163,E:\mastercode\data\test\images\train\IMG_20260706_102643.jpg,E:\mastercode\ultralytics-main-new\1_results\001_yolo11n_seg_AdamW\label_audit_all\train\000163_extra-01_gt12_pred11_IMG_20260706_102643.jpg,12,11,-1,1,1,0.9303447604179382,0.8288413340395148
train,164,E:\mastercode\data\test\images\train\IMG_20260706_102655.jpg,E:\mastercode\ultralytics-main-new\1_results\001_yolo11n_seg_AdamW\label_audit_all\train\000164_extra+04_gt12_pred16_IMG_20260706_102655.jpg,12,16,4,0,4,0.920168936252594,0.6425818894058466
train,165,E:\mastercode\data\test\images\train\IMG_20260706_102658.jpg,E:\mastercode\ultralytics-main-new\1_results\001_yolo11n_seg_AdamW\label_audit_all\train\000165_extra+00_gt07_pred07_IMG_20260706_102658.jpg,7,7,0,0,0,0.9343506693840027,0.7700421256678445
train,166,E:\mastercode\data\test\images\train\IMG_20260706_102800.jpg,E:\mastercode\ultralytics-main-new\1_results\001_yolo11n_seg_AdamW\label_audit_all\train\000166_extra+00_gt06_pred06_IMG_20260706_102800.jpg,6,6,0,0,0,0.9373908042907715,0.9252856175104777
train,167,E:\mastercode\data\test\images\train\IMG_20260706_102803.jpg,E:\mastercode\ultralytics-main-new\1_results\001_yolo11n_seg_AdamW\label_audit_all\train\000167_extra+01_gt02_pred03_IMG_20260706_102803.jpg,2,3,1,0,1,0.9479978084564209,0.7506178816159567
train,168,E:\mastercode\data\test\images\train\IMG_20260706_102808.jpg,E:\mastercode\ultralytics-main-new\1_results\001_yolo11n_seg_AdamW\label_audit_all\train\000168_extra+00_gt03_pred03_IMG_20260706_102808.jpg,3,3,0,0,0,0.9277819395065308,0.877176821231842
train,169,E:\mastercode\data\test\images\train\IMG_20260706_102809.jpg,E:\mastercode\ultralytics-main-new\1_results\001_yolo11n_seg_AdamW\label_audit_all\train\000169_extra+01_gt02_pred03_IMG_20260706_102809.jpg,2,3,1,0,1,0.9145188331604004,0.7078520556290945
train,170,E:\mastercode\data\test\images\train\IMG_20260706_102810.jpg,E:\mastercode\ultralytics-main-new\1_results\001_yolo11n_seg_AdamW\label_audit_all\train\000170_extra+01_gt02_pred03_IMG_20260706_102810.jpg,2,3,1,0,1,0.9222140312194824,0.7171436448891958
train,171,E:\mastercode\data\test\images\train\IMG_20260706_102818.jpg,E:\mastercode\ultralytics-main-new\1_results\001_yolo11n_seg_AdamW\label_audit_all\train\000171_extra-01_gt05_pred04_IMG_20260706_102818.jpg,5,4,-1,1,1,0.925102949142456,0.8424549847841263
train,172,E:\mastercode\data\test\images\train\IMG_20260706_102820.jpg,E:\mastercode\ultralytics-main-new\1_results\001_yolo11n_seg_AdamW\label_audit_all\train\000172_extra+00_gt06_pred06_IMG_20260706_102820.jpg,6,6,0,0,0,0.9201194047927856,0.9020486374696096
train,173,E:\mastercode\data\test\images\train\IMG_20260706_102821_1.jpg,E:\mastercode\ultralytics-main-new\1_results\001_yolo11n_seg_AdamW\label_audit_all\train\000173_extra+01_gt04_pred05_IMG_20260706_102821_1.jpg,4,5,1,0,1,0.9500784277915955,0.8493008971214294
train,174,E:\mastercode\data\test\images\train\IMG_20260706_102826.jpg,E:\mastercode\ultralytics-main-new\1_results\001_yolo11n_seg_AdamW\label_audit_all\train\000174_extra+04_gt02_pred06_IMG_20260706_102826.jpg,2,6,4,0,4,0.9127297401428223,0.569763054450353
train,175,E:\mastercode\data\test\images\train\IMG_20260706_102832.jpg,E:\mastercode\ultralytics-main-new\1_results\001_yolo11n_seg_AdamW\label_audit_all\train\000175_extra+00_gt01_pred01_IMG_20260706_102832.jpg,1,1,0,0,0,0.8941449522972107,0.8941449522972107
train,176,E:\mastercode\data\test\images\train\IMG_20260706_102841.jpg,E:\mastercode\ultralytics-main-new\1_results\001_yolo11n_seg_AdamW\label_audit_all\train\000176_extra+02_gt04_pred06_IMG_20260706_102841.jpg,4,6,2,0,2,0.9383468627929688,0.7087678263584772
train,177,E:\mastercode\data\test\images\train\IMG_20260706_102850.jpg,E:\mastercode\ultralytics-main-new\1_results\001_yolo11n_seg_AdamW\label_audit_all\train\000177_extra+00_gt11_pred11_IMG_20260706_102850.jpg,11,11,0,0,0,0.9488527774810791,0.7436260743574663
train,178,E:\mastercode\data\test\images\train\IMG_20260706_102851.jpg,E:\mastercode\ultralytics-main-new\1_results\001_yolo11n_seg_AdamW\label_audit_all\train\000178_extra+02_gt07_pred09_IMG_20260706_102851.jpg,7,9,2,0,2,0.9397005438804626,0.7430481546454959
train,179,E:\mastercode\data\test\images\train\IMG_20260706_102855.jpg,E:\mastercode\ultralytics-main-new\1_results\001_yolo11n_seg_AdamW\label_audit_all\train\000179_extra-01_gt10_pred09_IMG_20260706_102855.jpg,10,9,-1,1,1,0.9391847848892212,0.8570430676142374
train,180,E:\mastercode\data\test\images\train\IMG_20260706_102900.jpg,E:\mastercode\ultralytics-main-new\1_results\001_yolo11n_seg_AdamW\label_audit_all\train\000180_extra+00_gt05_pred05_IMG_20260706_102900.jpg,5,5,0,0,0,0.9396696090698242,0.864267110824585
train,181,E:\mastercode\data\test\images\train\IMG_20260706_102903.jpg,E:\mastercode\ultralytics-main-new\1_results\001_yolo11n_seg_AdamW\label_audit_all\train\000181_extra+00_gt02_pred02_IMG_20260706_102903.jpg,2,2,0,0,0,0.9282078742980957,0.7078997641801834
train,182,E:\mastercode\data\test\images\train\IMG_20260706_102905.jpg,E:\mastercode\ultralytics-main-new\1_results\001_yolo11n_seg_AdamW\label_audit_all\train\000182_extra+00_gt03_pred03_IMG_20260706_102905.jpg,3,3,0,0,0,0.9282240867614746,0.6949252386887869
train,183,E:\mastercode\data\test\images\train\IMG_20260706_102921.jpg,E:\mastercode\ultralytics-main-new\1_results\001_yolo11n_seg_AdamW\label_audit_all\train\000183_extra+00_gt02_pred02_IMG_20260706_102921.jpg,2,2,0,0,0,0.8574028015136719,0.7942565679550171
train,184,E:\mastercode\data\test\images\train\IMG_20260706_102923.jpg,E:\mastercode\ultralytics-main-new\1_results\001_yolo11n_seg_AdamW\label_audit_all\train\000184_extra+00_gt01_pred01_IMG_20260706_102923.jpg,1,1,0,0,0,0.9424242973327637,0.9424242973327637
train,185,E:\mastercode\data\test\images\train\IMG_20260706_102928.jpg,E:\mastercode\ultralytics-main-new\1_results\001_yolo11n_seg_AdamW\label_audit_all\train\000185_extra+00_gt02_pred02_IMG_20260706_102928.jpg,2,2,0,0,0,0.8850456476211548,0.8294592797756195
train,186,E:\mastercode\data\test\images\train\IMG_20260706_102938.jpg,E:\mastercode\ultralytics-main-new\1_results\001_yolo11n_seg_AdamW\label_audit_all\train\000186_extra+00_gt02_pred02_IMG_20260706_102938.jpg,2,2,0,0,0,0.9317551851272583,0.9310908317565918
train,187,E:\mastercode\data\test\images\train\IMG_20260706_102941.jpg,E:\mastercode\ultralytics-main-new\1_results\001_yolo11n_seg_AdamW\label_audit_all\train\000187_extra+01_gt02_pred03_IMG_20260706_102941.jpg,2,3,1,0,1,0.8142690062522888,0.6658452153205872
train,188,E:\mastercode\data\test\images\train\IMG_20260706_102950.jpg,E:\mastercode\ultralytics-main-new\1_results\001_yolo11n_seg_AdamW\label_audit_all\train\000188_extra-03_gt07_pred04_IMG_20260706_102950.jpg,7,4,-3,3,3,0.8114035725593567,0.7791132926940918
train,189,E:\mastercode\data\test\images\train\IMG_20260706_102952.jpg,E:\mastercode\ultralytics-main-new\1_results\001_yolo11n_seg_AdamW\label_audit_all\train\000189_extra+00_gt04_pred04_IMG_20260706_102952.jpg,4,4,0,0,0,0.9412034749984741,0.8656870722770691
train,190,E:\mastercode\data\test\images\train\IMG_20260706_103000.jpg,E:\mastercode\ultralytics-main-new\1_results\001_yolo11n_seg_AdamW\label_audit_all\train\000190_extra+00_gt08_pred08_IMG_20260706_103000.jpg,8,8,0,0,0,0.9211742877960205,0.7226242907345295
train,191,E:\mastercode\data\test\images\train\IMG_20260706_103004.jpg,E:\mastercode\ultralytics-main-new\1_results\001_yolo11n_seg_AdamW\label_audit_all\train\000191_extra+00_gt03_pred03_IMG_20260706_103004.jpg,3,3,0,0,0,0.9156277775764465,0.881591777006785
train,192,E:\mastercode\data\test\images\train\IMG_20260706_103005.jpg,E:\mastercode\ultralytics-main-new\1_results\001_yolo11n_seg_AdamW\label_audit_all\train\000192_extra+01_gt02_pred03_IMG_20260706_103005.jpg,2,3,1,0,1,0.9331408739089966,0.7484134137630463
train,193,E:\mastercode\data\test\images\train\IMG_20260706_103007.jpg,E:\mastercode\ultralytics-main-new\1_results\001_yolo11n_seg_AdamW\label_audit_all\train\000193_extra+00_gt03_pred03_IMG_20260706_103007.jpg,3,3,0,0,0,0.9291555881500244,0.7351874907811483
train,194,E:\mastercode\data\test\images\train\IMG_20260706_103010.jpg,E:\mastercode\ultralytics-main-new\1_results\001_yolo11n_seg_AdamW\label_audit_all\train\000194_extra+01_gt04_pred05_IMG_20260706_103010.jpg,4,5,1,0,1,0.9334835410118103,0.8294292211532592
train,195,E:\mastercode\data\test\images\train\IMG_20260706_103012.jpg,E:\mastercode\ultralytics-main-new\1_results\001_yolo11n_seg_AdamW\label_audit_all\train\000195_extra+01_gt03_pred04_IMG_20260706_103012.jpg,3,4,1,0,1,0.9109374284744263,0.7598995044827461
train,196,E:\mastercode\data\test\images\train\IMG_20260706_103013.jpg,E:\mastercode\ultralytics-main-new\1_results\001_yolo11n_seg_AdamW\label_audit_all\train\000196_extra+01_gt04_pred05_IMG_20260706_103013.jpg,4,5,1,0,1,0.9228290319442749,0.7280025780200958
train,197,E:\mastercode\data\test\images\train\IMG_20260706_103017.jpg,E:\mastercode\ultralytics-main-new\1_results\001_yolo11n_seg_AdamW\label_audit_all\train\000197_extra-02_gt07_pred05_IMG_20260706_103017.jpg,7,5,-2,2,2,0.8618618845939636,0.5184104561805725
train,198,E:\mastercode\data\test\images\train\IMG_20260706_103019.jpg,E:\mastercode\ultralytics-main-new\1_results\001_yolo11n_seg_AdamW\label_audit_all\train\000198_extra-03_gt07_pred04_IMG_20260706_103019.jpg,7,4,-3,3,3,0.8944156169891357,0.6765904575586319
train,199,E:\mastercode\data\test\images\train\IMG_20260706_103024.jpg,E:\mastercode\ultralytics-main-new\1_results\001_yolo11n_seg_AdamW\label_audit_all\train\000199_extra+00_gt05_pred05_IMG_20260706_103024.jpg,5,5,0,0,0,0.9353266358375549,0.8638022661209106
train,200,E:\mastercode\data\test\images\train\IMG_20260706_103026.jpg,E:\mastercode\ultralytics-main-new\1_results\001_yolo11n_seg_AdamW\label_audit_all\train\000200_extra+00_gt01_pred01_IMG_20260706_103026.jpg,1,1,0,0,0,0.8804672956466675,0.8804672956466675
train,201,E:\mastercode\data\test\images\train\IMG_20260706_103031.jpg,E:\mastercode\ultralytics-main-new\1_results\001_yolo11n_seg_AdamW\label_audit_all\train\000201_extra+00_gt00_pred00_IMG_20260706_103031.jpg,0,0,0,0,0,0.0,0.0
train,202,E:\mastercode\data\test\images\train\IMG_20260706_103032.jpg,E:\mastercode\ultralytics-main-new\1_results\001_yolo11n_seg_AdamW\label_audit_all\train\000202_extra-11_gt11_pred00_IMG_20260706_103032.jpg,11,0,-11,11,11,0.0,0.0
train,203,E:\mastercode\data\test\images\train\IMG_20260706_103033.jpg,E:\mastercode\ultralytics-main-new\1_results\001_yolo11n_seg_AdamW\label_audit_all\train\000203_extra+02_gt00_pred02_IMG_20260706_103033.jpg,0,2,2,0,2,0.5696242451667786,0.4372405409812927
train,204,E:\mastercode\data\test\images\train\IMG_20260706_103034_1.jpg,E:\mastercode\ultralytics-main-new\1_results\001_yolo11n_seg_AdamW\label_audit_all\train\000204_extra+00_gt01_pred01_IMG_20260706_103034_1.jpg,1,1,0,0,0,0.8919780850410461,0.8919780850410461
train,205,E:\mastercode\data\test\images\train\IMG_20260706_103039.jpg,E:\mastercode\ultralytics-main-new\1_results\001_yolo11n_seg_AdamW\label_audit_all\train\000205_extra+01_gt02_pred03_IMG_20260706_103039.jpg,2,3,1,0,1,0.9286963939666748,0.7569279273351034
train,206,E:\mastercode\data\test\images\train\IMG_20260706_103042.jpg,E:\mastercode\ultralytics-main-new\1_results\001_yolo11n_seg_AdamW\label_audit_all\train\000206_extra+01_gt06_pred07_IMG_20260706_103042.jpg,6,7,1,0,1,0.8816773295402527,0.5915168694087437
train,207,E:\mastercode\data\test\images\train\IMG_20260706_103047.jpg,E:\mastercode\ultralytics-main-new\1_results\001_yolo11n_seg_AdamW\label_audit_all\train\000207_extra+00_gt02_pred02_IMG_20260706_103047.jpg,2,2,0,0,0,0.9196105003356934,0.9053861200809479
train,208,E:\mastercode\data\test\images\train\IMG_20260706_103055.jpg,E:\mastercode\ultralytics-main-new\1_results\001_yolo11n_seg_AdamW\label_audit_all\train\000208_extra+02_gt04_pred06_IMG_20260706_103055.jpg,4,6,2,0,2,0.9308125972747803,0.7043180962403616
train,209,E:\mastercode\data\test\images\train\IMG_20260706_103107.jpg,E:\mastercode\ultralytics-main-new\1_results\001_yolo11n_seg_AdamW\label_audit_all\train\000209_extra+00_gt03_pred03_IMG_20260706_103107.jpg,3,3,0,0,0,0.9395809769630432,0.9107697407404581
train,210,E:\mastercode\data\test\images\train\IMG_20260706_103110.jpg,E:\mastercode\ultralytics-main-new\1_results\001_yolo11n_seg_AdamW\label_audit_all\train\000210_extra+00_gt03_pred03_IMG_20260706_103110.jpg,3,3,0,0,0,0.940840482711792,0.9130991697311401
train,211,E:\mastercode\data\test\images\train\IMG_20260706_103114.jpg,E:\mastercode\ultralytics-main-new\1_results\001_yolo11n_seg_AdamW\label_audit_all\train\000211_extra+04_gt02_pred06_IMG_20260706_103114.jpg,2,6,4,0,4,0.9240280985832214,0.6514408588409424
train,212,E:\mastercode\data\test\images\train\IMG_20260706_103117.jpg,E:\mastercode\ultralytics-main-new\1_results\001_yolo11n_seg_AdamW\label_audit_all\train\000212_extra-02_gt04_pred02_IMG_20260706_103117.jpg,4,2,-2,2,2,0.7695605754852295,0.6680306792259216
train,213,E:\mastercode\data\test\images\train\IMG_20260706_103122.jpg,E:\mastercode\ultralytics-main-new\1_results\001_yolo11n_seg_AdamW\label_audit_all\train\000213_extra+00_gt03_pred03_IMG_20260706_103122.jpg,3,3,0,0,0,0.9519191980361938,0.9065859913825989
train,214,E:\mastercode\data\test\images\train\IMG_20260706_103125.jpg,E:\mastercode\ultralytics-main-new\1_results\001_yolo11n_seg_AdamW\label_audit_all\train\000214_extra+00_gt00_pred00_IMG_20260706_103125.jpg,0,0,0,0,0,0.0,0.0
train,215,E:\mastercode\data\test\images\train\IMG_20260706_103128.jpg,E:\mastercode\ultralytics-main-new\1_results\001_yolo11n_seg_AdamW\label_audit_all\train\000215_extra+00_gt01_pred01_IMG_20260706_103128.jpg,1,1,0,0,0,0.8805578351020813,0.8805578351020813
train,216,E:\mastercode\data\test\images\train\IMG_20260706_103134.jpg,E:\mastercode\ultralytics-main-new\1_results\001_yolo11n_seg_AdamW\label_audit_all\train\000216_extra+00_gt03_pred03_IMG_20260706_103134.jpg,3,3,0,0,0,0.9212236404418945,0.8956109285354614
train,217,E:\mastercode\data\test\images\train\IMG_20260706_103137.jpg,E:\mastercode\ultralytics-main-new\1_results\001_yolo11n_seg_AdamW\label_audit_all\train\000217_extra-02_gt03_pred01_IMG_20260706_103137.jpg,3,1,-2,2,2,0.8969112038612366,0.8969112038612366
train,218,E:\mastercode\data\test\images\train\IMG_20260706_103142.jpg,E:\mastercode\ultralytics-main-new\1_results\001_yolo11n_seg_AdamW\label_audit_all\train\000218_extra+01_gt02_pred03_IMG_20260706_103142.jpg,2,3,1,0,1,0.9111417531967163,0.6880563894907633
train,219,E:\mastercode\data\test\images\train\IMG_20260706_103214.jpg,E:\mastercode\ultralytics-main-new\1_results\001_yolo11n_seg_AdamW\label_audit_all\train\000219_extra+00_gt03_pred03_IMG_20260706_103214.jpg,3,3,0,0,0,0.9427893757820129,0.6965164740880331
train,220,E:\mastercode\data\test\images\train\IMG_20260706_103220.jpg,E:\mastercode\ultralytics-main-new\1_results\001_yolo11n_seg_AdamW\label_audit_all\train\000220_extra+00_gt01_pred01_IMG_20260706_103220.jpg,1,1,0,0,0,0.9186574816703796,0.9186574816703796
train,221,E:\mastercode\data\test\images\train\IMG_20260706_103228.jpg,E:\mastercode\ultralytics-main-new\1_results\001_yolo11n_seg_AdamW\label_audit_all\train\000221_extra+00_gt03_pred03_IMG_20260706_103228.jpg,3,3,0,0,0,0.9120116233825684,0.8776320417722067
train,222,E:\mastercode\data\test\images\train\IMG_20260706_103233.jpg,E:\mastercode\ultralytics-main-new\1_results\001_yolo11n_seg_AdamW\label_audit_all\train\000222_extra+00_gt02_pred02_IMG_20260706_103233.jpg,2,2,0,0,0,0.8596559762954712,0.8370386362075806
train,223,E:\mastercode\data\test\images\train\IMG_20260706_103240.jpg,E:\mastercode\ultralytics-main-new\1_results\001_yolo11n_seg_AdamW\label_audit_all\train\000223_extra+00_gt01_pred01_IMG_20260706_103240.jpg,1,1,0,0,0,0.8900584578514099,0.8900584578514099
train,224,E:\mastercode\data\test\images\train\IMG_20260706_103316.jpg,E:\mastercode\ultralytics-main-new\1_results\001_yolo11n_seg_AdamW\label_audit_all\train\000224_extra+02_gt02_pred04_IMG_20260706_103316.jpg,2,4,2,0,2,0.9358125925064087,0.7271764576435089
train,225,E:\mastercode\data\test\images\train\IMG_20260706_103318.jpg,E:\mastercode\ultralytics-main-new\1_results\001_yolo11n_seg_AdamW\label_audit_all\train\000225_extra+01_gt04_pred05_IMG_20260706_103318.jpg,4,5,1,0,1,0.931757390499115,0.7782510936260223
train,226,E:\mastercode\data\test\images\train\IMG_20260706_103322.jpg,E:\mastercode\ultralytics-main-new\1_results\001_yolo11n_seg_AdamW\label_audit_all\train\000226_extra+00_gt02_pred02_IMG_20260706_103322.jpg,2,2,0,0,0,0.9433963894844055,0.9178141951560974
train,227,E:\mastercode\data\test\images\train\IMG_20260706_103325.jpg,E:\mastercode\ultralytics-main-new\1_results\001_yolo11n_seg_AdamW\label_audit_all\train\000227_extra+01_gt03_pred04_IMG_20260706_103325.jpg,3,4,1,0,1,0.8043242692947388,0.6277156174182892
train,228,E:\mastercode\data\test\images\train\IMG_20260706_103327.jpg,E:\mastercode\ultralytics-main-new\1_results\001_yolo11n_seg_AdamW\label_audit_all\train\000228_extra+01_gt01_pred02_IMG_20260706_103327.jpg,1,2,1,0,1,0.6844150424003601,0.6760983467102051
train,229,E:\mastercode\data\test\images\train\IMG_20260706_103334.jpg,E:\mastercode\ultralytics-main-new\1_results\001_yolo11n_seg_AdamW\label_audit_all\train\000229_extra+00_gt01_pred01_IMG_20260706_103334.jpg,1,1,0,0,0,0.931003212928772,0.931003212928772
train,230,E:\mastercode\data\test\images\train\IMG_20260706_103337.jpg,E:\mastercode\ultralytics-main-new\1_results\001_yolo11n_seg_AdamW\label_audit_all\train\000230_extra+00_gt01_pred01_IMG_20260706_103337.jpg,1,1,0,0,0,0.9158194065093994,0.9158194065093994
train,231,E:\mastercode\data\test\images\train\IMG_20260706_103339.jpg,E:\mastercode\ultralytics-main-new\1_results\001_yolo11n_seg_AdamW\label_audit_all\train\000231_extra+04_gt04_pred08_IMG_20260706_103339.jpg,4,8,4,0,4,0.8672909736633301,0.49232442304491997
train,232,E:\mastercode\data\test\images\train\IMG_20260706_103348.jpg,E:\mastercode\ultralytics-main-new\1_results\001_yolo11n_seg_AdamW\label_audit_all\train\000232_extra+02_gt02_pred04_IMG_20260706_103348.jpg,2,4,2,0,2,0.9245845675468445,0.7071377336978912
train,233,E:\mastercode\data\test\images\train\IMG_20260706_103356.jpg,E:\mastercode\ultralytics-main-new\1_results\001_yolo11n_seg_AdamW\label_audit_all\train\000233_extra+00_gt03_pred03_IMG_20260706_103356.jpg,3,3,0,0,0,0.9412716031074524,0.7189241250356039
train,234,E:\mastercode\data\test\images\train\IMG_20260706_103602.jpg,E:\mastercode\ultralytics-main-new\1_results\001_yolo11n_seg_AdamW\label_audit_all\train\000234_extra-03_gt10_pred07_IMG_20260706_103602.jpg,10,7,-3,3,3,0.9445610642433167,0.9128615856170654
train,235,E:\mastercode\data\test\images\train\IMG_20260706_103604.jpg,E:\mastercode\ultralytics-main-new\1_results\001_yolo11n_seg_AdamW\label_audit_all\train\000235_extra+02_gt11_pred13_IMG_20260706_103604.jpg,11,13,2,0,2,0.9396692514419556,0.8081750571727753
train,236,E:\mastercode\data\test\images\train\IMG_20260706_103606.jpg,E:\mastercode\ultralytics-main-new\1_results\001_yolo11n_seg_AdamW\label_audit_all\train\000236_extra+00_gt06_pred06_IMG_20260706_103606.jpg,6,6,0,0,0,0.9366710782051086,0.9134440223375956
train,237,E:\mastercode\data\test\images\train\IMG_20260706_103607.jpg,E:\mastercode\ultralytics-main-new\1_results\001_yolo11n_seg_AdamW\label_audit_all\train\000237_extra+03_gt03_pred06_IMG_20260706_103607.jpg,3,6,3,0,3,0.9465410113334656,0.6914985179901123
train,238,E:\mastercode\data\test\images\train\IMG_20260706_103610.jpg,E:\mastercode\ultralytics-main-new\1_results\001_yolo11n_seg_AdamW\label_audit_all\train\000238_extra+00_gt04_pred04_IMG_20260706_103610.jpg,4,4,0,0,0,0.9405350685119629,0.8992006778717041
train,239,E:\mastercode\data\test\images\train\IMG_20260706_103614.jpg,E:\mastercode\ultralytics-main-new\1_results\001_yolo11n_seg_AdamW\label_audit_all\train\000239_extra+01_gt03_pred04_IMG_20260706_103614.jpg,3,4,1,0,1,0.9197954535484314,0.8564174771308899
train,240,E:\mastercode\data\test\images\train\IMG_20260706_103616.jpg,E:\mastercode\ultralytics-main-new\1_results\001_yolo11n_seg_AdamW\label_audit_all\train\000240_extra+01_gt00_pred01_IMG_20260706_103616.jpg,0,1,1,0,1,0.5634212493896484,0.5634212493896484
train,241,E:\mastercode\data\test\images\train\IMG_20260706_103618.jpg,E:\mastercode\ultralytics-main-new\1_results\001_yolo11n_seg_AdamW\label_audit_all\train\000241_extra+00_gt00_pred00_IMG_20260706_103618.jpg,0,0,0,0,0,0.0,0.0
train,242,E:\mastercode\data\test\images\train\IMG_20260706_103619.jpg,E:\mastercode\ultralytics-main-new\1_results\001_yolo11n_seg_AdamW\label_audit_all\train\000242_extra+00_gt03_pred03_IMG_20260706_103619.jpg,3,3,0,0,0,0.9190918207168579,0.8648760914802551
train,243,E:\mastercode\data\test\images\train\IMG_20260706_103621.jpg,E:\mastercode\ultralytics-main-new\1_results\001_yolo11n_seg_AdamW\label_audit_all\train\000243_extra-04_gt06_pred02_IMG_20260706_103621.jpg,6,2,-4,4,4,0.8407108783721924,0.8308109045028687
train,244,E:\mastercode\data\test\images\train\IMG_20260706_103622.jpg,E:\mastercode\ultralytics-main-new\1_results\001_yolo11n_seg_AdamW\label_audit_all\train\000244_extra+00_gt00_pred00_IMG_20260706_103622.jpg,0,0,0,0,0,0.0,0.0
train,245,E:\mastercode\data\test\images\train\IMG_20260706_103805.jpg,E:\mastercode\ultralytics-main-new\1_results\001_yolo11n_seg_AdamW\label_audit_all\train\000245_extra+00_gt03_pred03_IMG_20260706_103805.jpg,3,3,0,0,0,0.9146035313606262,0.7573008934656779
train,246,E:\mastercode\data\test\images\train\IMG_20260706_103807.jpg,E:\mastercode\ultralytics-main-new\1_results\001_yolo11n_seg_AdamW\label_audit_all\train\000246_extra+00_gt02_pred02_IMG_20260706_103807.jpg,2,2,0,0,0,0.9089542627334595,0.9070095419883728
train,247,E:\mastercode\data\test\images\train\IMG_20260706_103809.jpg,E:\mastercode\ultralytics-main-new\1_results\001_yolo11n_seg_AdamW\label_audit_all\train\000247_extra+00_gt01_pred01_IMG_20260706_103809.jpg,1,1,0,0,0,0.9486075639724731,0.9486075639724731
train,248,E:\mastercode\data\test\images\train\IMG_20260706_103813.jpg,E:\mastercode\ultralytics-main-new\1_results\001_yolo11n_seg_AdamW\label_audit_all\train\000248_extra+00_gt03_pred03_IMG_20260706_103813.jpg,3,3,0,0,0,0.9456533193588257,0.9217002193133036
train,249,E:\mastercode\data\test\images\train\IMG_20260706_103815.jpg,E:\mastercode\ultralytics-main-new\1_results\001_yolo11n_seg_AdamW\label_audit_all\train\000249_extra+01_gt04_pred05_IMG_20260706_103815.jpg,4,5,1,0,1,0.9389190673828125,0.8662817120552063
train,250,E:\mastercode\data\test\images\train\IMG_20260706_103818.jpg,E:\mastercode\ultralytics-main-new\1_results\001_yolo11n_seg_AdamW\label_audit_all\train\000250_extra-02_gt07_pred05_IMG_20260706_103818.jpg,7,5,-2,2,2,0.9288330674171448,0.8072404980659484
train,251,E:\mastercode\data\test\images\train\IMG_20260706_103822.jpg,E:\mastercode\ultralytics-main-new\1_results\001_yolo11n_seg_AdamW\label_audit_all\train\000251_extra+00_gt01_pred01_IMG_20260706_103822.jpg,1,1,0,0,0,0.9391920566558838,0.9391920566558838
train,252,E:\mastercode\data\test\images\train\IMG_20260706_103824.jpg,E:\mastercode\ultralytics-main-new\1_results\001_yolo11n_seg_AdamW\label_audit_all\train\000252_extra+02_gt01_pred03_IMG_20260706_103824.jpg,1,3,2,0,2,0.8705988526344299,0.5054369469483694
train,253,E:\mastercode\data\test\images\train\IMG_20260706_103827.jpg,E:\mastercode\ultralytics-main-new\1_results\001_yolo11n_seg_AdamW\label_audit_all\train\000253_extra+01_gt01_pred02_IMG_20260706_103827.jpg,1,2,1,0,1,0.8992653489112854,0.5878850668668747
train,254,E:\mastercode\data\test\images\train\IMG_20260706_103852.jpg,E:\mastercode\ultralytics-main-new\1_results\001_yolo11n_seg_AdamW\label_audit_all\train\000254_extra+00_gt02_pred02_IMG_20260706_103852.jpg,2,2,0,0,0,0.9342790842056274,0.9128093421459198
train,255,E:\mastercode\data\test\images\train\IMG_20260706_103855.jpg,E:\mastercode\ultralytics-main-new\1_results\001_yolo11n_seg_AdamW\label_audit_all\train\000255_extra+01_gt02_pred03_IMG_20260706_103855.jpg,2,3,1,0,1,0.9330520033836365,0.7385511795679728
train,256,E:\mastercode\data\test\images\train\IMG_20260706_103900.jpg,E:\mastercode\ultralytics-main-new\1_results\001_yolo11n_seg_AdamW\label_audit_all\train\000256_extra+00_gt02_pred02_IMG_20260706_103900.jpg,2,2,0,0,0,0.8776074051856995,0.8401113748550415
train,257,E:\mastercode\data\test\images\train\IMG_20260706_103905.jpg,E:\mastercode\ultralytics-main-new\1_results\001_yolo11n_seg_AdamW\label_audit_all\train\000257_extra+00_gt01_pred01_IMG_20260706_103905.jpg,1,1,0,0,0,0.9114365577697754,0.9114365577697754
train,258,E:\mastercode\data\test\images\train\IMG_20260706_103908.jpg,E:\mastercode\ultralytics-main-new\1_results\001_yolo11n_seg_AdamW\label_audit_all\train\000258_extra+00_gt06_pred06_IMG_20260706_103908.jpg,6,6,0,0,0,0.9475119113922119,0.9166398545106252
train,259,E:\mastercode\data\test\images\train\IMG_20260706_103910.jpg,E:\mastercode\ultralytics-main-new\1_results\001_yolo11n_seg_AdamW\label_audit_all\train\000259_extra-07_gt19_pred12_IMG_20260706_103910.jpg,19,12,-7,7,7,0.9212779402732849,0.8116978208223978
train,260,E:\mastercode\data\test\images\train\IMG_20260706_103912.jpg,E:\mastercode\ultralytics-main-new\1_results\001_yolo11n_seg_AdamW\label_audit_all\train\000260_extra+02_gt12_pred14_IMG_20260706_103912.jpg,12,14,2,0,2,0.9311426281929016,0.7158819947923932
train,261,E:\mastercode\data\test\images\train\IMG_20260706_103913.jpg,E:\mastercode\ultralytics-main-new\1_results\001_yolo11n_seg_AdamW\label_audit_all\train\000261_extra+01_gt12_pred13_IMG_20260706_103913.jpg,12,13,1,0,1,0.9361636638641357,0.7473484575748444
train,262,E:\mastercode\data\test\images\train\IMG_20260706_103915.jpg,E:\mastercode\ultralytics-main-new\1_results\001_yolo11n_seg_AdamW\label_audit_all\train\000262_extra-04_gt13_pred09_IMG_20260706_103915.jpg,13,9,-4,4,4,0.8530221581459045,0.7292086846298642
train,263,E:\mastercode\data\test\images\train\IMG_20260706_103916.jpg,E:\mastercode\ultralytics-main-new\1_results\001_yolo11n_seg_AdamW\label_audit_all\train\000263_extra+00_gt04_pred04_IMG_20260706_103916.jpg,4,4,0,0,0,0.9437409043312073,0.7424060627818108
train,264,E:\mastercode\data\test\images\train\IMG_20260706_103921.jpg,E:\mastercode\ultralytics-main-new\1_results\001_yolo11n_seg_AdamW\label_audit_all\train\000264_extra+00_gt07_pred07_IMG_20260706_103921.jpg,7,7,0,0,0,0.9459793567657471,0.8669408389500209
train,265,E:\mastercode\data\test\images\train\IMG_20260706_103924.jpg,E:\mastercode\ultralytics-main-new\1_results\001_yolo11n_seg_AdamW\label_audit_all\train\000265_extra+01_gt06_pred07_IMG_20260706_103924.jpg,6,7,1,0,1,0.9250001311302185,0.7858258358069828
train,266,E:\mastercode\data\test\images\train\IMG_20260706_103925.jpg,E:\mastercode\ultralytics-main-new\1_results\001_yolo11n_seg_AdamW\label_audit_all\train\000266_extra+03_gt07_pred10_IMG_20260706_103925.jpg,7,10,3,0,3,0.9229680895805359,0.6940585285425186
train,267,E:\mastercode\data\test\images\train\IMG_20260706_103927.jpg,E:\mastercode\ultralytics-main-new\1_results\001_yolo11n_seg_AdamW\label_audit_all\train\000267_extra+00_gt04_pred04_IMG_20260706_103927.jpg,4,4,0,0,0,0.9347906112670898,0.9151309281587601
train,268,E:\mastercode\data\test\images\train\IMG_20260706_103929.jpg,E:\mastercode\ultralytics-main-new\1_results\001_yolo11n_seg_AdamW\label_audit_all\train\000268_extra+00_gt01_pred01_IMG_20260706_103929.jpg,1,1,0,0,0,0.9357292652130127,0.9357292652130127
train,269,E:\mastercode\data\test\images\train\IMG_20260706_103931.jpg,E:\mastercode\ultralytics-main-new\1_results\001_yolo11n_seg_AdamW\label_audit_all\train\000269_extra+00_gt03_pred03_IMG_20260706_103931.jpg,3,3,0,0,0,0.9270862340927124,0.8307510217030843
train,270,E:\mastercode\data\test\images\train\IMG_20260706_103938.jpg,E:\mastercode\ultralytics-main-new\1_results\001_yolo11n_seg_AdamW\label_audit_all\train\000270_extra+00_gt02_pred02_IMG_20260706_103938.jpg,2,2,0,0,0,0.917072594165802,0.9078221917152405
train,271,E:\mastercode\data\test\images\train\IMG_20260706_103940.jpg,E:\mastercode\ultralytics-main-new\1_results\001_yolo11n_seg_AdamW\label_audit_all\train\000271_extra+00_gt04_pred04_IMG_20260706_103940.jpg,4,4,0,0,0,0.921889066696167,0.7900534719228745
train,272,E:\mastercode\data\test\images\train\IMG_20260706_103942.jpg,E:\mastercode\ultralytics-main-new\1_results\001_yolo11n_seg_AdamW\label_audit_all\train\000272_extra+01_gt01_pred02_IMG_20260706_103942.jpg,1,2,1,0,1,0.9300222396850586,0.7560509443283081
train,273,E:\mastercode\data\test\images\train\IMG_20260706_103949.jpg,E:\mastercode\ultralytics-main-new\1_results\001_yolo11n_seg_AdamW\label_audit_all\train\000273_extra+01_gt01_pred02_IMG_20260706_103949.jpg,1,2,1,0,1,0.9519940614700317,0.7751284837722778
train,274,E:\mastercode\data\test\images\train\IMG_20260706_103952.jpg,E:\mastercode\ultralytics-main-new\1_results\001_yolo11n_seg_AdamW\label_audit_all\train\000274_extra+03_gt04_pred07_IMG_20260706_103952.jpg,4,7,3,0,3,0.9403360486030579,0.7362056161676135
train,275,E:\mastercode\data\test\images\train\IMG_20260706_104002.jpg,E:\mastercode\ultralytics-main-new\1_results\001_yolo11n_seg_AdamW\label_audit_all\train\000275_extra-05_gt07_pred02_IMG_20260706_104002.jpg,7,2,-5,5,5,0.9308063983917236,0.7864803075790405
train,276,E:\mastercode\data\test\images\train\IMG_20260706_104007.jpg,E:\mastercode\ultralytics-main-new\1_results\001_yolo11n_seg_AdamW\label_audit_all\train\000276_extra+02_gt03_pred05_IMG_20260706_104007.jpg,3,5,2,0,2,0.9019030928611755,0.6666763901710511
train,277,E:\mastercode\data\test\images\train\IMG_20260706_104012.jpg,E:\mastercode\ultralytics-main-new\1_results\001_yolo11n_seg_AdamW\label_audit_all\train\000277_extra+00_gt03_pred03_IMG_20260706_104012.jpg,3,3,0,0,0,0.9236553907394409,0.9008640646934509
train,278,E:\mastercode\data\test\images\train\IMG_20260706_104017.jpg,E:\mastercode\ultralytics-main-new\1_results\001_yolo11n_seg_AdamW\label_audit_all\train\000278_extra+00_gt01_pred01_IMG_20260706_104017.jpg,1,1,0,0,0,0.8407803177833557,0.8407803177833557
train,279,E:\mastercode\data\test\images\train\IMG_20260706_104020.jpg,E:\mastercode\ultralytics-main-new\1_results\001_yolo11n_seg_AdamW\label_audit_all\train\000279_extra+00_gt03_pred03_IMG_20260706_104020.jpg,3,3,0,0,0,0.9209960699081421,0.9134526252746582
train,280,E:\mastercode\data\test\images\train\IMG_20260706_104021.jpg,E:\mastercode\ultralytics-main-new\1_results\001_yolo11n_seg_AdamW\label_audit_all\train\000280_extra+00_gt02_pred02_IMG_20260706_104021.jpg,2,2,0,0,0,0.9250268936157227,0.8928165435791016
train,281,E:\mastercode\data\test\images\train\IMG_20260706_104023.jpg,E:\mastercode\ultralytics-main-new\1_results\001_yolo11n_seg_AdamW\label_audit_all\train\000281_extra+00_gt01_pred01_IMG_20260706_104023.jpg,1,1,0,0,0,0.9199156761169434,0.9199156761169434
train,282,E:\mastercode\data\test\images\train\IMG_20260706_104033.jpg,E:\mastercode\ultralytics-main-new\1_results\001_yolo11n_seg_AdamW\label_audit_all\train\000282_extra+00_gt01_pred01_IMG_20260706_104033.jpg,1,1,0,0,0,0.9272448420524597,0.9272448420524597
train,283,E:\mastercode\data\test\images\train\IMG_20260706_104036.jpg,E:\mastercode\ultralytics-main-new\1_results\001_yolo11n_seg_AdamW\label_audit_all\train\000283_extra+00_gt01_pred01_IMG_20260706_104036.jpg,1,1,0,0,0,0.9392197132110596,0.9392197132110596
train,284,E:\mastercode\data\test\images\train\IMG_20260706_104042.jpg,E:\mastercode\ultralytics-main-new\1_results\001_yolo11n_seg_AdamW\label_audit_all\train\000284_extra+01_gt01_pred02_IMG_20260706_104042.jpg,1,2,1,0,1,0.8847030401229858,0.6078595370054245
train,285,E:\mastercode\data\test\images\train\IMG_20260706_104044.jpg,E:\mastercode\ultralytics-main-new\1_results\001_yolo11n_seg_AdamW\label_audit_all\train\000285_extra+00_gt01_pred01_IMG_20260706_104044.jpg,1,1,0,0,0,0.8862789273262024,0.8862789273262024
train,286,E:\mastercode\data\test\images\train\IMG_20260706_104050.jpg,E:\mastercode\ultralytics-main-new\1_results\001_yolo11n_seg_AdamW\label_audit_all\train\000286_extra+00_gt02_pred02_IMG_20260706_104050.jpg,2,2,0,0,0,0.8326466083526611,0.8308523893356323
train,287,E:\mastercode\data\test\images\train\IMG_20260706_104056.jpg,E:\mastercode\ultralytics-main-new\1_results\001_yolo11n_seg_AdamW\label_audit_all\train\000287_extra+00_gt04_pred04_IMG_20260706_104056.jpg,4,4,0,0,0,0.936366617679596,0.9031951725482941
train,288,E:\mastercode\data\test\images\train\IMG_20260706_104057.jpg,E:\mastercode\ultralytics-main-new\1_results\001_yolo11n_seg_AdamW\label_audit_all\train\000288_extra-02_gt06_pred04_IMG_20260706_104057.jpg,6,4,-2,2,2,0.9381080269813538,0.7921712696552277
train,289,E:\mastercode\data\test\images\train\IMG_20260706_104101.jpg,E:\mastercode\ultralytics-main-new\1_results\001_yolo11n_seg_AdamW\label_audit_all\train\000289_extra+00_gt02_pred02_IMG_20260706_104101.jpg,2,2,0,0,0,0.8797698616981506,0.8587415814399719
train,290,E:\mastercode\data\test\images\train\IMG_20260706_104102.jpg,E:\mastercode\ultralytics-main-new\1_results\001_yolo11n_seg_AdamW\label_audit_all\train\000290_extra+01_gt02_pred03_IMG_20260706_104102.jpg,2,3,1,0,1,0.9185272455215454,0.714582105477651
train,291,E:\mastercode\data\test\images\train\IMG_20260706_104107.jpg,E:\mastercode\ultralytics-main-new\1_results\001_yolo11n_seg_AdamW\label_audit_all\train\000291_extra+02_gt02_pred04_IMG_20260706_104107.jpg,2,4,2,0,2,0.9178375005722046,0.6787890493869781
train,292,E:\mastercode\data\test\images\train\IMG_20260706_104109.jpg,E:\mastercode\ultralytics-main-new\1_results\001_yolo11n_seg_AdamW\label_audit_all\train\000292_extra+02_gt01_pred03_IMG_20260706_104109.jpg,1,3,2,0,2,0.8409202098846436,0.6414062082767487
train,293,E:\mastercode\data\test\images\train\IMG_20260706_104110.jpg,E:\mastercode\ultralytics-main-new\1_results\001_yolo11n_seg_AdamW\label_audit_all\train\000293_extra+01_gt04_pred05_IMG_20260706_104110.jpg,4,5,1,0,1,0.8947576284408569,0.4917464375495911
train,294,E:\mastercode\data\test\images\train\IMG_20260706_104125.jpg,E:\mastercode\ultralytics-main-new\1_results\001_yolo11n_seg_AdamW\label_audit_all\train\000294_extra+01_gt02_pred03_IMG_20260706_104125.jpg,2,3,1,0,1,0.9325476884841919,0.8016266822814941
train,295,E:\mastercode\data\test\images\train\IMG_20260706_104126.jpg,E:\mastercode\ultralytics-main-new\1_results\001_yolo11n_seg_AdamW\label_audit_all\train\000295_extra+00_gt01_pred01_IMG_20260706_104126.jpg,1,1,0,0,0,0.8777713775634766,0.8777713775634766
train,296,E:\mastercode\data\test\images\train\IMG_20260706_104128.jpg,E:\mastercode\ultralytics-main-new\1_results\001_yolo11n_seg_AdamW\label_audit_all\train\000296_extra+00_gt02_pred02_IMG_20260706_104128.jpg,2,2,0,0,0,0.9347440600395203,0.909802258014679
train,297,E:\mastercode\data\test\images\train\IMG_20260706_104131.jpg,E:\mastercode\ultralytics-main-new\1_results\001_yolo11n_seg_AdamW\label_audit_all\train\000297_extra-01_gt02_pred01_IMG_20260706_104131.jpg,2,1,-1,1,1,0.8624610900878906,0.8624610900878906
train,298,E:\mastercode\data\test\images\train\IMG_20260706_104134.jpg,E:\mastercode\ultralytics-main-new\1_results\001_yolo11n_seg_AdamW\label_audit_all\train\000298_extra+00_gt01_pred01_IMG_20260706_104134.jpg,1,1,0,0,0,0.8954839706420898,0.8954839706420898
train,299,E:\mastercode\data\test\images\train\IMG_20260706_104137.jpg,E:\mastercode\ultralytics-main-new\1_results\001_yolo11n_seg_AdamW\label_audit_all\train\000299_extra+00_gt02_pred02_IMG_20260706_104137.jpg,2,2,0,0,0,0.8934111595153809,0.8584588766098022
train,300,E:\mastercode\data\test\images\train\IMG_20260706_104141.jpg,E:\mastercode\ultralytics-main-new\1_results\001_yolo11n_seg_AdamW\label_audit_all\train\000300_extra+00_gt04_pred04_IMG_20260706_104141.jpg,4,4,0,0,0,0.8964969515800476,0.7848957031965256
train,301,E:\mastercode\data\test\images\train\IMG_20260706_104144.jpg,E:\mastercode\ultralytics-main-new\1_results\001_yolo11n_seg_AdamW\label_audit_all\train\000301_extra+00_gt02_pred02_IMG_20260706_104144.jpg,2,2,0,0,0,0.941389799118042,0.9334589838981628
train,302,E:\mastercode\data\test\images\train\IMG_20260706_104145.jpg,E:\mastercode\ultralytics-main-new\1_results\001_yolo11n_seg_AdamW\label_audit_all\train\000302_extra+00_gt04_pred04_IMG_20260706_104145.jpg,4,4,0,0,0,0.8750945925712585,0.8471914380788803
train,303,E:\mastercode\data\test\images\train\IMG_20260706_104146.jpg,E:\mastercode\ultralytics-main-new\1_results\001_yolo11n_seg_AdamW\label_audit_all\train\000303_extra-02_gt06_pred04_IMG_20260706_104146.jpg,6,4,-2,2,2,0.8868191838264465,0.6756497323513031
train,304,E:\mastercode\data\test\images\train\IMG_20260706_104149.jpg,E:\mastercode\ultralytics-main-new\1_results\001_yolo11n_seg_AdamW\label_audit_all\train\000304_extra+00_gt03_pred03_IMG_20260706_104149.jpg,3,3,0,0,0,0.9264753460884094,0.8502020438512167
train,305,E:\mastercode\data\test\images\train\IMG_20260706_104152.jpg,E:\mastercode\ultralytics-main-new\1_results\001_yolo11n_seg_AdamW\label_audit_all\train\000305_extra+00_gt01_pred01_IMG_20260706_104152.jpg,1,1,0,0,0,0.9112677574157715,0.9112677574157715
train,306,E:\mastercode\data\test\images\train\IMG_20260706_104159.jpg,E:\mastercode\ultralytics-main-new\1_results\001_yolo11n_seg_AdamW\label_audit_all\train\000306_extra+02_gt03_pred05_IMG_20260706_104159.jpg,3,5,2,0,2,0.9378212094306946,0.7574851036071777
train,307,E:\mastercode\data\test\images\train\IMG_20260706_104201.jpg,E:\mastercode\ultralytics-main-new\1_results\001_yolo11n_seg_AdamW\label_audit_all\train\000307_extra+01_gt01_pred02_IMG_20260706_104201.jpg,1,2,1,0,1,0.8620686531066895,0.6519375741481781
train,308,E:\mastercode\data\test\images\train\IMG_20260706_104206.jpg,E:\mastercode\ultralytics-main-new\1_results\001_yolo11n_seg_AdamW\label_audit_all\train\000308_extra-04_gt13_pred09_IMG_20260706_104206.jpg,13,9,-4,4,4,0.9392271637916565,0.8394458989302317
train,309,E:\mastercode\data\test\images\train\IMG_20260706_104208.jpg,E:\mastercode\ultralytics-main-new\1_results\001_yolo11n_seg_AdamW\label_audit_all\train\000309_extra+00_gt04_pred04_IMG_20260706_104208.jpg,4,4,0,0,0,0.93931645154953,0.8800226002931595
train,310,E:\mastercode\data\test\images\train\IMG_20260706_104210.jpg,E:\mastercode\ultralytics-main-new\1_results\001_yolo11n_seg_AdamW\label_audit_all\train\000310_extra-01_gt07_pred06_IMG_20260706_104210.jpg,7,6,-1,1,1,0.9141237139701843,0.7145102073748907
train,311,E:\mastercode\data\test\images\train\IMG_20260706_104212.jpg,E:\mastercode\ultralytics-main-new\1_results\001_yolo11n_seg_AdamW\label_audit_all\train\000311_extra+01_gt02_pred03_IMG_20260706_104212.jpg,2,3,1,0,1,0.9285815358161926,0.7300386329491934
train,312,E:\mastercode\data\test\images\train\IMG_20260706_104217.jpg,E:\mastercode\ultralytics-main-new\1_results\001_yolo11n_seg_AdamW\label_audit_all\train\000312_extra+00_gt02_pred02_IMG_20260706_104217.jpg,2,2,0,0,0,0.875260055065155,0.8513296842575073
train,313,E:\mastercode\data\test\images\train\IMG_20260706_104236.jpg,E:\mastercode\ultralytics-main-new\1_results\001_yolo11n_seg_AdamW\label_audit_all\train\000313_extra+00_gt03_pred03_IMG_20260706_104236.jpg,3,3,0,0,0,0.9388993978500366,0.7378738820552826
train,314,E:\mastercode\data\test\images\train\IMG_20260706_104241.jpg,E:\mastercode\ultralytics-main-new\1_results\001_yolo11n_seg_AdamW\label_audit_all\train\000314_extra+00_gt03_pred03_IMG_20260706_104241.jpg,3,3,0,0,0,0.9356170892715454,0.9205483595530192
train,315,E:\mastercode\data\test\images\train\IMG_20260706_104243.jpg,E:\mastercode\ultralytics-main-new\1_results\001_yolo11n_seg_AdamW\label_audit_all\train\000315_extra+01_gt02_pred03_IMG_20260706_104243.jpg,2,3,1,0,1,0.9266651272773743,0.7557432949542999
train,316,E:\mastercode\data\test\images\train\IMG_20260706_104246.jpg,E:\mastercode\ultralytics-main-new\1_results\001_yolo11n_seg_AdamW\label_audit_all\train\000316_extra+04_gt02_pred06_IMG_20260706_104246.jpg,2,6,4,0,4,0.7471409440040588,0.49638224641482037
train,317,E:\mastercode\data\test\images\train\IMG_20260706_104249.jpg,E:\mastercode\ultralytics-main-new\1_results\001_yolo11n_seg_AdamW\label_audit_all\train\000317_extra+00_gt03_pred03_IMG_20260706_104249.jpg,3,3,0,0,0,0.9146942496299744,0.7045568923155466
train,318,E:\mastercode\data\test\images\train\IMG_20260706_104251.jpg,E:\mastercode\ultralytics-main-new\1_results\001_yolo11n_seg_AdamW\label_audit_all\train\000318_extra+01_gt02_pred03_IMG_20260706_104251.jpg,2,3,1,0,1,0.894561767578125,0.7738766670227051
train,319,E:\mastercode\data\test\images\train\IMG_20260706_104253.jpg,E:\mastercode\ultralytics-main-new\1_results\001_yolo11n_seg_AdamW\label_audit_all\train\000319_extra+00_gt01_pred01_IMG_20260706_104253.jpg,1,1,0,0,0,0.9302034378051758,0.9302034378051758
train,320,E:\mastercode\data\test\images\train\IMG_20260706_104259.jpg,E:\mastercode\ultralytics-main-new\1_results\001_yolo11n_seg_AdamW\label_audit_all\train\000320_extra+00_gt02_pred02_IMG_20260706_104259.jpg,2,2,0,0,0,0.8310781121253967,0.8121811151504517
train,321,E:\mastercode\data\test\images\train\IMG_20260706_104304.jpg,E:\mastercode\ultralytics-main-new\1_results\001_yolo11n_seg_AdamW\label_audit_all\train\000321_extra+01_gt02_pred03_IMG_20260706_104304.jpg,2,3,1,0,1,0.9252868294715881,0.8505083918571472
train,322,E:\mastercode\data\test\images\train\IMG_20260706_104312.jpg,E:\mastercode\ultralytics-main-new\1_results\001_yolo11n_seg_AdamW\label_audit_all\train\000322_extra+00_gt01_pred01_IMG_20260706_104312.jpg,1,1,0,0,0,0.9249222278594971,0.9249222278594971
train,323,E:\mastercode\data\test\images\train\IMG_20260706_104328.jpg,E:\mastercode\ultralytics-main-new\1_results\001_yolo11n_seg_AdamW\label_audit_all\train\000323_extra+00_gt03_pred03_IMG_20260706_104328.jpg,3,3,0,0,0,0.8444554805755615,0.6613070964813232
train,324,E:\mastercode\data\test\images\train\IMG_20260706_104334.jpg,E:\mastercode\ultralytics-main-new\1_results\001_yolo11n_seg_AdamW\label_audit_all\train\000324_extra+01_gt00_pred01_IMG_20260706_104334.jpg,0,1,1,0,1,0.8277027606964111,0.8277027606964111
train,325,E:\mastercode\data\test\images\train\IMG_20260706_104352.jpg,E:\mastercode\ultralytics-main-new\1_results\001_yolo11n_seg_AdamW\label_audit_all\train\000325_extra+00_gt01_pred01_IMG_20260706_104352.jpg,1,1,0,0,0,0.8490643501281738,0.8490643501281738
train,326,E:\mastercode\data\test\images\train\IMG_20260706_104355.jpg,E:\mastercode\ultralytics-main-new\1_results\001_yolo11n_seg_AdamW\label_audit_all\train\000326_extra+00_gt01_pred01_IMG_20260706_104355.jpg,1,1,0,0,0,0.9124723076820374,0.9124723076820374
train,327,E:\mastercode\data\test\images\train\IMG_20260706_104357.jpg,E:\mastercode\ultralytics-main-new\1_results\001_yolo11n_seg_AdamW\label_audit_all\train\000327_extra+01_gt02_pred03_IMG_20260706_104357.jpg,2,3,1,0,1,0.9409224987030029,0.5781141420205435
train,328,E:\mastercode\data\test\images\train\IMG_20260706_104400.jpg,E:\mastercode\ultralytics-main-new\1_results\001_yolo11n_seg_AdamW\label_audit_all\train\000328_extra+00_gt03_pred03_IMG_20260706_104400.jpg,3,3,0,0,0,0.9486904144287109,0.9391073783238729
train,329,E:\mastercode\data\test\images\train\IMG_20260706_104403.jpg,E:\mastercode\ultralytics-main-new\1_results\001_yolo11n_seg_AdamW\label_audit_all\train\000329_extra+01_gt02_pred03_IMG_20260706_104403.jpg,2,3,1,0,1,0.897171676158905,0.5716543893019358
train,330,E:\mastercode\data\test\images\train\IMG_20260706_104409.jpg,E:\mastercode\ultralytics-main-new\1_results\001_yolo11n_seg_AdamW\label_audit_all\train\000330_extra+00_gt02_pred02_IMG_20260706_104409.jpg,2,2,0,0,0,0.9458350539207458,0.9263519644737244
train,331,E:\mastercode\data\test\images\train\IMG_20260706_104420.jpg,E:\mastercode\ultralytics-main-new\1_results\001_yolo11n_seg_AdamW\label_audit_all\train\000331_extra+00_gt02_pred02_IMG_20260706_104420.jpg,2,2,0,0,0,0.918716549873352,0.9019292891025543
train,332,E:\mastercode\data\test\images\train\IMG_20260706_104421.jpg,E:\mastercode\ultralytics-main-new\1_results\001_yolo11n_seg_AdamW\label_audit_all\train\000332_extra-01_gt03_pred02_IMG_20260706_104421.jpg,3,2,-1,1,1,0.9330470561981201,0.9202802181243896
train,333,E:\mastercode\data\test\images\train\IMG_20260706_104422.jpg,E:\mastercode\ultralytics-main-new\1_results\001_yolo11n_seg_AdamW\label_audit_all\train\000333_extra+00_gt03_pred03_IMG_20260706_104422.jpg,3,3,0,0,0,0.8962521553039551,0.5713398257891337
train,334,E:\mastercode\data\test\images\train\IMG_20260706_104430.jpg,E:\mastercode\ultralytics-main-new\1_results\001_yolo11n_seg_AdamW\label_audit_all\train\000334_extra-02_gt10_pred08_IMG_20260706_104430.jpg,10,8,-2,2,2,0.9325322508811951,0.6246601045131683
train,335,E:\mastercode\data\test\images\train\IMG_20260706_104431.jpg,E:\mastercode\ultralytics-main-new\1_results\001_yolo11n_seg_AdamW\label_audit_all\train\000335_extra+00_gt02_pred02_IMG_20260706_104431.jpg,2,2,0,0,0,0.9270622730255127,0.9178405404090881
train,336,E:\mastercode\data\test\images\train\IMG_20260706_104433.jpg,E:\mastercode\ultralytics-main-new\1_results\001_yolo11n_seg_AdamW\label_audit_all\train\000336_extra+01_gt09_pred10_IMG_20260706_104433.jpg,9,10,1,0,1,0.927831768989563,0.6586307406425476
train,337,E:\mastercode\data\test\images\train\IMG_20260706_104435.jpg,E:\mastercode\ultralytics-main-new\1_results\001_yolo11n_seg_AdamW\label_audit_all\train\000337_extra-05_gt09_pred04_IMG_20260706_104435.jpg,9,4,-5,5,5,0.882468044757843,0.8617678880691528
train,338,E:\mastercode\data\test\images\train\IMG_20260706_104437.jpg,E:\mastercode\ultralytics-main-new\1_results\001_yolo11n_seg_AdamW\label_audit_all\train\000338_extra+00_gt01_pred01_IMG_20260706_104437.jpg,1,1,0,0,0,0.916077733039856,0.916077733039856
train,339,E:\mastercode\data\test\images\train\IMG_20260706_104438.jpg,E:\mastercode\ultralytics-main-new\1_results\001_yolo11n_seg_AdamW\label_audit_all\train\000339_extra+00_gt01_pred01_IMG_20260706_104438.jpg,1,1,0,0,0,0.9461179375648499,0.9461179375648499
train,340,E:\mastercode\data\test\images\train\IMG_20260706_104448.jpg,E:\mastercode\ultralytics-main-new\1_results\001_yolo11n_seg_AdamW\label_audit_all\train\000340_extra+00_gt02_pred02_IMG_20260706_104448.jpg,2,2,0,0,0,0.8656191825866699,0.8626740872859955
train,341,E:\mastercode\data\test\images\train\IMG_20260706_104450.jpg,E:\mastercode\ultralytics-main-new\1_results\001_yolo11n_seg_AdamW\label_audit_all\train\000341_extra-01_gt05_pred04_IMG_20260706_104450.jpg,5,4,-1,1,1,0.8822201490402222,0.8227148354053497
train,342,E:\mastercode\data\test\images\train\IMG_20260706_104454.jpg,E:\mastercode\ultralytics-main-new\1_results\001_yolo11n_seg_AdamW\label_audit_all\train\000342_extra+00_gt03_pred03_IMG_20260706_104454.jpg,3,3,0,0,0,0.9132512211799622,0.6785104076067606
train,343,E:\mastercode\data\test\images\train\IMG_20260706_104500.jpg,E:\mastercode\ultralytics-main-new\1_results\001_yolo11n_seg_AdamW\label_audit_all\train\000343_extra-01_gt12_pred11_IMG_20260706_104500.jpg,12,11,-1,1,1,0.8982282876968384,0.5948609736832705
train,344,E:\mastercode\data\test\images\train\IMG_20260706_104503.jpg,E:\mastercode\ultralytics-main-new\1_results\001_yolo11n_seg_AdamW\label_audit_all\train\000344_extra+00_gt03_pred03_IMG_20260706_104503.jpg,3,3,0,0,0,0.9231632351875305,0.8976316849390665
train,345,E:\mastercode\data\test\images\train\IMG_20260706_104506.jpg,E:\mastercode\ultralytics-main-new\1_results\001_yolo11n_seg_AdamW\label_audit_all\train\000345_extra+00_gt06_pred06_IMG_20260706_104506.jpg,6,6,0,0,0,0.9461092948913574,0.9109814763069153
train,346,E:\mastercode\data\test\images\train\IMG_20260706_104508.jpg,E:\mastercode\ultralytics-main-new\1_results\001_yolo11n_seg_AdamW\label_audit_all\train\000346_extra+00_gt08_pred08_IMG_20260706_104508.jpg,8,8,0,0,0,0.9344852566719055,0.8517701998353004
train,347,E:\mastercode\data\test\images\train\IMG_20260706_104510.jpg,E:\mastercode\ultralytics-main-new\1_results\001_yolo11n_seg_AdamW\label_audit_all\train\000347_extra+02_gt03_pred05_IMG_20260706_104510.jpg,3,5,2,0,2,0.9159963130950928,0.6856298804283142
train,348,E:\mastercode\data\test\images\train\IMG_20260706_104514.jpg,E:\mastercode\ultralytics-main-new\1_results\001_yolo11n_seg_AdamW\label_audit_all\train\000348_extra+00_gt02_pred02_IMG_20260706_104514.jpg,2,2,0,0,0,0.9123902320861816,0.7297343611717224
train,349,E:\mastercode\data\test\images\train\IMG_20260706_104954.jpg,E:\mastercode\ultralytics-main-new\1_results\001_yolo11n_seg_AdamW\label_audit_all\train\000349_extra+01_gt01_pred02_IMG_20260706_104954.jpg,1,2,1,0,1,0.89244145154953,0.5860681980848312
train,350,E:\mastercode\data\test\images\train\IMG_20260706_105013.jpg,E:\mastercode\ultralytics-main-new\1_results\001_yolo11n_seg_AdamW\label_audit_all\train\000350_extra-02_gt04_pred02_IMG_20260706_105013.jpg,4,2,-2,2,2,0.9369939565658569,0.9311802089214325
train,351,E:\mastercode\data\test\images\train\IMG_20260706_105015.jpg,E:\mastercode\ultralytics-main-new\1_results\001_yolo11n_seg_AdamW\label_audit_all\train\000351_extra+01_gt04_pred05_IMG_20260706_105015.jpg,4,5,1,0,1,0.9442958831787109,0.7494320571422577
train,352,E:\mastercode\data\test\images\train\IMG_20260706_105018.jpg,E:\mastercode\ultralytics-main-new\1_results\001_yolo11n_seg_AdamW\label_audit_all\train\000352_extra-02_gt07_pred05_IMG_20260706_105018.jpg,7,5,-2,2,2,0.9140080809593201,0.7934262871742248
train,353,E:\mastercode\data\test\images\train\IMG_20260706_105030.jpg,E:\mastercode\ultralytics-main-new\1_results\001_yolo11n_seg_AdamW\label_audit_all\train\000353_extra-07_gt09_pred02_IMG_20260706_105030.jpg,9,2,-7,7,7,0.9184620976448059,0.8434529602527618
train,354,E:\mastercode\data\test\images\train\IMG_20260706_105034.jpg,E:\mastercode\ultralytics-main-new\1_results\001_yolo11n_seg_AdamW\label_audit_all\train\000354_extra-01_gt04_pred03_IMG_20260706_105034.jpg,4,3,-1,1,1,0.8304456472396851,0.6010811924934387
train,355,E:\mastercode\data\test\images\train\IMG_20260706_105035.jpg,E:\mastercode\ultralytics-main-new\1_results\001_yolo11n_seg_AdamW\label_audit_all\train\000355_extra-10_gt12_pred02_IMG_20260706_105035.jpg,12,2,-10,10,10,0.7948747277259827,0.56766277551651
train,356,E:\mastercode\data\test\images\train\IMG_20260706_105038.jpg,E:\mastercode\ultralytics-main-new\1_results\001_yolo11n_seg_AdamW\label_audit_all\train\000356_extra-01_gt05_pred04_IMG_20260706_105038.jpg,5,4,-1,1,1,0.9132584929466248,0.5797982215881348
train,357,E:\mastercode\data\test\images\train\IMG_20260706_105039.jpg,E:\mastercode\ultralytics-main-new\1_results\001_yolo11n_seg_AdamW\label_audit_all\train\000357_extra-06_gt08_pred02_IMG_20260706_105039.jpg,8,2,-6,6,6,0.9174129962921143,0.8761588931083679
train,358,E:\mastercode\data\test\images\train\IMG_20260706_105043.jpg,E:\mastercode\ultralytics-main-new\1_results\001_yolo11n_seg_AdamW\label_audit_all\train\000358_extra+01_gt03_pred04_IMG_20260706_105043.jpg,3,4,1,0,1,0.9057539105415344,0.6917396113276482
train,359,E:\mastercode\data\test\images\train\IMG_20260706_105048.jpg,E:\mastercode\ultralytics-main-new\1_results\001_yolo11n_seg_AdamW\label_audit_all\train\000359_extra-01_gt02_pred01_IMG_20260706_105048.jpg,2,1,-1,1,1,0.8014518618583679,0.8014518618583679
train,360,E:\mastercode\data\test\images\train\IMG_20260706_105053.jpg,E:\mastercode\ultralytics-main-new\1_results\001_yolo11n_seg_AdamW\label_audit_all\train\000360_extra+00_gt01_pred01_IMG_20260706_105053.jpg,1,1,0,0,0,0.9302029013633728,0.9302029013633728
train,361,E:\mastercode\data\test\images\train\IMG_20260706_105058.jpg,E:\mastercode\ultralytics-main-new\1_results\001_yolo11n_seg_AdamW\label_audit_all\train\000361_extra+01_gt04_pred05_IMG_20260706_105058.jpg,4,5,1,0,1,0.9027933478355408,0.6294392585754395
train,362,E:\mastercode\data\test\images\train\IMG_20260706_105105.jpg,E:\mastercode\ultralytics-main-new\1_results\001_yolo11n_seg_AdamW\label_audit_all\train\000362_extra+00_gt03_pred03_IMG_20260706_105105.jpg,3,3,0,0,0,0.9518097043037415,0.8873987197875977
train,363,E:\mastercode\data\test\images\train\IMG_20260706_105108.jpg,E:\mastercode\ultralytics-main-new\1_results\001_yolo11n_seg_AdamW\label_audit_all\train\000363_extra+01_gt01_pred02_IMG_20260706_105108.jpg,1,2,1,0,1,0.8597680330276489,0.5771693885326385
train,364,E:\mastercode\data\test\images\train\IMG_20260706_105114.jpg,E:\mastercode\ultralytics-main-new\1_results\001_yolo11n_seg_AdamW\label_audit_all\train\000364_extra+00_gt01_pred01_IMG_20260706_105114.jpg,1,1,0,0,0,0.9252346158027649,0.9252346158027649
train,365,E:\mastercode\data\test\images\train\IMG_20260706_105119.jpg,E:\mastercode\ultralytics-main-new\1_results\001_yolo11n_seg_AdamW\label_audit_all\train\000365_extra-03_gt16_pred13_IMG_20260706_105119.jpg,16,13,-3,3,3,0.8850765824317932,0.7983322143554688
train,366,E:\mastercode\data\test\images\train\IMG_20260706_105123.jpg,E:\mastercode\ultralytics-main-new\1_results\001_yolo11n_seg_AdamW\label_audit_all\train\000366_extra-01_gt09_pred08_IMG_20260706_105123.jpg,9,8,-1,1,1,0.9410630464553833,0.8576971217989922
train,367,E:\mastercode\data\test\images\train\IMG_20260706_105124.jpg,E:\mastercode\ultralytics-main-new\1_results\001_yolo11n_seg_AdamW\label_audit_all\train\000367_extra+01_gt05_pred06_IMG_20260706_105124.jpg,5,6,1,0,1,0.9357345700263977,0.7377835462490717
train,368,E:\mastercode\data\test\images\train\IMG_20260706_105126.jpg,E:\mastercode\ultralytics-main-new\1_results\001_yolo11n_seg_AdamW\label_audit_all\train\000368_extra+01_gt03_pred04_IMG_20260706_105126.jpg,3,4,1,0,1,0.9261762499809265,0.7565805539488792
train,369,E:\mastercode\data\test\images\train\IMG_20260706_105128.jpg,E:\mastercode\ultralytics-main-new\1_results\001_yolo11n_seg_AdamW\label_audit_all\train\000369_extra+00_gt03_pred03_IMG_20260706_105128.jpg,3,3,0,0,0,0.9307768940925598,0.8876574635505676
train,370,E:\mastercode\data\test\images\train\IMG_20260706_105130.jpg,E:\mastercode\ultralytics-main-new\1_results\001_yolo11n_seg_AdamW\label_audit_all\train\000370_extra+00_gt06_pred06_IMG_20260706_105130.jpg,6,6,0,0,0,0.9414523839950562,0.9083710412184397
train,371,E:\mastercode\data\test\images\train\IMG_20260706_105133.jpg,E:\mastercode\ultralytics-main-new\1_results\001_yolo11n_seg_AdamW\label_audit_all\train\000371_extra+01_gt07_pred08_IMG_20260706_105133.jpg,7,8,1,0,1,0.9330878257751465,0.7894460521638393
train,372,E:\mastercode\data\test\images\train\IMG_20260706_105134.jpg,E:\mastercode\ultralytics-main-new\1_results\001_yolo11n_seg_AdamW\label_audit_all\train\000372_extra-01_gt07_pred06_IMG_20260706_105134.jpg,7,6,-1,1,1,0.9301342368125916,0.8420774837334951
train,373,E:\mastercode\data\test\images\train\IMG_20260706_105135.jpg,E:\mastercode\ultralytics-main-new\1_results\001_yolo11n_seg_AdamW\label_audit_all\train\000373_extra+00_gt02_pred02_IMG_20260706_105135.jpg,2,2,0,0,0,0.9244386553764343,0.9189634919166565
train,374,E:\mastercode\data\test\images\train\IMG_20260706_105136.jpg,E:\mastercode\ultralytics-main-new\1_results\001_yolo11n_seg_AdamW\label_audit_all\train\000374_extra+01_gt05_pred06_IMG_20260706_105136.jpg,5,6,1,0,1,0.9472068548202515,0.764391248424848
train,375,E:\mastercode\data\test\images\train\IMG_20260706_105138.jpg,E:\mastercode\ultralytics-main-new\1_results\001_yolo11n_seg_AdamW\label_audit_all\train\000375_extra+00_gt03_pred03_IMG_20260706_105138.jpg,3,3,0,0,0,0.9534239172935486,0.9099812308947245
train,376,E:\mastercode\data\test\images\train\IMG_20260706_105141.jpg,E:\mastercode\ultralytics-main-new\1_results\001_yolo11n_seg_AdamW\label_audit_all\train\000376_extra+00_gt03_pred03_IMG_20260706_105141.jpg,3,3,0,0,0,0.9330315589904785,0.8954310218493143
train,377,E:\mastercode\data\test\images\train\IMG_20260706_105142.jpg,E:\mastercode\ultralytics-main-new\1_results\001_yolo11n_seg_AdamW\label_audit_all\train\000377_extra+00_gt02_pred02_IMG_20260706_105142.jpg,2,2,0,0,0,0.9407479166984558,0.9267055690288544
train,378,E:\mastercode\data\test\images\train\IMG_20260706_105143.jpg,E:\mastercode\ultralytics-main-new\1_results\001_yolo11n_seg_AdamW\label_audit_all\train\000378_extra+00_gt02_pred02_IMG_20260706_105143.jpg,2,2,0,0,0,0.9176241755485535,0.7749727964401245
train,379,E:\mastercode\data\test\images\train\IMG_20260706_105149.jpg,E:\mastercode\ultralytics-main-new\1_results\001_yolo11n_seg_AdamW\label_audit_all\train\000379_extra-15_gt23_pred08_IMG_20260706_105149.jpg,23,8,-15,15,15,0.8456944227218628,0.6401333175599575
train,380,E:\mastercode\data\test\images\train\IMG_20260706_105151.jpg,E:\mastercode\ultralytics-main-new\1_results\001_yolo11n_seg_AdamW\label_audit_all\train\000380_extra+01_gt04_pred05_IMG_20260706_105151.jpg,4,5,1,0,1,0.9484574198722839,0.8619075655937195
train,381,E:\mastercode\data\test\images\train\IMG_20260706_105152.jpg,E:\mastercode\ultralytics-main-new\1_results\001_yolo11n_seg_AdamW\label_audit_all\train\000381_extra+01_gt03_pred04_IMG_20260706_105152.jpg,3,4,1,0,1,0.9489503502845764,0.7705384343862534
train,382,E:\mastercode\data\test\images\train\IMG_20260706_105155.jpg,E:\mastercode\ultralytics-main-new\1_results\001_yolo11n_seg_AdamW\label_audit_all\train\000382_extra-01_gt03_pred02_IMG_20260706_105155.jpg,3,2,-1,1,1,0.9383699893951416,0.8860105276107788
train,383,E:\mastercode\data\test\images\train\IMG_20260706_105157.jpg,E:\mastercode\ultralytics-main-new\1_results\001_yolo11n_seg_AdamW\label_audit_all\train\000383_extra+01_gt01_pred02_IMG_20260706_105157.jpg,1,2,1,0,1,0.9352186322212219,0.7575732469558716
train,384,E:\mastercode\data\test\images\train\IMG_20260706_105159.jpg,E:\mastercode\ultralytics-main-new\1_results\001_yolo11n_seg_AdamW\label_audit_all\train\000384_extra+04_gt13_pred17_IMG_20260706_105159.jpg,13,17,4,0,4,0.9181227087974548,0.6687829126329983
train,385,E:\mastercode\data\test\images\train\IMG_20260706_105203.jpg,E:\mastercode\ultralytics-main-new\1_results\001_yolo11n_seg_AdamW\label_audit_all\train\000385_extra-01_gt07_pred06_IMG_20260706_105203.jpg,7,6,-1,1,1,0.9352300763130188,0.8810620903968811
train,386,E:\mastercode\data\test\images\train\IMG_20260706_105205.jpg,E:\mastercode\ultralytics-main-new\1_results\001_yolo11n_seg_AdamW\label_audit_all\train\000386_extra+00_gt05_pred05_IMG_20260706_105205.jpg,5,5,0,0,0,0.9426862597465515,0.8023576974868775
train,387,E:\mastercode\data\test\images\train\IMG_20260706_105207.jpg,E:\mastercode\ultralytics-main-new\1_results\001_yolo11n_seg_AdamW\label_audit_all\train\000387_extra+00_gt03_pred03_IMG_20260706_105207.jpg,3,3,0,0,0,0.940963864326477,0.9127466678619385
train,388,E:\mastercode\data\test\images\train\IMG_20260706_105212.jpg,E:\mastercode\ultralytics-main-new\1_results\001_yolo11n_seg_AdamW\label_audit_all\train\000388_extra+02_gt01_pred03_IMG_20260706_105212.jpg,1,3,2,0,2,0.9442485570907593,0.5787807901700338
train,389,E:\mastercode\data\test\images\train\IMG_20260706_105226.jpg,E:\mastercode\ultralytics-main-new\1_results\001_yolo11n_seg_AdamW\label_audit_all\train\000389_extra+00_gt05_pred05_IMG_20260706_105226.jpg,5,5,0,0,0,0.9301031827926636,0.8676735401153565
train,390,E:\mastercode\data\test\images\train\IMG_20260706_105227.jpg,E:\mastercode\ultralytics-main-new\1_results\001_yolo11n_seg_AdamW\label_audit_all\train\000390_extra+00_gt02_pred02_IMG_20260706_105227.jpg,2,2,0,0,0,0.9388765096664429,0.9382945597171783
train,391,E:\mastercode\data\test\images\train\IMG_20260706_105229.jpg,E:\mastercode\ultralytics-main-new\1_results\001_yolo11n_seg_AdamW\label_audit_all\train\000391_extra+00_gt01_pred01_IMG_20260706_105229.jpg,1,1,0,0,0,0.7439635396003723,0.7439635396003723
train,392,E:\mastercode\data\test\images\train\IMG_20260706_105235.jpg,E:\mastercode\ultralytics-main-new\1_results\001_yolo11n_seg_AdamW\label_audit_all\train\000392_extra+01_gt01_pred02_IMG_20260706_105235.jpg,1,2,1,0,1,0.9209659099578857,0.8262804746627808
train,393,E:\mastercode\data\test\images\train\IMG_20260706_105241.jpg,E:\mastercode\ultralytics-main-new\1_results\001_yolo11n_seg_AdamW\label_audit_all\train\000393_extra+00_gt02_pred02_IMG_20260706_105241.jpg,2,2,0,0,0,0.843267560005188,0.7377994656562805
train,394,E:\mastercode\data\test\images\train\IMG_20260706_105253.jpg,E:\mastercode\ultralytics-main-new\1_results\001_yolo11n_seg_AdamW\label_audit_all\train\000394_extra-01_gt04_pred03_IMG_20260706_105253.jpg,4,3,-1,1,1,0.9291906952857971,0.8730860551198324
train,395,E:\mastercode\data\test\images\train\IMG_20260706_105254.jpg,E:\mastercode\ultralytics-main-new\1_results\001_yolo11n_seg_AdamW\label_audit_all\train\000395_extra-03_gt06_pred03_IMG_20260706_105254.jpg,6,3,-3,3,3,0.4070947766304016,0.34616876641909283
train,396,E:\mastercode\data\test\images\train\IMG_20260706_105300.jpg,E:\mastercode\ultralytics-main-new\1_results\001_yolo11n_seg_AdamW\label_audit_all\train\000396_extra+01_gt09_pred10_IMG_20260706_105300.jpg,9,10,1,0,1,0.9146632552146912,0.7976451873779297
train,397,E:\mastercode\data\test\images\train\IMG_20260706_105304.jpg,E:\mastercode\ultralytics-main-new\1_results\001_yolo11n_seg_AdamW\label_audit_all\train\000397_extra+01_gt06_pred07_IMG_20260706_105304.jpg,6,7,1,0,1,0.9464251399040222,0.7283826810973031
train,398,E:\mastercode\data\test\images\train\IMG_20260706_105309.jpg,E:\mastercode\ultralytics-main-new\1_results\001_yolo11n_seg_AdamW\label_audit_all\train\000398_extra+00_gt03_pred03_IMG_20260706_105309.jpg,3,3,0,0,0,0.9277004599571228,0.8912364840507507
train,399,E:\mastercode\data\test\images\train\IMG_20260706_105310.jpg,E:\mastercode\ultralytics-main-new\1_results\001_yolo11n_seg_AdamW\label_audit_all\train\000399_extra+00_gt03_pred03_IMG_20260706_105310.jpg,3,3,0,0,0,0.9422311782836914,0.9204959472020467
train,400,E:\mastercode\data\test\images\train\IMG_20260706_105313.jpg,E:\mastercode\ultralytics-main-new\1_results\001_yolo11n_seg_AdamW\label_audit_all\train\000400_extra+02_gt06_pred08_IMG_20260706_105313.jpg,6,8,2,0,2,0.9474619030952454,0.688852496445179
train,401,E:\mastercode\data\test\images\train\IMG_20260706_105319.jpg,E:\mastercode\ultralytics-main-new\1_results\001_yolo11n_seg_AdamW\label_audit_all\train\000401_extra+00_gt02_pred02_IMG_20260706_105319.jpg,2,2,0,0,0,0.9262869358062744,0.926192432641983
train,402,E:\mastercode\data\test\images\train\IMG_20260706_105328.jpg,E:\mastercode\ultralytics-main-new\1_results\001_yolo11n_seg_AdamW\label_audit_all\train\000402_extra+00_gt06_pred06_IMG_20260706_105328.jpg,6,6,0,0,0,0.8957817554473877,0.6439608484506607
train,403,E:\mastercode\data\test\images\train\IMG_20260706_105334.jpg,E:\mastercode\ultralytics-main-new\1_results\001_yolo11n_seg_AdamW\label_audit_all\train\000403_extra-01_gt05_pred04_IMG_20260706_105334.jpg,5,4,-1,1,1,0.8469353914260864,0.6218896135687828
train,404,E:\mastercode\data\test\images\train\IMG_20260706_105336.jpg,E:\mastercode\ultralytics-main-new\1_results\001_yolo11n_seg_AdamW\label_audit_all\train\000404_extra-02_gt06_pred04_IMG_20260706_105336.jpg,6,4,-2,2,2,0.8714612126350403,0.7806447297334671
train,405,E:\mastercode\data\test\images\train\IMG_20260706_105338.jpg,E:\mastercode\ultralytics-main-new\1_results\001_yolo11n_seg_AdamW\label_audit_all\train\000405_extra+01_gt05_pred06_IMG_20260706_105338.jpg,5,6,1,0,1,0.8732893466949463,0.7044560958941778
train,406,E:\mastercode\data\test\images\train\IMG_20260706_105340.jpg,E:\mastercode\ultralytics-main-new\1_results\001_yolo11n_seg_AdamW\label_audit_all\train\000406_extra+02_gt03_pred05_IMG_20260706_105340.jpg,3,5,2,0,2,0.9399846196174622,0.5873920500278473
train,407,E:\mastercode\data\test\images\train\IMG_20260706_105343.jpg,E:\mastercode\ultralytics-main-new\1_results\001_yolo11n_seg_AdamW\label_audit_all\train\000407_extra+01_gt01_pred02_IMG_20260706_105343.jpg,1,2,1,0,1,0.9173197150230408,0.8319815099239349
train,408,E:\mastercode\data\test\images\train\IMG_20260706_105345.jpg,E:\mastercode\ultralytics-main-new\1_results\001_yolo11n_seg_AdamW\label_audit_all\train\000408_extra+00_gt01_pred01_IMG_20260706_105345.jpg,1,1,0,0,0,0.9086805582046509,0.9086805582046509
train,409,E:\mastercode\data\test\images\train\IMG_20260706_105348.jpg,E:\mastercode\ultralytics-main-new\1_results\001_yolo11n_seg_AdamW\label_audit_all\train\000409_extra+00_gt09_pred09_IMG_20260706_105348.jpg,9,9,0,0,0,0.9401784539222717,0.8211037251684401
train,410,E:\mastercode\data\test\images\train\IMG_20260706_105350.jpg,E:\mastercode\ultralytics-main-new\1_results\001_yolo11n_seg_AdamW\label_audit_all\train\000410_extra+03_gt09_pred12_IMG_20260706_105350.jpg,9,12,3,0,3,0.9263693690299988,0.7078006143371264
train,411,E:\mastercode\data\test\images\train\IMG_20260706_105351.jpg,E:\mastercode\ultralytics-main-new\1_results\001_yolo11n_seg_AdamW\label_audit_all\train\000411_extra+01_gt03_pred04_IMG_20260706_105351.jpg,3,4,1,0,1,0.9428184032440186,0.763825312256813
train,412,E:\mastercode\data\test\images\train\IMG_20260706_105351_2.jpg,E:\mastercode\ultralytics-main-new\1_results\001_yolo11n_seg_AdamW\label_audit_all\train\000412_extra-01_gt07_pred06_IMG_20260706_105351_2.jpg,7,6,-1,1,1,0.9278011322021484,0.7475456396738688
train,413,E:\mastercode\data\test\images\train\IMG_20260706_105352.jpg,E:\mastercode\ultralytics-main-new\1_results\001_yolo11n_seg_AdamW\label_audit_all\train\000413_extra-07_gt10_pred03_IMG_20260706_105352.jpg,10,3,-7,7,7,0.9070486426353455,0.6828571458657583
train,414,E:\mastercode\data\test\images\train\IMG_20260706_105354.jpg,E:\mastercode\ultralytics-main-new\1_results\001_yolo11n_seg_AdamW\label_audit_all\train\000414_extra+00_gt04_pred04_IMG_20260706_105354.jpg,4,4,0,0,0,0.8634307384490967,0.7449402064085007
train,415,E:\mastercode\data\test\images\train\IMG_20260706_105356.jpg,E:\mastercode\ultralytics-main-new\1_results\001_yolo11n_seg_AdamW\label_audit_all\train\000415_extra+01_gt07_pred08_IMG_20260706_105356.jpg,7,8,1,0,1,0.9121834635734558,0.7195721492171288
train,416,E:\mastercode\data\test\images\train\IMG_20260706_105403.jpg,E:\mastercode\ultralytics-main-new\1_results\001_yolo11n_seg_AdamW\label_audit_all\train\000416_extra+01_gt04_pred05_IMG_20260706_105403.jpg,4,5,1,0,1,0.9404414296150208,0.7739701211452484
train,417,E:\mastercode\data\test\images\train\IMG_20260706_105405.jpg,E:\mastercode\ultralytics-main-new\1_results\001_yolo11n_seg_AdamW\label_audit_all\train\000417_extra+01_gt06_pred07_IMG_20260706_105405.jpg,6,7,1,0,1,0.9362850189208984,0.797732046672276
train,418,E:\mastercode\data\test\images\train\IMG_20260706_105406.jpg,E:\mastercode\ultralytics-main-new\1_results\001_yolo11n_seg_AdamW\label_audit_all\train\000418_extra-01_gt06_pred05_IMG_20260706_105406.jpg,6,5,-1,1,1,0.913372814655304,0.778912478685379
train,419,E:\mastercode\data\test\images\train\IMG_20260706_105408.jpg,E:\mastercode\ultralytics-main-new\1_results\001_yolo11n_seg_AdamW\label_audit_all\train\000419_extra+00_gt05_pred05_IMG_20260706_105408.jpg,5,5,0,0,0,0.9471386075019836,0.7376715540885925
train,420,E:\mastercode\data\test\images\train\IMG_20260706_105412.jpg,E:\mastercode\ultralytics-main-new\1_results\001_yolo11n_seg_AdamW\label_audit_all\train\000420_extra+00_gt01_pred01_IMG_20260706_105412.jpg,1,1,0,0,0,0.8751983642578125,0.8751983642578125
train,421,E:\mastercode\data\test\images\train\IMG_20260706_105415.jpg,E:\mastercode\ultralytics-main-new\1_results\001_yolo11n_seg_AdamW\label_audit_all\train\000421_extra+01_gt02_pred03_IMG_20260706_105415.jpg,2,3,1,0,1,0.9104721546173096,0.6866094470024109
train,422,E:\mastercode\data\test\images\train\IMG_20260706_105429.jpg,E:\mastercode\ultralytics-main-new\1_results\001_yolo11n_seg_AdamW\label_audit_all\train\000422_extra+02_gt11_pred13_IMG_20260706_105429.jpg,11,13,2,0,2,0.9236225485801697,0.8027551976534036
train,423,E:\mastercode\data\test\images\train\IMG_20260706_105431.jpg,E:\mastercode\ultralytics-main-new\1_results\001_yolo11n_seg_AdamW\label_audit_all\train\000423_extra+05_gt08_pred13_IMG_20260706_105431.jpg,8,13,5,0,5,0.9287861585617065,0.7055775248087369
train,424,E:\mastercode\data\test\images\train\IMG_20260706_105433.jpg,E:\mastercode\ultralytics-main-new\1_results\001_yolo11n_seg_AdamW\label_audit_all\train\000424_extra+00_gt04_pred04_IMG_20260706_105433.jpg,4,4,0,0,0,0.9240310788154602,0.8044464290142059
train,425,E:\mastercode\data\test\images\train\IMG_20260706_105436.jpg,E:\mastercode\ultralytics-main-new\1_results\001_yolo11n_seg_AdamW\label_audit_all\train\000425_extra+01_gt05_pred06_IMG_20260706_105436.jpg,5,6,1,0,1,0.9442796111106873,0.8085592786471049
train,426,E:\mastercode\data\test\images\train\IMG_20260706_105437.jpg,E:\mastercode\ultralytics-main-new\1_results\001_yolo11n_seg_AdamW\label_audit_all\train\000426_extra+01_gt05_pred06_IMG_20260706_105437.jpg,5,6,1,0,1,0.9455031752586365,0.8451243788003922
train,427,E:\mastercode\data\test\images\train\IMG_20260706_105439.jpg,E:\mastercode\ultralytics-main-new\1_results\001_yolo11n_seg_AdamW\label_audit_all\train\000427_extra+00_gt01_pred01_IMG_20260706_105439.jpg,1,1,0,0,0,0.9379585385322571,0.9379585385322571
train,428,E:\mastercode\data\test\images\train\IMG_20260706_105442.jpg,E:\mastercode\ultralytics-main-new\1_results\001_yolo11n_seg_AdamW\label_audit_all\train\000428_extra+00_gt05_pred05_IMG_20260706_105442.jpg,5,5,0,0,0,0.9451749324798584,0.8260420083999633
train,429,E:\mastercode\data\test\images\train\IMG_20260706_105445.jpg,E:\mastercode\ultralytics-main-new\1_results\001_yolo11n_seg_AdamW\label_audit_all\train\000429_extra+00_gt02_pred02_IMG_20260706_105445.jpg,2,2,0,0,0,0.9148557782173157,0.9114139378070831
train,430,E:\mastercode\data\test\images\train\IMG_20260706_105447.jpg,E:\mastercode\ultralytics-main-new\1_results\001_yolo11n_seg_AdamW\label_audit_all\train\000430_extra+02_gt02_pred04_IMG_20260706_105447.jpg,2,4,2,0,2,0.937814474105835,0.5710008889436722
train,431,E:\mastercode\data\test\images\train\IMG_20260706_105450.jpg,E:\mastercode\ultralytics-main-new\1_results\001_yolo11n_seg_AdamW\label_audit_all\train\000431_extra+01_gt02_pred03_IMG_20260706_105450.jpg,2,3,1,0,1,0.9266202449798584,0.709635466337204
train,432,E:\mastercode\data\test\images\train\IMG_20260706_105453.jpg,E:\mastercode\ultralytics-main-new\1_results\001_yolo11n_seg_AdamW\label_audit_all\train\000432_extra+00_gt03_pred03_IMG_20260706_105453.jpg,3,3,0,0,0,0.8944835662841797,0.7030953665574392
train,433,E:\mastercode\data\test\images\train\IMG_20260706_105457.jpg,E:\mastercode\ultralytics-main-new\1_results\001_yolo11n_seg_AdamW\label_audit_all\train\000433_extra+00_gt02_pred02_IMG_20260706_105457.jpg,2,2,0,0,0,0.8911242485046387,0.8773504495620728
train,434,E:\mastercode\data\test\images\train\IMG_20260706_105506.jpg,E:\mastercode\ultralytics-main-new\1_results\001_yolo11n_seg_AdamW\label_audit_all\train\000434_extra-03_gt14_pred11_IMG_20260706_105506.jpg,14,11,-3,3,3,0.9250839948654175,0.72185248949311
train,435,E:\mastercode\data\test\images\train\IMG_20260706_105510.jpg,E:\mastercode\ultralytics-main-new\1_results\001_yolo11n_seg_AdamW\label_audit_all\train\000435_extra+04_gt02_pred06_IMG_20260706_105510.jpg,2,6,4,0,4,0.9069378972053528,0.5649256755908331
train,436,E:\mastercode\data\test\images\train\IMG_20260706_105513.jpg,E:\mastercode\ultralytics-main-new\1_results\001_yolo11n_seg_AdamW\label_audit_all\train\000436_extra+00_gt03_pred03_IMG_20260706_105513.jpg,3,3,0,0,0,0.9281522035598755,0.8796580831209818
train,437,E:\mastercode\data\test\images\train\IMG_20260706_105518.jpg,E:\mastercode\ultralytics-main-new\1_results\001_yolo11n_seg_AdamW\label_audit_all\train\000437_extra+01_gt02_pred03_IMG_20260706_105518.jpg,2,3,1,0,1,0.9084895253181458,0.7041108508904775
train,438,E:\mastercode\data\test\images\train\IMG_20260706_105521.jpg,E:\mastercode\ultralytics-main-new\1_results\001_yolo11n_seg_AdamW\label_audit_all\train\000438_extra-05_gt11_pred06_IMG_20260706_105521.jpg,11,6,-5,5,5,0.9070438146591187,0.602492113908132
train,439,E:\mastercode\data\test\images\train\IMG_20260706_105524.jpg,E:\mastercode\ultralytics-main-new\1_results\001_yolo11n_seg_AdamW\label_audit_all\train\000439_extra+00_gt01_pred01_IMG_20260706_105524.jpg,1,1,0,0,0,0.9497020244598389,0.9497020244598389
train,440,E:\mastercode\data\test\images\train\IMG_20260706_105526.jpg,E:\mastercode\ultralytics-main-new\1_results\001_yolo11n_seg_AdamW\label_audit_all\train\000440_extra+00_gt01_pred01_IMG_20260706_105526.jpg,1,1,0,0,0,0.9470177292823792,0.9470177292823792
train,441,E:\mastercode\data\test\images\train\IMG_20260706_105532.jpg,E:\mastercode\ultralytics-main-new\1_results\001_yolo11n_seg_AdamW\label_audit_all\train\000441_extra+00_gt02_pred02_IMG_20260706_105532.jpg,2,2,0,0,0,0.944489598274231,0.9399922490119934
train,442,E:\mastercode\data\test\images\train\IMG_20260706_105534.jpg,E:\mastercode\ultralytics-main-new\1_results\001_yolo11n_seg_AdamW\label_audit_all\train\000442_extra-01_gt02_pred01_IMG_20260706_105534.jpg,2,1,-1,1,1,0.9276577830314636,0.9276577830314636
train,443,E:\mastercode\data\test\images\train\IMG_20260706_105536.jpg,E:\mastercode\ultralytics-main-new\1_results\001_yolo11n_seg_AdamW\label_audit_all\train\000443_extra-01_gt05_pred04_IMG_20260706_105536.jpg,5,4,-1,1,1,0.9363885521888733,0.8330607116222382
train,444,E:\mastercode\data\test\images\train\IMG_20260706_105538.jpg,E:\mastercode\ultralytics-main-new\1_results\001_yolo11n_seg_AdamW\label_audit_all\train\000444_extra-01_gt03_pred02_IMG_20260706_105538.jpg,3,2,-1,1,1,0.9293895959854126,0.8961753249168396
train,445,E:\mastercode\data\test\images\train\IMG_20260706_105554.jpg,E:\mastercode\ultralytics-main-new\1_results\001_yolo11n_seg_AdamW\label_audit_all\train\000445_extra+00_gt03_pred03_IMG_20260706_105554.jpg,3,3,0,0,0,0.9433633089065552,0.7671630183855692
train,446,E:\mastercode\data\test\images\train\IMG_20260706_105614.jpg,E:\mastercode\ultralytics-main-new\1_results\001_yolo11n_seg_AdamW\label_audit_all\train\000446_extra+00_gt05_pred05_IMG_20260706_105614.jpg,5,5,0,0,0,0.933169960975647,0.8965679168701172
train,447,E:\mastercode\data\test\images\train\IMG_20260706_105616.jpg,E:\mastercode\ultralytics-main-new\1_results\001_yolo11n_seg_AdamW\label_audit_all\train\000447_extra-01_gt07_pred06_IMG_20260706_105616.jpg,7,6,-1,1,1,0.9490051865577698,0.7898441950480143
train,448,E:\mastercode\data\test\images\train\IMG_20260706_105623.jpg,E:\mastercode\ultralytics-main-new\1_results\001_yolo11n_seg_AdamW\label_audit_all\train\000448_extra-18_gt22_pred04_IMG_20260706_105623.jpg,22,4,-18,18,18,0.8280125260353088,0.6498209163546562
train,449,E:\mastercode\data\test\images\train\IMG_20260706_105625.jpg,E:\mastercode\ultralytics-main-new\1_results\001_yolo11n_seg_AdamW\label_audit_all\train\000449_extra+00_gt07_pred07_IMG_20260706_105625.jpg,7,7,0,0,0,0.9219022393226624,0.7518269547394344
train,450,E:\mastercode\data\test\images\train\IMG_20260706_105627.jpg,E:\mastercode\ultralytics-main-new\1_results\001_yolo11n_seg_AdamW\label_audit_all\train\000450_extra+03_gt05_pred08_IMG_20260706_105627.jpg,5,8,3,0,3,0.9311952590942383,0.627481646835804
train,451,E:\mastercode\data\test\images\train\IMG_20260706_105629.jpg,E:\mastercode\ultralytics-main-new\1_results\001_yolo11n_seg_AdamW\label_audit_all\train\000451_extra-02_gt05_pred03_IMG_20260706_105629.jpg,5,3,-2,2,2,0.9402956366539001,0.9119498332341512
train,452,E:\mastercode\data\test\images\train\IMG_20260706_105630.jpg,E:\mastercode\ultralytics-main-new\1_results\001_yolo11n_seg_AdamW\label_audit_all\train\000452_extra+00_gt02_pred02_IMG_20260706_105630.jpg,2,2,0,0,0,0.9292047023773193,0.8695421516895294
train,453,E:\mastercode\data\test\images\train\IMG_20260706_105634.jpg,E:\mastercode\ultralytics-main-new\1_results\001_yolo11n_seg_AdamW\label_audit_all\train\000453_extra+00_gt01_pred01_IMG_20260706_105634.jpg,1,1,0,0,0,0.9372997879981995,0.9372997879981995
train,454,E:\mastercode\data\test\images\train\IMG_20260706_105637.jpg,E:\mastercode\ultralytics-main-new\1_results\001_yolo11n_seg_AdamW\label_audit_all\train\000454_extra+02_gt01_pred03_IMG_20260706_105637.jpg,1,3,2,0,2,0.9316385984420776,0.643421878417333
train,455,E:\mastercode\data\test\images\train\IMG_20260706_105639.jpg,E:\mastercode\ultralytics-main-new\1_results\001_yolo11n_seg_AdamW\label_audit_all\train\000455_extra+00_gt01_pred01_IMG_20260706_105639.jpg,1,1,0,0,0,0.9216819405555725,0.9216819405555725
train,456,E:\mastercode\data\test\images\train\IMG_20260706_105642.jpg,E:\mastercode\ultralytics-main-new\1_results\001_yolo11n_seg_AdamW\label_audit_all\train\000456_extra+01_gt02_pred03_IMG_20260706_105642.jpg,2,3,1,0,1,0.9292929172515869,0.7109592060248057
train,457,E:\mastercode\data\test\images\train\IMG_20260706_105647.jpg,E:\mastercode\ultralytics-main-new\1_results\001_yolo11n_seg_AdamW\label_audit_all\train\000457_extra+02_gt02_pred04_IMG_20260706_105647.jpg,2,4,2,0,2,0.7835960984230042,0.627981923520565
train,458,E:\mastercode\data\test\images\train\IMG_20260706_105801.jpg,E:\mastercode\ultralytics-main-new\1_results\001_yolo11n_seg_AdamW\label_audit_all\train\000458_extra+00_gt01_pred01_IMG_20260706_105801.jpg,1,1,0,0,0,0.9458114504814148,0.9458114504814148
train,459,E:\mastercode\data\test\images\train\IMG_20260706_105807.jpg,E:\mastercode\ultralytics-main-new\1_results\001_yolo11n_seg_AdamW\label_audit_all\train\000459_extra+00_gt01_pred01_IMG_20260706_105807.jpg,1,1,0,0,0,0.939419686794281,0.939419686794281
train,460,E:\mastercode\data\test\images\train\IMG_20260706_105810.jpg,E:\mastercode\ultralytics-main-new\1_results\001_yolo11n_seg_AdamW\label_audit_all\train\000460_extra+01_gt02_pred03_IMG_20260706_105810.jpg,2,3,1,0,1,0.9383086562156677,0.7224243879318237
train,461,E:\mastercode\data\test\images\train\IMG_20260706_105814.jpg,E:\mastercode\ultralytics-main-new\1_results\001_yolo11n_seg_AdamW\label_audit_all\train\000461_extra+00_gt02_pred02_IMG_20260706_105814.jpg,2,2,0,0,0,0.8052507042884827,0.745404839515686
train,462,E:\mastercode\data\test\images\train\IMG_20260706_105815.jpg,E:\mastercode\ultralytics-main-new\1_results\001_yolo11n_seg_AdamW\label_audit_all\train\000462_extra+00_gt03_pred03_IMG_20260706_105815.jpg,3,3,0,0,0,0.9151394367218018,0.8509406050046285
train,463,E:\mastercode\data\test\images\train\IMG_20260706_105819.jpg,E:\mastercode\ultralytics-main-new\1_results\001_yolo11n_seg_AdamW\label_audit_all\train\000463_extra+00_gt02_pred02_IMG_20260706_105819.jpg,2,2,0,0,0,0.9003786444664001,0.895388662815094
train,464,E:\mastercode\data\test\images\train\IMG_20260706_105820.jpg,E:\mastercode\ultralytics-main-new\1_results\001_yolo11n_seg_AdamW\label_audit_all\train\000464_extra+00_gt02_pred02_IMG_20260706_105820.jpg,2,2,0,0,0,0.9534584879875183,0.9153536260128021
train,465,E:\mastercode\data\test\images\train\IMG_20260706_105822.jpg,E:\mastercode\ultralytics-main-new\1_results\001_yolo11n_seg_AdamW\label_audit_all\train\000465_extra-01_gt02_pred01_IMG_20260706_105822.jpg,2,1,-1,1,1,0.9292884469032288,0.9292884469032288
train,466,E:\mastercode\data\test\images\train\IMG_20260706_105824.jpg,E:\mastercode\ultralytics-main-new\1_results\001_yolo11n_seg_AdamW\label_audit_all\train\000466_extra+00_gt01_pred01_IMG_20260706_105824.jpg,1,1,0,0,0,0.9214335680007935,0.9214335680007935
train,467,E:\mastercode\data\test\images\train\IMG_20260706_105828.jpg,E:\mastercode\ultralytics-main-new\1_results\001_yolo11n_seg_AdamW\label_audit_all\train\000467_extra+00_gt02_pred02_IMG_20260706_105828.jpg,2,2,0,0,0,0.9370529055595398,0.8583894968032837
train,468,E:\mastercode\data\test\images\train\IMG_20260706_105831.jpg,E:\mastercode\ultralytics-main-new\1_results\001_yolo11n_seg_AdamW\label_audit_all\train\000468_extra+00_gt01_pred01_IMG_20260706_105831.jpg,1,1,0,0,0,0.9097239375114441,0.9097239375114441
train,469,E:\mastercode\data\test\images\train\IMG_20260706_105837.jpg,E:\mastercode\ultralytics-main-new\1_results\001_yolo11n_seg_AdamW\label_audit_all\train\000469_extra-01_gt03_pred02_IMG_20260706_105837.jpg,3,2,-1,1,1,0.9284343719482422,0.763800710439682
train,470,E:\mastercode\data\test\images\train\IMG_20260706_105840.jpg,E:\mastercode\ultralytics-main-new\1_results\001_yolo11n_seg_AdamW\label_audit_all\train\000470_extra+00_gt01_pred01_IMG_20260706_105840.jpg,1,1,0,0,0,0.8887791037559509,0.8887791037559509
train,471,E:\mastercode\data\test\images\train\IMG_20260706_105844.jpg,E:\mastercode\ultralytics-main-new\1_results\001_yolo11n_seg_AdamW\label_audit_all\train\000471_extra+00_gt01_pred01_IMG_20260706_105844.jpg,1,1,0,0,0,0.9640107154846191,0.9640107154846191
train,472,E:\mastercode\data\test\images\train\IMG_20260706_105846.jpg,E:\mastercode\ultralytics-main-new\1_results\001_yolo11n_seg_AdamW\label_audit_all\train\000472_extra+01_gt02_pred03_IMG_20260706_105846.jpg,2,3,1,0,1,0.9318912029266357,0.7010515729586283
train,473,E:\mastercode\data\test\images\train\IMG_20260706_105854.jpg,E:\mastercode\ultralytics-main-new\1_results\001_yolo11n_seg_AdamW\label_audit_all\train\000473_extra-01_gt03_pred02_IMG_20260706_105854.jpg,3,2,-1,1,1,0.8211027979850769,0.8202106356620789
train,474,E:\mastercode\data\test\images\train\IMG_20260706_105857.jpg,E:\mastercode\ultralytics-main-new\1_results\001_yolo11n_seg_AdamW\label_audit_all\train\000474_extra+01_gt01_pred02_IMG_20260706_105857.jpg,1,2,1,0,1,0.9426674246788025,0.6761240661144257
train,475,E:\mastercode\data\test\images\train\IMG_20260706_105916.jpg,E:\mastercode\ultralytics-main-new\1_results\001_yolo11n_seg_AdamW\label_audit_all\train\000475_extra+00_gt02_pred02_IMG_20260706_105916.jpg,2,2,0,0,0,0.93550044298172,0.92978635430336
train,476,E:\mastercode\data\test\images\train\IMG_20260706_105917.jpg,E:\mastercode\ultralytics-main-new\1_results\001_yolo11n_seg_AdamW\label_audit_all\train\000476_extra+00_gt02_pred02_IMG_20260706_105917.jpg,2,2,0,0,0,0.9357993006706238,0.9318606555461884
train,477,E:\mastercode\data\test\images\train\IMG_20260706_105919.jpg,E:\mastercode\ultralytics-main-new\1_results\001_yolo11n_seg_AdamW\label_audit_all\train\000477_extra+00_gt02_pred02_IMG_20260706_105919.jpg,2,2,0,0,0,0.9419621229171753,0.9346925318241119
train,478,E:\mastercode\data\test\images\train\IMG_20260706_105920_1.jpg,E:\mastercode\ultralytics-main-new\1_results\001_yolo11n_seg_AdamW\label_audit_all\train\000478_extra+01_gt01_pred02_IMG_20260706_105920_1.jpg,1,2,1,0,1,0.9348312020301819,0.7254519462585449
train,479,E:\mastercode\data\test\images\train\IMG_20260706_105931.jpg,E:\mastercode\ultralytics-main-new\1_results\001_yolo11n_seg_AdamW\label_audit_all\train\000479_extra+00_gt01_pred01_IMG_20260706_105931.jpg,1,1,0,0,0,0.9387875199317932,0.9387875199317932
train,480,E:\mastercode\data\test\images\train\IMG_20260706_105942.jpg,E:\mastercode\ultralytics-main-new\1_results\001_yolo11n_seg_AdamW\label_audit_all\train\000480_extra+02_gt07_pred09_IMG_20260706_105942.jpg,7,9,2,0,2,0.953027606010437,0.7259944279988607
train,481,E:\mastercode\data\test\images\train\IMG_20260706_105943.jpg,E:\mastercode\ultralytics-main-new\1_results\001_yolo11n_seg_AdamW\label_audit_all\train\000481_extra+00_gt07_pred07_IMG_20260706_105943.jpg,7,7,0,0,0,0.9385746121406555,0.7998399223600116
train,482,E:\mastercode\data\test\images\train\IMG_20260706_105945.jpg,E:\mastercode\ultralytics-main-new\1_results\001_yolo11n_seg_AdamW\label_audit_all\train\000482_extra+00_gt08_pred08_IMG_20260706_105945.jpg,8,8,0,0,0,0.9393888115882874,0.8728894367814064
train,483,E:\mastercode\data\test\images\train\IMG_20260706_105947.jpg,E:\mastercode\ultralytics-main-new\1_results\001_yolo11n_seg_AdamW\label_audit_all\train\000483_extra+00_gt03_pred03_IMG_20260706_105947.jpg,3,3,0,0,0,0.932185709476471,0.8623476227124532
train,484,E:\mastercode\data\test\images\train\IMG_20260706_105954.jpg,E:\mastercode\ultralytics-main-new\1_results\001_yolo11n_seg_AdamW\label_audit_all\train\000484_extra+01_gt02_pred03_IMG_20260706_105954.jpg,2,3,1,0,1,0.9468910098075867,0.8963064551353455
train,485,E:\mastercode\data\test\images\train\IMG_20260706_105955.jpg,E:\mastercode\ultralytics-main-new\1_results\001_yolo11n_seg_AdamW\label_audit_all\train\000485_extra+01_gt02_pred03_IMG_20260706_105955.jpg,2,3,1,0,1,0.9367045760154724,0.5401827692985535
train,486,E:\mastercode\data\test\images\train\IMG_20260706_110001.jpg,E:\mastercode\ultralytics-main-new\1_results\001_yolo11n_seg_AdamW\label_audit_all\train\000486_extra+00_gt02_pred02_IMG_20260706_110001.jpg,2,2,0,0,0,0.9566490650177002,0.9470507800579071
train,487,E:\mastercode\data\test\images\train\IMG_20260706_110003.jpg,E:\mastercode\ultralytics-main-new\1_results\001_yolo11n_seg_AdamW\label_audit_all\train\000487_extra+00_gt05_pred05_IMG_20260706_110003.jpg,5,5,0,0,0,0.9356297254562378,0.8663454174995422
train,488,E:\mastercode\data\test\images\train\IMG_20260706_110004.jpg,E:\mastercode\ultralytics-main-new\1_results\001_yolo11n_seg_AdamW\label_audit_all\train\000488_extra+00_gt04_pred04_IMG_20260706_110004.jpg,4,4,0,0,0,0.9350258708000183,0.9063601344823837
train,489,E:\mastercode\data\test\images\train\IMG_20260706_110007.jpg,E:\mastercode\ultralytics-main-new\1_results\001_yolo11n_seg_AdamW\label_audit_all\train\000489_extra+00_gt03_pred03_IMG_20260706_110007.jpg,3,3,0,0,0,0.9447027444839478,0.852345605691274
train,490,E:\mastercode\data\test\images\train\IMG_20260706_110008.jpg,E:\mastercode\ultralytics-main-new\1_results\001_yolo11n_seg_AdamW\label_audit_all\train\000490_extra-02_gt07_pred05_IMG_20260706_110008.jpg,7,5,-2,2,2,0.9416172504425049,0.8971759676933289
train,491,E:\mastercode\data\test\images\train\IMG_20260706_110010.jpg,E:\mastercode\ultralytics-main-new\1_results\001_yolo11n_seg_AdamW\label_audit_all\train\000491_extra+00_gt03_pred03_IMG_20260706_110010.jpg,3,3,0,0,0,0.9442668557167053,0.9344174265861511
train,492,E:\mastercode\data\test\images\train\IMG_20260706_110018.jpg,E:\mastercode\ultralytics-main-new\1_results\001_yolo11n_seg_AdamW\label_audit_all\train\000492_extra+00_gt02_pred02_IMG_20260706_110018.jpg,2,2,0,0,0,0.9459052085876465,0.9363506138324738
train,493,E:\mastercode\data\test\images\train\IMG_20260706_110021.jpg,E:\mastercode\ultralytics-main-new\1_results\001_yolo11n_seg_AdamW\label_audit_all\train\000493_extra+02_gt06_pred08_IMG_20260706_110021.jpg,6,8,2,0,2,0.9393527507781982,0.8182687014341354
train,494,E:\mastercode\data\test\images\train\IMG_20260706_110026.jpg,E:\mastercode\ultralytics-main-new\1_results\001_yolo11n_seg_AdamW\label_audit_all\train\000494_extra+00_gt05_pred05_IMG_20260706_110026.jpg,5,5,0,0,0,0.9318349957466125,0.8181354165077209
train,495,E:\mastercode\data\test\images\train\IMG_20260706_110027.jpg,E:\mastercode\ultralytics-main-new\1_results\001_yolo11n_seg_AdamW\label_audit_all\train\000495_extra+00_gt04_pred04_IMG_20260706_110027.jpg,4,4,0,0,0,0.9488781690597534,0.8487908691167831
train,496,E:\mastercode\data\test\images\train\IMG_20260706_110029.jpg,E:\mastercode\ultralytics-main-new\1_results\001_yolo11n_seg_AdamW\label_audit_all\train\000496_extra-01_gt03_pred02_IMG_20260706_110029.jpg,3,2,-1,1,1,0.9417997002601624,0.7869692742824554
train,497,E:\mastercode\data\test\images\train\IMG_20260706_110050.jpg,E:\mastercode\ultralytics-main-new\1_results\001_yolo11n_seg_AdamW\label_audit_all\train\000497_extra+01_gt01_pred02_IMG_20260706_110050.jpg,1,2,1,0,1,0.9044229388237,0.5928330421447754
train,498,E:\mastercode\data\test\images\train\IMG_20260706_110056.jpg,E:\mastercode\ultralytics-main-new\1_results\001_yolo11n_seg_AdamW\label_audit_all\train\000498_extra+00_gt04_pred04_IMG_20260706_110056.jpg,4,4,0,0,0,0.9267744421958923,0.7361131235957146
train,499,E:\mastercode\data\test\images\train\IMG_20260706_110058.jpg,E:\mastercode\ultralytics-main-new\1_results\001_yolo11n_seg_AdamW\label_audit_all\train\000499_extra+01_gt12_pred13_IMG_20260706_110058.jpg,12,13,1,0,1,0.9294551610946655,0.6880003466055944
train,500,E:\mastercode\data\test\images\train\IMG_20260706_110059.jpg,E:\mastercode\ultralytics-main-new\1_results\001_yolo11n_seg_AdamW\label_audit_all\train\000500_extra+00_gt14_pred14_IMG_20260706_110059.jpg,14,14,0,0,0,0.9203342199325562,0.6869079023599625
train,501,E:\mastercode\data\test\images\train\IMG_20260706_110100.jpg,E:\mastercode\ultralytics-main-new\1_results\001_yolo11n_seg_AdamW\label_audit_all\train\000501_extra+02_gt06_pred08_IMG_20260706_110100.jpg,6,8,2,0,2,0.9328194260597229,0.6960413008928299
train,502,E:\mastercode\data\test\images\train\IMG_20260706_110102.jpg,E:\mastercode\ultralytics-main-new\1_results\001_yolo11n_seg_AdamW\label_audit_all\train\000502_extra-01_gt05_pred04_IMG_20260706_110102.jpg,5,4,-1,1,1,0.9313586950302124,0.7597111165523529
train,503,E:\mastercode\data\test\images\train\IMG_20260706_110103.jpg,E:\mastercode\ultralytics-main-new\1_results\001_yolo11n_seg_AdamW\label_audit_all\train\000503_extra+00_gt02_pred02_IMG_20260706_110103.jpg,2,2,0,0,0,0.776419997215271,0.7386527955532074
train,504,E:\mastercode\data\test\images\train\IMG_20260706_110107.jpg,E:\mastercode\ultralytics-main-new\1_results\001_yolo11n_seg_AdamW\label_audit_all\train\000504_extra+02_gt03_pred05_IMG_20260706_110107.jpg,3,5,2,0,2,0.9132295846939087,0.7058494865894318
train,505,E:\mastercode\data\test\images\train\IMG_20260706_110109.jpg,E:\mastercode\ultralytics-main-new\1_results\001_yolo11n_seg_AdamW\label_audit_all\train\000505_extra+00_gt03_pred03_IMG_20260706_110109.jpg,3,3,0,0,0,0.9436658620834351,0.9362115263938904
train,506,E:\mastercode\data\test\images\train\IMG_20260706_110111.jpg,E:\mastercode\ultralytics-main-new\1_results\001_yolo11n_seg_AdamW\label_audit_all\train\000506_extra+01_gt05_pred06_IMG_20260706_110111.jpg,5,6,1,0,1,0.9395625591278076,0.8737946351369222
train,507,E:\mastercode\data\test\images\train\IMG_20260706_110112.jpg,E:\mastercode\ultralytics-main-new\1_results\001_yolo11n_seg_AdamW\label_audit_all\train\000507_extra+00_gt02_pred02_IMG_20260706_110112.jpg,2,2,0,0,0,0.9381791949272156,0.9342986047267914
train,508,E:\mastercode\data\test\images\train\IMG_20260706_110130.jpg,E:\mastercode\ultralytics-main-new\1_results\001_yolo11n_seg_AdamW\label_audit_all\train\000508_extra+00_gt01_pred01_IMG_20260706_110130.jpg,1,1,0,0,0,0.9178153872489929,0.9178153872489929
train,509,E:\mastercode\data\test\images\train\IMG_20260706_110132.jpg,E:\mastercode\ultralytics-main-new\1_results\001_yolo11n_seg_AdamW\label_audit_all\train\000509_extra+00_gt01_pred01_IMG_20260706_110132.jpg,1,1,0,0,0,0.9202015399932861,0.9202015399932861
train,510,E:\mastercode\data\test\images\train\IMG_20260706_110238.jpg,E:\mastercode\ultralytics-main-new\1_results\001_yolo11n_seg_AdamW\label_audit_all\train\000510_extra+00_gt02_pred02_IMG_20260706_110238.jpg,2,2,0,0,0,0.8844156265258789,0.8745209276676178
train,511,E:\mastercode\data\test\images\train\IMG_20260706_110242.jpg,E:\mastercode\ultralytics-main-new\1_results\001_yolo11n_seg_AdamW\label_audit_all\train\000511_extra+01_gt05_pred06_IMG_20260706_110242.jpg,5,6,1,0,1,0.865425705909729,0.7135117103656133
train,512,E:\mastercode\data\test\images\train\IMG_20260706_110244.jpg,E:\mastercode\ultralytics-main-new\1_results\001_yolo11n_seg_AdamW\label_audit_all\train\000512_extra+01_gt05_pred06_IMG_20260706_110244.jpg,5,6,1,0,1,0.9442470073699951,0.7855600863695145
train,513,E:\mastercode\data\test\images\train\IMG_20260706_110245.jpg,E:\mastercode\ultralytics-main-new\1_results\001_yolo11n_seg_AdamW\label_audit_all\train\000513_extra+03_gt07_pred10_IMG_20260706_110245.jpg,7,10,3,0,3,0.9399595856666565,0.6302204996347427
train,514,E:\mastercode\data\test\images\train\IMG_20260706_110251.jpg,E:\mastercode\ultralytics-main-new\1_results\001_yolo11n_seg_AdamW\label_audit_all\train\000514_extra+00_gt04_pred04_IMG_20260706_110251.jpg,4,4,0,0,0,0.9167316555976868,0.8457743227481842
train,515,E:\mastercode\data\test\images\train\IMG_20260706_110252.jpg,E:\mastercode\ultralytics-main-new\1_results\001_yolo11n_seg_AdamW\label_audit_all\train\000515_extra+01_gt02_pred03_IMG_20260706_110252.jpg,2,3,1,0,1,0.9474461674690247,0.8659175237019857
train,516,E:\mastercode\data\test\images\train\IMG_20260706_110256.jpg,E:\mastercode\ultralytics-main-new\1_results\001_yolo11n_seg_AdamW\label_audit_all\train\000516_extra+00_gt01_pred01_IMG_20260706_110256.jpg,1,1,0,0,0,0.9197754859924316,0.9197754859924316
train,517,E:\mastercode\data\test\images\train\IMG_20260706_110259.jpg,E:\mastercode\ultralytics-main-new\1_results\001_yolo11n_seg_AdamW\label_audit_all\train\000517_extra+00_gt02_pred02_IMG_20260706_110259.jpg,2,2,0,0,0,0.919812798500061,0.9166834354400635
train,518,E:\mastercode\data\test\images\train\IMG_20260706_110302.jpg,E:\mastercode\ultralytics-main-new\1_results\001_yolo11n_seg_AdamW\label_audit_all\train\000518_extra+00_gt01_pred01_IMG_20260706_110302.jpg,1,1,0,0,0,0.9460884928703308,0.9460884928703308
train,519,E:\mastercode\data\test\images\train\IMG_20260706_110310.jpg,E:\mastercode\ultralytics-main-new\1_results\001_yolo11n_seg_AdamW\label_audit_all\train\000519_extra+00_gt02_pred02_IMG_20260706_110310.jpg,2,2,0,0,0,0.9698193669319153,0.9641331136226654
train,520,E:\mastercode\data\test\images\train\IMG_20260706_110315.jpg,E:\mastercode\ultralytics-main-new\1_results\001_yolo11n_seg_AdamW\label_audit_all\train\000520_extra+00_gt00_pred00_IMG_20260706_110315.jpg,0,0,0,0,0,0.0,0.0
train,521,E:\mastercode\data\test\images\train\IMG_20260706_110318.jpg,E:\mastercode\ultralytics-main-new\1_results\001_yolo11n_seg_AdamW\label_audit_all\train\000521_extra+01_gt06_pred07_IMG_20260706_110318.jpg,6,7,1,0,1,0.8563244342803955,0.5985850819519588
train,522,E:\mastercode\data\test\images\train\IMG_20260706_110320.jpg,E:\mastercode\ultralytics-main-new\1_results\001_yolo11n_seg_AdamW\label_audit_all\train\000522_extra+00_gt01_pred01_IMG_20260706_110320.jpg,1,1,0,0,0,0.9462280869483948,0.9462280869483948
train,523,E:\mastercode\data\test\images\train\IMG_20260706_110322.jpg,E:\mastercode\ultralytics-main-new\1_results\001_yolo11n_seg_AdamW\label_audit_all\train\000523_extra+00_gt01_pred01_IMG_20260706_110322.jpg,1,1,0,0,0,0.9287019371986389,0.9287019371986389
train,524,E:\mastercode\data\test\images\train\IMG_20260706_110329.jpg,E:\mastercode\ultralytics-main-new\1_results\001_yolo11n_seg_AdamW\label_audit_all\train\000524_extra-01_gt04_pred03_IMG_20260706_110329.jpg,4,3,-1,1,1,0.9289002418518066,0.8377784689267477
train,525,E:\mastercode\data\test\images\train\IMG_20260706_110333.jpg,E:\mastercode\ultralytics-main-new\1_results\001_yolo11n_seg_AdamW\label_audit_all\train\000525_extra+00_gt02_pred02_IMG_20260706_110333.jpg,2,2,0,0,0,0.9197156429290771,0.8634179830551147
train,526,E:\mastercode\data\test\images\train\IMG_20260706_110334.jpg,E:\mastercode\ultralytics-main-new\1_results\001_yolo11n_seg_AdamW\label_audit_all\train\000526_extra+00_gt01_pred01_IMG_20260706_110334.jpg,1,1,0,0,0,0.9039767980575562,0.9039767980575562
train,527,E:\mastercode\data\test\images\train\IMG_20260706_110339.jpg,E:\mastercode\ultralytics-main-new\1_results\001_yolo11n_seg_AdamW\label_audit_all\train\000527_extra+00_gt02_pred02_IMG_20260706_110339.jpg,2,2,0,0,0,0.9173777103424072,0.6084131002426147
train,528,E:\mastercode\data\test\images\train\IMG_20260706_110341.jpg,E:\mastercode\ultralytics-main-new\1_results\001_yolo11n_seg_AdamW\label_audit_all\train\000528_extra-01_gt04_pred03_IMG_20260706_110341.jpg,4,3,-1,1,1,0.853813886642456,0.6730532646179199
train,529,E:\mastercode\data\test\images\train\IMG_20260706_110346.jpg,E:\mastercode\ultralytics-main-new\1_results\001_yolo11n_seg_AdamW\label_audit_all\train\000529_extra+00_gt01_pred01_IMG_20260706_110346.jpg,1,1,0,0,0,0.937066912651062,0.937066912651062
train,530,E:\mastercode\data\test\images\train\IMG_20260706_110713.jpg,E:\mastercode\ultralytics-main-new\1_results\001_yolo11n_seg_AdamW\label_audit_all\train\000530_extra-01_gt05_pred04_IMG_20260706_110713.jpg,5,4,-1,1,1,0.9430168271064758,0.8828441053628922
train,531,E:\mastercode\data\test\images\train\IMG_20260706_110719.jpg,E:\mastercode\ultralytics-main-new\1_results\001_yolo11n_seg_AdamW\label_audit_all\train\000531_extra+00_gt03_pred03_IMG_20260706_110719.jpg,3,3,0,0,0,0.9185739159584045,0.8360093235969543
train,532,E:\mastercode\data\test\images\train\IMG_20260706_110721.jpg,E:\mastercode\ultralytics-main-new\1_results\001_yolo11n_seg_AdamW\label_audit_all\train\000532_extra+01_gt01_pred02_IMG_20260706_110721.jpg,1,2,1,0,1,0.7104690074920654,0.5396871715784073
train,533,E:\mastercode\data\test\images\train\IMG_20260706_110724.jpg,E:\mastercode\ultralytics-main-new\1_results\001_yolo11n_seg_AdamW\label_audit_all\train\000533_extra+01_gt02_pred03_IMG_20260706_110724.jpg,2,3,1,0,1,0.9213797450065613,0.8103230396906534
train,534,E:\mastercode\data\test\images\train\IMG_20260706_110726.jpg,E:\mastercode\ultralytics-main-new\1_results\001_yolo11n_seg_AdamW\label_audit_all\train\000534_extra+00_gt02_pred02_IMG_20260706_110726.jpg,2,2,0,0,0,0.9333862066268921,0.863473117351532
train,535,E:\mastercode\data\test\images\train\IMG_20260706_110738.jpg,E:\mastercode\ultralytics-main-new\1_results\001_yolo11n_seg_AdamW\label_audit_all\train\000535_extra+00_gt01_pred01_IMG_20260706_110738.jpg,1,1,0,0,0,0.9433599710464478,0.9433599710464478
train,536,E:\mastercode\data\test\images\train\IMG_20260706_110743.jpg,E:\mastercode\ultralytics-main-new\1_results\001_yolo11n_seg_AdamW\label_audit_all\train\000536_extra+00_gt02_pred02_IMG_20260706_110743.jpg,2,2,0,0,0,0.9398702383041382,0.9249304533004761
train,537,E:\mastercode\data\test\images\train\IMG_20260706_110756.jpg,E:\mastercode\ultralytics-main-new\1_results\001_yolo11n_seg_AdamW\label_audit_all\train\000537_extra+00_gt02_pred02_IMG_20260706_110756.jpg,2,2,0,0,0,0.8602725267410278,0.7748844921588898
train,538,E:\mastercode\data\test\images\train\IMG_20260706_110902.jpg,E:\mastercode\ultralytics-main-new\1_results\001_yolo11n_seg_AdamW\label_audit_all\train\000538_extra+00_gt01_pred01_IMG_20260706_110902.jpg,1,1,0,0,0,0.930184543132782,0.930184543132782
train,539,E:\mastercode\data\test\images\train\IMG_20260706_110904.jpg,E:\mastercode\ultralytics-main-new\1_results\001_yolo11n_seg_AdamW\label_audit_all\train\000539_extra+01_gt02_pred03_IMG_20260706_110904.jpg,2,3,1,0,1,0.9307071566581726,0.6376602749029795
train,540,E:\mastercode\data\test\images\train\IMG_20260706_110905.jpg,E:\mastercode\ultralytics-main-new\1_results\001_yolo11n_seg_AdamW\label_audit_all\train\000540_extra+01_gt03_pred04_IMG_20260706_110905.jpg,3,4,1,0,1,0.9458624124526978,0.6946418434381485
train,541,E:\mastercode\data\test\images\train\IMG_20260706_110907.jpg,E:\mastercode\ultralytics-main-new\1_results\001_yolo11n_seg_AdamW\label_audit_all\train\000541_extra+00_gt04_pred04_IMG_20260706_110907.jpg,4,4,0,0,0,0.9407153129577637,0.9055972397327423
train,542,E:\mastercode\data\test\images\train\IMG_20260706_110908.jpg,E:\mastercode\ultralytics-main-new\1_results\001_yolo11n_seg_AdamW\label_audit_all\train\000542_extra+00_gt06_pred06_IMG_20260706_110908.jpg,6,6,0,0,0,0.9256725907325745,0.903430571158727
train,543,E:\mastercode\data\test\images\train\IMG_20260706_110910.jpg,E:\mastercode\ultralytics-main-new\1_results\001_yolo11n_seg_AdamW\label_audit_all\train\000543_extra+00_gt02_pred02_IMG_20260706_110910.jpg,2,2,0,0,0,0.9399884343147278,0.93873330950737
train,544,E:\mastercode\data\test\images\train\IMG_20260706_110911.jpg,E:\mastercode\ultralytics-main-new\1_results\001_yolo11n_seg_AdamW\label_audit_all\train\000544_extra+01_gt06_pred07_IMG_20260706_110911.jpg,6,7,1,0,1,0.9267567992210388,0.773255888904844
train,545,E:\mastercode\data\test\images\train\IMG_20260706_110913.jpg,E:\mastercode\ultralytics-main-new\1_results\001_yolo11n_seg_AdamW\label_audit_all\train\000545_extra+00_gt01_pred01_IMG_20260706_110913.jpg,1,1,0,0,0,0.8807730674743652,0.8807730674743652
train,546,E:\mastercode\data\test\images\train\IMG_20260706_110914.jpg,E:\mastercode\ultralytics-main-new\1_results\001_yolo11n_seg_AdamW\label_audit_all\train\000546_extra+00_gt02_pred02_IMG_20260706_110914.jpg,2,2,0,0,0,0.9373403787612915,0.7715238034725189
train,547,E:\mastercode\data\test\images\train\IMG_20260706_110917.jpg,E:\mastercode\ultralytics-main-new\1_results\001_yolo11n_seg_AdamW\label_audit_all\train\000547_extra-01_gt02_pred01_IMG_20260706_110917.jpg,2,1,-1,1,1,0.8413280844688416,0.8413280844688416
train,548,E:\mastercode\data\test\images\train\IMG_20260706_110921.jpg,E:\mastercode\ultralytics-main-new\1_results\001_yolo11n_seg_AdamW\label_audit_all\train\000548_extra+00_gt02_pred02_IMG_20260706_110921.jpg,2,2,0,0,0,0.9391183257102966,0.9326854944229126
train,549,E:\mastercode\data\test\images\train\IMG_20260706_110923.jpg,E:\mastercode\ultralytics-main-new\1_results\001_yolo11n_seg_AdamW\label_audit_all\train\000549_extra+01_gt01_pred02_IMG_20260706_110923.jpg,1,2,1,0,1,0.9036612510681152,0.639143243432045
train,550,E:\mastercode\data\test\images\train\IMG_20260706_110940.jpg,E:\mastercode\ultralytics-main-new\1_results\001_yolo11n_seg_AdamW\label_audit_all\train\000550_extra+00_gt02_pred02_IMG_20260706_110940.jpg,2,2,0,0,0,0.9466959834098816,0.9423629343509674
train,551,E:\mastercode\data\test\images\train\IMG_20260706_110948.jpg,E:\mastercode\ultralytics-main-new\1_results\001_yolo11n_seg_AdamW\label_audit_all\train\000551_extra+01_gt03_pred04_IMG_20260706_110948.jpg,3,4,1,0,1,0.9067312479019165,0.5990249142050743
train,552,E:\mastercode\data\test\images\train\IMG_20260706_110955.jpg,E:\mastercode\ultralytics-main-new\1_results\001_yolo11n_seg_AdamW\label_audit_all\train\000552_extra+01_gt01_pred02_IMG_20260706_110955.jpg,1,2,1,0,1,0.9418901205062866,0.6368776708841324
train,553,E:\mastercode\data\test\images\train\IMG_20260706_110956.jpg,E:\mastercode\ultralytics-main-new\1_results\001_yolo11n_seg_AdamW\label_audit_all\train\000553_extra+00_gt01_pred01_IMG_20260706_110956.jpg,1,1,0,0,0,0.9239431023597717,0.9239431023597717
train,554,E:\mastercode\data\test\images\train\IMG_20260706_111001.jpg,E:\mastercode\ultralytics-main-new\1_results\001_yolo11n_seg_AdamW\label_audit_all\train\000554_extra+00_gt01_pred01_IMG_20260706_111001.jpg,1,1,0,0,0,0.7718446850776672,0.7718446850776672
train,555,E:\mastercode\data\test\images\train\IMG_20260706_111007.jpg,E:\mastercode\ultralytics-main-new\1_results\001_yolo11n_seg_AdamW\label_audit_all\train\000555_extra+02_gt06_pred08_IMG_20260706_111007.jpg,6,8,2,0,2,0.9198971390724182,0.6844759434461594
train,556,E:\mastercode\data\test\images\train\IMG_20260706_111009.jpg,E:\mastercode\ultralytics-main-new\1_results\001_yolo11n_seg_AdamW\label_audit_all\train\000556_extra+00_gt03_pred03_IMG_20260706_111009.jpg,3,3,0,0,0,0.9001356363296509,0.7674581011136373
train,557,E:\mastercode\data\test\images\train\IMG_20260706_111029.jpg,E:\mastercode\ultralytics-main-new\1_results\001_yolo11n_seg_AdamW\label_audit_all\train\000557_extra+01_gt02_pred03_IMG_20260706_111029.jpg,2,3,1,0,1,0.8347869515419006,0.6378246545791626
train,558,E:\mastercode\data\test\images\train\IMG_20260706_111047.jpg,E:\mastercode\ultralytics-main-new\1_results\001_yolo11n_seg_AdamW\label_audit_all\train\000558_extra+00_gt01_pred01_IMG_20260706_111047.jpg,1,1,0,0,0,0.933218240737915,0.933218240737915
train,559,E:\mastercode\data\test\images\train\IMG_20260706_111049.jpg,E:\mastercode\ultralytics-main-new\1_results\001_yolo11n_seg_AdamW\label_audit_all\train\000559_extra+01_gt01_pred02_IMG_20260706_111049.jpg,1,2,1,0,1,0.8721829652786255,0.6586625128984451
train,560,E:\mastercode\data\test\images\train\IMG_20260706_111202.jpg,E:\mastercode\ultralytics-main-new\1_results\001_yolo11n_seg_AdamW\label_audit_all\train\000560_extra+00_gt02_pred02_IMG_20260706_111202.jpg,2,2,0,0,0,0.9388278722763062,0.6765458732843399
train,561,E:\mastercode\data\test\images\train\IMG_20260706_111205.jpg,E:\mastercode\ultralytics-main-new\1_results\001_yolo11n_seg_AdamW\label_audit_all\train\000561_extra+00_gt02_pred02_IMG_20260706_111205.jpg,2,2,0,0,0,0.9161079525947571,0.8657088875770569
train,562,E:\mastercode\data\test\images\train\IMG_20260706_111210.jpg,E:\mastercode\ultralytics-main-new\1_results\001_yolo11n_seg_AdamW\label_audit_all\train\000562_extra+01_gt01_pred02_IMG_20260706_111210.jpg,1,2,1,0,1,0.9413755536079407,0.6360176652669907
train,563,E:\mastercode\data\test\images\train\IMG_20260706_111212.jpg,E:\mastercode\ultralytics-main-new\1_results\001_yolo11n_seg_AdamW\label_audit_all\train\000563_extra-02_gt10_pred08_IMG_20260706_111212.jpg,10,8,-2,2,2,0.8807951211929321,0.6929224506020546
train,564,E:\mastercode\data\test\images\train\IMG_20260706_111214.jpg,E:\mastercode\ultralytics-main-new\1_results\001_yolo11n_seg_AdamW\label_audit_all\train\000564_extra+00_gt06_pred06_IMG_20260706_111214.jpg,6,6,0,0,0,0.9186957478523254,0.8683283527692159
train,565,E:\mastercode\data\test\images\train\IMG_20260706_111217.jpg,E:\mastercode\ultralytics-main-new\1_results\001_yolo11n_seg_AdamW\label_audit_all\train\000565_extra+01_gt04_pred05_IMG_20260706_111217.jpg,4,5,1,0,1,0.8552476763725281,0.7039617598056793
train,566,E:\mastercode\data\test\images\train\IMG_20260706_111224.jpg,E:\mastercode\ultralytics-main-new\1_results\001_yolo11n_seg_AdamW\label_audit_all\train\000566_extra+01_gt02_pred03_IMG_20260706_111224.jpg,2,3,1,0,1,0.9236090183258057,0.7019991874694824
train,567,E:\mastercode\data\test\images\train\IMG_20260706_111235.jpg,E:\mastercode\ultralytics-main-new\1_results\001_yolo11n_seg_AdamW\label_audit_all\train\000567_extra-01_gt06_pred05_IMG_20260706_111235.jpg,6,5,-1,1,1,0.9461504817008972,0.7918874979019165
train,568,E:\mastercode\data\test\images\train\IMG_20260706_111236.jpg,E:\mastercode\ultralytics-main-new\1_results\001_yolo11n_seg_AdamW\label_audit_all\train\000568_extra+00_gt02_pred02_IMG_20260706_111236.jpg,2,2,0,0,0,0.9348241686820984,0.9255875945091248
train,569,E:\mastercode\data\test\images\train\IMG_20260706_111238.jpg,E:\mastercode\ultralytics-main-new\1_results\001_yolo11n_seg_AdamW\label_audit_all\train\000569_extra+00_gt02_pred02_IMG_20260706_111238.jpg,2,2,0,0,0,0.9293670058250427,0.7013707309961319
train,570,E:\mastercode\data\test\images\train\IMG_20260706_111241.jpg,E:\mastercode\ultralytics-main-new\1_results\001_yolo11n_seg_AdamW\label_audit_all\train\000570_extra-01_gt05_pred04_IMG_20260706_111241.jpg,5,4,-1,1,1,0.9391500949859619,0.8469309657812119
train,571,E:\mastercode\data\test\images\train\IMG_20260706_111242.jpg,E:\mastercode\ultralytics-main-new\1_results\001_yolo11n_seg_AdamW\label_audit_all\train\000571_extra-01_gt03_pred02_IMG_20260706_111242.jpg,3,2,-1,1,1,0.9535669088363647,0.857543408870697
train,572,E:\mastercode\data\test\images\train\IMG_20260706_111255.jpg,E:\mastercode\ultralytics-main-new\1_results\001_yolo11n_seg_AdamW\label_audit_all\train\000572_extra+02_gt02_pred04_IMG_20260706_111255.jpg,2,4,2,0,2,0.9359884262084961,0.845929279923439
train,573,E:\mastercode\data\test\images\train\IMG_20260706_111257.jpg,E:\mastercode\ultralytics-main-new\1_results\001_yolo11n_seg_AdamW\label_audit_all\train\000573_extra+00_gt02_pred02_IMG_20260706_111257.jpg,2,2,0,0,0,0.9390810132026672,0.9204148352146149
train,574,E:\mastercode\data\test\images\train\IMG_20260706_111308.jpg,E:\mastercode\ultralytics-main-new\1_results\001_yolo11n_seg_AdamW\label_audit_all\train\000574_extra-03_gt08_pred05_IMG_20260706_111308.jpg,8,5,-3,3,3,0.9036234021186829,0.7539592862129212
train,575,E:\mastercode\data\test\images\train\IMG_20260706_111324.jpg,E:\mastercode\ultralytics-main-new\1_results\001_yolo11n_seg_AdamW\label_audit_all\train\000575_extra+00_gt00_pred00_IMG_20260706_111324.jpg,0,0,0,0,0,0.0,0.0
train,576,E:\mastercode\data\test\images\train\IMG_20260706_111325.jpg,E:\mastercode\ultralytics-main-new\1_results\001_yolo11n_seg_AdamW\label_audit_all\train\000576_extra-01_gt01_pred00_IMG_20260706_111325.jpg,1,0,-1,1,1,0.0,0.0
train,577,E:\mastercode\data\test\images\train\IMG_20260706_111335.jpg,E:\mastercode\ultralytics-main-new\1_results\001_yolo11n_seg_AdamW\label_audit_all\train\000577_extra-01_gt08_pred07_IMG_20260706_111335.jpg,8,7,-1,1,1,0.9326013326644897,0.7868393574442182
train,578,E:\mastercode\data\test\images\train\IMG_20260706_111336.jpg,E:\mastercode\ultralytics-main-new\1_results\001_yolo11n_seg_AdamW\label_audit_all\train\000578_extra+00_gt11_pred11_IMG_20260706_111336.jpg,11,11,0,0,0,0.9194367527961731,0.6281680871139873
train,579,E:\mastercode\data\test\images\train\IMG_20260706_111338.jpg,E:\mastercode\ultralytics-main-new\1_results\001_yolo11n_seg_AdamW\label_audit_all\train\000579_extra+00_gt04_pred04_IMG_20260706_111338.jpg,4,4,0,0,0,0.9527717232704163,0.9465634971857071
train,580,E:\mastercode\data\test\images\train\IMG_20260706_111340.jpg,E:\mastercode\ultralytics-main-new\1_results\001_yolo11n_seg_AdamW\label_audit_all\train\000580_extra+03_gt10_pred13_IMG_20260706_111340.jpg,10,13,3,0,3,0.9454304575920105,0.745893480686041
train,581,E:\mastercode\data\test\images\train\IMG_20260706_111345.jpg,E:\mastercode\ultralytics-main-new\1_results\001_yolo11n_seg_AdamW\label_audit_all\train\000581_extra+00_gt01_pred01_IMG_20260706_111345.jpg,1,1,0,0,0,0.8711825609207153,0.8711825609207153
train,582,E:\mastercode\data\test\images\train\IMG_20260706_111402.jpg,E:\mastercode\ultralytics-main-new\1_results\001_yolo11n_seg_AdamW\label_audit_all\train\000582_extra+01_gt06_pred07_IMG_20260706_111402.jpg,6,7,1,0,1,0.9491977095603943,0.7485235972063882
train,583,E:\mastercode\data\test\images\train\IMG_20260706_111403.jpg,E:\mastercode\ultralytics-main-new\1_results\001_yolo11n_seg_AdamW\label_audit_all\train\000583_extra-01_gt06_pred05_IMG_20260706_111403.jpg,6,5,-1,1,1,0.9252222180366516,0.546780014038086
train,584,E:\mastercode\data\test\images\train\IMG_20260706_111407.jpg,E:\mastercode\ultralytics-main-new\1_results\001_yolo11n_seg_AdamW\label_audit_all\train\000584_extra-13_gt23_pred10_IMG_20260706_111407.jpg,23,10,-13,13,13,0.8733447194099426,0.6522085815668106
train,585,E:\mastercode\data\test\images\train\IMG_20260706_111411.jpg,E:\mastercode\ultralytics-main-new\1_results\001_yolo11n_seg_AdamW\label_audit_all\train\000585_extra+00_gt02_pred02_IMG_20260706_111411.jpg,2,2,0,0,0,0.9109421968460083,0.8458224534988403
train,586,E:\mastercode\data\test\images\train\IMG_20260706_111422.jpg,E:\mastercode\ultralytics-main-new\1_results\001_yolo11n_seg_AdamW\label_audit_all\train\000586_extra+00_gt01_pred01_IMG_20260706_111422.jpg,1,1,0,0,0,0.33367398381233215,0.33367398381233215
train,587,E:\mastercode\data\test\images\train\IMG_20260706_111423.jpg,E:\mastercode\ultralytics-main-new\1_results\001_yolo11n_seg_AdamW\label_audit_all\train\000587_extra+00_gt01_pred01_IMG_20260706_111423.jpg,1,1,0,0,0,0.2792263627052307,0.2792263627052307
train,588,E:\mastercode\data\test\images\train\IMG_20260706_111425.jpg,E:\mastercode\ultralytics-main-new\1_results\001_yolo11n_seg_AdamW\label_audit_all\train\000588_extra-13_gt14_pred01_IMG_20260706_111425.jpg,14,1,-13,13,13,0.3701971471309662,0.3701971471309662
train,589,E:\mastercode\data\test\images\train\IMG_20260706_111437.jpg,E:\mastercode\ultralytics-main-new\1_results\001_yolo11n_seg_AdamW\label_audit_all\train\000589_extra+01_gt01_pred02_IMG_20260706_111437.jpg,1,2,1,0,1,0.9033066034317017,0.7570842206478119
train,590,E:\mastercode\data\test\images\train\IMG_20260706_111450.jpg,E:\mastercode\ultralytics-main-new\1_results\001_yolo11n_seg_AdamW\label_audit_all\train\000590_extra+01_gt05_pred06_IMG_20260706_111450.jpg,5,6,1,0,1,0.9206298589706421,0.8049679199854533
train,591,E:\mastercode\data\test\images\train\IMG_20260706_111451.jpg,E:\mastercode\ultralytics-main-new\1_results\001_yolo11n_seg_AdamW\label_audit_all\train\000591_extra+00_gt05_pred05_IMG_20260706_111451.jpg,5,5,0,0,0,0.937847375869751,0.8938580751419067
train,592,E:\mastercode\data\test\images\train\IMG_20260706_111453.jpg,E:\mastercode\ultralytics-main-new\1_results\001_yolo11n_seg_AdamW\label_audit_all\train\000592_extra+00_gt02_pred02_IMG_20260706_111453.jpg,2,2,0,0,0,0.9228127598762512,0.9154532253742218
train,593,E:\mastercode\data\test\images\train\IMG_20260706_111455.jpg,E:\mastercode\ultralytics-main-new\1_results\001_yolo11n_seg_AdamW\label_audit_all\train\000593_extra+00_gt01_pred01_IMG_20260706_111455.jpg,1,1,0,0,0,0.9261713624000549,0.9261713624000549
train,594,E:\mastercode\data\test\images\train\IMG_20260706_111457.jpg,E:\mastercode\ultralytics-main-new\1_results\001_yolo11n_seg_AdamW\label_audit_all\train\000594_extra+00_gt01_pred01_IMG_20260706_111457.jpg,1,1,0,0,0,0.9750334024429321,0.9750334024429321
train,595,E:\mastercode\data\test\images\train\IMG_20260706_111459.jpg,E:\mastercode\ultralytics-main-new\1_results\001_yolo11n_seg_AdamW\label_audit_all\train\000595_extra+01_gt07_pred08_IMG_20260706_111459.jpg,7,8,1,0,1,0.9348870515823364,0.8657278642058372
train,596,E:\mastercode\data\test\images\train\IMG_20260706_111705.jpg,E:\mastercode\ultralytics-main-new\1_results\001_yolo11n_seg_AdamW\label_audit_all\train\000596_extra+00_gt01_pred01_IMG_20260706_111705.jpg,1,1,0,0,0,0.926120400428772,0.926120400428772
train,597,E:\mastercode\data\test\images\train\IMG_20260706_111707.jpg,E:\mastercode\ultralytics-main-new\1_results\001_yolo11n_seg_AdamW\label_audit_all\train\000597_extra+00_gt05_pred05_IMG_20260706_111707.jpg,5,5,0,0,0,0.9177407026290894,0.8264479875564575
train,598,E:\mastercode\data\test\images\train\IMG_20260706_111713.jpg,E:\mastercode\ultralytics-main-new\1_results\001_yolo11n_seg_AdamW\label_audit_all\train\000598_extra+00_gt02_pred02_IMG_20260706_111713.jpg,2,2,0,0,0,0.9331873059272766,0.8899875283241272
train,599,E:\mastercode\data\test\images\train\IMG_20260706_111715.jpg,E:\mastercode\ultralytics-main-new\1_results\001_yolo11n_seg_AdamW\label_audit_all\train\000599_extra+00_gt01_pred01_IMG_20260706_111715.jpg,1,1,0,0,0,0.9376950860023499,0.9376950860023499
train,600,E:\mastercode\data\test\images\train\IMG_20260706_111720.jpg,E:\mastercode\ultralytics-main-new\1_results\001_yolo11n_seg_AdamW\label_audit_all\train\000600_extra+00_gt03_pred03_IMG_20260706_111720.jpg,3,3,0,0,0,0.9288026094436646,0.8856126070022583
train,601,E:\mastercode\data\test\images\train\IMG_20260706_111722.jpg,E:\mastercode\ultralytics-main-new\1_results\001_yolo11n_seg_AdamW\label_audit_all\train\000601_extra+00_gt02_pred02_IMG_20260706_111722.jpg,2,2,0,0,0,0.9167155027389526,0.89327272772789
train,602,E:\mastercode\data\test\images\train\IMG_20260706_111723.jpg,E:\mastercode\ultralytics-main-new\1_results\001_yolo11n_seg_AdamW\label_audit_all\train\000602_extra+00_gt01_pred01_IMG_20260706_111723.jpg,1,1,0,0,0,0.8818684816360474,0.8818684816360474
train,603,E:\mastercode\data\test\images\train\IMG_20260706_111725.jpg,E:\mastercode\ultralytics-main-new\1_results\001_yolo11n_seg_AdamW\label_audit_all\train\000603_extra+00_gt03_pred03_IMG_20260706_111725.jpg,3,3,0,0,0,0.9307494163513184,0.8980508844057719
train,604,E:\mastercode\data\test\images\train\IMG_20260706_111727.jpg,E:\mastercode\ultralytics-main-new\1_results\001_yolo11n_seg_AdamW\label_audit_all\train\000604_extra+00_gt01_pred01_IMG_20260706_111727.jpg,1,1,0,0,0,0.912622332572937,0.912622332572937
train,605,E:\mastercode\data\test\images\train\IMG_20260706_111730.jpg,E:\mastercode\ultralytics-main-new\1_results\001_yolo11n_seg_AdamW\label_audit_all\train\000605_extra+00_gt01_pred01_IMG_20260706_111730.jpg,1,1,0,0,0,0.8304447531700134,0.8304447531700134
train,606,E:\mastercode\data\test\images\train\IMG_20260706_111732.jpg,E:\mastercode\ultralytics-main-new\1_results\001_yolo11n_seg_AdamW\label_audit_all\train\000606_extra-03_gt05_pred02_IMG_20260706_111732.jpg,5,2,-3,3,3,0.7272895574569702,0.515779048204422
train,607,E:\mastercode\data\test\images\train\IMG_20260706_111734.jpg,E:\mastercode\ultralytics-main-new\1_results\001_yolo11n_seg_AdamW\label_audit_all\train\000607_extra+02_gt02_pred04_IMG_20260706_111734.jpg,2,4,2,0,2,0.9474778771400452,0.7182222604751587
train,608,E:\mastercode\data\test\images\train\IMG_20260706_111739.jpg,E:\mastercode\ultralytics-main-new\1_results\001_yolo11n_seg_AdamW\label_audit_all\train\000608_extra+01_gt04_pred05_IMG_20260706_111739.jpg,4,5,1,0,1,0.8798285126686096,0.6778495609760284
train,609,E:\mastercode\data\test\images\train\IMG_20260706_111740.jpg,E:\mastercode\ultralytics-main-new\1_results\001_yolo11n_seg_AdamW\label_audit_all\train\000609_extra+00_gt07_pred07_IMG_20260706_111740.jpg,7,7,0,0,0,0.921476423740387,0.636304748909814
train,610,E:\mastercode\data\test\images\train\IMG_20260706_111741.jpg,E:\mastercode\ultralytics-main-new\1_results\001_yolo11n_seg_AdamW\label_audit_all\train\000610_extra-02_gt05_pred03_IMG_20260706_111741.jpg,5,3,-2,2,2,0.6742989420890808,0.571650505065918
train,611,E:\mastercode\data\test\images\train\IMG_20260706_111744.jpg,E:\mastercode\ultralytics-main-new\1_results\001_yolo11n_seg_AdamW\label_audit_all\train\000611_extra+01_gt03_pred04_IMG_20260706_111744.jpg,3,4,1,0,1,0.9157600998878479,0.6946662068367004
train,612,E:\mastercode\data\test\images\train\IMG_20260706_111747.jpg,E:\mastercode\ultralytics-main-new\1_results\001_yolo11n_seg_AdamW\label_audit_all\train\000612_extra+01_gt01_pred02_IMG_20260706_111747.jpg,1,2,1,0,1,0.9368247389793396,0.6198718845844269
train,613,E:\mastercode\data\test\images\train\IMG_20260706_111751.jpg,E:\mastercode\ultralytics-main-new\1_results\001_yolo11n_seg_AdamW\label_audit_all\train\000613_extra+01_gt01_pred02_IMG_20260706_111751.jpg,1,2,1,0,1,0.906552255153656,0.7134709060192108
train,614,E:\mastercode\data\test\images\train\IMG_20260706_111800.jpg,E:\mastercode\ultralytics-main-new\1_results\001_yolo11n_seg_AdamW\label_audit_all\train\000614_extra+00_gt01_pred01_IMG_20260706_111800.jpg,1,1,0,0,0,0.9239983558654785,0.9239983558654785
train,615,E:\mastercode\data\test\images\train\IMG_20260706_111809.jpg,E:\mastercode\ultralytics-main-new\1_results\001_yolo11n_seg_AdamW\label_audit_all\train\000615_extra+01_gt04_pred05_IMG_20260706_111809.jpg,4,5,1,0,1,0.9258440136909485,0.8113363981246948
train,616,E:\mastercode\data\test\images\train\IMG_20260706_111811.jpg,E:\mastercode\ultralytics-main-new\1_results\001_yolo11n_seg_AdamW\label_audit_all\train\000616_extra+01_gt01_pred02_IMG_20260706_111811.jpg,1,2,1,0,1,0.9393124580383301,0.7615471482276917
train,617,E:\mastercode\data\test\images\train\IMG_20260706_111813.jpg,E:\mastercode\ultralytics-main-new\1_results\001_yolo11n_seg_AdamW\label_audit_all\train\000617_extra+00_gt01_pred01_IMG_20260706_111813.jpg,1,1,0,0,0,0.9064889550209045,0.9064889550209045
train,618,E:\mastercode\data\test\images\train\IMG_20260706_111814.jpg,E:\mastercode\ultralytics-main-new\1_results\001_yolo11n_seg_AdamW\label_audit_all\train\000618_extra+00_gt03_pred03_IMG_20260706_111814.jpg,3,3,0,0,0,0.6073347926139832,0.5495179891586304
train,619,E:\mastercode\data\test\images\train\IMG_20260706_111818.jpg,E:\mastercode\ultralytics-main-new\1_results\001_yolo11n_seg_AdamW\label_audit_all\train\000619_extra+00_gt01_pred01_IMG_20260706_111818.jpg,1,1,0,0,0,0.8333593010902405,0.8333593010902405
train,620,E:\mastercode\data\test\images\train\IMG_20260706_111822.jpg,E:\mastercode\ultralytics-main-new\1_results\001_yolo11n_seg_AdamW\label_audit_all\train\000620_extra+00_gt01_pred01_IMG_20260706_111822.jpg,1,1,0,0,0,0.8751335740089417,0.8751335740089417
train,621,E:\mastercode\data\test\images\train\IMG_20260706_111825.jpg,E:\mastercode\ultralytics-main-new\1_results\001_yolo11n_seg_AdamW\label_audit_all\train\000621_extra+00_gt01_pred01_IMG_20260706_111825.jpg,1,1,0,0,0,0.9772391319274902,0.9772391319274902
train,622,E:\mastercode\data\test\images\train\IMG_20260706_111833.jpg,E:\mastercode\ultralytics-main-new\1_results\001_yolo11n_seg_AdamW\label_audit_all\train\000622_extra+00_gt02_pred02_IMG_20260706_111833.jpg,2,2,0,0,0,0.9308717250823975,0.897142082452774
train,623,E:\mastercode\data\test\images\train\IMG_20260706_111846.jpg,E:\mastercode\ultralytics-main-new\1_results\001_yolo11n_seg_AdamW\label_audit_all\train\000623_extra+00_gt02_pred02_IMG_20260706_111846.jpg,2,2,0,0,0,0.9406154751777649,0.9202689528465271
train,624,E:\mastercode\data\test\images\train\IMG_20260706_111849.jpg,E:\mastercode\ultralytics-main-new\1_results\001_yolo11n_seg_AdamW\label_audit_all\train\000624_extra-04_gt10_pred06_IMG_20260706_111849.jpg,10,6,-4,4,4,0.938834547996521,0.7830862104892731
train,625,E:\mastercode\data\test\images\train\IMG_20260706_111856.jpg,E:\mastercode\ultralytics-main-new\1_results\001_yolo11n_seg_AdamW\label_audit_all\train\000625_extra+00_gt01_pred01_IMG_20260706_111856.jpg,1,1,0,0,0,0.8923073410987854,0.8923073410987854
train,626,E:\mastercode\data\test\images\train\IMG_20260706_111951.jpg,E:\mastercode\ultralytics-main-new\1_results\001_yolo11n_seg_AdamW\label_audit_all\train\000626_extra+00_gt03_pred03_IMG_20260706_111951.jpg,3,3,0,0,0,0.9145771861076355,0.8775261243184408
train,627,E:\mastercode\data\test\images\train\IMG_20260706_111952.jpg,E:\mastercode\ultralytics-main-new\1_results\001_yolo11n_seg_AdamW\label_audit_all\train\000627_extra-01_gt03_pred02_IMG_20260706_111952.jpg,3,2,-1,1,1,0.9229608774185181,0.8632587492465973
train,628,E:\mastercode\data\test\images\train\IMG_20260706_111954.jpg,E:\mastercode\ultralytics-main-new\1_results\001_yolo11n_seg_AdamW\label_audit_all\train\000628_extra+00_gt01_pred01_IMG_20260706_111954.jpg,1,1,0,0,0,0.9348417520523071,0.9348417520523071
train,629,E:\mastercode\data\test\images\train\IMG_20260706_112000.jpg,E:\mastercode\ultralytics-main-new\1_results\001_yolo11n_seg_AdamW\label_audit_all\train\000629_extra+00_gt04_pred04_IMG_20260706_112000.jpg,4,4,0,0,0,0.9287863373756409,0.9242416471242905
train,630,E:\mastercode\data\test\images\train\IMG_20260706_112001.jpg,E:\mastercode\ultralytics-main-new\1_results\001_yolo11n_seg_AdamW\label_audit_all\train\000630_extra+00_gt03_pred03_IMG_20260706_112001.jpg,3,3,0,0,0,0.9034717679023743,0.8980100552241007
train,631,E:\mastercode\data\test\images\train\IMG_20260706_112002.jpg,E:\mastercode\ultralytics-main-new\1_results\001_yolo11n_seg_AdamW\label_audit_all\train\000631_extra+01_gt06_pred07_IMG_20260706_112002.jpg,6,7,1,0,1,0.920355498790741,0.7474489978381565
train,632,E:\mastercode\data\test\images\train\IMG_20260706_112006.jpg,E:\mastercode\ultralytics-main-new\1_results\001_yolo11n_seg_AdamW\label_audit_all\train\000632_extra+00_gt03_pred03_IMG_20260706_112006.jpg,3,3,0,0,0,0.9450719356536865,0.9187422593434652
train,633,E:\mastercode\data\test\images\train\IMG_20260706_112007.jpg,E:\mastercode\ultralytics-main-new\1_results\001_yolo11n_seg_AdamW\label_audit_all\train\000633_extra+01_gt03_pred04_IMG_20260706_112007.jpg,3,4,1,0,1,0.9427741169929504,0.8487432450056076
train,634,E:\mastercode\data\test\images\train\IMG_20260706_112008.jpg,E:\mastercode\ultralytics-main-new\1_results\001_yolo11n_seg_AdamW\label_audit_all\train\000634_extra+02_gt02_pred04_IMG_20260706_112008.jpg,2,4,2,0,2,0.9432554841041565,0.6278501152992249
train,635,E:\mastercode\data\test\images\train\IMG_20260706_112010.jpg,E:\mastercode\ultralytics-main-new\1_results\001_yolo11n_seg_AdamW\label_audit_all\train\000635_extra+00_gt04_pred04_IMG_20260706_112010.jpg,4,4,0,0,0,0.9369384050369263,0.8673305958509445
train,636,E:\mastercode\data\test\images\train\IMG_20260706_112010_2.jpg,E:\mastercode\ultralytics-main-new\1_results\001_yolo11n_seg_AdamW\label_audit_all\train\000636_extra+00_gt03_pred03_IMG_20260706_112010_2.jpg,3,3,0,0,0,0.9407396912574768,0.8970497449239095
train,637,E:\mastercode\data\test\images\train\IMG_20260706_112015.jpg,E:\mastercode\ultralytics-main-new\1_results\001_yolo11n_seg_AdamW\label_audit_all\train\000637_extra+01_gt03_pred04_IMG_20260706_112015.jpg,3,4,1,0,1,0.9312617182731628,0.5986473113298416
train,638,E:\mastercode\data\test\images\train\IMG_20260706_112018.jpg,E:\mastercode\ultralytics-main-new\1_results\001_yolo11n_seg_AdamW\label_audit_all\train\000638_extra+01_gt04_pred05_IMG_20260706_112018.jpg,4,5,1,0,1,0.914669930934906,0.8675395727157593
train,639,E:\mastercode\data\test\images\train\IMG_20260706_112022.jpg,E:\mastercode\ultralytics-main-new\1_results\001_yolo11n_seg_AdamW\label_audit_all\train\000639_extra+01_gt00_pred01_IMG_20260706_112022.jpg,0,1,1,0,1,0.5272753834724426,0.5272753834724426
train,640,E:\mastercode\data\test\images\train\IMG_20260706_112036.jpg,E:\mastercode\ultralytics-main-new\1_results\001_yolo11n_seg_AdamW\label_audit_all\train\000640_extra+01_gt01_pred02_IMG_20260706_112036.jpg,1,2,1,0,1,0.9094260931015015,0.5856361240148544
train,641,E:\mastercode\data\test\images\train\IMG_20260706_112041.jpg,E:\mastercode\ultralytics-main-new\1_results\001_yolo11n_seg_AdamW\label_audit_all\train\000641_extra+00_gt01_pred01_IMG_20260706_112041.jpg,1,1,0,0,0,0.9163131713867188,0.9163131713867188
train,642,E:\mastercode\data\test\images\train\IMG_20260706_112114.jpg,E:\mastercode\ultralytics-main-new\1_results\001_yolo11n_seg_AdamW\label_audit_all\train\000642_extra+00_gt01_pred01_IMG_20260706_112114.jpg,1,1,0,0,0,0.9202955365180969,0.9202955365180969
train,643,E:\mastercode\data\test\images\train\IMG_20260706_112116.jpg,E:\mastercode\ultralytics-main-new\1_results\001_yolo11n_seg_AdamW\label_audit_all\train\000643_extra+00_gt01_pred01_IMG_20260706_112116.jpg,1,1,0,0,0,0.9124148488044739,0.9124148488044739
val,1,E:\mastercode\data\test\images\val\IMG_20260706_100001.jpg,E:\mastercode\ultralytics-main-new\1_results\001_yolo11n_seg_AdamW\label_audit_all\val\000001_extra+00_gt01_pred01_IMG_20260706_100001.jpg,1,1,0,0,0,0.9150875210762024,0.9150875210762024
val,2,E:\mastercode\data\test\images\val\IMG_20260706_100003.jpg,E:\mastercode\ultralytics-main-new\1_results\001_yolo11n_seg_AdamW\label_audit_all\val\000002_extra+00_gt08_pred08_IMG_20260706_100003.jpg,8,8,0,0,0,0.9258654713630676,0.7599610686302185
val,3,E:\mastercode\data\test\images\val\IMG_20260706_100009.jpg,E:\mastercode\ultralytics-main-new\1_results\001_yolo11n_seg_AdamW\label_audit_all\val\000003_extra+02_gt08_pred10_IMG_20260706_100009.jpg,8,10,2,0,2,0.9228157997131348,0.6739228725433349
val,4,E:\mastercode\data\test\images\val\IMG_20260706_100019.jpg,E:\mastercode\ultralytics-main-new\1_results\001_yolo11n_seg_AdamW\label_audit_all\val\000004_extra+00_gt03_pred03_IMG_20260706_100019.jpg,3,3,0,0,0,0.9399214386940002,0.7128019134203593
val,5,E:\mastercode\data\test\images\val\IMG_20260706_100025.jpg,E:\mastercode\ultralytics-main-new\1_results\001_yolo11n_seg_AdamW\label_audit_all\val\000005_extra-02_gt06_pred04_IMG_20260706_100025.jpg,6,4,-2,2,2,0.9497081637382507,0.7754999250173569
val,6,E:\mastercode\data\test\images\val\IMG_20260706_100031.jpg,E:\mastercode\ultralytics-main-new\1_results\001_yolo11n_seg_AdamW\label_audit_all\val\000006_extra+01_gt02_pred03_IMG_20260706_100031.jpg,2,3,1,0,1,0.9237533807754517,0.720952033996582
val,7,E:\mastercode\data\test\images\val\IMG_20260706_100042.jpg,E:\mastercode\ultralytics-main-new\1_results\001_yolo11n_seg_AdamW\label_audit_all\val\000007_extra+00_gt01_pred01_IMG_20260706_100042.jpg,1,1,0,0,0,0.9300198554992676,0.9300198554992676
val,8,E:\mastercode\data\test\images\val\IMG_20260706_100045.jpg,E:\mastercode\ultralytics-main-new\1_results\001_yolo11n_seg_AdamW\label_audit_all\val\000008_extra+01_gt02_pred03_IMG_20260706_100045.jpg,2,3,1,0,1,0.9312995672225952,0.7868210673332214
val,9,E:\mastercode\data\test\images\val\IMG_20260706_100053.jpg,E:\mastercode\ultralytics-main-new\1_results\001_yolo11n_seg_AdamW\label_audit_all\val\000009_extra-02_gt06_pred04_IMG_20260706_100053.jpg,6,4,-2,2,2,0.9022250771522522,0.7592203766107559
val,10,E:\mastercode\data\test\images\val\IMG_20260706_100101.jpg,E:\mastercode\ultralytics-main-new\1_results\001_yolo11n_seg_AdamW\label_audit_all\val\000010_extra+00_gt02_pred02_IMG_20260706_100101.jpg,2,2,0,0,0,0.913136899471283,0.8890705406665802
val,11,E:\mastercode\data\test\images\val\IMG_20260706_100122.jpg,E:\mastercode\ultralytics-main-new\1_results\001_yolo11n_seg_AdamW\label_audit_all\val\000011_extra+01_gt01_pred02_IMG_20260706_100122.jpg,1,2,1,0,1,0.8668133020401001,0.6625512987375259
val,12,E:\mastercode\data\test\images\val\IMG_20260706_100132.jpg,E:\mastercode\ultralytics-main-new\1_results\001_yolo11n_seg_AdamW\label_audit_all\val\000012_extra+01_gt03_pred04_IMG_20260706_100132.jpg,3,4,1,0,1,0.9262885451316833,0.7989186197519302
val,13,E:\mastercode\data\test\images\val\IMG_20260706_100137.jpg,E:\mastercode\ultralytics-main-new\1_results\001_yolo11n_seg_AdamW\label_audit_all\val\000013_extra+01_gt09_pred10_IMG_20260706_100137.jpg,9,10,1,0,1,0.9128144979476929,0.7733984589576721
val,14,E:\mastercode\data\test\images\val\IMG_20260706_100141.jpg,E:\mastercode\ultralytics-main-new\1_results\001_yolo11n_seg_AdamW\label_audit_all\val\000014_extra+00_gt08_pred08_IMG_20260706_100141.jpg,8,8,0,0,0,0.9355420470237732,0.9004416689276695
val,15,E:\mastercode\data\test\images\val\IMG_20260706_100145.jpg,E:\mastercode\ultralytics-main-new\1_results\001_yolo11n_seg_AdamW\label_audit_all\val\000015_extra-01_gt03_pred02_IMG_20260706_100145.jpg,3,2,-1,1,1,0.9289654493331909,0.9254812598228455
val,16,E:\mastercode\data\test\images\val\IMG_20260706_100150.jpg,E:\mastercode\ultralytics-main-new\1_results\001_yolo11n_seg_AdamW\label_audit_all\val\000016_extra+01_gt08_pred09_IMG_20260706_100150.jpg,8,9,1,0,1,0.9442170262336731,0.8129316402806176
val,17,E:\mastercode\data\test\images\val\IMG_20260706_100156.jpg,E:\mastercode\ultralytics-main-new\1_results\001_yolo11n_seg_AdamW\label_audit_all\val\000017_extra+02_gt03_pred05_IMG_20260706_100156.jpg,3,5,2,0,2,0.912359356880188,0.5235571086406707
val,18,E:\mastercode\data\test\images\val\IMG_20260706_100500.jpg,E:\mastercode\ultralytics-main-new\1_results\001_yolo11n_seg_AdamW\label_audit_all\val\000018_extra-03_gt13_pred10_IMG_20260706_100500.jpg,13,10,-3,3,3,0.9219556450843811,0.73571857213974
val,19,E:\mastercode\data\test\images\val\IMG_20260706_100504.jpg,E:\mastercode\ultralytics-main-new\1_results\001_yolo11n_seg_AdamW\label_audit_all\val\000019_extra+00_gt13_pred13_IMG_20260706_100504.jpg,13,13,0,0,0,0.9172417521476746,0.8428221299098089
val,20,E:\mastercode\data\test\images\val\IMG_20260706_100508.jpg,E:\mastercode\ultralytics-main-new\1_results\001_yolo11n_seg_AdamW\label_audit_all\val\000020_extra+00_gt04_pred04_IMG_20260706_100508.jpg,4,4,0,0,0,0.9416623711585999,0.8847964406013489
val,21,E:\mastercode\data\test\images\val\IMG_20260706_100517.jpg,E:\mastercode\ultralytics-main-new\1_results\001_yolo11n_seg_AdamW\label_audit_all\val\000021_extra-05_gt07_pred02_IMG_20260706_100517.jpg,7,2,-5,5,5,0.9071168899536133,0.7862763702869415
val,22,E:\mastercode\data\test\images\val\IMG_20260706_100520.jpg,E:\mastercode\ultralytics-main-new\1_results\001_yolo11n_seg_AdamW\label_audit_all\val\000022_extra-01_gt11_pred10_IMG_20260706_100520.jpg,11,10,-1,1,1,0.9148053526878357,0.7442337989807128
val,23,E:\mastercode\data\test\images\val\IMG_20260706_100522.jpg,E:\mastercode\ultralytics-main-new\1_results\001_yolo11n_seg_AdamW\label_audit_all\val\000023_extra+00_gt05_pred05_IMG_20260706_100522.jpg,5,5,0,0,0,0.9526735544204712,0.9163602709770202
val,24,E:\mastercode\data\test\images\val\IMG_20260706_100524.jpg,E:\mastercode\ultralytics-main-new\1_results\001_yolo11n_seg_AdamW\label_audit_all\val\000024_extra+00_gt06_pred06_IMG_20260706_100524.jpg,6,6,0,0,0,0.9391488432884216,0.8575071096420288
val,25,E:\mastercode\data\test\images\val\IMG_20260706_100537.jpg,E:\mastercode\ultralytics-main-new\1_results\001_yolo11n_seg_AdamW\label_audit_all\val\000025_extra+00_gt02_pred02_IMG_20260706_100537.jpg,2,2,0,0,0,0.9251525402069092,0.9246618449687958
val,26,E:\mastercode\data\test\images\val\IMG_20260706_100539.jpg,E:\mastercode\ultralytics-main-new\1_results\001_yolo11n_seg_AdamW\label_audit_all\val\000026_extra+01_gt03_pred04_IMG_20260706_100539.jpg,3,4,1,0,1,0.9094404578208923,0.7824779003858566
val,27,E:\mastercode\data\test\images\val\IMG_20260706_101111.jpg,E:\mastercode\ultralytics-main-new\1_results\001_yolo11n_seg_AdamW\label_audit_all\val\000027_extra+00_gt01_pred01_IMG_20260706_101111.jpg,1,1,0,0,0,0.93841153383255,0.93841153383255
val,28,E:\mastercode\data\test\images\val\IMG_20260706_101139.jpg,E:\mastercode\ultralytics-main-new\1_results\001_yolo11n_seg_AdamW\label_audit_all\val\000028_extra+00_gt01_pred01_IMG_20260706_101139.jpg,1,1,0,0,0,0.925701379776001,0.925701379776001
val,29,E:\mastercode\data\test\images\val\IMG_20260706_101144.jpg,E:\mastercode\ultralytics-main-new\1_results\001_yolo11n_seg_AdamW\label_audit_all\val\000029_extra+00_gt02_pred02_IMG_20260706_101144.jpg,2,2,0,0,0,0.9475295543670654,0.9440124034881592
val,30,E:\mastercode\data\test\images\val\IMG_20260706_102408.jpg,E:\mastercode\ultralytics-main-new\1_results\001_yolo11n_seg_AdamW\label_audit_all\val\000030_extra+01_gt02_pred03_IMG_20260706_102408.jpg,2,3,1,0,1,0.9322355389595032,0.5477859576543173
val,31,E:\mastercode\data\test\images\val\IMG_20260706_102413.jpg,E:\mastercode\ultralytics-main-new\1_results\001_yolo11n_seg_AdamW\label_audit_all\val\000031_extra+00_gt04_pred04_IMG_20260706_102413.jpg,4,4,0,0,0,0.9450200200080872,0.889758750796318
val,32,E:\mastercode\data\test\images\val\IMG_20260706_102416.jpg,E:\mastercode\ultralytics-main-new\1_results\001_yolo11n_seg_AdamW\label_audit_all\val\000032_extra+01_gt03_pred04_IMG_20260706_102416.jpg,3,4,1,0,1,0.9407144784927368,0.7964279651641846
val,33,E:\mastercode\data\test\images\val\IMG_20260706_102417.jpg,E:\mastercode\ultralytics-main-new\1_results\001_yolo11n_seg_AdamW\label_audit_all\val\000033_extra+00_gt03_pred03_IMG_20260706_102417.jpg,3,3,0,0,0,0.9414654970169067,0.9263110160827637
val,34,E:\mastercode\data\test\images\val\IMG_20260706_102421.jpg,E:\mastercode\ultralytics-main-new\1_results\001_yolo11n_seg_AdamW\label_audit_all\val\000034_extra+00_gt01_pred01_IMG_20260706_102421.jpg,1,1,0,0,0,0.8496198654174805,0.8496198654174805
val,35,E:\mastercode\data\test\images\val\IMG_20260706_102423.jpg,E:\mastercode\ultralytics-main-new\1_results\001_yolo11n_seg_AdamW\label_audit_all\val\000035_extra+01_gt01_pred02_IMG_20260706_102423.jpg,1,2,1,0,1,0.9268611669540405,0.7562469840049744
val,36,E:\mastercode\data\test\images\val\IMG_20260706_102435.jpg,E:\mastercode\ultralytics-main-new\1_results\001_yolo11n_seg_AdamW\label_audit_all\val\000036_extra+01_gt01_pred02_IMG_20260706_102435.jpg,1,2,1,0,1,0.9186984300613403,0.9149152040481567
val,37,E:\mastercode\data\test\images\val\IMG_20260706_102438.jpg,E:\mastercode\ultralytics-main-new\1_results\001_yolo11n_seg_AdamW\label_audit_all\val\000037_extra+00_gt02_pred02_IMG_20260706_102438.jpg,2,2,0,0,0,0.9245100021362305,0.9235202074050903
val,38,E:\mastercode\data\test\images\val\IMG_20260706_102446.jpg,E:\mastercode\ultralytics-main-new\1_results\001_yolo11n_seg_AdamW\label_audit_all\val\000038_extra+01_gt07_pred08_IMG_20260706_102446.jpg,7,8,1,0,1,0.9302628636360168,0.8592839911580086
val,39,E:\mastercode\data\test\images\val\IMG_20260706_102448.jpg,E:\mastercode\ultralytics-main-new\1_results\001_yolo11n_seg_AdamW\label_audit_all\val\000039_extra+02_gt04_pred06_IMG_20260706_102448.jpg,4,6,2,0,2,0.9448286294937134,0.7644742876291275
val,40,E:\mastercode\data\test\images\val\IMG_20260706_102451.jpg,E:\mastercode\ultralytics-main-new\1_results\001_yolo11n_seg_AdamW\label_audit_all\val\000040_extra+00_gt06_pred06_IMG_20260706_102451.jpg,6,6,0,0,0,0.9215651750564575,0.7509155372778574
val,41,E:\mastercode\data\test\images\val\IMG_20260706_102457.jpg,E:\mastercode\ultralytics-main-new\1_results\001_yolo11n_seg_AdamW\label_audit_all\val\000041_extra+00_gt01_pred01_IMG_20260706_102457.jpg,1,1,0,0,0,0.9061773419380188,0.9061773419380188
val,42,E:\mastercode\data\test\images\val\IMG_20260706_102500.jpg,E:\mastercode\ultralytics-main-new\1_results\001_yolo11n_seg_AdamW\label_audit_all\val\000042_extra-01_gt06_pred05_IMG_20260706_102500.jpg,6,5,-1,1,1,0.9371472001075745,0.9024147152900696
val,43,E:\mastercode\data\test\images\val\IMG_20260706_102503.jpg,E:\mastercode\ultralytics-main-new\1_results\001_yolo11n_seg_AdamW\label_audit_all\val\000043_extra+00_gt07_pred07_IMG_20260706_102503.jpg,7,7,0,0,0,0.94701087474823,0.8983088306018284
val,44,E:\mastercode\data\test\images\val\IMG_20260706_102506.jpg,E:\mastercode\ultralytics-main-new\1_results\001_yolo11n_seg_AdamW\label_audit_all\val\000044_extra+00_gt03_pred03_IMG_20260706_102506.jpg,3,3,0,0,0,0.9221330881118774,0.8102762301762899
val,45,E:\mastercode\data\test\images\val\IMG_20260706_102512.jpg,E:\mastercode\ultralytics-main-new\1_results\001_yolo11n_seg_AdamW\label_audit_all\val\000045_extra+00_gt01_pred01_IMG_20260706_102512.jpg,1,1,0,0,0,0.8966838121414185,0.8966838121414185
val,46,E:\mastercode\data\test\images\val\IMG_20260706_102521.jpg,E:\mastercode\ultralytics-main-new\1_results\001_yolo11n_seg_AdamW\label_audit_all\val\000046_extra+00_gt02_pred02_IMG_20260706_102521.jpg,2,2,0,0,0,0.9040878415107727,0.8914051055908203
val,47,E:\mastercode\data\test\images\val\IMG_20260706_102525.jpg,E:\mastercode\ultralytics-main-new\1_results\001_yolo11n_seg_AdamW\label_audit_all\val\000047_extra+00_gt01_pred01_IMG_20260706_102525.jpg,1,1,0,0,0,0.9375829100608826,0.9375829100608826
val,48,E:\mastercode\data\test\images\val\IMG_20260706_102530.jpg,E:\mastercode\ultralytics-main-new\1_results\001_yolo11n_seg_AdamW\label_audit_all\val\000048_extra+00_gt02_pred02_IMG_20260706_102530.jpg,2,2,0,0,0,0.9402090311050415,0.9341871738433838
val,49,E:\mastercode\data\test\images\val\IMG_20260706_102534.jpg,E:\mastercode\ultralytics-main-new\1_results\001_yolo11n_seg_AdamW\label_audit_all\val\000049_extra+01_gt04_pred05_IMG_20260706_102534.jpg,4,5,1,0,1,0.9414438009262085,0.7710425376892089
val,50,E:\mastercode\data\test\images\val\IMG_20260706_102536.jpg,E:\mastercode\ultralytics-main-new\1_results\001_yolo11n_seg_AdamW\label_audit_all\val\000050_extra+00_gt04_pred04_IMG_20260706_102536.jpg,4,4,0,0,0,0.9313507080078125,0.719887338578701
val,51,E:\mastercode\data\test\images\val\IMG_20260706_102539.jpg,E:\mastercode\ultralytics-main-new\1_results\001_yolo11n_seg_AdamW\label_audit_all\val\000051_extra+01_gt02_pred03_IMG_20260706_102539.jpg,2,3,1,0,1,0.9450414776802063,0.7286457022031149
val,52,E:\mastercode\data\test\images\val\IMG_20260706_102541.jpg,E:\mastercode\ultralytics-main-new\1_results\001_yolo11n_seg_AdamW\label_audit_all\val\000052_extra+00_gt01_pred01_IMG_20260706_102541.jpg,1,1,0,0,0,0.9011703133583069,0.9011703133583069
val,53,E:\mastercode\data\test\images\val\IMG_20260706_102543.jpg,E:\mastercode\ultralytics-main-new\1_results\001_yolo11n_seg_AdamW\label_audit_all\val\000053_extra+00_gt01_pred01_IMG_20260706_102543.jpg,1,1,0,0,0,0.944976270198822,0.944976270198822
val,54,E:\mastercode\data\test\images\val\IMG_20260706_102549.jpg,E:\mastercode\ultralytics-main-new\1_results\001_yolo11n_seg_AdamW\label_audit_all\val\000054_extra+00_gt01_pred01_IMG_20260706_102549.jpg,1,1,0,0,0,0.9064005017280579,0.9064005017280579
val,55,E:\mastercode\data\test\images\val\IMG_20260706_102554.jpg,E:\mastercode\ultralytics-main-new\1_results\001_yolo11n_seg_AdamW\label_audit_all\val\000055_extra+00_gt01_pred01_IMG_20260706_102554.jpg,1,1,0,0,0,0.9380252957344055,0.9380252957344055
val,56,E:\mastercode\data\test\images\val\IMG_20260706_102700.jpg,E:\mastercode\ultralytics-main-new\1_results\001_yolo11n_seg_AdamW\label_audit_all\val\000056_extra+00_gt06_pred06_IMG_20260706_102700.jpg,6,6,0,0,0,0.9397227168083191,0.8683128853638967
val,57,E:\mastercode\data\test\images\val\IMG_20260706_102702.jpg,E:\mastercode\ultralytics-main-new\1_results\001_yolo11n_seg_AdamW\label_audit_all\val\000057_extra+03_gt05_pred08_IMG_20260706_102702.jpg,5,8,3,0,3,0.919792890548706,0.746742706745863
val,58,E:\mastercode\data\test\images\val\IMG_20260706_102716.jpg,E:\mastercode\ultralytics-main-new\1_results\001_yolo11n_seg_AdamW\label_audit_all\val\000058_extra+02_gt02_pred04_IMG_20260706_102716.jpg,2,4,2,0,2,0.9152306914329529,0.7323601841926575
val,59,E:\mastercode\data\test\images\val\IMG_20260706_102717.jpg,E:\mastercode\ultralytics-main-new\1_results\001_yolo11n_seg_AdamW\label_audit_all\val\000059_extra+00_gt01_pred01_IMG_20260706_102717.jpg,1,1,0,0,0,0.8898258209228516,0.8898258209228516
val,60,E:\mastercode\data\test\images\val\IMG_20260706_102724.jpg,E:\mastercode\ultralytics-main-new\1_results\001_yolo11n_seg_AdamW\label_audit_all\val\000060_extra+00_gt04_pred04_IMG_20260706_102724.jpg,4,4,0,0,0,0.9249897599220276,0.9032227843999863
val,61,E:\mastercode\data\test\images\val\IMG_20260706_102748.jpg,E:\mastercode\ultralytics-main-new\1_results\001_yolo11n_seg_AdamW\label_audit_all\val\000061_extra+00_gt02_pred02_IMG_20260706_102748.jpg,2,2,0,0,0,0.9241744875907898,0.8539702296257019
val,62,E:\mastercode\data\test\images\val\IMG_20260706_102750.jpg,E:\mastercode\ultralytics-main-new\1_results\001_yolo11n_seg_AdamW\label_audit_all\val\000062_extra+00_gt04_pred04_IMG_20260706_102750.jpg,4,4,0,0,0,0.9307816028594971,0.7122354432940483
val,63,E:\mastercode\data\test\images\val\IMG_20260706_102751.jpg,E:\mastercode\ultralytics-main-new\1_results\001_yolo11n_seg_AdamW\label_audit_all\val\000063_extra+00_gt04_pred04_IMG_20260706_102751.jpg,4,4,0,0,0,0.9152360558509827,0.7718472629785538
val,64,E:\mastercode\data\test\images\val\IMG_20260706_102756.jpg,E:\mastercode\ultralytics-main-new\1_results\001_yolo11n_seg_AdamW\label_audit_all\val\000064_extra+00_gt02_pred02_IMG_20260706_102756.jpg,2,2,0,0,0,0.9386417865753174,0.886681854724884
val,65,E:\mastercode\data\test\images\val\IMG_20260706_103402.jpg,E:\mastercode\ultralytics-main-new\1_results\001_yolo11n_seg_AdamW\label_audit_all\val\000065_extra+00_gt01_pred01_IMG_20260706_103402.jpg,1,1,0,0,0,0.8987882137298584,0.8987882137298584
val,66,E:\mastercode\data\test\images\val\IMG_20260706_103412.jpg,E:\mastercode\ultralytics-main-new\1_results\001_yolo11n_seg_AdamW\label_audit_all\val\000066_extra+01_gt01_pred02_IMG_20260706_103412.jpg,1,2,1,0,1,0.938803493976593,0.6302046626806259
val,67,E:\mastercode\data\test\images\val\IMG_20260706_103415.jpg,E:\mastercode\ultralytics-main-new\1_results\001_yolo11n_seg_AdamW\label_audit_all\val\000067_extra+00_gt01_pred01_IMG_20260706_103415.jpg,1,1,0,0,0,0.9076059460639954,0.9076059460639954
val,68,E:\mastercode\data\test\images\val\IMG_20260706_103418.jpg,E:\mastercode\ultralytics-main-new\1_results\001_yolo11n_seg_AdamW\label_audit_all\val\000068_extra+00_gt06_pred06_IMG_20260706_103418.jpg,6,6,0,0,0,0.914438784122467,0.7894881218671799
val,69,E:\mastercode\data\test\images\val\IMG_20260706_103420.jpg,E:\mastercode\ultralytics-main-new\1_results\001_yolo11n_seg_AdamW\label_audit_all\val\000069_extra+04_gt05_pred09_IMG_20260706_103420.jpg,5,9,4,0,4,0.8739500641822815,0.6349006560113695
val,70,E:\mastercode\data\test\images\val\IMG_20260706_103427.jpg,E:\mastercode\ultralytics-main-new\1_results\001_yolo11n_seg_AdamW\label_audit_all\val\000070_extra+00_gt02_pred02_IMG_20260706_103427.jpg,2,2,0,0,0,0.9291495084762573,0.9083899259567261
val,71,E:\mastercode\data\test\images\val\IMG_20260706_103429.jpg,E:\mastercode\ultralytics-main-new\1_results\001_yolo11n_seg_AdamW\label_audit_all\val\000071_extra+00_gt01_pred01_IMG_20260706_103429.jpg,1,1,0,0,0,0.9225864410400391,0.9225864410400391
val,72,E:\mastercode\data\test\images\val\IMG_20260706_103438.jpg,E:\mastercode\ultralytics-main-new\1_results\001_yolo11n_seg_AdamW\label_audit_all\val\000072_extra+01_gt05_pred06_IMG_20260706_103438.jpg,5,6,1,0,1,0.9341679811477661,0.6473061492045721
val,73,E:\mastercode\data\test\images\val\IMG_20260706_103440.jpg,E:\mastercode\ultralytics-main-new\1_results\001_yolo11n_seg_AdamW\label_audit_all\val\000073_extra+02_gt02_pred04_IMG_20260706_103440.jpg,2,4,2,0,2,0.8738588690757751,0.574768953025341
val,74,E:\mastercode\data\test\images\val\IMG_20260706_103451.jpg,E:\mastercode\ultralytics-main-new\1_results\001_yolo11n_seg_AdamW\label_audit_all\val\000074_extra+00_gt15_pred15_IMG_20260706_103451.jpg,15,15,0,0,0,0.9228512644767761,0.7815346837043762
val,75,E:\mastercode\data\test\images\val\IMG_20260706_103453.jpg,E:\mastercode\ultralytics-main-new\1_results\001_yolo11n_seg_AdamW\label_audit_all\val\000075_extra+02_gt06_pred08_IMG_20260706_103453.jpg,6,8,2,0,2,0.9192479252815247,0.775037381798029
val,76,E:\mastercode\data\test\images\val\IMG_20260706_103454.jpg,E:\mastercode\ultralytics-main-new\1_results\001_yolo11n_seg_AdamW\label_audit_all\val\000076_extra+01_gt03_pred04_IMG_20260706_103454.jpg,3,4,1,0,1,0.9342805743217468,0.8039469867944717
val,77,E:\mastercode\data\test\images\val\IMG_20260706_103456.jpg,E:\mastercode\ultralytics-main-new\1_results\001_yolo11n_seg_AdamW\label_audit_all\val\000077_extra+00_gt04_pred04_IMG_20260706_103456.jpg,4,4,0,0,0,0.9367180466651917,0.731724426150322
val,78,E:\mastercode\data\test\images\val\IMG_20260706_103458.jpg,E:\mastercode\ultralytics-main-new\1_results\001_yolo11n_seg_AdamW\label_audit_all\val\000078_extra+01_gt07_pred08_IMG_20260706_103458.jpg,7,8,1,0,1,0.9372535943984985,0.7347521670162678
val,79,E:\mastercode\data\test\images\val\IMG_20260706_103501.jpg,E:\mastercode\ultralytics-main-new\1_results\001_yolo11n_seg_AdamW\label_audit_all\val\000079_extra+00_gt01_pred01_IMG_20260706_103501.jpg,1,1,0,0,0,0.9337183833122253,0.9337183833122253
val,80,E:\mastercode\data\test\images\val\IMG_20260706_103503.jpg,E:\mastercode\ultralytics-main-new\1_results\001_yolo11n_seg_AdamW\label_audit_all\val\000080_extra+00_gt01_pred01_IMG_20260706_103503.jpg,1,1,0,0,0,0.9660462141036987,0.9660462141036987
val,81,E:\mastercode\data\test\images\val\IMG_20260706_103508.jpg,E:\mastercode\ultralytics-main-new\1_results\001_yolo11n_seg_AdamW\label_audit_all\val\000081_extra+01_gt04_pred05_IMG_20260706_103508.jpg,4,5,1,0,1,0.9233531355857849,0.7060266196727752
val,82,E:\mastercode\data\test\images\val\IMG_20260706_103510.jpg,E:\mastercode\ultralytics-main-new\1_results\001_yolo11n_seg_AdamW\label_audit_all\val\000082_extra-01_gt04_pred03_IMG_20260706_103510.jpg,4,3,-1,1,1,0.9393644332885742,0.897804319858551
val,83,E:\mastercode\data\test\images\val\IMG_20260706_103512.jpg,E:\mastercode\ultralytics-main-new\1_results\001_yolo11n_seg_AdamW\label_audit_all\val\000083_extra+00_gt02_pred02_IMG_20260706_103512.jpg,2,2,0,0,0,0.9306789636611938,0.8888729512691498
val,84,E:\mastercode\data\test\images\val\IMG_20260706_103514.jpg,E:\mastercode\ultralytics-main-new\1_results\001_yolo11n_seg_AdamW\label_audit_all\val\000084_extra+00_gt01_pred01_IMG_20260706_103514.jpg,1,1,0,0,0,0.9217941761016846,0.9217941761016846
val,85,E:\mastercode\data\test\images\val\IMG_20260706_103517.jpg,E:\mastercode\ultralytics-main-new\1_results\001_yolo11n_seg_AdamW\label_audit_all\val\000085_extra+00_gt02_pred02_IMG_20260706_103517.jpg,2,2,0,0,0,0.9190831780433655,0.9125882387161255
val,86,E:\mastercode\data\test\images\val\IMG_20260706_103521.jpg,E:\mastercode\ultralytics-main-new\1_results\001_yolo11n_seg_AdamW\label_audit_all\val\000086_extra+03_gt03_pred06_IMG_20260706_103521.jpg,3,6,3,0,3,0.9370983242988586,0.6390317877133688
val,87,E:\mastercode\data\test\images\val\IMG_20260706_103530.jpg,E:\mastercode\ultralytics-main-new\1_results\001_yolo11n_seg_AdamW\label_audit_all\val\000087_extra+00_gt03_pred03_IMG_20260706_103530.jpg,3,3,0,0,0,0.9452998638153076,0.9353615244229635
val,88,E:\mastercode\data\test\images\val\IMG_20260706_103533.jpg,E:\mastercode\ultralytics-main-new\1_results\001_yolo11n_seg_AdamW\label_audit_all\val\000088_extra-06_gt16_pred10_IMG_20260706_103533.jpg,16,10,-6,6,6,0.8824030756950378,0.771978110074997
val,89,E:\mastercode\data\test\images\val\IMG_20260706_103534.jpg,E:\mastercode\ultralytics-main-new\1_results\001_yolo11n_seg_AdamW\label_audit_all\val\000089_extra-03_gt13_pred10_IMG_20260706_103534.jpg,13,10,-3,3,3,0.8746994137763977,0.7316160678863526
val,90,E:\mastercode\data\test\images\val\IMG_20260706_103541.jpg,E:\mastercode\ultralytics-main-new\1_results\001_yolo11n_seg_AdamW\label_audit_all\val\000090_extra-02_gt08_pred06_IMG_20260706_103541.jpg,8,6,-2,2,2,0.9332392811775208,0.8794000446796417
val,91,E:\mastercode\data\test\images\val\IMG_20260706_103543.jpg,E:\mastercode\ultralytics-main-new\1_results\001_yolo11n_seg_AdamW\label_audit_all\val\000091_extra-01_gt07_pred06_IMG_20260706_103543.jpg,7,6,-1,1,1,0.9353148937225342,0.8452790280183157
val,92,E:\mastercode\data\test\images\val\IMG_20260706_103546.jpg,E:\mastercode\ultralytics-main-new\1_results\001_yolo11n_seg_AdamW\label_audit_all\val\000092_extra+01_gt19_pred20_IMG_20260706_103546.jpg,19,20,1,0,1,0.9240363240242004,0.7827173799276352
val,93,E:\mastercode\data\test\images\val\IMG_20260706_103550.jpg,E:\mastercode\ultralytics-main-new\1_results\001_yolo11n_seg_AdamW\label_audit_all\val\000093_extra+00_gt07_pred07_IMG_20260706_103550.jpg,7,7,0,0,0,0.9321547746658325,0.7709754066807883
val,94,E:\mastercode\data\test\images\val\IMG_20260706_103552.jpg,E:\mastercode\ultralytics-main-new\1_results\001_yolo11n_seg_AdamW\label_audit_all\val\000094_extra+01_gt09_pred10_IMG_20260706_103552.jpg,9,10,1,0,1,0.9106925129890442,0.8067335367202759
val,95,E:\mastercode\data\test\images\val\IMG_20260706_103553.jpg,E:\mastercode\ultralytics-main-new\1_results\001_yolo11n_seg_AdamW\label_audit_all\val\000095_extra+00_gt02_pred02_IMG_20260706_103553.jpg,2,2,0,0,0,0.933335542678833,0.9231480658054352
val,96,E:\mastercode\data\test\images\val\IMG_20260706_103556.jpg,E:\mastercode\ultralytics-main-new\1_results\001_yolo11n_seg_AdamW\label_audit_all\val\000096_extra+01_gt04_pred05_IMG_20260706_103556.jpg,4,5,1,0,1,0.9673023819923401,0.8378945231437683
val,97,E:\mastercode\data\test\images\val\IMG_20260706_103702.jpg,E:\mastercode\ultralytics-main-new\1_results\001_yolo11n_seg_AdamW\label_audit_all\val\000097_extra-03_gt14_pred11_IMG_20260706_103702.jpg,14,11,-3,3,3,0.9535664319992065,0.8051793114705519
val,98,E:\mastercode\data\test\images\val\IMG_20260706_103705.jpg,E:\mastercode\ultralytics-main-new\1_results\001_yolo11n_seg_AdamW\label_audit_all\val\000098_extra+04_gt10_pred14_IMG_20260706_103705.jpg,10,14,4,0,4,0.9394018054008484,0.7273327537945339
val,99,E:\mastercode\data\test\images\val\IMG_20260706_103708.jpg,E:\mastercode\ultralytics-main-new\1_results\001_yolo11n_seg_AdamW\label_audit_all\val\000099_extra-03_gt09_pred06_IMG_20260706_103708.jpg,9,6,-3,3,3,0.9506021738052368,0.8096162378787994
val,100,E:\mastercode\data\test\images\val\IMG_20260706_103710.jpg,E:\mastercode\ultralytics-main-new\1_results\001_yolo11n_seg_AdamW\label_audit_all\val\000100_extra-04_gt10_pred06_IMG_20260706_103710.jpg,10,6,-4,4,4,0.8770507574081421,0.6742432018121084
val,101,E:\mastercode\data\test\images\val\IMG_20260706_103721.jpg,E:\mastercode\ultralytics-main-new\1_results\001_yolo11n_seg_AdamW\label_audit_all\val\000101_extra+01_gt08_pred09_IMG_20260706_103721.jpg,8,9,1,0,1,0.946492075920105,0.8555879361099668
val,102,E:\mastercode\data\test\images\val\IMG_20260706_103722.jpg,E:\mastercode\ultralytics-main-new\1_results\001_yolo11n_seg_AdamW\label_audit_all\val\000102_extra+01_gt05_pred06_IMG_20260706_103722.jpg,5,6,1,0,1,0.9392553567886353,0.8288053472836813
val,103,E:\mastercode\data\test\images\val\IMG_20260706_103724.jpg,E:\mastercode\ultralytics-main-new\1_results\001_yolo11n_seg_AdamW\label_audit_all\val\000103_extra+01_gt03_pred04_IMG_20260706_103724.jpg,3,4,1,0,1,0.9448940753936768,0.7677221745252609
val,104,E:\mastercode\data\test\images\val\IMG_20260706_103728.jpg,E:\mastercode\ultralytics-main-new\1_results\001_yolo11n_seg_AdamW\label_audit_all\val\000104_extra+03_gt08_pred11_IMG_20260706_103728.jpg,8,11,3,0,3,0.9486503005027771,0.729196922345595
val,105,E:\mastercode\data\test\images\val\IMG_20260706_103730.jpg,E:\mastercode\ultralytics-main-new\1_results\001_yolo11n_seg_AdamW\label_audit_all\val\000105_extra-02_gt08_pred06_IMG_20260706_103730.jpg,8,6,-2,2,2,0.9353734850883484,0.7565899391969045
val,106,E:\mastercode\data\test\images\val\IMG_20260706_103732.jpg,E:\mastercode\ultralytics-main-new\1_results\001_yolo11n_seg_AdamW\label_audit_all\val\000106_extra+00_gt01_pred01_IMG_20260706_103732.jpg,1,1,0,0,0,0.924915075302124,0.924915075302124
val,107,E:\mastercode\data\test\images\val\IMG_20260706_103735.jpg,E:\mastercode\ultralytics-main-new\1_results\001_yolo11n_seg_AdamW\label_audit_all\val\000107_extra+01_gt02_pred03_IMG_20260706_103735.jpg,2,3,1,0,1,0.9169389009475708,0.7028487622737885
val,108,E:\mastercode\data\test\images\val\IMG_20260706_103738.jpg,E:\mastercode\ultralytics-main-new\1_results\001_yolo11n_seg_AdamW\label_audit_all\val\000108_extra+01_gt03_pred04_IMG_20260706_103738.jpg,3,4,1,0,1,0.9496824741363525,0.9278251826763153
val,109,E:\mastercode\data\test\images\val\IMG_20260706_103740.jpg,E:\mastercode\ultralytics-main-new\1_results\001_yolo11n_seg_AdamW\label_audit_all\val\000109_extra+00_gt04_pred04_IMG_20260706_103740.jpg,4,4,0,0,0,0.9385337233543396,0.9104490578174591
val,110,E:\mastercode\data\test\images\val\IMG_20260706_103743.jpg,E:\mastercode\ultralytics-main-new\1_results\001_yolo11n_seg_AdamW\label_audit_all\val\000110_extra+00_gt04_pred04_IMG_20260706_103743.jpg,4,4,0,0,0,0.9015507698059082,0.8442860692739487
val,111,E:\mastercode\data\test\images\val\IMG_20260706_103750.jpg,E:\mastercode\ultralytics-main-new\1_results\001_yolo11n_seg_AdamW\label_audit_all\val\000111_extra-01_gt04_pred03_IMG_20260706_103750.jpg,4,3,-1,1,1,0.9475961327552795,0.9382006923357645
val,112,E:\mastercode\data\test\images\val\IMG_20260706_103753.jpg,E:\mastercode\ultralytics-main-new\1_results\001_yolo11n_seg_AdamW\label_audit_all\val\000112_extra+00_gt02_pred02_IMG_20260706_103753.jpg,2,2,0,0,0,0.9127258062362671,0.8428509831428528
val,113,E:\mastercode\data\test\images\val\IMG_20260706_105703.jpg,E:\mastercode\ultralytics-main-new\1_results\001_yolo11n_seg_AdamW\label_audit_all\val\000113_extra-02_gt06_pred04_IMG_20260706_105703.jpg,6,4,-2,2,2,0.9049164652824402,0.856430858373642
val,114,E:\mastercode\data\test\images\val\IMG_20260706_105705.jpg,E:\mastercode\ultralytics-main-new\1_results\001_yolo11n_seg_AdamW\label_audit_all\val\000114_extra-04_gt10_pred06_IMG_20260706_105705.jpg,10,6,-4,4,4,0.9234870076179504,0.7571265598138174
val,115,E:\mastercode\data\test\images\val\IMG_20260706_105707.jpg,E:\mastercode\ultralytics-main-new\1_results\001_yolo11n_seg_AdamW\label_audit_all\val\000115_extra-05_gt12_pred07_IMG_20260706_105707.jpg,12,7,-5,5,5,0.9292047023773193,0.7488538708005633
val,116,E:\mastercode\data\test\images\val\IMG_20260706_105709.jpg,E:\mastercode\ultralytics-main-new\1_results\001_yolo11n_seg_AdamW\label_audit_all\val\000116_extra+02_gt01_pred03_IMG_20260706_105709.jpg,1,3,2,0,2,0.931662917137146,0.6690855224927267
val,117,E:\mastercode\data\test\images\val\IMG_20260706_105712.jpg,E:\mastercode\ultralytics-main-new\1_results\001_yolo11n_seg_AdamW\label_audit_all\val\000117_extra-01_gt03_pred02_IMG_20260706_105712.jpg,3,2,-1,1,1,0.9403032660484314,0.937916100025177
val,118,E:\mastercode\data\test\images\val\IMG_20260706_105714.jpg,E:\mastercode\ultralytics-main-new\1_results\001_yolo11n_seg_AdamW\label_audit_all\val\000118_extra+00_gt04_pred04_IMG_20260706_105714.jpg,4,4,0,0,0,0.9030159115791321,0.835341066122055
val,119,E:\mastercode\data\test\images\val\IMG_20260706_105716.jpg,E:\mastercode\ultralytics-main-new\1_results\001_yolo11n_seg_AdamW\label_audit_all\val\000119_extra+00_gt02_pred02_IMG_20260706_105716.jpg,2,2,0,0,0,0.9250198006629944,0.8914579749107361
val,120,E:\mastercode\data\test\images\val\IMG_20260706_105722.jpg,E:\mastercode\ultralytics-main-new\1_results\001_yolo11n_seg_AdamW\label_audit_all\val\000120_extra+00_gt01_pred01_IMG_20260706_105722.jpg,1,1,0,0,0,0.9457259178161621,0.9457259178161621
val,121,E:\mastercode\data\test\images\val\IMG_20260706_105724.jpg,E:\mastercode\ultralytics-main-new\1_results\001_yolo11n_seg_AdamW\label_audit_all\val\000121_extra+00_gt05_pred05_IMG_20260706_105724.jpg,5,5,0,0,0,0.9271331429481506,0.7451069414615631
val,122,E:\mastercode\data\test\images\val\IMG_20260706_105729.jpg,E:\mastercode\ultralytics-main-new\1_results\001_yolo11n_seg_AdamW\label_audit_all\val\000122_extra+00_gt04_pred04_IMG_20260706_105729.jpg,4,4,0,0,0,0.9204477071762085,0.8477922677993774
val,123,E:\mastercode\data\test\images\val\IMG_20260706_105730.jpg,E:\mastercode\ultralytics-main-new\1_results\001_yolo11n_seg_AdamW\label_audit_all\val\000123_extra+01_gt02_pred03_IMG_20260706_105730.jpg,2,3,1,0,1,0.9463319182395935,0.7565953135490417
val,124,E:\mastercode\data\test\images\val\IMG_20260706_105731.jpg,E:\mastercode\ultralytics-main-new\1_results\001_yolo11n_seg_AdamW\label_audit_all\val\000124_extra-01_gt08_pred07_IMG_20260706_105731.jpg,8,7,-1,1,1,0.9316394329071045,0.8059303845678057
val,125,E:\mastercode\data\test\images\val\IMG_20260706_105733.jpg,E:\mastercode\ultralytics-main-new\1_results\001_yolo11n_seg_AdamW\label_audit_all\val\000125_extra-03_gt10_pred07_IMG_20260706_105733.jpg,10,7,-3,3,3,0.9254124760627747,0.6290296145847866
val,126,E:\mastercode\data\test\images\val\IMG_20260706_105739.jpg,E:\mastercode\ultralytics-main-new\1_results\001_yolo11n_seg_AdamW\label_audit_all\val\000126_extra-05_gt10_pred05_IMG_20260706_105739.jpg,10,5,-5,5,5,0.8886277079582214,0.7083687424659729
val,127,E:\mastercode\data\test\images\val\IMG_20260706_105741.jpg,E:\mastercode\ultralytics-main-new\1_results\001_yolo11n_seg_AdamW\label_audit_all\val\000127_extra-02_gt05_pred03_IMG_20260706_105741.jpg,5,3,-2,2,2,0.947956383228302,0.8924539685249329
val,128,E:\mastercode\data\test\images\val\IMG_20260706_105743.jpg,E:\mastercode\ultralytics-main-new\1_results\001_yolo11n_seg_AdamW\label_audit_all\val\000128_extra+00_gt03_pred03_IMG_20260706_105743.jpg,3,3,0,0,0,0.9334607720375061,0.8255771199862162
val,129,E:\mastercode\data\test\images\val\IMG_20260706_105750.jpg,E:\mastercode\ultralytics-main-new\1_results\001_yolo11n_seg_AdamW\label_audit_all\val\000129_extra+00_gt01_pred01_IMG_20260706_105750.jpg,1,1,0,0,0,0.9278793931007385,0.9278793931007385
val,130,E:\mastercode\data\test\images\val\IMG_20260706_105755.jpg,E:\mastercode\ultralytics-main-new\1_results\001_yolo11n_seg_AdamW\label_audit_all\val\000130_extra+01_gt01_pred02_IMG_20260706_105755.jpg,1,2,1,0,1,0.903892993927002,0.5789835155010223
val,131,E:\mastercode\data\test\images\val\IMG_20260706_105758.jpg,E:\mastercode\ultralytics-main-new\1_results\001_yolo11n_seg_AdamW\label_audit_all\val\000131_extra-02_gt06_pred04_IMG_20260706_105758.jpg,6,4,-2,2,2,0.9134637713432312,0.8075117468833923
val,132,E:\mastercode\data\test\images\val\IMG_20260706_110808.jpg,E:\mastercode\ultralytics-main-new\1_results\001_yolo11n_seg_AdamW\label_audit_all\val\000132_extra+00_gt04_pred04_IMG_20260706_110808.jpg,4,4,0,0,0,0.9394736289978027,0.7725708335638046
val,133,E:\mastercode\data\test\images\val\IMG_20260706_110809.jpg,E:\mastercode\ultralytics-main-new\1_results\001_yolo11n_seg_AdamW\label_audit_all\val\000133_extra+01_gt03_pred04_IMG_20260706_110809.jpg,3,4,1,0,1,0.9409658312797546,0.8984939754009247
val,134,E:\mastercode\data\test\images\val\IMG_20260706_110810.jpg,E:\mastercode\ultralytics-main-new\1_results\001_yolo11n_seg_AdamW\label_audit_all\val\000134_extra+00_gt04_pred04_IMG_20260706_110810.jpg,4,4,0,0,0,0.9326297044754028,0.8998571038246155
val,135,E:\mastercode\data\test\images\val\IMG_20260706_110815.jpg,E:\mastercode\ultralytics-main-new\1_results\001_yolo11n_seg_AdamW\label_audit_all\val\000135_extra+01_gt01_pred02_IMG_20260706_110815.jpg,1,2,1,0,1,0.933896005153656,0.6640175580978394
val,136,E:\mastercode\data\test\images\val\IMG_20260706_110826.jpg,E:\mastercode\ultralytics-main-new\1_results\001_yolo11n_seg_AdamW\label_audit_all\val\000136_extra+00_gt05_pred05_IMG_20260706_110826.jpg,5,5,0,0,0,0.9423018097877502,0.8688810586929321
val,137,E:\mastercode\data\test\images\val\IMG_20260706_110827_1.jpg,E:\mastercode\ultralytics-main-new\1_results\001_yolo11n_seg_AdamW\label_audit_all\val\000137_extra+01_gt05_pred06_IMG_20260706_110827_1.jpg,5,6,1,0,1,0.9446643590927124,0.8546175460020701
val,138,E:\mastercode\data\test\images\val\IMG_20260706_110835.jpg,E:\mastercode\ultralytics-main-new\1_results\001_yolo11n_seg_AdamW\label_audit_all\val\000138_extra+01_gt02_pred03_IMG_20260706_110835.jpg,2,3,1,0,1,0.9486444592475891,0.7194497485955557
val,139,E:\mastercode\data\test\images\val\IMG_20260706_110836.jpg,E:\mastercode\ultralytics-main-new\1_results\001_yolo11n_seg_AdamW\label_audit_all\val\000139_extra+00_gt02_pred02_IMG_20260706_110836.jpg,2,2,0,0,0,0.9139537811279297,0.9100361466407776
val,140,E:\mastercode\data\test\images\val\IMG_20260706_110839.jpg,E:\mastercode\ultralytics-main-new\1_results\001_yolo11n_seg_AdamW\label_audit_all\val\000140_extra+00_gt02_pred02_IMG_20260706_110839.jpg,2,2,0,0,0,0.9266979694366455,0.7150075733661652
val,141,E:\mastercode\data\test\images\val\IMG_20260706_110841.jpg,E:\mastercode\ultralytics-main-new\1_results\001_yolo11n_seg_AdamW\label_audit_all\val\000141_extra+02_gt04_pred06_IMG_20260706_110841.jpg,4,6,2,0,2,0.9358422160148621,0.7371902714172999
val,142,E:\mastercode\data\test\images\val\IMG_20260706_110842.jpg,E:\mastercode\ultralytics-main-new\1_results\001_yolo11n_seg_AdamW\label_audit_all\val\000142_extra+02_gt06_pred08_IMG_20260706_110842.jpg,6,8,2,0,2,0.9315154552459717,0.634638961404562
val,143,E:\mastercode\data\test\images\val\IMG_20260706_110843.jpg,E:\mastercode\ultralytics-main-new\1_results\001_yolo11n_seg_AdamW\label_audit_all\val\000143_extra+00_gt02_pred02_IMG_20260706_110843.jpg,2,2,0,0,0,0.898588240146637,0.8709958493709564
val,144,E:\mastercode\data\test\images\val\IMG_20260706_110845.jpg,E:\mastercode\ultralytics-main-new\1_results\001_yolo11n_seg_AdamW\label_audit_all\val\000144_extra+00_gt02_pred02_IMG_20260706_110845.jpg,2,2,0,0,0,0.912111759185791,0.8814558386802673
val,145,E:\mastercode\data\test\images\val\IMG_20260706_110846.jpg,E:\mastercode\ultralytics-main-new\1_results\001_yolo11n_seg_AdamW\label_audit_all\val\000145_extra-06_gt10_pred04_IMG_20260706_110846.jpg,10,4,-6,6,6,0.8782297372817993,0.7854535132646561
val,146,E:\mastercode\data\test\images\val\IMG_20260706_110855.jpg,E:\mastercode\ultralytics-main-new\1_results\001_yolo11n_seg_AdamW\label_audit_all\val\000146_extra+01_gt01_pred02_IMG_20260706_110855.jpg,1,2,1,0,1,0.9339056015014648,0.5974790453910828
val,147,E:\mastercode\data\test\images\val\IMG_20260706_111148.jpg,E:\mastercode\ultralytics-main-new\1_results\001_yolo11n_seg_AdamW\label_audit_all\val\000147_extra+00_gt03_pred03_IMG_20260706_111148.jpg,3,3,0,0,0,0.9455475807189941,0.9336369832356771
val,148,E:\mastercode\data\test\images\val\IMG_20260706_111156.jpg,E:\mastercode\ultralytics-main-new\1_results\001_yolo11n_seg_AdamW\label_audit_all\val\000148_extra+00_gt01_pred01_IMG_20260706_111156.jpg,1,1,0,0,0,0.9211481809616089,0.9211481809616089
val,149,E:\mastercode\data\test\images\val\IMG_20260706_111500.jpg,E:\mastercode\ultralytics-main-new\1_results\001_yolo11n_seg_AdamW\label_audit_all\val\000149_extra+00_gt03_pred03_IMG_20260706_111500.jpg,3,3,0,0,0,0.9371904730796814,0.8944939573605856
val,150,E:\mastercode\data\test\images\val\IMG_20260706_111501.jpg,E:\mastercode\ultralytics-main-new\1_results\001_yolo11n_seg_AdamW\label_audit_all\val\000150_extra+01_gt00_pred01_IMG_20260706_111501.jpg,0,1,1,0,1,0.31360068917274475,0.31360068917274475
val,151,E:\mastercode\data\test\images\val\IMG_20260706_111503.jpg,E:\mastercode\ultralytics-main-new\1_results\001_yolo11n_seg_AdamW\label_audit_all\val\000151_extra+05_gt10_pred15_IMG_20260706_111503.jpg,10,15,5,0,5,0.9312828779220581,0.5167217095692952
val,152,E:\mastercode\data\test\images\val\IMG_20260706_111504.jpg,E:\mastercode\ultralytics-main-new\1_results\001_yolo11n_seg_AdamW\label_audit_all\val\000152_extra+05_gt10_pred15_IMG_20260706_111504.jpg,10,15,5,0,5,0.9231919050216675,0.5986738900343577
val,153,E:\mastercode\data\test\images\val\IMG_20260706_111506.jpg,E:\mastercode\ultralytics-main-new\1_results\001_yolo11n_seg_AdamW\label_audit_all\val\000153_extra+01_gt04_pred05_IMG_20260706_111506.jpg,4,5,1,0,1,0.945837140083313,0.7947927176952362
val,154,E:\mastercode\data\test\images\val\IMG_20260706_111508.jpg,E:\mastercode\ultralytics-main-new\1_results\001_yolo11n_seg_AdamW\label_audit_all\val\000154_extra+00_gt13_pred13_IMG_20260706_111508.jpg,13,13,0,0,0,0.9298580884933472,0.7699282650764172
val,155,E:\mastercode\data\test\images\val\IMG_20260706_111509.jpg,E:\mastercode\ultralytics-main-new\1_results\001_yolo11n_seg_AdamW\label_audit_all\val\000155_extra-01_gt08_pred07_IMG_20260706_111509.jpg,8,7,-1,1,1,0.9352236390113831,0.7658721591745105
val,156,E:\mastercode\data\test\images\val\IMG_20260706_111511.jpg,E:\mastercode\ultralytics-main-new\1_results\001_yolo11n_seg_AdamW\label_audit_all\val\000156_extra-01_gt03_pred02_IMG_20260706_111511.jpg,3,2,-1,1,1,0.9234086275100708,0.9070150554180145
val,157,E:\mastercode\data\test\images\val\IMG_20260706_111513.jpg,E:\mastercode\ultralytics-main-new\1_results\001_yolo11n_seg_AdamW\label_audit_all\val\000157_extra+00_gt04_pred04_IMG_20260706_111513.jpg,4,4,0,0,0,0.9333546757698059,0.9049419611692429
val,158,E:\mastercode\data\test\images\val\IMG_20260706_111519.jpg,E:\mastercode\ultralytics-main-new\1_results\001_yolo11n_seg_AdamW\label_audit_all\val\000158_extra+01_gt02_pred03_IMG_20260706_111519.jpg,2,3,1,0,1,0.9715918302536011,0.8200973669687907
val,159,E:\mastercode\data\test\images\val\IMG_20260706_111524.jpg,E:\mastercode\ultralytics-main-new\1_results\001_yolo11n_seg_AdamW\label_audit_all\val\000159_extra+00_gt02_pred02_IMG_20260706_111524.jpg,2,2,0,0,0,0.9310371279716492,0.820672869682312
val,160,E:\mastercode\data\test\images\val\IMG_20260706_111527.jpg,E:\mastercode\ultralytics-main-new\1_results\001_yolo11n_seg_AdamW\label_audit_all\val\000160_extra+01_gt04_pred05_IMG_20260706_111527.jpg,4,5,1,0,1,0.9449242949485779,0.8288528800010682
val,161,E:\mastercode\data\test\images\val\IMG_20260706_111533.jpg,E:\mastercode\ultralytics-main-new\1_results\001_yolo11n_seg_AdamW\label_audit_all\val\000161_extra+00_gt04_pred04_IMG_20260706_111533.jpg,4,4,0,0,0,0.9308581352233887,0.72420983761549
val,162,E:\mastercode\data\test\images\val\IMG_20260706_111534.jpg,E:\mastercode\ultralytics-main-new\1_results\001_yolo11n_seg_AdamW\label_audit_all\val\000162_extra+02_gt06_pred08_IMG_20260706_111534.jpg,6,8,2,0,2,0.9050412178039551,0.7506217211484909
val,163,E:\mastercode\data\test\images\val\IMG_20260706_111536.jpg,E:\mastercode\ultralytics-main-new\1_results\001_yolo11n_seg_AdamW\label_audit_all\val\000163_extra+01_gt11_pred12_IMG_20260706_111536.jpg,11,12,1,0,1,0.9493239521980286,0.771946020424366
val,164,E:\mastercode\data\test\images\val\IMG_20260706_111537.jpg,E:\mastercode\ultralytics-main-new\1_results\001_yolo11n_seg_AdamW\label_audit_all\val\000164_extra+00_gt03_pred03_IMG_20260706_111537.jpg,3,3,0,0,0,0.9467412233352661,0.8767141103744507
val,165,E:\mastercode\data\test\images\val\IMG_20260706_111538.jpg,E:\mastercode\ultralytics-main-new\1_results\001_yolo11n_seg_AdamW\label_audit_all\val\000165_extra-01_gt11_pred10_IMG_20260706_111538.jpg,11,10,-1,1,1,0.9436317682266235,0.8066354840993881
val,166,E:\mastercode\data\test\images\val\IMG_20260706_111540.jpg,E:\mastercode\ultralytics-main-new\1_results\001_yolo11n_seg_AdamW\label_audit_all\val\000166_extra+00_gt05_pred05_IMG_20260706_111540.jpg,5,5,0,0,0,0.9473422765731812,0.7542725622653961
val,167,E:\mastercode\data\test\images\val\IMG_20260706_111541.jpg,E:\mastercode\ultralytics-main-new\1_results\001_yolo11n_seg_AdamW\label_audit_all\val\000167_extra+01_gt06_pred07_IMG_20260706_111541.jpg,6,7,1,0,1,0.9109703898429871,0.784862641777311
val,168,E:\mastercode\data\test\images\val\IMG_20260706_111543.jpg,E:\mastercode\ultralytics-main-new\1_results\001_yolo11n_seg_AdamW\label_audit_all\val\000168_extra+01_gt08_pred09_IMG_20260706_111543.jpg,8,9,1,0,1,0.9393531680107117,0.7829420136080848
val,169,E:\mastercode\data\test\images\val\IMG_20260706_111548.jpg,E:\mastercode\ultralytics-main-new\1_results\001_yolo11n_seg_AdamW\label_audit_all\val\000169_extra+00_gt02_pred02_IMG_20260706_111548.jpg,2,2,0,0,0,0.9355522990226746,0.9236800074577332
val,170,E:\mastercode\data\test\images\val\IMG_20260706_111551.jpg,E:\mastercode\ultralytics-main-new\1_results\001_yolo11n_seg_AdamW\label_audit_all\val\000170_extra+01_gt01_pred02_IMG_20260706_111551.jpg,1,2,1,0,1,0.9310870170593262,0.7210350036621094
val,171,E:\mastercode\data\test\images\val\IMG_20260706_111556.jpg,E:\mastercode\ultralytics-main-new\1_results\001_yolo11n_seg_AdamW\label_audit_all\val\000171_extra+01_gt06_pred07_IMG_20260706_111556.jpg,6,7,1,0,1,0.9362116456031799,0.7934974346842084
val,172,E:\mastercode\data\test\images\val\IMG_20260706_111557.jpg,E:\mastercode\ultralytics-main-new\1_results\001_yolo11n_seg_AdamW\label_audit_all\val\000172_extra+01_gt06_pred07_IMG_20260706_111557.jpg,6,7,1,0,1,0.9390442371368408,0.8185172889913831
val,173,E:\mastercode\data\test\images\val\IMG_20260706_111559.jpg,E:\mastercode\ultralytics-main-new\1_results\001_yolo11n_seg_AdamW\label_audit_all\val\000173_extra+00_gt06_pred06_IMG_20260706_111559.jpg,6,6,0,0,0,0.9362231492996216,0.8044518431027731
val,174,E:\mastercode\data\test\images\val\IMG_20260706_111601.jpg,E:\mastercode\ultralytics-main-new\1_results\001_yolo11n_seg_AdamW\label_audit_all\val\000174_extra+01_gt03_pred04_IMG_20260706_111601.jpg,3,4,1,0,1,0.9280186295509338,0.7516896352171898
val,175,E:\mastercode\data\test\images\val\IMG_20260706_111603.jpg,E:\mastercode\ultralytics-main-new\1_results\001_yolo11n_seg_AdamW\label_audit_all\val\000175_extra+00_gt03_pred03_IMG_20260706_111603.jpg,3,3,0,0,0,0.9459055066108704,0.848197857538859
val,176,E:\mastercode\data\test\images\val\IMG_20260706_111615.jpg,E:\mastercode\ultralytics-main-new\1_results\001_yolo11n_seg_AdamW\label_audit_all\val\000176_extra-01_gt06_pred05_IMG_20260706_111615.jpg,6,5,-1,1,1,0.8978011608123779,0.8901313543319702
val,177,E:\mastercode\data\test\images\val\IMG_20260706_111617.jpg,E:\mastercode\ultralytics-main-new\1_results\001_yolo11n_seg_AdamW\label_audit_all\val\000177_extra+00_gt04_pred04_IMG_20260706_111617.jpg,4,4,0,0,0,0.8969553709030151,0.8641110956668854
val,178,E:\mastercode\data\test\images\val\IMG_20260706_111619.jpg,E:\mastercode\ultralytics-main-new\1_results\001_yolo11n_seg_AdamW\label_audit_all\val\000178_extra+00_gt03_pred03_IMG_20260706_111619.jpg,3,3,0,0,0,0.9378553628921509,0.9041532874107361
val,179,E:\mastercode\data\test\images\val\IMG_20260706_111625.jpg,E:\mastercode\ultralytics-main-new\1_results\001_yolo11n_seg_AdamW\label_audit_all\val\000179_extra+00_gt04_pred04_IMG_20260706_111625.jpg,4,4,0,0,0,0.9362792372703552,0.7920890673995018
val,180,E:\mastercode\data\test\images\val\IMG_20260706_111628.jpg,E:\mastercode\ultralytics-main-new\1_results\001_yolo11n_seg_AdamW\label_audit_all\val\000180_extra+00_gt01_pred01_IMG_20260706_111628.jpg,1,1,0,0,0,0.9416760802268982,0.9416760802268982
val,181,E:\mastercode\data\test\images\val\IMG_20260706_111640.jpg,E:\mastercode\ultralytics-main-new\1_results\001_yolo11n_seg_AdamW\label_audit_all\val\000181_extra+04_gt02_pred06_IMG_20260706_111640.jpg,2,6,4,0,4,0.8873777389526367,0.4603520135084788
val,182,E:\mastercode\data\test\images\val\IMG_20260706_111643.jpg,E:\mastercode\ultralytics-main-new\1_results\001_yolo11n_seg_AdamW\label_audit_all\val\000182_extra-05_gt08_pred03_IMG_20260706_111643.jpg,8,3,-5,5,5,0.8704611659049988,0.5174946089585623
test,1,E:\mastercode\data\test\images\test\IMG20231120154707.jpg,E:\mastercode\ultralytics-main-new\1_results\001_yolo11n_seg_AdamW\label_audit_all\test\000001_extra-01_gt06_pred05_IMG20231120154707.jpg,6,5,-1,1,1,0.9389426112174988,0.8572502493858337
test,2,E:\mastercode\data\test\images\test\IMG20231120154730.jpg,E:\mastercode\ultralytics-main-new\1_results\001_yolo11n_seg_AdamW\label_audit_all\test\000002_extra+00_gt09_pred09_IMG20231120154730.jpg,9,9,0,0,0,0.9401484727859497,0.8093971212704977
test,3,E:\mastercode\data\test\images\test\IMG20231120154732.jpg,E:\mastercode\ultralytics-main-new\1_results\001_yolo11n_seg_AdamW\label_audit_all\test\000003_extra+04_gt10_pred14_IMG20231120154732.jpg,10,14,4,0,4,0.9538297057151794,0.6976095757314137
test,4,E:\mastercode\data\test\images\test\IMG20231120154748.jpg,E:\mastercode\ultralytics-main-new\1_results\001_yolo11n_seg_AdamW\label_audit_all\test\000004_extra+01_gt05_pred06_IMG20231120154748.jpg,5,6,1,0,1,0.9366157650947571,0.8200331032276154
test,5,E:\mastercode\data\test\images\test\IMG20231120154815.jpg,E:\mastercode\ultralytics-main-new\1_results\001_yolo11n_seg_AdamW\label_audit_all\test\000005_extra-03_gt11_pred08_IMG20231120154815.jpg,11,8,-3,3,3,0.942602276802063,0.7742031738162041
test,6,E:\mastercode\data\test\images\test\IMG20231120154841.jpg,E:\mastercode\ultralytics-main-new\1_results\001_yolo11n_seg_AdamW\label_audit_all\test\000006_extra+04_gt07_pred11_IMG20231120154841.jpg,7,11,4,0,4,0.9422318339347839,0.6643853512677279
test,7,E:\mastercode\data\test\images\test\IMG20231120154847.jpg,E:\mastercode\ultralytics-main-new\1_results\001_yolo11n_seg_AdamW\label_audit_all\test\000007_extra-01_gt03_pred02_IMG20231120154847.jpg,3,2,-1,1,1,0.9322260618209839,0.7128918170928955
test,8,E:\mastercode\data\test\images\test\IMG20231120154925.jpg,E:\mastercode\ultralytics-main-new\1_results\001_yolo11n_seg_AdamW\label_audit_all\test\000008_extra+06_gt03_pred09_IMG20231120154925.jpg,3,9,6,0,6,0.9462904334068298,0.644035173787011
test,9,E:\mastercode\data\test\images\test\IMG20231120155138.jpg,E:\mastercode\ultralytics-main-new\1_results\001_yolo11n_seg_AdamW\label_audit_all\test\000009_extra+01_gt07_pred08_IMG20231120155138.jpg,7,8,1,0,1,0.9148011207580566,0.7617098279297352
test,10,E:\mastercode\data\test\images\test\IMG20231120155850.jpg,E:\mastercode\ultralytics-main-new\1_results\001_yolo11n_seg_AdamW\label_audit_all\test\000010_extra+03_gt14_pred17_IMG20231120155850.jpg,14,17,3,0,3,0.9503939151763916,0.6756157314076143
test,11,E:\mastercode\data\test\images\test\IMG20231120155930.jpg,E:\mastercode\ultralytics-main-new\1_results\001_yolo11n_seg_AdamW\label_audit_all\test\000011_extra+01_gt13_pred14_IMG20231120155930.jpg,13,14,1,0,1,0.9342859387397766,0.76329947582313
test,12,E:\mastercode\data\test\images\test\IMG20231120160118.jpg,E:\mastercode\ultralytics-main-new\1_results\001_yolo11n_seg_AdamW\label_audit_all\test\000012_extra+00_gt06_pred06_IMG20231120160118.jpg,6,6,0,0,0,0.9439259767532349,0.8791117171446482
test,13,E:\mastercode\data\test\images\test\IMG20231120160247.jpg,E:\mastercode\ultralytics-main-new\1_results\001_yolo11n_seg_AdamW\label_audit_all\test\000013_extra+03_gt13_pred16_IMG20231120160247.jpg,13,16,3,0,3,0.9365760087966919,0.7516159731894732
test,14,E:\mastercode\data\test\images\test\IMG20231120160249.jpg,E:\mastercode\ultralytics-main-new\1_results\001_yolo11n_seg_AdamW\label_audit_all\test\000014_extra+04_gt15_pred19_IMG20231120160249.jpg,15,19,4,0,4,0.9353697299957275,0.6998951356661948
test,15,E:\mastercode\data\test\images\test\IMG20231120160320.jpg,E:\mastercode\ultralytics-main-new\1_results\001_yolo11n_seg_AdamW\label_audit_all\test\000015_extra-01_gt12_pred11_IMG20231120160320.jpg,12,11,-1,1,1,0.9440712332725525,0.847536260431463
test,16,E:\mastercode\data\test\images\test\IMG20231120160329.jpg,E:\mastercode\ultralytics-main-new\1_results\001_yolo11n_seg_AdamW\label_audit_all\test\000016_extra-01_gt10_pred09_IMG20231120160329.jpg,10,9,-1,1,1,0.924039900302887,0.8094379272725847
test,17,E:\mastercode\data\test\images\test\IMG20231120160335.jpg,E:\mastercode\ultralytics-main-new\1_results\001_yolo11n_seg_AdamW\label_audit_all\test\000017_extra+03_gt04_pred07_IMG20231120160335.jpg,4,7,3,0,3,0.9376599788665771,0.7254206325326648
test,18,E:\mastercode\data\test\images\test\IMG20231120160352.jpg,E:\mastercode\ultralytics-main-new\1_results\001_yolo11n_seg_AdamW\label_audit_all\test\000018_extra+03_gt23_pred26_IMG20231120160352.jpg,23,26,3,0,3,0.9290943741798401,0.7749476169164364
test,19,E:\mastercode\data\test\images\test\IMG20231120160410.jpg,E:\mastercode\ultralytics-main-new\1_results\001_yolo11n_seg_AdamW\label_audit_all\test\000019_extra+03_gt18_pred21_IMG20231120160410.jpg,18,21,3,0,3,0.9253575801849365,0.62633596715473
test,20,E:\mastercode\data\test\images\test\IMG20231120160413.jpg,E:\mastercode\ultralytics-main-new\1_results\001_yolo11n_seg_AdamW\label_audit_all\test\000020_extra+01_gt09_pred10_IMG20231120160413.jpg,9,10,1,0,1,0.9450982809066772,0.8243135750293732
test,21,E:\mastercode\data\test\images\test\IMG20231120160426.jpg,E:\mastercode\ultralytics-main-new\1_results\001_yolo11n_seg_AdamW\label_audit_all\test\000021_extra+03_gt15_pred18_IMG20231120160426.jpg,15,18,3,0,3,0.9447627663612366,0.6549995640913645
test,22,E:\mastercode\data\test\images\test\IMG20231120160427.jpg,E:\mastercode\ultralytics-main-new\1_results\001_yolo11n_seg_AdamW\label_audit_all\test\000022_extra+02_gt12_pred14_IMG20231120160427.jpg,12,14,2,0,2,0.9437076449394226,0.6994398747171674
test,23,E:\mastercode\data\test\images\test\IMG20231120160429.jpg,E:\mastercode\ultralytics-main-new\1_results\001_yolo11n_seg_AdamW\label_audit_all\test\000023_extra+01_gt14_pred15_IMG20231120160429.jpg,14,15,1,0,1,0.9410696029663086,0.7783958673477173
test,24,E:\mastercode\data\test\images\test\IMG20231120160442.jpg,E:\mastercode\ultralytics-main-new\1_results\001_yolo11n_seg_AdamW\label_audit_all\test\000024_extra+00_gt23_pred23_IMG20231120160442.jpg,23,23,0,0,0,0.9487798810005188,0.7552182739195616
test,25,E:\mastercode\data\test\images\test\IMG20231120160449.jpg,E:\mastercode\ultralytics-main-new\1_results\001_yolo11n_seg_AdamW\label_audit_all\test\000025_extra+03_gt19_pred22_IMG20231120160449.jpg,19,22,3,0,3,0.9441080689430237,0.7166946909644387
test,26,E:\mastercode\data\test\images\test\IMG20231120160501.jpg,E:\mastercode\ultralytics-main-new\1_results\001_yolo11n_seg_AdamW\label_audit_all\test\000026_extra+01_gt13_pred14_IMG20231120160501.jpg,13,14,1,0,1,0.9431331157684326,0.7226254429136004
test,27,E:\mastercode\data\test\images\test\IMG20231120160510.jpg,E:\mastercode\ultralytics-main-new\1_results\001_yolo11n_seg_AdamW\label_audit_all\test\000027_extra-03_gt22_pred19_IMG20231120160510.jpg,22,19,-3,3,3,0.936860203742981,0.59245491968958
test,28,E:\mastercode\data\test\images\test\IMG20231120160519.jpg,E:\mastercode\ultralytics-main-new\1_results\001_yolo11n_seg_AdamW\label_audit_all\test\000028_extra+02_gt08_pred10_IMG20231120160519.jpg,8,10,2,0,2,0.9425286650657654,0.6817083716392517
test,29,E:\mastercode\data\test\images\test\IMG20231120160655.jpg,E:\mastercode\ultralytics-main-new\1_results\001_yolo11n_seg_AdamW\label_audit_all\test\000029_extra+03_gt14_pred17_IMG20231120160655.jpg,14,17,3,0,3,0.9519683718681335,0.7682686167604783
test,30,E:\mastercode\data\test\images\test\IMG20231120160659.jpg,E:\mastercode\ultralytics-main-new\1_results\001_yolo11n_seg_AdamW\label_audit_all\test\000030_extra-08_gt23_pred15_IMG20231120160659.jpg,23,15,-8,8,8,0.9515998959541321,0.7529387275377909
test,31,E:\mastercode\data\test\images\test\IMG20231120160704.jpg,E:\mastercode\ultralytics-main-new\1_results\001_yolo11n_seg_AdamW\label_audit_all\test\000031_extra-01_gt11_pred10_IMG20231120160704.jpg,11,10,-1,1,1,0.9439414739608765,0.8377520918846131
test,32,E:\mastercode\data\test\images\test\IMG20231120160707.jpg,E:\mastercode\ultralytics-main-new\1_results\001_yolo11n_seg_AdamW\label_audit_all\test\000032_extra-01_gt13_pred12_IMG20231120160707.jpg,13,12,-1,1,1,0.9487384557723999,0.8273263623317083
test,33,E:\mastercode\data\test\images\test\IMG20231120160709.jpg,E:\mastercode\ultralytics-main-new\1_results\001_yolo11n_seg_AdamW\label_audit_all\test\000033_extra+01_gt06_pred07_IMG20231120160709.jpg,6,7,1,0,1,0.9484663009643555,0.7492041800703321
test,34,E:\mastercode\data\test\images\test\IMG20231120160712.jpg,E:\mastercode\ultralytics-main-new\1_results\001_yolo11n_seg_AdamW\label_audit_all\test\000034_extra+00_gt03_pred03_IMG20231120160712.jpg,3,3,0,0,0,0.9494725465774536,0.9320001006126404
test,35,E:\mastercode\data\test\images\test\IMG20231120160725.jpg,E:\mastercode\ultralytics-main-new\1_results\001_yolo11n_seg_AdamW\label_audit_all\test\000035_extra+02_gt09_pred11_IMG20231120160725.jpg,9,11,2,0,2,0.9420173764228821,0.7971645431085066
test,36,E:\mastercode\data\test\images\test\IMG20231120160730.jpg,E:\mastercode\ultralytics-main-new\1_results\001_yolo11n_seg_AdamW\label_audit_all\test\000036_extra+02_gt26_pred28_IMG20231120160730.jpg,26,28,2,0,2,0.9158549904823303,0.7534495964646339
test,37,E:\mastercode\data\test\images\test\IMG20231120160745.jpg,E:\mastercode\ultralytics-main-new\1_results\001_yolo11n_seg_AdamW\label_audit_all\test\000037_extra-03_gt13_pred10_IMG20231120160745.jpg,13,10,-3,3,3,0.9502334594726562,0.76789690554142
test,38,E:\mastercode\data\test\images\test\IMG20231120160759.jpg,E:\mastercode\ultralytics-main-new\1_results\001_yolo11n_seg_AdamW\label_audit_all\test\000038_extra+01_gt09_pred10_IMG20231120160759.jpg,9,10,1,0,1,0.941381573677063,0.8067903310060501
test,39,E:\mastercode\data\test\images\test\IMG20231120160803.jpg,E:\mastercode\ultralytics-main-new\1_results\001_yolo11n_seg_AdamW\label_audit_all\test\000039_extra+00_gt03_pred03_IMG20231120160803.jpg,3,3,0,0,0,0.9245641231536865,0.9049977461496989
test,40,E:\mastercode\data\test\images\test\IMG20231120160809.jpg,E:\mastercode\ultralytics-main-new\1_results\001_yolo11n_seg_AdamW\label_audit_all\test\000040_extra+00_gt06_pred06_IMG20231120160809.jpg,6,6,0,0,0,0.936557948589325,0.7076369176308314
test,41,E:\mastercode\data\test\images\test\IMG20231120160810.jpg,E:\mastercode\ultralytics-main-new\1_results\001_yolo11n_seg_AdamW\label_audit_all\test\000041_extra-02_gt07_pred05_IMG20231120160810.jpg,7,5,-2,2,2,0.9410157799720764,0.7725142240524292
test,42,E:\mastercode\data\test\images\test\IMG20231120160906.jpg,E:\mastercode\ultralytics-main-new\1_results\001_yolo11n_seg_AdamW\label_audit_all\test\000042_extra+01_gt10_pred11_IMG20231120160906.jpg,10,11,1,0,1,0.9271127581596375,0.8314609906890176
test,43,E:\mastercode\data\test\images\test\IMG20231120160912.jpg,E:\mastercode\ultralytics-main-new\1_results\001_yolo11n_seg_AdamW\label_audit_all\test\000043_extra+01_gt14_pred15_IMG20231120160912.jpg,14,15,1,0,1,0.9376347064971924,0.7817059735457103
test,44,E:\mastercode\data\test\images\test\IMG20231120160949.jpg,E:\mastercode\ultralytics-main-new\1_results\001_yolo11n_seg_AdamW\label_audit_all\test\000044_extra-01_gt08_pred07_IMG20231120160949.jpg,8,7,-1,1,1,0.933304488658905,0.7583623145307813
test,45,E:\mastercode\data\test\images\test\IMG20231120161029.jpg,E:\mastercode\ultralytics-main-new\1_results\001_yolo11n_seg_AdamW\label_audit_all\test\000045_extra+02_gt10_pred12_IMG20231120161029.jpg,10,12,2,0,2,0.9393264651298523,0.8010100051760674
test,46,E:\mastercode\data\test\images\test\IMG20231120161054.jpg,E:\mastercode\ultralytics-main-new\1_results\001_yolo11n_seg_AdamW\label_audit_all\test\000046_extra+03_gt09_pred12_IMG20231120161054.jpg,9,12,3,0,3,0.9431204199790955,0.7474489236871401
test,47,E:\mastercode\data\test\images\test\IMG20231120161107_BURST000_COVER.jpg,E:\mastercode\ultralytics-main-new\1_results\001_yolo11n_seg_AdamW\label_audit_all\test\000047_extra+01_gt14_pred15_IMG20231120161107_BURST000_COVER.jpg,14,15,1,0,1,0.9168668985366821,0.7622093002001444
test,48,E:\mastercode\data\test\images\test\IMG20231120161107_BURST001.jpg,E:\mastercode\ultralytics-main-new\1_results\001_yolo11n_seg_AdamW\label_audit_all\test\000048_extra+03_gt12_pred15_IMG20231120161107_BURST001.jpg,12,15,3,0,3,0.9137636423110962,0.8003020842870077
test,49,E:\mastercode\data\test\images\test\IMG20231120161107_BURST002.jpg,E:\mastercode\ultralytics-main-new\1_results\001_yolo11n_seg_AdamW\label_audit_all\test\000049_extra+05_gt10_pred15_IMG20231120161107_BURST002.jpg,10,15,5,0,5,0.9146047234535217,0.758037660519282
test,50,E:\mastercode\data\test\images\test\IMG20231120161107_BURST003.jpg,E:\mastercode\ultralytics-main-new\1_results\001_yolo11n_seg_AdamW\label_audit_all\test\000050_extra+05_gt11_pred16_IMG20231120161107_BURST003.jpg,11,16,5,0,5,0.8899383544921875,0.7255553156137466
test,51,E:\mastercode\data\test\images\test\IMG20231120161107_BURST004.jpg,E:\mastercode\ultralytics-main-new\1_results\001_yolo11n_seg_AdamW\label_audit_all\test\000051_extra+03_gt12_pred15_IMG20231120161107_BURST004.jpg,12,15,3,0,3,0.8960151076316833,0.7324056784311931
test,52,E:\mastercode\data\test\images\test\IMG20231120161107_BURST005.jpg,E:\mastercode\ultralytics-main-new\1_results\001_yolo11n_seg_AdamW\label_audit_all\test\000052_extra+05_gt11_pred16_IMG20231120161107_BURST005.jpg,11,16,5,0,5,0.888885498046875,0.7200145684182644
test,53,E:\mastercode\data\test\images\test\IMG20231120161107_BURST006.jpg,E:\mastercode\ultralytics-main-new\1_results\001_yolo11n_seg_AdamW\label_audit_all\test\000053_extra+02_gt14_pred16_IMG20231120161107_BURST006.jpg,14,16,2,0,2,0.8977127075195312,0.7311341408640146
test,54,E:\mastercode\data\test\images\test\IMG20231120161107_BURST007.jpg,E:\mastercode\ultralytics-main-new\1_results\001_yolo11n_seg_AdamW\label_audit_all\test\000054_extra+02_gt14_pred16_IMG20231120161107_BURST007.jpg,14,16,2,0,2,0.898713231086731,0.7409124914556742
test,55,E:\mastercode\data\test\images\test\IMG20231120161107_BURST008.jpg,E:\mastercode\ultralytics-main-new\1_results\001_yolo11n_seg_AdamW\label_audit_all\test\000055_extra+02_gt13_pred15_IMG20231120161107_BURST008.jpg,13,15,2,0,2,0.9170408248901367,0.7680561343828837
test,56,E:\mastercode\data\test\images\test\IMG20231120161107_BURST009.jpg,E:\mastercode\ultralytics-main-new\1_results\001_yolo11n_seg_AdamW\label_audit_all\test\000056_extra-02_gt17_pred15_IMG20231120161107_BURST009.jpg,17,15,-2,2,2,0.9067906737327576,0.7788328190644582
test,57,E:\mastercode\data\test\images\test\IMG20231120161107_BURST010.jpg,E:\mastercode\ultralytics-main-new\1_results\001_yolo11n_seg_AdamW\label_audit_all\test\000057_extra-01_gt16_pred15_IMG20231120161107_BURST010.jpg,16,15,-1,1,1,0.894992470741272,0.7601261595884959
test,58,E:\mastercode\data\test\images\test\IMG20231120161107_BURST011.jpg,E:\mastercode\ultralytics-main-new\1_results\001_yolo11n_seg_AdamW\label_audit_all\test\000058_extra-01_gt16_pred15_IMG20231120161107_BURST011.jpg,16,15,-1,1,1,0.8857498168945312,0.7570762197176616
test,59,E:\mastercode\data\test\images\test\IMG20231120161107_BURST012.jpg,E:\mastercode\ultralytics-main-new\1_results\001_yolo11n_seg_AdamW\label_audit_all\test\000059_extra-01_gt17_pred16_IMG20231120161107_BURST012.jpg,17,16,-1,1,1,0.9020609259605408,0.7387081682682037
test,60,E:\mastercode\data\test\images\test\IMG20231120161107_BURST013.jpg,E:\mastercode\ultralytics-main-new\1_results\001_yolo11n_seg_AdamW\label_audit_all\test\000060_extra-03_gt19_pred16_IMG20231120161107_BURST013.jpg,19,16,-3,3,3,0.907635509967804,0.7359903529286385
test,61,E:\mastercode\data\test\images\test\IMG20231120161107_BURST014.jpg,E:\mastercode\ultralytics-main-new\1_results\001_yolo11n_seg_AdamW\label_audit_all\test\000061_extra+02_gt13_pred15_IMG20231120161107_BURST014.jpg,13,15,2,0,2,0.911998450756073,0.790007472038269
test,62,E:\mastercode\data\test\images\test\IMG20231120161107_BURST015.jpg,E:\mastercode\ultralytics-main-new\1_results\001_yolo11n_seg_AdamW\label_audit_all\test\000062_extra+02_gt13_pred15_IMG20231120161107_BURST015.jpg,13,15,2,0,2,0.9055014252662659,0.7932244062423706
test,63,E:\mastercode\data\test\images\test\IMG20231120161107_BURST016.jpg,E:\mastercode\ultralytics-main-new\1_results\001_yolo11n_seg_AdamW\label_audit_all\test\000063_extra+02_gt14_pred16_IMG20231120161107_BURST016.jpg,14,16,2,0,2,0.919221043586731,0.764488572254777
test,64,E:\mastercode\data\test\images\test\IMG20231120161107_BURST017.jpg,E:\mastercode\ultralytics-main-new\1_results\001_yolo11n_seg_AdamW\label_audit_all\test\000064_extra+00_gt19_pred19_IMG20231120161107_BURST017.jpg,19,19,0,0,0,0.9145163893699646,0.731766413701208
test,65,E:\mastercode\data\test\images\test\IMG20231120161107_BURST018.jpg,E:\mastercode\ultralytics-main-new\1_results\001_yolo11n_seg_AdamW\label_audit_all\test\000065_extra+02_gt17_pred19_IMG20231120161107_BURST018.jpg,17,19,2,0,2,0.9167892336845398,0.7297135199371138
test,66,E:\mastercode\data\test\images\test\IMG20231120161112.jpg,E:\mastercode\ultralytics-main-new\1_results\001_yolo11n_seg_AdamW\label_audit_all\test\000066_extra+06_gt21_pred27_IMG20231120161112.jpg,21,27,6,0,6,0.9316755533218384,0.7339393132262759
test,67,E:\mastercode\data\test\images\test\IMG20231120161128.jpg,E:\mastercode\ultralytics-main-new\1_results\001_yolo11n_seg_AdamW\label_audit_all\test\000067_extra+00_gt26_pred26_IMG20231120161128.jpg,26,26,0,0,0,0.9376004338264465,0.7462698840177976
test,68,E:\mastercode\data\test\images\test\IMG20231120161137.jpg,E:\mastercode\ultralytics-main-new\1_results\001_yolo11n_seg_AdamW\label_audit_all\test\000068_extra-02_gt07_pred05_IMG20231120161137.jpg,7,5,-2,2,2,0.9390870332717896,0.8287402033805847
test,69,E:\mastercode\data\test\images\test\IMG20231120161204.jpg,E:\mastercode\ultralytics-main-new\1_results\001_yolo11n_seg_AdamW\label_audit_all\test\000069_extra-09_gt27_pred18_IMG20231120161204.jpg,27,18,-9,9,9,0.943924605846405,0.687332421541214
test,70,E:\mastercode\data\test\images\test\IMG20231120161248.jpg,E:\mastercode\ultralytics-main-new\1_results\001_yolo11n_seg_AdamW\label_audit_all\test\000070_extra+00_gt08_pred08_IMG20231120161248.jpg,8,8,0,0,0,0.9416835904121399,0.7935939319431782
test,71,E:\mastercode\data\test\images\test\IMG20231120161257.jpg,E:\mastercode\ultralytics-main-new\1_results\001_yolo11n_seg_AdamW\label_audit_all\test\000071_extra+02_gt12_pred14_IMG20231120161257.jpg,12,14,2,0,2,0.9523858428001404,0.7295735818999154
test,72,E:\mastercode\data\test\images\test\IMG20231120161302.jpg,E:\mastercode\ultralytics-main-new\1_results\001_yolo11n_seg_AdamW\label_audit_all\test\000072_extra+00_gt04_pred04_IMG20231120161302.jpg,4,4,0,0,0,0.9393337965011597,0.926369234919548
test,73,E:\mastercode\data\test\images\test\IMG20231120161306.jpg,E:\mastercode\ultralytics-main-new\1_results\001_yolo11n_seg_AdamW\label_audit_all\test\000073_extra+01_gt07_pred08_IMG20231120161306.jpg,7,8,1,0,1,0.9461889863014221,0.7925219461321831
test,74,E:\mastercode\data\test\images\test\IMG20231120161315.jpg,E:\mastercode\ultralytics-main-new\1_results\001_yolo11n_seg_AdamW\label_audit_all\test\000074_extra+02_gt05_pred07_IMG20231120161315.jpg,5,7,2,0,2,0.9436001181602478,0.7403148625578199
test,75,E:\mastercode\data\test\images\test\IMG20231120161328.jpg,E:\mastercode\ultralytics-main-new\1_results\001_yolo11n_seg_AdamW\label_audit_all\test\000075_extra+02_gt31_pred33_IMG20231120161328.jpg,31,33,2,0,2,0.9152913689613342,0.7448493440945944
test,76,E:\mastercode\data\test\images\test\IMG20231120161334.jpg,E:\mastercode\ultralytics-main-new\1_results\001_yolo11n_seg_AdamW\label_audit_all\test\000076_extra+04_gt21_pred25_IMG20231120161334.jpg,21,25,4,0,4,0.9299339652061462,0.691281851530075
test,77,E:\mastercode\data\test\images\test\IMG20231120161337.jpg,E:\mastercode\ultralytics-main-new\1_results\001_yolo11n_seg_AdamW\label_audit_all\test\000077_extra+01_gt20_pred21_IMG20231120161337.jpg,20,21,1,0,1,0.946894109249115,0.6722374061743418
test,78,E:\mastercode\data\test\images\test\IMG20231120161338.jpg,E:\mastercode\ultralytics-main-new\1_results\001_yolo11n_seg_AdamW\label_audit_all\test\000078_extra+02_gt14_pred16_IMG20231120161338.jpg,14,16,2,0,2,0.933801531791687,0.7489700857549906
test,79,E:\mastercode\data\test\images\test\IMG20231120161340_BURST000_COVER.jpg,E:\mastercode\ultralytics-main-new\1_results\001_yolo11n_seg_AdamW\label_audit_all\test\000079_extra-04_gt35_pred31_IMG20231120161340_BURST000_COVER.jpg,35,31,-4,4,4,0.9391669034957886,0.682839225376806
test,80,E:\mastercode\data\test\images\test\IMG20231120161340_BURST001.jpg,E:\mastercode\ultralytics-main-new\1_results\001_yolo11n_seg_AdamW\label_audit_all\test\000080_extra+07_gt23_pred30_IMG20231120161340_BURST001.jpg,23,30,7,0,7,0.9227909445762634,0.7068417082230251
test,81,E:\mastercode\data\test\images\test\IMG20231120161342.jpg,E:\mastercode\ultralytics-main-new\1_results\001_yolo11n_seg_AdamW\label_audit_all\test\000081_extra+05_gt14_pred19_IMG20231120161342.jpg,14,19,5,0,5,0.94746333360672,0.6815141910000851
test,82,E:\mastercode\data\test\images\test\IMG20231120161349.jpg,E:\mastercode\ultralytics-main-new\1_results\001_yolo11n_seg_AdamW\label_audit_all\test\000082_extra-01_gt09_pred08_IMG20231120161349.jpg,9,8,-1,1,1,0.9409765005111694,0.7384846024215221
test,83,E:\mastercode\data\test\images\test\IMG20231120161415.jpg,E:\mastercode\ultralytics-main-new\1_results\001_yolo11n_seg_AdamW\label_audit_all\test\000083_extra+02_gt09_pred11_IMG20231120161415.jpg,9,11,2,0,2,0.9488567113876343,0.7029700143770738
test,84,E:\mastercode\data\test\images\test\IMG20231120161515.jpg,E:\mastercode\ultralytics-main-new\1_results\001_yolo11n_seg_AdamW\label_audit_all\test\000084_extra+03_gt04_pred07_IMG20231120161515.jpg,4,7,3,0,3,0.9386081099510193,0.695788289819445
test,85,E:\mastercode\data\test\images\test\IMG20231120161526.jpg,E:\mastercode\ultralytics-main-new\1_results\001_yolo11n_seg_AdamW\label_audit_all\test\000085_extra+02_gt06_pred08_IMG20231120161526.jpg,6,8,2,0,2,0.9323044419288635,0.7025585398077965
test,86,E:\mastercode\data\test\images\test\IMG20231120161543.jpg,E:\mastercode\ultralytics-main-new\1_results\001_yolo11n_seg_AdamW\label_audit_all\test\000086_extra+00_gt02_pred02_IMG20231120161543.jpg,2,2,0,0,0,0.9538522958755493,0.945671409368515
test,87,E:\mastercode\data\test\images\test\IMG20231120161558.jpg,E:\mastercode\ultralytics-main-new\1_results\001_yolo11n_seg_AdamW\label_audit_all\test\000087_extra-03_gt06_pred03_IMG20231120161558.jpg,6,3,-3,3,3,0.919856071472168,0.7842673460642496
test,88,E:\mastercode\data\test\images\test\IMG20231120161606.jpg,E:\mastercode\ultralytics-main-new\1_results\001_yolo11n_seg_AdamW\label_audit_all\test\000088_extra-01_gt07_pred06_IMG20231120161606.jpg,7,6,-1,1,1,0.9269907474517822,0.7137091805537542
test,89,E:\mastercode\data\test\images\test\IMG20231120161626.jpg,E:\mastercode\ultralytics-main-new\1_results\001_yolo11n_seg_AdamW\label_audit_all\test\000089_extra+00_gt10_pred10_IMG20231120161626.jpg,10,10,0,0,0,0.9414395093917847,0.8441558390855789
test,90,E:\mastercode\data\test\images\test\IMG20231120161638.jpg,E:\mastercode\ultralytics-main-new\1_results\001_yolo11n_seg_AdamW\label_audit_all\test\000090_extra+02_gt06_pred08_IMG20231120161638.jpg,6,8,2,0,2,0.9372149705886841,0.7364987172186375
test,91,E:\mastercode\data\test\images\test\IMG20231120161709.jpg,E:\mastercode\ultralytics-main-new\1_results\001_yolo11n_seg_AdamW\label_audit_all\test\000091_extra+04_gt13_pred17_IMG20231120161709.jpg,13,17,4,0,4,0.9335362911224365,0.6433120054357192
test,92,E:\mastercode\data\test\images\test\IMG20231120161719.jpg,E:\mastercode\ultralytics-main-new\1_results\001_yolo11n_seg_AdamW\label_audit_all\test\000092_extra+03_gt16_pred19_IMG20231120161719.jpg,16,19,3,0,3,0.9259675145149231,0.735278562495583
test,93,E:\mastercode\data\test\images\test\IMG20231120161721.jpg,E:\mastercode\ultralytics-main-new\1_results\001_yolo11n_seg_AdamW\label_audit_all\test\000093_extra+04_gt10_pred14_IMG20231120161721.jpg,10,14,4,0,4,0.9426349401473999,0.6919107245547431
test,94,E:\mastercode\data\test\images\test\IMG20231120161723.jpg,E:\mastercode\ultralytics-main-new\1_results\001_yolo11n_seg_AdamW\label_audit_all\test\000094_extra+00_gt11_pred11_IMG20231120161723.jpg,11,11,0,0,0,0.936072587966919,0.8177740357138894
test,95,E:\mastercode\data\test\images\test\IMG20231120161728.jpg,E:\mastercode\ultralytics-main-new\1_results\001_yolo11n_seg_AdamW\label_audit_all\test\000095_extra+01_gt19_pred20_IMG20231120161728.jpg,19,20,1,0,1,0.9446931481361389,0.7775316402316094
test,96,E:\mastercode\data\test\images\test\IMG20231120161739.jpg,E:\mastercode\ultralytics-main-new\1_results\001_yolo11n_seg_AdamW\label_audit_all\test\000096_extra+02_gt19_pred21_IMG20231120161739.jpg,19,21,2,0,2,0.9280915260314941,0.7828741683846429
test,97,E:\mastercode\data\test\images\test\IMG20231120161741.jpg,E:\mastercode\ultralytics-main-new\1_results\001_yolo11n_seg_AdamW\label_audit_all\test\000097_extra-02_gt07_pred05_IMG20231120161741.jpg,7,5,-2,2,2,0.9457491040229797,0.8323186039924622
test,98,E:\mastercode\data\test\images\test\IMG20231120161746.jpg,E:\mastercode\ultralytics-main-new\1_results\001_yolo11n_seg_AdamW\label_audit_all\test\000098_extra+01_gt06_pred07_IMG20231120161746.jpg,6,7,1,0,1,0.9521506428718567,0.8060452512332371
test,99,E:\mastercode\data\test\images\test\IMG20231120161748.jpg,E:\mastercode\ultralytics-main-new\1_results\001_yolo11n_seg_AdamW\label_audit_all\test\000099_extra+00_gt06_pred06_IMG20231120161748.jpg,6,6,0,0,0,0.942375659942627,0.8831281463305155
test,100,E:\mastercode\data\test\images\test\IMG20231120161750.jpg,E:\mastercode\ultralytics-main-new\1_results\001_yolo11n_seg_AdamW\label_audit_all\test\000100_extra-03_gt08_pred05_IMG20231120161750.jpg,8,5,-3,3,3,0.9401637315750122,0.8170341491699219
test,101,E:\mastercode\data\test\images\test\IMG20231120161752.jpg,E:\mastercode\ultralytics-main-new\1_results\001_yolo11n_seg_AdamW\label_audit_all\test\000101_extra+00_gt06_pred06_IMG20231120161752.jpg,6,6,0,0,0,0.9422393441200256,0.7089593460162481
test,102,E:\mastercode\data\test\images\test\IMG20231120161836.jpg,E:\mastercode\ultralytics-main-new\1_results\001_yolo11n_seg_AdamW\label_audit_all\test\000102_extra+05_gt11_pred16_IMG20231120161836.jpg,11,16,5,0,5,0.9395574927330017,0.6141676269471645
test,103,E:\mastercode\data\test\images\test\IMG20231120161838.jpg,E:\mastercode\ultralytics-main-new\1_results\001_yolo11n_seg_AdamW\label_audit_all\test\000103_extra+05_gt12_pred17_IMG20231120161838.jpg,12,17,5,0,5,0.9492360949516296,0.7439095623352948
test,104,E:\mastercode\data\test\images\test\IMG20231120161845.jpg,E:\mastercode\ultralytics-main-new\1_results\001_yolo11n_seg_AdamW\label_audit_all\test\000104_extra+00_gt17_pred17_IMG20231120161845.jpg,17,17,0,0,0,0.9284919500350952,0.7759208118214327
test,105,E:\mastercode\data\test\images\test\IMG20231120161919.jpg,E:\mastercode\ultralytics-main-new\1_results\001_yolo11n_seg_AdamW\label_audit_all\test\000105_extra+03_gt05_pred08_IMG20231120161919.jpg,5,8,3,0,3,0.9377853274345398,0.6959894523024559
test,106,E:\mastercode\data\test\images\test\IMG20231120161953.jpg,E:\mastercode\ultralytics-main-new\1_results\001_yolo11n_seg_AdamW\label_audit_all\test\000106_extra+00_gt05_pred05_IMG20231120161953.jpg,5,5,0,0,0,0.9284838438034058,0.8830742955207824
test,107,E:\mastercode\data\test\images\test\IMG20231120162013.jpg,E:\mastercode\ultralytics-main-new\1_results\001_yolo11n_seg_AdamW\label_audit_all\test\000107_extra+06_gt28_pred34_IMG20231120162013.jpg,28,34,6,0,6,0.9381107687950134,0.6959142246667076
test,108,E:\mastercode\data\test\images\test\IMG20231120162020.jpg,E:\mastercode\ultralytics-main-new\1_results\001_yolo11n_seg_AdamW\label_audit_all\test\000108_extra+00_gt08_pred08_IMG20231120162020.jpg,8,8,0,0,0,0.9415578246116638,0.7927989140152931
test,109,E:\mastercode\data\test\images\test\IMG20231120162026.jpg,E:\mastercode\ultralytics-main-new\1_results\001_yolo11n_seg_AdamW\label_audit_all\test\000109_extra-02_gt23_pred21_IMG20231120162026.jpg,23,21,-2,2,2,0.9474083185195923,0.6869873262587047
test,110,E:\mastercode\data\test\images\test\IMG20231120162036.jpg,E:\mastercode\ultralytics-main-new\1_results\001_yolo11n_seg_AdamW\label_audit_all\test\000110_extra+02_gt11_pred13_IMG20231120162036.jpg,11,13,2,0,2,0.9406062960624695,0.6877258076117589
test,111,E:\mastercode\data\test\images\test\IMG20231120162100.jpg,E:\mastercode\ultralytics-main-new\1_results\001_yolo11n_seg_AdamW\label_audit_all\test\000111_extra+00_gt12_pred12_IMG20231120162100.jpg,12,12,0,0,0,0.9484670758247375,0.6047520438830057
test,112,E:\mastercode\data\test\images\test\IMG20231120162105.jpg,E:\mastercode\ultralytics-main-new\1_results\001_yolo11n_seg_AdamW\label_audit_all\test\000112_extra+05_gt06_pred11_IMG20231120162105.jpg,6,11,5,0,5,0.9459337592124939,0.7126873162659731
test,113,E:\mastercode\data\test\images\test\IMG20231120162121.jpg,E:\mastercode\ultralytics-main-new\1_results\001_yolo11n_seg_AdamW\label_audit_all\test\000113_extra+00_gt09_pred09_IMG20231120162121.jpg,9,9,0,0,0,0.9480563998222351,0.9016987482706705
test,114,E:\mastercode\data\test\images\test\IMG20231120172606.jpg,E:\mastercode\ultralytics-main-new\1_results\001_yolo11n_seg_AdamW\label_audit_all\test\000114_extra+09_gt09_pred18_IMG20231120172606.jpg,9,18,9,0,9,0.9276629090309143,0.5863994260629019
test,115,E:\mastercode\data\test\images\test\IMG20231120172611.jpg,E:\mastercode\ultralytics-main-new\1_results\001_yolo11n_seg_AdamW\label_audit_all\test\000115_extra-03_gt21_pred18_IMG20231120172611.jpg,21,18,-3,3,3,0.9246287941932678,0.545681830909517
test,116,E:\mastercode\data\test\images\test\IMG20231120172615.jpg,E:\mastercode\ultralytics-main-new\1_results\001_yolo11n_seg_AdamW\label_audit_all\test\000116_extra+02_gt07_pred09_IMG20231120172615.jpg,7,9,2,0,2,0.9101544618606567,0.6292655799123976
